,random_seed,accuracy,f1_weighted,balanced_acc,auc,model_weights.random_forest,model_weights.bagging_svc,model_weights.bagging_knn,model_weights.gradient_boosting,model_weights.mlp,feature_importance.B_CO2_vd_fd3_scaled,feature_importance.B_CO2_vd_fd2_scaled,feature_importance.B_CO2_vd_fd1_scaled,feature_importance.B_CO2_vd_scaled
0,0,0.8141592920353983,0.8067086852603613,0.7642612098539832,0.8601059642227088,1.2599951663628377,-0.19893024076626684,1.0613317806785552,2.416246846921266,1.3001909616638914,0.11721641190667746,0.09058728881737735,0.07055510860820598,0.052695092518101436
1,1,0.8197908286403862,0.812436175178558,0.7698187832590249,0.8707176758233856,1.6076889169004331,-0.4164298304362589,1.0020150904337317,2.1966382932764494,1.4586931407256478,0.0951729686242961,0.07296862429605797,0.05848753016894618,0.05993563958165736
2,2,0.8149637972646823,0.807114467661021,0.7614673046251994,0.8485979411338263,1.67771927010383,-0.20279002345165748,0.8347277979830481,2.0537932055596424,1.4125913412327942,0.09871279163314566,0.06395816572807729,0.060257441673370916,0.053338696701528646
3,3,0.8077232502011263,0.800503313580878,0.7631001406612774,0.8685494941278152,1.178510302306301,-0.16452391135392283,1.033941668193864,2.0038722673039726,1.7551440576193773,0.10241351568785202,0.07457763475462591,0.06637168141592921,0.04971842316975067
4,4,0.8149637972646823,0.8084184355506477,0.7611130804679191,0.8587734845799362,1.4265106649458876,-0.3803545019067602,0.9968364008052851,2.3999564741390036,1.5735797033160779,0.09275945293644412,0.07658889782783589,0.06323411102172169,0.051166532582461864
5,5,0.830249396621078,0.8220782689638572,0.7690152503111397,0.8666476112212755,1.620658817731314,-0.4631022624797536,0.5925455273966572,1.991138635468223,2.0646803637627906,0.10434432823813349,0.07964601769911502,0.05720032180209169,0.060740144810941255
6,6,0.8165728077232502,0.8112885077395615,0.7684436829173671,0.8538994627511373,1.7600524100164059,-0.2878617385641851,0.40879836243588924,1.8309363612416143,2.0778121526860502,0.10772325020112636,0.08157683024939663,0.06596942880128724,0.05462590506838303
7,7,0.82864038616251,0.8220343411349641,0.772304155720086,0.8617954382612849,1.7118859872376926,-0.32019694256833187,1.0533127755566423,1.9021290481773292,1.594310813662753,0.10707964601769906,0.08471440064360411,0.05864843121480288,0.06275140788415123
8,8,0.827835880933226,0.8219982166421658,0.7665666188580331,0.8500581122184032,1.237059378158085,-0.6727424189302283,0.581561375379567,2.3834633666218723,2.3809067548440783,0.10884955752212384,0.07522123893805305,0.06347546259050682,0.061786001609010446
9,9,0.8101367658889783,0.8029323318140696,0.7644218497404918,0.8661901925749456,1.2007661640083667,-0.14638973513678255,0.9125739470335059,2.141243676470171,1.660596479962793,0.10080450522928404,0.06540627514078844,0.0592920353982301,0.06218825422365247
10,10,0.8109412711182623,0.8057932112576324,0.7668735173291674,0.8594862003124458,1.1324019710036872,-0.437527500077327,0.7488181648629189,2.177513542269901,2.17889100967639,0.09629927594529368,0.0757039420756235,0.05929203539823015,0.06275140788415128
11,11,0.8165728077232502,0.8046085452914848,0.7476399844820898,0.854019961675464,1.0559671410758564,-0.526326969638007,0.7176440854763901,2.1084879748635714,2.427238390817268,0.10072405470635563,0.07417538213998395,0.0641190667739341,0.05414320193081262
12,12,0.827835880933226,0.823645006106792,0.7874461269318997,0.8651464420603842,1.4332534729400472,-0.21891445468493315,0.9434213764841027,2.0842622974398046,1.6056018316543321,0.12035398230088493,0.09131134352373284,0.06419951729686242,0.07127916331456152
13,13,0.8222043443282381,0.8159927316001104,0.7725896321362933,0.872435018524461,1.3957194767063068,-0.24091294528633006,0.6058562669263737,2.3715907840611465,1.661343470958835,0.0946098149637972,0.07626709573612223,0.05969428801287204,0.05100563153660496
14,14,0.8189863234111022,0.8134846812214486,0.769833913048596,0.8646085303482411,1.285198950333607,-0.47636679185518715,1.1377372257827005,2.5820408942196162,1.4849998382687217,0.10056315366049884,0.06846339501206762,0.055993563958165814,0.05366049879324224
15,15,0.831858407079646,0.8280233078752435,0.7840913900157798,0.8622529488939004,1.4236954394035095,-0.34877310787995486,0.9326580140563256,2.176098627217515,1.7370980923916783,0.11102172164119062,0.0855189058728881,0.06347546259050682,0.06082059533386965
16,16,0.834271922767498,0.8270562571799812,0.7835635654126571,0.8648509793281804,1.451005436714324,-0.6011680488797589,0.6095384707452184,2.358914750967268,2.1449909434298307,0.11914722445695894,0.08527755430410293,0.0650844730490748,0.07232502011263073
17,17,0.82864038616251,0.8226863514842772,0.78160118868318,0.8663571378918831,1.5991241477549885,-0.2889084697973943,0.7074045475773737,2.1769744318994655,1.6009789120977151,0.11206757843925981,0.08954143201930806,0.07047465808527756,0.06709573612228478
18,18,0.82864038616251,0.8231032644162427,0.7851948156311706,0.881354181016669,1.209143777318518,-0.5521514660122606,0.8590497763032535,2.209565544899188,2.219184785312387,0.11802091713596134,0.08222043443282376,0.06082059533386965,0.06806114239742558
19,19,0.8423169750603379,0.8371604604247611,0.7964027432149825,0.8772972088839041,0.9643813040001125,-0.1943391861483817,1.0544845241993646,2.4397779379500477,1.457012687372413,0.11818181818181814,0.08930008045052293,0.07055510860820595,0.07393403057119871
20,20,0.8189863234111022,0.8113994986158259,0.7700058861851805,0.8506166207582322,1.1774503180179674,-0.20999231803948418,1.078987098308315,2.081198874521227,1.7486884108725942,0.10828640386162516,0.08270313757039423,0.06251005631536613,0.05156878519710386
21,21,0.8189863234111022,0.8096079430083947,0.7629900762260895,0.8566690637135048,1.0535558992349983,-0.2583128445694211,1.293681753921712,2.0901565089536103,1.5703999504563797,0.10024135156878525,0.07135961383748998,0.05060337892196307,0.05784392598551898
22,22,0.825422365245374,0.819765104121572,0.7740747330960854,0.8662959667852906,1.3510867828035467,-0.3119317429663777,1.1420315244261874,2.061133331739171,1.6330062898381124,0.0942075623491552,0.08294448913917933,0.05470635559131132,0.05510860820595331
23,23,0.8053097345132744,0.7980226307728141,0.7504329576141834,0.8486791123635082,1.4881608754710827,-0.30587500311455634,1.0986198931734623,2.0915196931562186,1.5011614717631225,0.1042638777152052,0.06958970233306516,0.06814159292035399,0.055752212389380565
24,24,0.7908286403861625,0.7801588523301607,0.7297129186602871,0.8516166449180804,1.0996470446199373,-0.2657792624650933,0.7474661865844272,2.240686899881713,2.054183731187027,0.08390989541432022,0.06363636363636363,0.041512469831053875,0.04617860016090105
25,25,0.82864038616251,0.8200418143980119,0.7739794153260682,0.8694170558726864,1.234212560811441,-0.4075651069327495,0.6340705016524136,2.157196410983454,2.1850023885902687,0.10530973451327427,0.09187449718423163,0.060498793242156054,0.06991150442477875
26,26,0.8197908286403862,0.8131602213843993,0.7651062367833386,0.8526190462087062,1.3043591910073447,-0.21165578495744164,1.0225722902080547,2.0954476507112894,1.6324793218410627,0.10345937248592121,0.08640386162510058,0.0647626709573613,0.04987932421560748
27,27,0.827835880933226,0.8186138296892445,0.7670430892449854,0.8758743616353861,1.6522634994554306,-0.3541777937272677,0.8728312190180298,1.74741879603749,1.8261170047085176,0.1040225261464199,0.07441673370876907,0.058487530168946075,0.05953338696701527
28,28,0.82864038616251,0.8223845604198956,0.7794307665444387,0.8510680402770503,1.091859375565111,-0.38778220534897095,0.5927989248370726,2.699263516320996,1.784789484284908,0.1119871279163314,0.08061142397425577,0.07441673370876908,0.07956556717618658
29,29,0.835076427996782,0.8286562887036599,0.7773527461264846,0.8700186893350214,1.3180725204739245,-0.4115998154161801,1.2016467135407476,2.201039713743741,1.621259794564449,0.11102172164119062,0.07715205148833468,0.0654867256637168,0.05470635559131132
30,30,0.82864038616251,0.8219952980665142,0.7748867109595345,0.8612858306092827,1.5631214761370078,-0.2529173727278088,0.7255090799036011,2.164380589850707,1.574374720358147,0.10756234915526945,0.08101367658889778,0.07023330651649233,0.05293644408688654
31,31,0.8189863234111022,0.8128391705549426,0.7647515944048449,0.8617825178198188,1.8106657160927868,-0.2732196807047786,1.1215132457304116,2.1026006854011796,1.1013260879965312,0.11029766693483514,0.07972646822204346,0.062188254223652525,0.05808527755430416
32,32,0.82864038616251,0.8203471856260837,0.7666929030565395,0.8671484621897845,1.04378996786956,-0.2638595287081266,0.8889332753939352,2.8225260295977135,1.2893402885452248,0.10104585679806913,0.0726468222043443,0.06251005631536603,0.05317779565567173
33,33,0.8238133547868061,0.8176651956980637,0.7681329288472145,0.8720742703661959,1.6447144832003946,-0.20432159644995,0.5317900552179147,2.358310456304982,1.4406650883543037,0.10241351568785191,0.07787610619469021,0.055671761866452105,0.06130329847144004
34,34,0.8366854384553499,0.8280792304486452,0.771268429829684,0.852757024256034,1.0151052743912672,-0.389704880544074,1.1851874376675084,2.6305330815988333,1.4037128002462707,0.1028962188254223,0.07361222847948512,0.058728881737731276,0.06226870474658084
35,35,0.825422365245374,0.8171871117107254,0.7705263157894737,0.8704306220095694,1.500040861044417,-0.3281955983051803,1.1687921966165857,1.5735066844717973,1.93352834512944,0.1036202735317779,0.080450522928399,0.06082059533386965,0.058728881737731276
36,36,0.8173773129525342,0.8104545455552251,0.7718387276468515,0.8513181678660346,1.3810852004101823,-0.17607558551401395,0.664626873984233,1.8777957054472232,1.97929954843367,0.10876910699919555,0.09026548672566374,0.06749798873692683,0.055108608205953404
37,37,0.8149637972646823,0.8066244567195969,0.7605840999826419,0.8619365850836082,1.4678250257403278,-0.34957475934018806,0.785112984434111,2.2752326583631604,1.6759118192914473,0.0946902654867257,0.06564762670957366,0.0622687047465809,0.05462590506838302
38,38,0.835076427996782,0.8283693698598967,0.7813606765078523,0.8643861044815699,1.141496970790151,-0.27149360084855756,1.2869535299270392,2.7638975764969955,0.972875833565716,0.1042638777152051,0.08028962188254223,0.06436041834271922,0.07176186645213191
39,39,0.8085277554304103,0.8021284725544265,0.7676202601373758,0.8568035929086146,1.4983974279668093,-0.2138949394955315,0.8161128894518599,2.193029316977383,1.5372499354338431,0.10836685438455355,0.07868061142397427,0.05446500402252621,0.05567176186645219
40,40,0.8157683024939663,0.8097478706749532,0.7701538904070185,0.8660578167697397,1.3354934080755738,-0.0009055472890857922,0.47062873073547506,2.381692504156555,1.4214594368220776,0.09702333065164928,0.08342719227674981,0.060176991150442546,0.06653258246178603
41,41,0.8230088495575221,0.8143149382463533,0.7581093980764382,0.8661041268926433,1.6900957643473749,-0.2796805407754828,0.7542160125096213,1.9361591007094727,1.7042009151398316,0.09887369267900234,0.07023330651649232,0.049959774738535766,0.04722445695897019
42,42,0.7940466613032985,0.785401632688828,0.744284854438394,0.8359954801233315,1.468708091455429,-0.22838518785729692,0.7923751752840501,2.614309267540063,1.2220326630380154,0.0949316170555109,0.06460176991150442,0.04971842316975057,0.060418342719227656
43,43,0.826226870474658,0.8204687618550209,0.7801654805300006,0.8712954926806689,1.4266839829298505,-0.15465533173690407,1.0756567853136298,1.6660714840728998,1.7657589124116764,0.113515687851971,0.07787610619469021,0.0654062751407884,0.05269509251810134
44,44,0.82461786001609,0.8141588757148376,0.7575671865466974,0.8516239093477707,1.4494454446199012,-0.4501939825643348,0.6370654857647877,2.2468887447150787,2.000249814081221,0.09629927594529357,0.07039420756234911,0.058970233306516476,0.052212389380530945
45,45,0.8069187449718423,0.8000026196760742,0.7541979576080854,0.8483559096013475,0.9217790853357335,-0.18250019171081966,1.0223114375828684,2.4035046919954377,1.7060677592842044,0.10651649235720037,0.06870474658085277,0.0599356395816573,0.05076427996781986
46,46,0.8165728077232502,0.8110642515757961,0.7687964977540708,0.8585035326595545,1.151535448479836,-0.37132349370947293,0.8130627176209904,2.530191792941559,1.6941861711760475,0.1039420756234916,0.07401448109412714,0.06709573612228484,0.06500402252614648
47,47,0.825422365245374,0.8189042897754953,0.782780756207675,0.8775112866817155,1.0723776960368947,-0.3827607907957122,0.778092372858403,2.5009324157380566,1.873277527213496,0.10716009654062746,0.08101367658889777,0.07200321802091708,0.07345132743362828
48,48,0.8149637972646823,0.8067663767522055,0.755012705765278,0.8507146622754278,0.8766524412885276,-0.3419683815424514,1.119136078507244,2.5543137512870326,1.6930238585499253,0.10595333869670158,0.07843925985518907,0.06114239742558332,0.052212389380531056
49,49,0.8157683024939663,0.8089357787113914,0.7651984949570609,0.8610796592750013,1.8674825465245923,-0.17204009776600768,1.1633130300400512,1.937418661471604,1.0586297343933182,0.10949316170555115,0.07715205148833469,0.057361222847948576,0.04891391794046668
50,50,0.825422365245374,0.8193020558393725,0.7729500535373075,0.8640862276015877,1.222647094821094,-0.2915444247662102,0.9228038915286978,2.4124796412876117,1.556162740042531,0.10788415124698306,0.0725663716814159,0.061866452131938844,0.04859211584875298
51,51,0.8117457763475463,0.8031049107121286,0.7527166255723847,0.8563343900434425,1.4753940363252933,-0.10953174441769854,0.9986743613250098,1.8820982485123283,1.537302860712844,0.09839098954143206,0.07015285599356398,0.05358004827031383,0.050522928399034675
52,52,0.8181818181818182,0.8106776367721172,0.7719489414694894,0.873935808898449,1.4993496590375504,-0.4109484702098163,0.6542387493924834,1.9566043352229063,2.108757101758782,0.10305711987127922,0.0766693483507643,0.06596942880128728,0.06041834271922775
53,53,0.8133547868061143,0.8053791303553776,0.7547589507266926,0.8637687581235969,0.9764992272598297,-0.3665501481639602,1.2170872544865325,2.373505541721927,1.7156452570574658,0.08334674175382142,0.06524537409493164,0.05551086082059542,0.043443282381335546
54,54,0.826226870474658,0.8188263434709135,0.7762497054953138,0.8762792996247579,1.1003331233786942,0.03565000248528487,1.2840623437971723,2.2291831452921373,1.0602510539826946,0.10225261464199512,0.07232502011263069,0.05840707964601768,0.06098149637972644
55,55,0.8222043443282381,0.8148083890846971,0.7633149678604224,0.8714297639917475,1.0830681926005834,-0.21009324966048432,1.0773614147704988,2.762747677755246,1.093686972481319,0.09766693483507635,0.0707964601769911,0.05317779565567173,0.05100563153660496
56,56,0.8133547868061143,0.8067433475584592,0.7556790930238135,0.8395405165591501,1.8405585951153276,-0.14282460847482203,0.7863553641488301,2.3259791987601344,1.0161340316690632,0.09927594529364445,0.07369267900241354,0.05897023330651656,0.048592115848753094
57,57,0.8173773129525342,0.8110792637166376,0.7650446389109873,0.8516662246972508,1.0981584675427503,-0.3533490572396371,1.0418716447014875,2.2043166065074726,2.0181952944468295,0.09525341914722449,0.08165728077232504,0.06130329847144013,0.047385358004827106
58,58,0.8125502815768303,0.8068490018147739,0.7657457569053716,0.8703061763664129,1.472978908433352,-0.19268673343905512,0.5527208671489336,2.0652500210243048,1.7225428353715657,0.09774738535800487,0.0749798873692679,0.06307320997586488,0.05470635559131143
59,59,0.8077232502011263,0.7999301192258631,0.7535140562248996,0.84030033176183,1.6851200388749679,-0.2070303864952887,0.9258580093526835,2.3313448567424864,1.2228316086771196,0.09967819790828644,0.07787610619469028,0.06894609814963797,0.06516492357200324
60,60,0.8222043443282381,0.8167450747697219,0.7800895500211446,0.8740327797652383,1.6866264023699167,-0.37629603120531385,0.4729527976699655,2.1673665443808154,1.8852476470458008,0.09654062751407877,0.07715205148833461,0.06122284794851164,0.05921158487530167
61,61,0.8101367658889783,0.802147341919155,0.7553256504277981,0.8473924684244223,1.521344653124371,-0.23196624096598936,0.5110434369153843,2.1990866037744623,1.7453548357084852,0.09219629927594533,0.07860016090104587,0.05687851971037818,0.06709573612228482
62,62,0.829444891391794,0.8223463672284832,0.7778639074212785,0.872486514420425,1.1522384703075959,-0.44012636826155915,0.4112450884819652,2.3632305421596103,2.220449113742751,0.10482703137570389,0.094368463395012,0.07079646017699112,0.06444086886564762
63,63,0.8165728077232502,0.8093495519610279,0.7676304128208661,0.8551596868255499,1.1491704431995695,-0.39367229621074296,1.1313926454942094,2.4798311735683356,1.5631253911065337,0.10989541432019315,0.07578439259855194,0.06653258246178603,0.06194690265486733
64,64,0.8205953338696702,0.8150517797880494,0.7704434006853362,0.8663417227933358,1.5367483787161031,-0.3683370990272153,1.1289693963679037,1.938575574745323,1.7517585542500154,0.09959774738535805,0.08149637972646825,0.05744167337087699,0.052534191472244654
65,65,0.8101367658889783,0.8002393123569946,0.7507496012759171,0.8468261562998405,1.288600256528223,-0.5745125887928452,0.8870930879316611,1.8682705266794561,2.5142820021453933,0.09798873692679007,0.06926790024135157,0.04963797264682227,0.05695897023330655
66,66,0.826226870474658,0.8202690115198061,0.7731690999375576,0.8622520888465999,1.7113588849384933,-0.1516745544590604,0.46962998889548585,2.2529179873363567,1.3908927313759982,0.11520514883346737,0.08399034593724851,0.055028157683024916,0.05374094931617053
67,67,0.825422365245374,0.8185769459155525,0.7758840901341377,0.8631574688928574,1.772731978617575,-0.32871689124734743,0.7940749925608394,2.021936674986684,1.5166964536234449,0.11456154465004018,0.08753016894609808,0.07433628318584065,0.059613837489943665
68,68,0.8181818181818182,0.8097138413775096,0.7615149502048333,0.8578841861739014,1.5984563221837904,-0.1864148802108775,1.1070877173653073,1.9215825930422599,1.3778474708553399,0.10563153660498799,0.06854384553499601,0.06186645213193891,0.057441673370877
69,69,0.7996781979082864,0.7921344002592843,0.7474395810644855,0.8516347290126747,1.2877620482739596,-0.03889432163917344,0.6761150509094059,2.1448970315648985,1.6503482910222729,0.0950120675784393,0.07409493161705552,0.06862429605792437,0.05655671761866452
70,70,0.8004827031375704,0.7920190781736227,0.7452472089314195,0.8494127881687691,1.090018657775837,-0.1112218101422811,0.9793436792106465,2.468664666788249,1.4005041677848138,0.09098954143201934,0.060981496379726455,0.04215607401448115,0.04778761061946908
71,71,0.8004827031375704,0.7919182435997768,0.7496350469021755,0.8394320417415106,1.7376067901825842,-0.42572198821940205,0.5314946949239354,2.3452999381263684,1.6390306699301058,0.08559935639581659,0.06291230893000804,0.05430410297666936,0.06025744167337087
72,72,0.8109412711182623,0.8030407532520982,0.7515747330960854,0.850403321470937,2.026702823101182,-0.2770906122612578,0.6942737811914672,1.896759133191911,1.6457549511544676,0.10241351568785202,0.07127916331456155,0.06339501206757846,0.05478680611423982
73,73,0.8141592920353983,0.8057927183083843,0.7502701631785598,0.8404566358080281,1.7582577566650306,-0.37811642953748864,1.0238729736126186,2.010300969819589,1.5453309158519113,0.09629927594529368,0.07184231697506037,0.05317779565567184,0.05856798069187456
74,74,0.8165728077232502,0.8072796927847643,0.7627153029385207,0.8600288023041843,1.5785974408723813,-0.19635240251745892,0.9216282252992327,1.8772819002979666,1.6024905986683498,0.0955752212389381,0.07497988736926793,0.0478680611423975,0.056074014481094205
75,75,0.8181818181818182,0.8106633497777068,0.7682976879276301,0.8687720990035357,1.3445855225467007,-0.23553523275358842,0.9534583087190963,1.9003473455966837,1.8349112222330144,0.10080450522928404,0.07900241351568787,0.06564762670957369,0.06339501206757851
76,76,0.8181818181818182,0.8114913154540324,0.7677890428797322,0.8549756999348898,1.2240948826345395,-0.12838901095374422,0.9513466570387016,2.505334199808106,1.2754088310888774,0.10836685438455355,0.07715205148833472,0.06822204344328242,0.0703942075623492
77,77,0.8230088495575221,0.8157817764958795,0.7634175879517495,0.8649278160147725,1.4971751753197104,-0.27080666866991643,0.7430440231142522,2.091692157618862,1.7662505330105276,0.10539018503620268,0.08205953338696693,0.06975060337892192,0.059050683829444874
78,78,0.7964601769911505,0.7863519069389536,0.7451107239905739,0.8498996493364452,1.525495984887715,-0.1745246743484343,0.9089067614618169,2.1518546915920376,1.472490897854384,0.08744971842316977,0.06701528559935639,0.04288012872083672,0.05921158487530167
79,79,0.8197908286403862,0.8140060821659006,0.770797587327614,0.8661347465815594,1.212825511766788,-0.5265105946066765,1.1700266186372514,2.3574814704629277,1.7014093493980273,0.09629927594529368,0.07626709573612234,0.06363636363636371,0.05784392598551898
80,80,0.827031375703942,0.8202984643783232,0.7755958458531462,0.8802853058724001,1.8895095645877862,-0.13584001734287837,0.8769149477503559,1.887008311709748,1.2891487371709023,0.10032180209171353,0.08390989541432012,0.07200321802091711,0.06307320997586482
81,81,0.8181818181818182,0.8119873029860913,0.7691767068273092,0.862580757813864,1.6995286448631022,-0.33604041552223773,0.6393424430604128,2.055571286676502,1.6404698243933948,0.1042638777152052,0.059694288012872174,0.06508447304907487,0.0572003218020918
82,82,0.825422365245374,0.8171319263991146,0.7746828044364611,0.8706583411741224,1.0494360127673457,-0.3549197955486863,0.9587612164733863,2.2193458753166198,1.9386642337951585,0.10241351568785191,0.08632341110217209,0.07264682220434429,0.0658889782783588
83,83,0.8133547868061143,0.8031459465491714,0.7526956642918111,0.8566957571956964,1.3598680217589882,-0.3688692277103951,1.009205418421513,1.9422787512874469,1.8759751069436696,0.08680611423974258,0.05993563958165733,0.05349959774738542,0.05245374094931624
84,84,0.83266291230893,0.8271761038589346,0.7731042434283736,0.868595291673879,1.6099580283370605,-0.08780096967625203,0.5222237236700957,2.114401079654389,1.508116521812047,0.0930812550281576,0.06645213193885759,0.064923572003218,0.04835076427996778
85,85,0.8101367658889783,0.8032084447041734,0.7621702369472378,0.8571342471414796,0.9731968751612043,-0.4861633603426568,0.8942091639982528,2.593064843384685,1.9399888521389996,0.10345937248592121,0.085277554304103,0.04907481898632349,0.05084473049074826
86,86,0.8238133547868061,0.8168137743288468,0.7717828359644062,0.8688601015133769,1.3749081183913137,-0.3031418348621531,1.0127916210208292,2.046242393739564,1.7247859501324856,0.10659694288012866,0.08439259855189049,0.0644408688656476,0.06331456154465001
87,87,0.8149637972646823,0.8081555844571957,0.7595841157202008,0.8570468128964999,0.4485865235228826,-0.39287726727010086,1.109220421885994,2.6939582559064092,1.9300537999486094,0.08913917940466616,0.08994368463395015,0.061142397425583306,0.06009654062751415
88,88,0.8101367658889783,0.8037094237044217,0.7590641376567472,0.8595738583192962,1.751840061694018,-0.06941419568058432,0.955104987615212,1.9972297122431322,1.0690457187387064,0.10772325020112636,0.07119871279163316,0.05985518905872892,0.04609814963797272
89,89,0.8093322606596943,0.8032897586653942,0.7607313311215878,0.8451487107851696,1.1415604396896626,-0.16466263515276652,1.0320952453719834,2.7530111387575147,1.106528675611931,0.10925181013676595,0.08390989541432022,0.05969428801287212,0.06975060337892197
90,90,0.8012872083668544,0.7948380024611895,0.7515085805971538,0.8636260580411125,1.11177802879422,-0.19717574422769116,1.3026610580052973,2.0915967531758217,1.6461996152964824,0.0945293644408689,0.06709573612228478,0.05285599356395819,0.041512469831053965
91,91,0.8133547868061143,0.8038106179331833,0.7446705251100258,0.8421745945620064,1.0442910206100822,-0.3331445484641046,1.2546344776296736,2.9110611155412447,1.0732725836410497,0.10185036202735323,0.07312952534191472,0.05478680611423982,0.05599356395816578
92,92,0.82864038616251,0.8196430689818688,0.7637008005835471,0.8599965321997213,1.2652397396150532,-0.19021390419072512,0.88551369273762,2.3326940081897076,1.4920453645065648,0.09646017699115036,0.07602574416733705,0.05591311343523729,0.04754625905068379
93,93,0.8093322606596943,0.8023405381698276,0.7628745758845836,0.8662646480198444,1.7155841855125273,-0.08022593304806125,0.654981253487016,1.9370636509219459,1.4869013207616177,0.1046661303298472,0.06999195494770717,0.0549477071600966,0.04899436846339507
94,94,0.8390989541432019,0.8327751201125325,0.7864840864300972,0.874284567908519,1.438146576198278,-0.24129905732055143,0.6525506865346912,1.9428305854865873,2.0295469063410723,0.11713596138374896,0.09999999999999995,0.07401448109412712,0.06436041834271922
95,95,0.8165728077232502,0.8094489092890266,0.7673737954839638,0.8628016683445996,1.56312552548266,-0.014582094325713,0.9442979516681664,1.8644469043817309,1.3737424906607516,0.10699919549477077,0.07835880933226066,0.055349959774738625,0.06242960579243771
96,96,0.825422365245374,0.8183897865303398,0.768142868201821,0.8497984291167208,1.8121740864556033,-0.23791379297617643,0.7982670458389783,1.9824451347784813,1.4810582044028509,0.10844730490748185,0.08559935639581649,0.07650844730490744,0.0722445695897023
97,97,0.8205953338696702,0.8106186323477687,0.7587404927973082,0.8685026812940311,1.4323802995713137,-0.36168787951570563,0.6136510427045501,2.400829394363004,1.684256439505066,0.09372485921158491,0.07023330651649243,0.060659694288012954,0.061222847948511724
98,98,0.82864038616251,0.8230703588740467,0.7791390435781844,0.8640973511299683,1.564493432970782,-0.1732057510292889,1.0887388000229223,2.6005284969160467,0.7583903169313753,0.10434432823813349,0.0855189058728881,0.060981496379726455,0.05728077232502009
99,99,0.8197908286403862,0.8137573557334529,0.7707824032206307,0.8688380641208904,1.4336481600157194,-0.20262495805158962,0.7724506889028355,1.9464966489644997,1.718311217510075,0.09911504424778765,0.08061142397425586,0.060176991150442546,0.05784392598551898
100,100,0.8141592920353983,0.8058243308812979,0.7607146975725076,0.8584558611543562,1.1633673576572314,-0.05223906786225883,0.5474217554601588,2.1874288373184267,1.7674115633863994,0.10691874497184237,0.07168141592920356,0.05615446500402259,0.04505229283990353
101,101,0.8197908286403862,0.8132679686754192,0.7664062592194857,0.855414862105996,1.01263728940233,-0.28177441089689426,1.1274011186503579,1.9931332468801188,2.0860197487655165,0.10957361222847954,0.08165728077232505,0.05913113435237338,0.05856798069187459
102,102,0.827031375703942,0.8209549587747056,0.7776278433984087,0.867936046172,1.584237509116887,-0.33440219247241343,0.5984113395165286,2.2131827669690076,1.732329146408631,0.10917135961383743,0.08181818181818175,0.06202735317779564,0.056717618664521297
103,103,0.827031375703942,0.8197229928783842,0.7625256139707006,0.8684741719423801,1.3926995462126477,-0.06847873812643264,0.8551361022419998,1.803421255200739,1.6403998435431528,0.10506838294448909,0.07988736926790016,0.0654867256637168,0.04835076427996778
104,104,0.8189863234111022,0.8108370632873874,0.7558670436943914,0.8475529219648668,1.4128889851853075,-0.2932277101835175,0.7512347922936542,1.658925438264162,2.2816749432513217,0.10297666934835081,0.07481898632341114,0.062349155269509335,0.05703942075623499
105,105,0.8181818181818182,0.8107723384780482,0.7627052890210786,0.8617436488249886,1.142746940010277,-0.10418288266871377,0.8021936897023195,2.5102684194605636,1.3561908043473254,0.11246983105390193,0.08020917135961385,0.05744167337087699,0.05317779565567184
106,106,0.8109412711182623,0.8042260208404296,0.7586214973794396,0.8563727930196467,1.0326999256211347,-0.3552615775655288,1.007821246061626,2.1027761771477143,2.133120136423836,0.09678197908286408,0.08326629123089302,0.05406275140788421,0.043443282381335546
107,107,0.8125502815768303,0.8035540384749246,0.7559752763167041,0.8535579396158213,1.0349980254386009,-0.37064394425385633,1.0863943529861844,2.284004708107925,1.8693332603943502,0.09742558326629128,0.07860016090104587,0.05349959774738543,0.05961383748994374
108,108,0.831053901850362,0.8211677670101122,0.7702946237559297,0.8661374523300158,1.3518123960028703,-0.35715799258558134,0.8394475035792109,2.265440962381696,1.7323757322055793,0.10064360418342713,0.08157683024939658,0.06677393403057119,0.06516492357200321
109,109,0.8222043443282381,0.8151795792874205,0.7703931668703801,0.8660700774110938,1.5294503851699404,-0.4306474371989412,0.6634160401727851,2.124225246355294,1.9951102658709123,0.10217216411906671,0.07320997586484307,0.04818986323411099,0.046339501206757804
110,110,0.8205953338696702,0.8123021135802622,0.760005931198102,0.8641488730723605,1.3771547009600202,-0.1540236151905952,1.4831562810132546,1.4388243655998925,1.674872382251607,0.09694288012872088,0.06444086886564769,0.06210780370072413,0.05430410297666943
111,111,0.8222043443282381,0.8169187275343077,0.7750753960120633,0.865765818522531,1.9738533526953834,-0.42895505452973937,1.0769541482523515,1.8193910715254342,1.5814126517597467,0.10691874497184226,0.08053097345132736,0.05921158487530167,0.05253419147224454
112,112,0.8173773129525342,0.8122629470682984,0.7721785693498633,0.8532623246609625,1.602922893567755,-0.3733580044867216,0.7411999975133584,2.2002965702850728,1.6734935711623486,0.1050683829444892,0.0847948511665326,0.06267095736122291,0.05728077232502019
113,113,0.8181818181818182,0.8096992693405249,0.7586242965320134,0.8484162762603494,1.218316858087827,-0.36523119848833463,0.933912995262365,2.3247178566786055,1.7322117827646373,0.08921962992759455,0.06693483507642803,0.04899436846339509,0.05526950925181022
114,114,0.825422365245374,0.8190471650561152,0.7743799959007993,0.8612684098029455,2.019963641120441,-0.7109077093687928,0.6466396252399548,1.999961850368641,2.0066971166933185,0.1023330651649235,0.08165728077232495,0.06291230893000802,0.06460176991150442
115,115,0.8197908286403862,0.8125553184791354,0.768474697036402,0.8706988437565168,1.7088768630090434,-0.03790841313342605,0.7760176992823068,1.786654609013965,1.4651417639267637,0.10321802091713601,0.0703137570394208,0.0571198712791634,0.05317779565567184
116,116,0.8189863234111022,0.8110968729756307,0.7587357307465565,0.8468269706010207,1.2629332554019248,-0.1495815123714298,0.9745008610414906,2.3468733282537295,1.3979940065566032,0.10016090104585684,0.08246178600160904,0.06001609010458577,0.04891391794046669
117,117,0.826226870474658,0.8191369294404693,0.7702983299909489,0.857055388929313,1.4377357563376851,-0.3523123344138645,0.927033171392458,2.0029020870798213,1.843109062552452,0.10909090909090904,0.07626709573612224,0.06210780370072403,0.0566371681415929
118,118,0.8109412711182623,0.8027715770311412,0.7451312087698874,0.8473394450911913,1.7777731488884996,-0.347086709614715,0.7872840621840077,1.773504315148085,1.912136279665082,0.08801287208366856,0.07160096540627514,0.05760257441673376,0.05824617860016096
119,119,0.8093322606596943,0.8017573722188889,0.7554850439677627,0.8547373880410015,1.5085550276668933,-0.34763777169200255,0.8381167526871695,2.402755961605999,1.4622720011915047,0.09155269509251814,0.06725663716814162,0.053982300884955814,0.057763475462590544
120,120,0.82461786001609,0.8191914722191349,0.7723179853276174,0.8515542322110814,0.9348158886803908,-0.3582450278774338,1.2297910954568119,2.8210145332531664,1.2966742317710098,0.11713596138374896,0.09999999999999994,0.07288817377312948,0.0631536604987932
121,121,0.827835880933226,0.820046304858991,0.7734183109248589,0.8661311914323964,1.5183280533461543,-0.42697432010857583,0.8135315816171566,2.1418195121416033,1.8024005276044532,0.10498793242156068,0.08366854384553493,0.06403861625100561,0.06862429605792436
122,122,0.8077232502011263,0.7996471114906473,0.7548288123950102,0.8503154747129557,1.6656934296662222,-0.2783547031038171,0.9686981026156309,2.009793093757081,1.4630501858739793,0.1039420756234916,0.07530168946098151,0.04979887369267907,0.05366049879324221
123,123,0.8117457763475463,0.8064075489407349,0.7562437562437563,0.8610813428995246,1.4661949199570041,-0.32555342948361143,0.8078730753040739,2.111882170734416,1.73394922771158,0.10281576830249402,0.07208366854384554,0.059372485921158534,0.05607401448109419
124,124,0.8093322606596943,0.8018814652371348,0.7567935965997178,0.8471498829991696,1.81384262583463,-0.3183496439430048,0.719251068036372,2.255955454473485,1.4037075918314714,0.09654062751407888,0.06765888978278359,0.05060337892196306,0.05639581657280777
125,125,0.827835880933226,0.8240109579933174,0.7863552678639485,0.8631422490369562,1.5227581644360073,-0.07878635335017002,0.5240094747006088,1.9985221799913961,1.6839226374297775,0.11576830249396616,0.08189863234111014,0.06830249396621077,0.06781979082864038
126,126,0.831053901850362,0.8253719301671566,0.77854847173029,0.8719067892621611,1.0948717104649386,-0.41354627579732817,0.9110402163898563,2.1648648443790153,2.0343032361141247,0.11423974255832658,0.07441673370876907,0.06275140788415123,0.05446500402252612
127,127,0.83266291230893,0.8242417521653578,0.7727330390965199,0.871390386952879,1.5870073484005922,-0.2219151356323194,1.0031114927362734,2.308846927916252,1.0802893484401006,0.09605792437650838,0.06701528559935638,0.05929203539823007,0.0666130329847144
128,128,0.8028962188254224,0.7956587651102132,0.748457957350501,0.8499909119159441,0.999383229737709,-0.22855795410167712,0.8017196937917995,2.299826790664569,1.9651850681750491,0.08825422365245376,0.07047465808527756,0.056315366049879335,0.044650040225261534
129,129,0.82461786001609,0.8176635716486151,0.772151344151975,0.8658710408561447,1.1720573299177173,-0.4335782314809326,0.9542963993783691,2.0754845978774026,2.055683941437409,0.1036202735317779,0.08109412711182615,0.057602574416733686,0.058487530168946075
130,130,0.8109412711182623,0.8021067581996909,0.7479706223424817,0.8467217745532396,1.5125990959031255,-0.3170879467350238,0.7269343029705263,2.1941636240103795,1.699570774806101,0.09380530973451331,0.07015285599356397,0.05076427996781985,0.04730490748189871
131,131,0.827031375703942,0.8196026576522571,0.77205033039583,0.8782724431701582,1.2558145309680657,-0.3976683123393241,0.8444898565748007,2.6591804310440583,1.4911378392638757,0.10048270313757032,0.077232502011263,0.05945293644408687,0.06339501206757842
132,132,0.82864038616251,0.8215506634207553,0.7711753636910397,0.8668292334351608,1.080532246487602,-0.29640780045694515,1.3578797267105347,2.265307365654893,1.508576871878629,0.10265486725663711,0.0745776347546259,0.06146419951729685,0.06315366049879323
133,133,0.8012872083668544,0.7888388355318392,0.7386835881893741,0.8413090646094503,1.0683612277547396,-0.35363655181359843,1.33708066721696,2.5288557226658273,1.3499778439822632,0.08753016894609818,0.061625100563153644,0.05414320193081257,0.052212389380531
134,134,0.8230088495575221,0.817200732000096,0.7728207708741635,0.8596971355592045,0.6675860910700576,-0.44634330261592203,1.036341029562384,2.58010282437222,2.0585448538528244,0.10627514078841507,0.0841512469831053,0.08230088495575213,0.053982300884955724
135,135,0.827835880933226,0.8215357490124477,0.7747336445004467,0.862497855549837,1.3824759852676607,-0.33196606172624704,0.8633790173783248,2.388272709590423,1.5563372805219404,0.1027353177795655,0.07763475462590505,0.05921158487530167,0.06251005631536603
136,136,0.8149637972646823,0.8068834454052028,0.7547259737020275,0.8492469324971196,1.9639092330963004,-0.25085837559119223,0.7433644406555954,2.041689528840946,1.3770459984584302,0.09629927594529368,0.07554304102976671,0.05044247787610627,0.0479485116653259
137,137,0.7964601769911505,0.7889635407246888,0.7455832324280689,0.8409041111687713,1.1892445814896966,-0.2679453013309078,1.4455322467316574,2.2720353156328557,1.3244653362570737,0.0941271118262269,0.06693483507642799,0.051086082059533376,0.04440868865647628
138,138,0.8037007240547064,0.7966693300040087,0.7505629445068314,0.8610477493917275,1.7197857668923808,-0.3723688516468672,0.6475125200987766,2.164557223676099,1.7613837569405684,0.09147224456958973,0.061142397425583285,0.04818986323411108,0.04569589702333071
139,139,0.829444891391794,0.8231351971226344,0.775726571767497,0.8734015421115066,1.746776223468823,-0.3898537911812599,0.7267197271777273,1.9363819682436871,1.7562335849449267,0.10474658085277548,0.0869670152855993,0.07144006436041833,0.06275140788415123
140,140,0.825422365245374,0.8169006681095203,0.7702308626974483,0.8727101776311983,1.5972613899771435,-0.25412649534402204,0.4700529478352812,2.165802722515515,1.7634660354967042,0.10707964601769906,0.08318584070796452,0.06057924376508446,0.05824617860016088
141,141,0.8125502815768303,0.8033136872029296,0.752390712382514,0.8562293209966914,1.2380178838529272,-0.22053303795974383,1.1734890494479457,2.81120974258815,0.8462923111697411,0.10096540627514083,0.056798069187449805,0.05012067578439268,0.05132743362831865
142,142,0.8189863234111022,0.8113145483458972,0.7691835191835192,0.8531067621976712,1.642109179499421,-0.06160162344986303,1.1520095482945107,1.9602915475136096,1.1502733714667726,0.10563153660498799,0.07795655671761868,0.0575221238938054,0.05905068382944497
143,143,0.8157683024939663,0.8078680204440905,0.756447212336892,0.852494068801898,1.3415400758713296,-0.14426858483758684,1.0640751554969141,2.0561537128184972,1.5191398767984503,0.10104585679806924,0.07779565567176187,0.06637168141592925,0.05189058728881746
144,144,0.8197908286403862,0.8115240041000408,0.7658324230918159,0.8742479671272779,1.7353917525760922,-0.17985663676924485,0.8452900255860069,2.3671054815138204,0.9695040567191737,0.09935639581657285,0.07232502011263078,0.0563153660498794,0.0651649235720033
145,145,0.8205953338696702,0.8116422790631708,0.7654655355127054,0.8656351510125097,0.870645886944277,-0.526817928100062,0.9135797148400785,2.5165884842949184,2.034288411116732,0.10402252614642,0.06765888978278364,0.05559131134352381,0.054384553499597824
146,146,0.8141592920353983,0.8082573162476752,0.7609705331390682,0.8614849394903512,1.319196678320182,-0.12645676503125713,0.5449274454165015,2.075170287324158,1.9345214048129538,0.10716009654062757,0.08873692679002416,0.06259050683829451,0.048350764279967894
147,147,0.8189863234111022,0.8094516128019081,0.7565166469504623,0.8519607323834242,1.7469833021078804,-0.32309933085822046,0.7711408589436487,1.898579413854596,1.7276407783904604,0.09823008849557527,0.07248592115848757,0.06717618664521323,0.05181013676588906
148,148,0.8238133547868061,0.8153780800990725,0.7620900359787102,0.8636287948618835,1.0561543553981507,-0.22094530622529907,0.8914704789530035,2.3860849952107,1.6804677594759665,0.10595333869670147,0.07666934835076421,0.057843925985518886,0.06484312148028962
149,149,0.8189863234111022,0.8085943583670683,0.7553348168535707,0.8540011126401781,0.9723219762635974,-0.34290286904987927,0.7216691946283871,2.2843328476397136,2.2121632307972425,0.09798873692679007,0.07465808527755434,0.05856798069187458,0.06242960579243774
150,150,0.830249396621078,0.8230967881138095,0.7784692342977918,0.8633877401710592,1.4738998163855015,-0.3588834735059621,0.8226977022922574,2.2383507872780224,1.682087495679176,0.10603378921962987,0.08326629123089296,0.06347546259050682,0.0744167337087691
151,151,0.8230088495575221,0.8173274021272239,0.7744370919099347,0.8617456738793079,1.3594948912651232,-0.526903643855609,0.8165292818705644,2.1579335163167417,2.1269938430155144,0.10740144810941266,0.08551890587288809,0.0629927594529364,0.06138374899436844
152,152,0.8045052292839904,0.7951308546642417,0.7456900064024212,0.8565421104708691,1.2305901844543647,-0.24736659620744073,0.9951189890886041,2.442270437443288,1.4448755205630495,0.08986323411102175,0.07666934835076429,0.05172968624296063,0.05237329042638782
153,153,0.8189863234111022,0.809655898997295,0.7584311773489884,0.8722279155564665,1.114333022308933,-0.3904278041021956,1.0626139571061544,2.2480787741699513,1.7913929197482963,0.09211584875301693,0.08165728077232504,0.06009654062751417,0.05631536604987941
154,154,0.83266291230893,0.8275144885586615,0.7802387675117246,0.8648880513898003,1.7109771267416238,-0.18968550905866186,0.675925595219246,1.8527124968366129,1.6700945167091554,0.11705551086082056,0.09050683829444886,0.07626709573612227,0.061866452131938844
155,155,0.8028962188254224,0.7953910596163138,0.750169839914993,0.8534354114771139,1.1885273634958657,-0.25872005038181484,0.7007404028131381,2.1066685505807343,2.009974615572108,0.09074818986323414,0.05985518905872887,0.05534995977473857,0.04465004022526152
156,156,0.8117457763475463,0.804657195660493,0.7629869383580143,0.8511731342768976,1.7468262860815849,-0.11104761646662373,1.0680883258988043,2.078802877556346,1.0124403925885919,0.1042638777152052,0.07594529364440869,0.05953338696701536,0.05004022526146427
157,157,0.8358809332260659,0.8291431571365347,0.7778778382142815,0.8563302234549668,1.8289849756080674,-0.41812240207193646,0.814324540196451,2.0741533298124675,1.589059885128056,0.10796460176991145,0.08463395012067576,0.06878519710378117,0.06749798873692678
158,158,0.826226870474658,0.8196538126164512,0.7747768692682013,0.8697770447314244,1.6010503245897245,-0.20310759859940486,0.8921410130563382,2.0963281422485758,1.3690700437696461,0.11641190667739336,0.07353177795655667,0.05438455349959772,0.06049879324215605
159,159,0.8358809332260659,0.8298751999931746,0.7839252015783154,0.8728060056436013,1.1152423434602685,-0.26037495450331394,1.1123479992804304,2.4033103943247394,1.3632005105283898,0.11037811745776342,0.0755430410297667,0.06202735317779564,0.06902654867256637
160,160,0.825422365245374,0.822210278788004,0.784283353374284,0.8565847850682082,1.1990720172198857,-0.5251036699518838,1.1833904462157834,2.1329220717777906,1.9813590593994392,0.11834271922767495,0.08672566371681407,0.07988736926790016,0.0650844730490748
161,161,0.8093322606596943,0.8034519874911744,0.7594838554584206,0.840682954858607,0.7873112116069548,-0.20894953531370528,0.9948596101619479,2.5042217865393894,1.7354846470399423,0.09863234111021726,0.08053097345132745,0.06444086886564762,0.05559131134352378
162,162,0.8133547868061143,0.8061841441099394,0.7604889290819452,0.8559730447212579,1.5534865177282766,-0.5378870950669981,0.7753626814235622,2.3567852038345007,1.792095758596122,0.09621882542236529,0.07481898632341112,0.05349959774738542,0.05985518905872892
163,163,0.7956556717618665,0.7856791687311208,0.7303119872527707,0.8362200200212059,1.4698556691859044,-0.35353414316084925,0.9111670876483157,1.8100883886093393,2.0594365615334955,0.08849557522123896,0.07377312952534192,0.05518905872888171,0.05430410297666934
164,164,0.831053901850362,0.8253661556978572,0.7830838970476558,0.8743793300854041,1.1082937306440586,-0.38046320168298525,0.8956697593298426,2.3658202250572886,1.8429233498769535,0.10925181013676584,0.08543845534995972,0.06983105390185036,0.06387771520514882
165,165,0.8141592920353983,0.802530905844431,0.7415382683718678,0.8538531446371664,1.5623308714757163,-0.10759062048765897,0.4566967257442746,2.173525868847588,1.5791704344370168,0.08994368463395015,0.06967015285599358,0.052855993563958245,0.040949316170555174
166,166,0.8238133547868061,0.8150206153479537,0.767849910316496,0.8750274836544583,1.3753680083946618,-0.3769899689772579,0.9981764294799873,2.1769835213012145,1.7216385955248037,0.10691874497184226,0.07304907481898626,0.053901850362027326,0.06387771520514882
167,167,0.82864038616251,0.8206572118143612,0.7671013374946937,0.8680203045685279,1.2699511976774047,-0.6524644624364354,0.8984589368788383,2.37196224163784,2.0853916516146422,0.1130329847144006,0.07176186645213192,0.05317779565567173,0.04818986323411099
168,168,0.8149637972646823,0.8091437619613915,0.7683530481729499,0.8551191000301225,1.12525012534336,-0.265853645448635,0.6731094543651702,2.1845929460606195,2.0137435044832657,0.10337892196299281,0.08053097345132745,0.06854384553499601,0.0553499597747386
169,169,0.8222043443282381,0.8146756420565048,0.7663261347471874,0.8633571588117043,1.5280524282946213,-0.33349228602419567,1.1873719578071824,2.3691415011322348,1.1237204882936325,0.09879324215607395,0.0704746580852775,0.05068382944489136,0.05253419147224454
170,170,0.8165728077232502,0.8079038914215906,0.7570962110435795,0.848191928335469,1.6649391928072286,-0.4550562077305773,0.8203620982173804,1.915257104374658,1.9802126850797346,0.09034593724859215,0.07329042638777153,0.05543041029766702,0.06926790024135161
171,171,0.8213998390989542,0.8136758880694869,0.7658053465288555,0.871492987438878,1.105510935155538,0.025400878746546528,1.140575491752128,2.250277646050825,1.23620636417633,0.10016090104585684,0.07337087691069996,0.06323411102172173,0.05349959774738544
172,172,0.8109412711182623,0.8009918187330276,0.7539492360117457,0.8582785985599439,1.4274192761242537,-0.5103400647163122,1.0433866450581595,1.5963084103532168,2.405907235603872,0.09098954143201934,0.06613032984714402,0.05012067578439265,0.051246983105390255
173,173,0.8173773129525342,0.8089860969492787,0.7597077855532457,0.863991450238632,0.6444771816605765,-0.48369972514216275,1.2461347016698794,2.782756990753808,1.7590137009231148,0.0945293644408689,0.07103781174577636,0.05888978278358816,0.05993563958165736
174,174,0.8189863234111022,0.814746814783863,0.7737711213517665,0.8618722675174288,1.4050460496794668,-0.32921210864792005,0.8155902051342281,2.447918265033528,1.4898450456495416,0.09823008849557527,0.0763475462590507,0.05921158487530177,0.04561544650040232
175,175,0.8197908286403862,0.8114941725172726,0.7601663121824412,0.8535300720784592,1.4376172031144203,-0.2809472273430149,0.9462341114684422,2.48396677559118,1.236639948208059,0.09493161705551091,0.07819790828640388,0.0650040225261465,0.053982300884955835
176,176,0.8197908286403862,0.8122148663961122,0.7634555738004014,0.8580639275856183,0.9375082915382313,-0.5550125771600075,1.1679345333855078,2.4422075190824892,1.884995029832567,0.09243765084473052,0.07602574416733712,0.0640386162510057,0.054867256637168224
177,177,0.8012872083668544,0.7934791094854534,0.7473272835085109,0.8526416147335131,1.0075982862632131,-0.29019616586253383,0.7259323222265558,2.4334955691578495,1.9506080838455537,0.09420756234915531,0.06878519710378118,0.05824617860016092,0.04931617055510865
178,178,0.825422365245374,0.820125352387622,0.7831073332951093,0.8633220572214897,1.3725594674860195,0.22191037647153455,1.3423419846726565,2.0108007213872896,0.7340165826894146,0.10716009654062746,0.07489943684633946,0.06267095736122283,0.062429605792437635
179,179,0.8157683024939663,0.8077306985816116,0.7646508227739235,0.8531133535921106,1.3519872626340719,-0.24844538115242665,0.9883724829911719,1.981377375463709,1.7668270135234552,0.10096540627514083,0.0847144006436042,0.06645213193885763,0.052855993563958245
180,180,0.827835880933226,0.8212310408274492,0.7782456140350877,0.8571378860374074,1.0347571126139319,-0.21892270358788593,1.016661936556263,2.308737016405274,1.660376647086424,0.10595333869670147,0.08616251005631531,0.06975060337892194,0.06621078037007239
181,181,0.7932421560740145,0.786525439081026,0.744021302541163,0.8405227964931139,1.4350383840521108,-0.5527027412001101,0.6882352210862402,2.1622820621813474,2.2417127800704897,0.09702333065164927,0.06202735317779564,0.05510860820595333,0.05084473049074817
182,182,0.8181818181818182,0.8077578860109655,0.7564398079248442,0.862704632127244,1.2586360913812675,-0.5133326341870721,0.5604923495791725,2.3906128018537753,2.094308811156272,0.09758648431214807,0.07988736926790027,0.059774738535800565,0.0576025744167338
183,183,0.826226870474658,0.8152334422324464,0.7536958547509545,0.8638019659121653,1.0946265883809052,-0.26787955162623084,1.3089661516137636,2.329250041065825,1.3815354944317262,0.09211584875301682,0.06878519710378116,0.05341914722445693,0.04963797264682217
184,184,0.8117457763475463,0.8056019517098056,0.7604422604422605,0.8625430563229606,1.2487529286208803,-0.17638853857126907,1.1224494894280783,2.081302268576251,1.4710177200024088,0.09163314561544653,0.0674979887369268,0.05655671761866458,0.04915526950925188
185,185,0.8125502815768303,0.8053602038040654,0.7574450741858973,0.8473671510378963,1.5319998567592166,-0.4565254405768583,0.8839180051856027,2.3762300741166906,1.6225042249446353,0.09790828640386166,0.08093322606596945,0.060579243765084514,0.057602574416733776
186,186,0.8205953338696702,0.8116101132266111,0.760086641665589,0.85584507952929,1.7210087260452327,-0.4066635033493397,1.0355228993361831,2.1848043329525932,1.4246942248476369,0.1037007240547064,0.07876106194690267,0.06693483507642806,0.05301689460981505
187,187,0.829444891391794,0.8221137985782799,0.7779320719782445,0.8588323786379679,1.526921950553101,-0.024154411725293878,0.8208491525373455,2.026645506867841,1.3960437477975964,0.11142397425583261,0.07506033789219628,0.06468222043443281,0.056798069187449694
188,188,0.8085277554304103,0.7987607955945318,0.7495374800637958,0.8628650137741046,1.4059174561485113,-0.29103178984497546,1.1141800321116175,1.7622261388803855,1.7718612865211392,0.08761061946902657,0.06371681415929203,0.05012067578439265,0.06379726468222044
189,189,0.7948511665325825,0.7846237488600818,0.739477725259168,0.8509270676348357,1.7847833238128532,-0.10056782781715438,0.8153672204847187,1.617444273022751,1.7225969741910176,0.09010458567980695,0.06259050683829444,0.05454545454545453,0.051810136765888956
190,190,0.8197908286403862,0.8122717325218092,0.7577952613492493,0.8549858322782902,1.612010523414376,-0.30185910696353846,0.8765604686600682,1.9355056506473987,1.6841245776667502,0.10321802091713601,0.06846339501206765,0.06604987932421567,0.04666130329847151
191,191,0.8053097345132744,0.7974619186179234,0.749010571493905,0.8435852784764855,1.1020604235971247,-0.3002928265415158,1.5641283374436803,2.6361784967557336,1.06192712086682,0.09758648431214807,0.06146419951729687,0.04215607401448116,0.05470635559131139
192,192,0.8133547868061143,0.8037318749305877,0.752713422826633,0.8654329209164303,1.5917693803290043,-0.40284003426323456,0.6998009622089174,2.5356641230289068,1.41439569570065,0.09863234111021726,0.07441673370876913,0.06403861625100568,0.04593724859211592
193,193,0.8238133547868061,0.816803076652703,0.7702752223648954,0.8627435459945002,1.4125802387897062,-0.40165581212184237,0.5917288384653994,2.5845505346763646,1.603261217695633,0.10056315366049873,0.07650844730490741,0.060418342719227656,0.06106194690265485
194,194,0.827031375703942,0.8193940823845621,0.7773892273806459,0.8727909837237907,1.166783941128252,-0.5423583660197243,1.0664901565035416,2.3376946423815403,1.9089231838553096,0.10482703137570389,0.07932421560740138,0.059855189058728865,0.05776347546259049
195,195,0.830249396621078,0.824218999510105,0.7818404050986555,0.8762208253303069,1.4332630572798672,-0.20342872084027458,0.9526425647529221,1.9649372553126763,1.578627116080749,0.10217216411906671,0.0858407079646017,0.06950925181013674,0.055349959774738514
196,196,0.8157683024939663,0.8097816261130784,0.7705406244073991,0.8651283465788613,1.6677322217248247,-0.1739703555473702,1.002276467171493,2.196487348499004,1.139171479254849,0.11649235720032189,0.07280772325020116,0.05446500402252623,0.052695092518101436
197,197,0.825422365245374,0.820329913239239,0.7815200894408787,0.8719500892091665,1.9882268719611764,-0.3117529668900264,0.5541431737548468,2.122423006778216,1.4276744862545143,0.10844730490748185,0.07916331456154459,0.061866452131938844,0.0562349155269509
198,198,0.829444891391794,0.8208447563477828,0.7761897253597845,0.8843156929075167,0.8137871664976946,-0.3073213414956593,1.327723413761778,2.056723322068473,1.9387394682340415,0.1036202735317779,0.07602574416733705,0.05526950925181011,0.05728077232502009
199,199,0.8366854384553499,0.829823612605405,0.7806319709225671,0.8659058784401763,1.3565011106514957,-0.48980230421879467,1.2755017751583118,2.088490539676313,1.6698343529951165,0.09967819790828636,0.08551890587288813,0.061866452131938844,0.058165728077232484
200,200,0.8213998390989542,0.8147286902317672,0.7640712468193385,0.8579913186648704,1.1104235313262147,-0.20625736021897298,1.007210526965083,1.8186712151313442,2.0375894749699768,0.10514883346741759,0.07900241351568789,0.06492357200321809,0.056234915526951
201,201,0.835076427996782,0.8280334775182477,0.7774662206480388,0.869357685473388,1.6461585310933209,-0.5409960851714455,0.9365121483608887,1.945103898297862,1.9665044710137916,0.11802091713596134,0.08712791633145613,0.06967015285599357,0.053097345132743334
202,202,0.8205953338696702,0.812934483651942,0.7727354114798268,0.8640593203960756,1.6222371230356696,-0.2679885339371034,0.7086823887932626,2.302103083092581,1.4294707715079285,0.1032984714400644,0.06878519710378124,0.05301689460981505,0.05937248592115858
203,203,0.8101367658889783,0.8021671301350133,0.7619299759810574,0.8676260994486431,1.3594013853202116,-0.5987419907765508,0.7112384405849629,1.979316884152727,2.388974502302498,0.09573612228479489,0.0680611423974256,0.05164923572003224,0.06444086886564762
204,204,0.8415124698310539,0.8332955375641881,0.7846144870037048,0.8659033227340354,0.989207465019763,-0.3109241524304988,0.9349735417902827,2.4388587744673167,1.764480735290869,0.11094127111826221,0.08833467417538211,0.06387771520514882,0.06138374899436845
205,205,0.8141592920353983,0.807035456117916,0.760837778401647,0.8498970615758937,1.401193301136052,-0.2690811293446412,1.5139908576309509,2.4586112230846306,0.9587669542871492,0.10185036202735323,0.07666934835076429,0.05671761866452139,0.04698310539018511
206,206,0.8037007240547064,0.7968608430360941,0.7527250372058414,0.8507871360803646,1.9330164722321153,-0.39485949715230145,0.7117045956195718,1.8528915924970728,1.7695137904533944,0.1043443282381336,0.07892196299275947,0.06476267095736121,0.052695092518101415
207,207,0.82461786001609,0.815981095594452,0.7612416407929306,0.8566694530690231,0.8651265527978402,-0.254986608621106,0.9442826811789541,2.4682707308001195,1.7474604395642075,0.09155269509251802,0.07594529364440863,0.05164923572003215,0.05172968624296055
208,208,0.826226870474658,0.8191570968134139,0.7733547135863914,0.8666742607456218,1.0804575186481815,-0.3274764664660418,1.2679042895270205,2.3790096121546043,1.5200575604438962,0.09734513274336277,0.0851166532582461,0.06524537409493161,0.06090104585679805
209,209,0.8173773129525342,0.8113445078660931,0.7697767145135566,0.866060606060606,1.4514333809114277,-0.2439435144815302,0.2170487050077421,2.2974192830752935,2.04637144003428,0.10096540627514083,0.07103781174577638,0.06041834271922773,0.04682220434432831
210,210,0.8205953338696702,0.8152747694920057,0.7640193328047814,0.8526620723303043,1.3714765947964327,-0.27178576305222374,1.4557719114255472,2.35149847719172,1.08996044376582,0.09863234111021726,0.07127916331456159,0.06194690265486735,0.05132743362831867
211,211,0.7980691874497184,0.7911942110166454,0.7423480102460349,0.8313900178063309,1.5410661278751911,-0.05239402601807464,0.6550453839487184,2.1431610902226343,1.4842924012744352,0.08769106999195497,0.07441673370876911,0.06170555108608204,0.053982300884955745
212,212,0.8447304907481898,0.8394151621293371,0.7952698420220233,0.8855770312935003,1.598183613596952,-0.19795068042439812,0.9002108305284299,1.9493837421334728,1.572451716036897,0.11005631536604983,0.08350764279967822,0.06427996781979081,0.06444086886564762
213,213,0.8238133547868061,0.8159953253282819,0.7657243294340068,0.8607349639607705,1.1723971006891643,-0.250654303477228,0.6368076838971989,2.5135010159518423,1.7184566558088759,0.09774738535800476,0.06645213193885759,0.05551086082059531,0.05100563153660496
214,214,0.833467417538214,0.826536556245072,0.7853592110544121,0.8800011467232385,1.6539576655533974,-0.36665176722527665,0.7054931224023113,2.037346700133001,1.781947222071342,0.10957361222847943,0.08648431214802892,0.05937248592115847,0.060498793242156054
215,215,0.8213998390989542,0.8158738845534309,0.7686020579600964,0.8584928222513198,0.8453491399100167,-0.4845214778275738,0.8256620762758684,2.6377328391257646,2.0810216501424184,0.104827031375704,0.08117457763475465,0.06403861625100572,0.06733708769107008
216,216,0.827031375703942,0.8210334788759637,0.7756198444635882,0.8709508018739894,1.5525684019248442,-0.38114532700434073,0.7745425385940139,1.9645319622249837,1.939544125506792,0.11625100563153656,0.07642799678197904,0.07296862429605788,0.061786001609010446
217,217,0.8173773129525342,0.8099328374437377,0.766587383958946,0.8683964711987546,1.5892040534321943,-0.4448957360948081,0.4516625373912322,1.923251053382921,2.269744317983284,0.1138374899436847,0.07425583266291233,0.06741753821399844,0.048592115848753094
218,218,0.8222043443282381,0.8145386144608375,0.7633613061088741,0.8686437658126358,0.7542255211596911,0.019075690271704724,1.193681856037763,2.2940531379469538,1.4783583783999024,0.10096540627514072,0.07739340305711981,0.0639581657280772,0.04505229283990342
219,219,0.8222043443282381,0.813285779218182,0.7680121228819397,0.8726092896174864,1.3232537078064757,-0.49133376623694397,0.586937437514495,2.3943589124649955,1.9515185712019318,0.1020917135961383,0.07007240547063551,0.05382139983909893,0.07232502011263067
220,220,0.8157683024939663,0.8049523265553602,0.7454365542023162,0.8511416835572456,1.671931710911957,-0.33701946212707384,0.8860226222713647,1.6174149191688096,2.030783320141068,0.08744971842316977,0.07795655671761868,0.0565567176186646,0.04577634754625912
221,221,0.8189863234111022,0.8118125120378663,0.7604952830188679,0.854125865775018,1.2025317386144043,-0.5034951661542271,0.9859145021529597,2.175470290861029,2.0765005267483736,0.09597747385358009,0.07329042638777157,0.05390185036202744,0.05164923572003226
222,222,0.833467417538214,0.8276951071506289,0.7744377162629759,0.8665580750447864,1.461692219258026,-0.2267724697346439,0.8612696648486038,2.0860081838945135,1.6277750958762454,0.10909090909090904,0.08077232502011258,0.06291230893000803,0.0566371681415929
223,223,0.8045052292839904,0.7944958040341117,0.7491242156515379,0.8515538385928016,1.8087061347663786,-0.6125229930398435,0.31060998971168324,2.2314965262094852,2.1336989409259632,0.08905872888173776,0.07634754625905069,0.06017699115044249,0.061303298471440074
224,224,0.8149637972646823,0.8078627282238304,0.768925570978707,0.8649744779054829,1.40581227093661,-0.18152436653517268,1.1907207686312171,2.2089102450384344,1.1904542196262407,0.10659694288012878,0.08117457763475464,0.06444086886564766,0.05044247787610626
225,225,0.82461786001609,0.8180603166589204,0.764175955147734,0.8599734875434021,1.4940771782540527,-0.45360654377946474,0.5825396727325973,2.00170518373912,2.180413806369592,0.10788415124698306,0.08053097345132738,0.05985518905872885,0.05172968624296055
226,226,0.8181818181818182,0.8122940551803837,0.771366753944899,0.8550988252195473,0.9310700594996765,-0.45150728241184956,0.972964406054478,2.2735573784276544,2.189038810583838,0.10683829444891398,0.07683024939662111,0.06902654867256644,0.05486725663716822
227,227,0.8093322606596943,0.8002315393933189,0.7528337094254469,0.8607822715963663,1.7799359287561243,-0.07880488295635862,1.2024723004196183,1.7228260060046041,1.2494922108208806,0.0947707160096541,0.06645213193885763,0.04875301689460988,0.05880933226065974
228,228,0.827835880933226,0.821221581204858,0.7768064996061729,0.8647685171679453,1.144343011543407,-0.1630922480768555,1.2179535938438684,1.9530281014037103,1.6647463142704055,0.10909090909090904,0.07256637168141591,0.06629123089300079,0.056476267095736096
229,229,0.8165728077232502,0.8084653288554511,0.7585294654260172,0.852958313469993,1.2427410473974332,-0.22792237125761247,1.9421690985085684,2.3203898665748492,0.8294455803940043,0.09074818986323414,0.06846339501206763,0.05551086082059542,0.04947707160096548
230,230,0.8045052292839904,0.7944354216372613,0.7406907145505588,0.8486236912265833,1.4928610780837903,-0.11849421568099311,1.0755240318285508,2.048343799682096,1.2839207725309951,0.09155269509251814,0.06411906677393404,0.0531777956556718,0.05583266291230895
231,231,0.8085277554304103,0.7998329992965039,0.7553625958580154,0.8503065160490426,1.458600650152564,-0.5266125976300781,0.5597154075278891,2.4608604623309667,1.8162827772163477,0.10289621882542241,0.06950925181013676,0.05406275140788419,0.05293644408688662
232,232,0.8189863234111022,0.8102588841708754,0.7615134933538458,0.8482689696567076,1.188631978712076,-0.4213422728032379,1.3827469826070806,2.1286894271523056,1.7348818367485652,0.10780370072405476,0.07586484312148031,0.06822204344328243,0.06194690265486734
233,233,0.8173773129525342,0.8108175771538807,0.7665421978470783,0.8596808541672745,1.1969463440549035,-0.35662727702124236,0.6865328334690615,2.361144875404499,1.96096779901628,0.104827031375704,0.07361222847948515,0.06444086886564769,0.06862429605792443
234,234,0.8230088495575221,0.814709675048524,0.7676778673913169,0.8529825050371324,1.9218400970638392,-0.3405609894800461,1.246705256049531,1.478144686018606,1.6114487947235214,0.10008045052292833,0.07908286403861617,0.0627514078841512,0.062268704746580826
235,235,0.8173773129525342,0.8065819307930527,0.7546405566924007,0.8648526881220351,1.927620359222883,-0.21206804557109796,1.2224712290436182,1.6730987676946811,1.3029815397570432,0.0943684633950121,0.0633145615446501,0.04650040225261472,0.04891391794046669
236,236,0.8189863234111022,0.812939811106679,0.7707829504232164,0.8568737791833317,2.226836940680507,-0.18373752661206275,0.8202968366152839,1.9642754894486916,0.9899338601447906,0.11246983105390193,0.07795655671761867,0.05189058728881746,0.052212389380531056
237,237,0.8230088495575221,0.8155486947286232,0.7639052866325593,0.8602942053355277,1.6802764553123568,-0.2989980111518737,0.9967747014934512,2.0333551720573926,1.390507009920825,0.10627514078841507,0.06130329847144004,0.057039420756234895,0.05551086082059531
238,238,0.8101367658889783,0.8015798773296735,0.7551900711682,0.8631979401724238,1.4899962513821772,-0.431237486925416,1.0944584441491167,2.600077550021437,1.2473717070569104,0.09903459372485926,0.07312952534191472,0.04915526950925188,0.05856798069187452
239,239,0.8189863234111022,0.811421809752543,0.7651410523126052,0.85667791355629,1.631996323542692,-0.3746349946481986,0.8327134925495916,1.7965827446844127,2.007466239528841,0.10209171359613842,0.07884151246983108,0.06516492357200328,0.06025744167337097
240,240,0.8125502815768303,0.8032972744484477,0.7561796098850668,0.8684617649266009,1.5961503868960325,-0.22405816732821965,1.0161916324890174,2.140607603029299,1.3572380284414718,0.10096540627514083,0.07119871279163316,0.05905068382944495,0.047546259050683895
241,241,0.826226870474658,0.8190547324901652,0.7807440846824408,0.8746575342465752,1.06729867592989,-0.29588353383287136,0.9473672105489555,2.3129438427319227,1.7280004468124595,0.10740144810941266,0.08012872083668536,0.07023330651649232,0.06749798873692678
242,242,0.834271922767498,0.8298106148447395,0.7801902118730115,0.860888722054362,0.7192487660577448,-0.18038416008559546,1.3300933105643375,2.9537023415817405,0.9834318982695636,0.1119871279163314,0.08664521319388571,0.06846339501206758,0.050040225261464163
243,243,0.827835880933226,0.821811282087476,0.7857367490565397,0.8736528065821236,1.813839651442805,-0.4009269205431961,0.7499530522846253,1.8944837251054243,1.8295404106115611,0.11005631536604983,0.08053097345132738,0.06218825422365244,0.05848753016894607
244,244,0.7924376508447305,0.7826297596209101,0.7440410199556541,0.8534401666330712,1.5895474118955315,-0.11891215358416309,0.6199698298554401,2.185713320721942,1.43925407731397,0.08728881737731298,0.0658085277554304,0.04513274336283184,0.046017699115044254
245,245,0.8109412711182623,0.8050699782782383,0.7682466263749409,0.864755942649798,1.639490754312226,-0.24061053426830384,1.066632330066863,2.0527439062934287,1.2820294336741445,0.11190667739340313,0.06476267095736124,0.05374094931617061,0.05510860820595339
246,246,0.7972646822204345,0.7895881452261698,0.746486408744427,0.8500445850711924,1.0925165948349265,-0.26649246455200887,0.9821946655968716,2.2805206502228463,1.7318782450864683,0.10530973451327438,0.07353177795655672,0.0572807723250201,0.043362831858407114
247,247,0.8230088495575221,0.8148529709719403,0.7768727538185085,0.8667340521114106,1.1967308717411267,-0.3373429135411902,0.9626212088023518,2.779379289797078,1.3688635145617745,0.10667739340305707,0.07562349155269503,0.06604987932421556,0.058487530168946075
248,248,0.82864038616251,0.8224186553735642,0.777002371829958,0.8724714703580111,1.3247126940563638,-0.2095476205090909,1.1857034498140808,2.037915836247746,1.4491254148863533,0.10571198712791627,0.08962188254223645,0.06854384553499596,0.05301689460981494
249,249,0.8213998390989542,0.8168990453056324,0.7796591514702134,0.872590193943045,1.1804814462478703,-0.3981808511930982,0.7385954081799755,2.2617490884405584,2.071288306496476,0.11729686242960584,0.09267900241351572,0.07304907481898637,0.061786001609010544
