,random_seed,accuracy,f1_weighted,balanced_acc,auc,model_weights.random_forest,model_weights.bagging_svc,model_weights.bagging_knn,model_weights.gradient_boosting,model_weights.mlp,feature_importance.C_CO2_vd_fd3_scaled,feature_importance.C_CO2_vd_scaled,feature_importance.C_CO2_vd_fd2_scaled,feature_importance.C_CO2_vd_fd1_scaled
0,0,0.8205953338696702,0.8115464878364136,0.7657868877894047,0.8687687118221364,0.4406268490291475,-0.24706492379628764,-0.022826692154542406,2.4964227349143053,2.857169239992051,0.0946098149637973,0.07683024939662111,0.07425583266291233,0.06411906677393413
1,1,0.8028962188254224,0.7945553453845826,0.7501999137063138,0.8373479073781102,1.3794190739744703,-0.392852790673638,-0.06572161117899296,2.3913813840816234,2.293778843927875,0.10241351568785202,0.06693483507642799,0.08382944489139181,0.06524537409493161
2,2,0.7924376508447305,0.7811462632717633,0.7297448165869218,0.8307322024068436,1.4754438675767676,-0.368311502181298,-0.02338006945798337,2.6586611625508016,2.0400942392809114,0.0940466613032985,0.055028157683024916,0.06194690265486724,0.04818986323411101
3,3,0.7956556717618665,0.7828281084948456,0.7375127809694895,0.8609741217143729,1.597099082094907,-0.3136839207183898,0.02930070260240998,1.932560610254246,2.376461678923992,0.07747385358004828,0.06194690265486724,0.06339501206757843,0.047707160096540635
4,4,0.8045052292839904,0.7974903493082637,0.7488567883729174,0.8336819094883611,1.59959532138549,-0.34000510206406953,-0.19770070324217365,2.0710847389904403,2.4916594160359393,0.09895414320193086,0.07377312952534192,0.07707160096540629,0.06669348350764281
5,5,0.8037007240547064,0.7975307279696968,0.7488432749164835,0.8452013029160786,1.425391185459708,-0.24629550216452425,0.21474434423665684,2.7365808137989722,1.61058545580033,0.09098954143201934,0.07425583266291232,0.08262268704746582,0.06468222043443281
6,6,0.8181818181818182,0.8087619598022218,0.7564011379800853,0.8400068184757179,1.887949508507025,-0.2993962314129293,0.19782630520814992,2.041231818335467,1.8122449086904764,0.10563153660498799,0.0761061946902655,0.08254223652453743,0.06741753821399846
7,7,0.8173773129525342,0.8112956059410004,0.7626970384523526,0.8337234296632435,1.2040674863353158,-0.2777504217072635,0.18100123236886856,2.5357416439188074,1.9796850388113556,0.10209171359613842,0.07409493161705553,0.09219629927594533,0.069750603378922
8,8,0.8366854384553499,0.8280768624345001,0.7651308143129157,0.8586327555082963,1.1804742486429058,-0.2596789552372781,-0.06666036354491532,2.352168324188499,2.292767555833974,0.09782783588093316,0.08101367658889783,0.0874497184231697,0.08238133547868061
9,9,0.7900241351568785,0.7785669640671562,0.7338012989591309,0.8299412915851272,1.3737908820037932,-0.4276515571025005,0.3056403557868475,2.5711104618124137,1.9310657962882478,0.0850362027353178,0.06427996781979081,0.06773934030571198,0.05856798069187448
10,10,0.7908286403861625,0.7778579190534678,0.7248698142683563,0.8246976798009605,1.3440408261711148,-0.3474249298713055,0.03724926191641416,2.6206985543761174,2.0516719789972013,0.07851971037811747,0.06693483507642799,0.06693483507642799,0.0480289621882542
11,11,0.8125502815768303,0.8031621362412573,0.7509537049010733,0.8370061013601682,1.2751278560408275,-0.5600217683066249,0.4256847005203574,2.3697079835111956,2.24712496200228,0.10321802091713601,0.07465808527755433,0.08246178600160903,0.061303298471440115
12,12,0.8109412711182623,0.7980984459016046,0.7442043005769632,0.8607757721806427,1.4956644105520753,-0.20315349666107838,-0.2100445776882502,2.3952693292174345,2.007124054775925,0.08189863234111024,0.07023330651649236,0.06098149637972648,0.05349959774738543
13,13,0.8101367658889783,0.8035961727497082,0.7592957787566732,0.8496805624434784,1.4086598292416697,-0.32305872056998286,0.10956032374489602,2.3518172629980945,2.1716381115085723,0.08238133547868062,0.07087691069991955,0.07658889782783589,0.05502815768302499
14,14,0.8045052292839904,0.7965981480829849,0.7470322698353844,0.8380151961909471,1.8205407137862148,-0.3115336205996777,0.317689451105761,2.33768996222736,1.6437679931524385,0.09098954143201934,0.07618664521319389,0.07884151246983107,0.06041834271922768
15,15,0.8222043443282381,0.8141909042849705,0.7578687553279605,0.8450100059854535,1.4847712281676675,-0.10140766515581566,-0.2615724878311498,2.497670860248781,1.9484528560957108,0.10370072405470629,0.08423169750603371,0.08930008045052285,0.06669348350764273
16,16,0.7940466613032985,0.7835423153856892,0.7346866323002235,0.8417921734562521,1.349481344528328,-0.37600275697673136,0.5591766921116864,2.1846246323649114,2.0799381013804754,0.08294448913917943,0.058889782783588085,0.0660498793242156,0.053338696701528555
17,17,0.8117457763475463,0.8049325621651687,0.7618202145654239,0.8493176078040642,1.5299912652956777,-0.3172819344065229,0.23829849188436364,2.1328090300089384,2.03875256818102,0.10225261464199523,0.07932421560740147,0.07940466613032986,0.06645213193885763
18,18,0.8028962188254224,0.7965272290233778,0.756655531064885,0.8400835744133719,0.3867114174518887,-0.40052892629127823,0.17636493004249923,2.5474396903281056,3.041702476978452,0.10016090104585684,0.08262268704746582,0.08905872888173776,0.07135961383748995
19,19,0.8012872083668544,0.7913793197838831,0.7400167069737011,0.8409186498895939,1.2217746210377496,-0.4815794375272193,0.23992261023618033,2.181453842566663,2.654281958291939,0.09646017699115048,0.05647626709573613,0.07361222847948512,0.05937248592115847
20,20,0.7948511665325825,0.7841257094189796,0.7379247482655755,0.842613123335581,1.3147505011452556,-0.3257732612609629,0.4202979975136463,2.5972196862222314,1.7582473250605966,0.08817377312952537,0.06299275945293643,0.058809332260659694,0.047787610619469026
21,21,0.8101367658889783,0.8004040441486654,0.7534402416223214,0.8448813461815043,1.2694708101837995,-0.30009360838601584,0.31440512216922245,2.314570432244204,2.066643816988686,0.09227674979887372,0.06427996781979085,0.06942880128720837,0.0605792437650845
22,22,0.8125502815768303,0.8040961005866069,0.751447212336892,0.8371322657176751,1.757678913184705,-0.3767755634622734,0.2635798258402114,2.201358378228554,2.004474169152054,0.08889782783588096,0.06387771520514886,0.07642799678197909,0.059211584875301745
23,23,0.8165728077232502,0.8077462747615604,0.756936127744511,0.8608312786192323,1.216870761711369,-0.13705388655176992,0.09130074048946692,2.2924974035538566,2.0990163347263695,0.10402252614642,0.08656476267095739,0.08061142397425584,0.06814159292035402
24,24,0.8173773129525342,0.8081632872706362,0.7597448165869218,0.8477569957952733,1.4020454273990026,-0.29060442065455044,0.0536333227621304,2.4018212924122966,2.1271249117174644,0.09195494770716013,0.07353177795655673,0.08519710378117461,0.06854384553499603
25,25,0.7884151246983105,0.7795769701699061,0.7337629014588019,0.8334313555901516,1.3384216186599225,-0.3261347010793143,0.2035394047156742,1.9755395718678188,2.4757675380012696,0.08744971842316977,0.06283185840707964,0.07272727272727272,0.06275140788415123
26,26,0.8125502815768303,0.8061333304462982,0.7584557016011042,0.8500601228520148,1.0672438827827109,-0.23462702617354028,-0.10047831870922351,3.012507933592837,1.8013374693966462,0.09839098954143206,0.06444086886564768,0.07860016090104587,0.06210780370072409
27,27,0.7988736926790024,0.7881002683285565,0.7342468323629605,0.8368982075952931,1.7766944596345813,-0.22246284377660497,-0.11315221069047371,2.3999746804940334,1.7910782858260024,0.08736926790024138,0.06492357200321801,0.07055510860820595,0.05374094931617056
28,28,0.8069187449718423,0.7981827718044757,0.7499054187765555,0.8451458005936792,1.547723858088112,-0.2674446240352506,0.002390684431169257,2.1285218116450024,2.170245263494491,0.08012872083668546,0.06564762670957361,0.06886564762670958,0.06106194690265489
29,29,0.8053097345132744,0.7906906178594229,0.7226336890335805,0.8413215168505456,1.4360601491170029,-0.46711706433572003,0.21087578236334695,2.3457458356961305,2.226194503719165,0.07811745776347548,0.0533386967015286,0.0588897827835881,0.050683829444891436
30,30,0.8020917135961384,0.7941044848300325,0.743670269887537,0.8364802511240397,1.233568523353551,-0.289956070721202,0.3928880277422572,2.366660964327729,1.9599479163793125,0.09356395816572811,0.07449718423169752,0.07353177795655672,0.06468222043443281
31,31,0.8069187449718423,0.7979580197376832,0.7431861895659526,0.8469937057481942,1.3999467821701714,-0.38817956878430776,-0.04730884929173664,2.217736974740895,2.5036278446828826,0.08205953338696703,0.06950925181013677,0.060901045856798064,0.05446500402252617
32,32,0.8109412711182623,0.7935787497838069,0.7247966679784861,0.8555627109346118,1.3704977344004345,-0.3866708413300522,0.035019883997687996,2.335687170801833,2.3078770442600276,0.07144006436041836,0.0476267095736123,0.05945293644408691,0.043523732904263944
33,33,0.8037007240547064,0.794341630831831,0.7369331398834504,0.835982277752464,1.0151682120347427,-0.22548916293789584,0.2821850452511142,2.6323912817326542,2.0288367134054557,0.08744971842316977,0.06500402252614643,0.07176186645213194,0.06106194690265487
34,34,0.7779565567176187,0.7687417897856764,0.709631975340602,0.8100154723274112,1.5007677326802207,-0.5633964235188531,0.07220802579149205,1.8413350373416368,2.9559164340292936,0.08028962188254225,0.04561544650040221,0.07103781174577635,0.055671761866452105
35,35,0.8053097345132744,0.7944944693434393,0.7435725677830941,0.8469972451790635,1.216581621646019,-0.46231035247892627,-0.1953939175149237,2.6481836776140035,2.448727949467001,0.08881737731295256,0.06749798873692678,0.07095736122284795,0.06218825422365245
36,36,0.7860016090104586,0.7736013721999406,0.7271139570046496,0.8064896604254062,1.275401017800775,-0.30022509443310386,0.3098354549424368,2.327843592077539,2.19075129876055,0.0934835076427997,0.06757843925985518,0.0752212389380531,0.06275140788415123
37,37,0.8085277554304103,0.8002975663284463,0.7545579471156628,0.8565411097610369,1.2817807867392486,-0.34999462748288057,-0.2717618420190755,2.3147195391928532,2.59933305805542,0.09203539823008852,0.06862429605792439,0.0760257441673371,0.06653258246178603
38,38,0.8045052292839904,0.7948321864150982,0.74146409735113,0.8274993370458765,1.2940857583878427,-0.16332708999886392,0.5903232421657783,2.326634772451615,1.6461836202594404,0.08769106999195497,0.06733708769106998,0.06950925181013676,0.07111826226870474
39,39,0.7892196299275945,0.7772753440033966,0.7348894922037481,0.8406883410340291,1.1369453432637844,-0.3383405721766438,0.3006307020073393,2.241353606129232,2.298594039964304,0.0762670957361223,0.07425583266291232,0.06452131938857601,0.05140788415124695
40,40,0.7924376508447305,0.7803959294275372,0.7303840069034948,0.831189414641162,1.19359701479877,-0.2106172745191771,0.44854480425115884,2.324092104555934,1.9230676229746955,0.0859211584875302,0.06315366049879323,0.06934835076427996,0.055752212389380516
41,41,0.8141592920353983,0.8060058216119984,0.7509620810969826,0.8448332793006976,1.093649879867368,-0.49022750591081365,0.22564013983016432,2.7804299266970434,2.225446888009882,0.0954143201930813,0.06709573612228482,0.08495575221238941,0.05937248592115855
42,42,0.7892196299275945,0.7775395498856653,0.732181692228197,0.8143841100215204,0.9623350054021528,-0.24568363092017229,0.45600621359188276,2.5111514424596457,2.1330518610189375,0.0943684633950121,0.07208366854384554,0.07843925985518907,0.06299275945293643
43,43,0.8020917135961384,0.7945827950352683,0.7502806225770988,0.8421483538737488,1.41461202761013,-0.2748373059424232,0.4575982759340537,2.3895322756932593,1.8236324569331968,0.08238133547868062,0.0668543845534996,0.06854384553499597,0.05655671761866452
44,44,0.7964601769911505,0.7873299034587865,0.7335180457407551,0.8417051196237435,1.5454914131644522,-0.4880004125856718,-0.18864230462943757,2.4175210174216883,2.413724252735094,0.08238133547868062,0.05945293644408687,0.07377312952534192,0.04931617055510862
45,45,0.8028962188254224,0.7974328171863014,0.7548866507580012,0.8321928223844284,1.653997710743378,-0.4218083357190081,-0.14409850638355043,1.9943513919744553,2.589168482870113,0.10024135156878525,0.09203539823008852,0.08246178600160903,0.07232502011263073
46,46,0.7956556717618665,0.785526588069431,0.7334728265955456,0.8307101581508516,1.4286753049390626,-0.3564557236090022,-0.11248016018155628,2.3020235549133043,2.4890935652275323,0.08978278358809336,0.06524537409493161,0.07208366854384554,0.05897023330651648
47,47,0.7924376508447305,0.7790004188746235,0.7334833521444695,0.8503160270880361,1.533256778700503,-0.19689503004072625,-0.047810542975825876,2.055268375761889,2.2442064455220745,0.07127916331456155,0.06765888978278359,0.06476267095736121,0.04875301689460979
48,48,0.8197908286403862,0.8092686608510881,0.7526981240485484,0.8489405938834623,0.785432579618792,-0.41077031718510826,0.5591275419208138,2.758185946958958,2.068712526335539,0.09259855189058733,0.08020917135961388,0.07811745776347548,0.06613032984714405
49,49,0.8085277554304103,0.8003606403965823,0.7538134141597135,0.8349446350909587,1.185467187952578,-0.25762664602452134,0.43504285395157805,2.0417753124121165,2.3017091525805182,0.1043443282381336,0.07787610619469028,0.08632341110217219,0.06765888978278359
50,50,0.82461786001609,0.8176493630158094,0.7691092693488562,0.860927230671849,0.7570500208634453,-0.25939388848751094,0.03592239196924909,2.899873301741967,2.1507191567186066,0.08913917940466605,0.07465808527755426,0.08527755430410289,0.06942880128720832
51,51,0.7964601769911505,0.7838971249602187,0.7269255606434191,0.8324850299401196,1.0432868325192488,-0.4040535240511204,0.3033943260338856,2.526701604268075,2.346613873839287,0.07787610619469028,0.06444086886564762,0.060901045856798064,0.04376508447304909
52,52,0.8012872083668544,0.7933689346525431,0.7542496886674969,0.8385033397486696,1.4489531651612864,-0.4321485992483348,0.41502252680977936,2.0691009588227036,2.261215506289382,0.09694288012872088,0.08004827031375705,0.07811745776347548,0.07200321802091714
53,53,0.8149637972646823,0.8095141466844056,0.7649858206309819,0.8478021978021978,1.2293723532031975,-0.3853417939753785,-0.3448409833545626,2.7340217100537387,2.4478417821809884,0.09613837489943688,0.08262268704746582,0.07972646822204346,0.06661303298471444
54,54,0.8133547868061143,0.804041659911665,0.7580320765884576,0.8532217376063806,1.4941143391545704,-0.16108033277616923,-0.12708166471126917,2.259473579468746,2.0582912521109393,0.09686242960579247,0.08230088495575223,0.07964601769911506,0.06162510056315371
55,55,0.8157683024939663,0.8076950466873916,0.754558572740391,0.8459446889198955,0.9054936492909729,-0.3379760019459429,0.35571862591995257,2.4666239834865493,2.3332732115222314,0.11086082059533393,0.07860016090104587,0.08777152051488338,0.062188254223652505
56,56,0.8101367658889783,0.8019591451528929,0.7471372215161035,0.8367946473536536,1.0048412829546165,-0.402391576514722,0.36363976739370607,2.877234309164221,2.02665860568371,0.0846339501206758,0.07160096540627514,0.08793242156074017,0.06637168141592924
57,57,0.7956556717618665,0.7847132476778451,0.7291596688175845,0.8316450101652966,1.560640145492883,-0.11910126321406693,0.3232276553935804,2.6872906571434902,1.2357143237080528,0.08085277554304104,0.06275140788415123,0.06950925181013676,0.05543041029766691
58,58,0.8173773129525342,0.8107836346447429,0.7675965764918332,0.8578628622525708,1.7671060910468401,-0.1610589474138601,0.13225517601771958,1.985163663793195,2.0177055468460847,0.09670152855993568,0.08342719227674983,0.0773129525341915,0.06749798873692683
59,59,0.7980691874497184,0.7865486945675025,0.7336476340143181,0.8485449042547,1.0460231134643776,-0.24895544423158242,0.2975752652794677,2.5948431665989653,1.9790862244228,0.07176186645213194,0.05953338696701528,0.057119871279163306,0.0572807723250201
60,60,0.8109412711182623,0.803570185950688,0.7627595921959471,0.8483821562867886,0.813255222857033,-0.4425155894627091,0.30885808928731906,2.528359058830191,2.419103637425206,0.104827031375704,0.0768302493966211,0.08149637972646824,0.07634754625905069
61,61,0.7916331456154465,0.7852246075675227,0.7414367615389093,0.8332111052907281,0.5560348126627271,-0.4224526424670725,0.2593336344579123,2.617195422629841,2.6959344696972756,0.09509251810136769,0.07119871279163315,0.07868061142397427,0.05824617860016089
62,62,0.7892196299275945,0.7791075440229562,0.7291924329785566,0.8282091034194436,1.072648482134499,-0.2722858525173954,-0.16982196594624885,2.4803859422280907,2.708579324862152,0.09098954143201934,0.06516492357200321,0.06870474658085277,0.05752212389380529
63,63,0.7892196299275945,0.7802926962698332,0.7356327777012444,0.8269361023097763,1.4923904976519393,-0.4255865649974784,0.022892200894122215,2.1167305113071255,2.494928191178498,0.0853580048270314,0.06106194690265485,0.0752212389380531,0.052131938857602554
64,64,0.8213998390989542,0.8106405646375332,0.7542567647406357,0.8438733309701052,1.1150169550670463,-0.5233930982643527,0.3740816780352078,2.6739555035919786,2.2487270220383455,0.08407079646017701,0.06999195494770721,0.07723250201126311,0.06331456154465012
65,65,0.8205953338696702,0.8113437423365232,0.7627591706539075,0.8416035957662751,1.5118271931788272,-0.25479465575043886,-0.11813070451255413,2.1321070531339923,2.3043927043153194,0.10152855993563963,0.08222043443282384,0.09356395816572811,0.07916331456154468
66,66,0.8181818181818182,0.8091601142621551,0.7546251969908715,0.8523415896048289,1.3007705809468406,-0.42068353197849867,-0.0897139063264454,2.417138460394727,2.4392731118848405,0.0946902654867257,0.07192276749798877,0.0768302493966211,0.053821399839099025
67,67,0.8069187449718423,0.796585331066408,0.7474094237448781,0.8422681484820639,1.2419452063424978,-0.5622911882032012,-0.09508394086696106,2.798117549818349,2.3688353473267028,0.09621882542236529,0.06532582461786,0.06854384553499597,0.06218825422365246
68,68,0.8020917135961384,0.7933001478722522,0.7446154787503715,0.84992103867648,0.6770157731800351,-0.45536337456054393,0.5890419895351495,2.3208960969504617,2.677130184115286,0.08238133547868062,0.06781979082864038,0.07168141592920355,0.07192276749798873
69,69,0.8149637972646823,0.8071575410280699,0.7619013138077253,0.8370426582014506,1.4216730838953033,-0.2981474804240158,0.12512095637855938,2.0757474009279053,2.3799434512962714,0.10643604183427198,0.08857602574416737,0.08109412711182624,0.07538213998390991
70,70,0.7996781979082864,0.7891226226707919,0.7387400318979267,0.8370073945193564,1.8001571038144275,-0.1702215626624878,0.21474665299197931,1.9304131469357617,1.8093448375808925,0.08286403861625102,0.05929203539823008,0.06347546259050682,0.0559935639581657
71,71,0.8149637972646823,0.8056920781766568,0.7618210589342229,0.8500014255980383,1.1817273041558727,-0.2900966877455853,-0.15297616728651517,2.066037758981223,2.7110387042989927,0.09308125502815771,0.0679002413515688,0.07996781979082865,0.06950925181013679
72,72,0.7827835880933226,0.7751961310009664,0.7235898576512456,0.8217230130486358,1.190382727203786,-0.4264988572653059,0.3291140187108393,2.1143423995221395,2.5530078542761387,0.08769106999195496,0.050281576830249364,0.08045052292839905,0.06757843925985518
73,73,0.8037007240547064,0.7981196041484901,0.7488683164631438,0.8377429967700492,1.766411056396898,-0.26189852677734715,0.1943424994093903,1.6134397888028684,2.320962474781057,0.084473049074819,0.07055510860820595,0.06902654867256637,0.05736122284794852
74,74,0.7924376508447305,0.7866930065019127,0.749141359880219,0.8343353182540317,0.836702101004468,-0.2688047957075555,0.3255474775213444,2.3625985522293083,2.5191159706961317,0.0936444086886565,0.06765888978278359,0.07489943684633951,0.058970233306516476
75,75,0.8093322606596943,0.8021012145268939,0.7604410616705699,0.8570797171327547,1.0144045619031927,-0.06340902356476587,-0.22488282364816006,2.645515904948825,2.080529126026221,0.0861625100563154,0.07618664521319389,0.07152051488334674,0.054867256637168196
76,76,0.8117457763475463,0.8016098170892051,0.7510057203981024,0.8576208027160265,0.8805285341941891,-0.32889467333594413,0.2557309174204682,2.0260745551259514,2.9533977583325686,0.09098954143201934,0.06902654867256638,0.06967015285599358,0.06508447304907485
77,77,0.8012872083668544,0.7902495833197786,0.7296667785798221,0.8448673829108613,1.3396448401802987,-0.20079799567054063,0.008121243415234099,2.24556344773618,2.288255911593452,0.0751407884151247,0.05583266291230894,0.06572807723250201,0.05607401448109413
78,78,0.7972646822204345,0.7864575297969992,0.7442354745233344,0.83358420999222,1.3543424220317644,-0.21662086319260765,0.09343869877942401,2.334469981822924,2.0958968884519416,0.09042638777152054,0.0660498793242156,0.07771520514883348,0.05559131134352372
79,79,0.8053097345132744,0.797301759109855,0.7488463678154189,0.8473926155828184,1.4151605629936226,-0.48874079464364883,-0.23587948691135416,2.2664169962595238,2.608539988616565,0.09831053901850366,0.06363636363636366,0.0847948511665326,0.05148833467417544
80,80,0.7996781979082864,0.7908376772520598,0.7417325476239097,0.8281717669710318,1.4286227794112962,-0.16805418216065582,0.33538060196917635,1.8814020428227733,2.243533932584787,0.0947707160096541,0.06540627514078841,0.07819790828640387,0.06259050683829444
81,81,0.8141592920353983,0.8019711145983572,0.7475277923287352,0.8606891333449742,1.154764216920243,-0.5133226047664491,-0.30746438718053526,2.483892929905562,2.9004802016625697,0.08970233306516495,0.07007240547063559,0.06564762670957365,0.054706355591311415
82,82,0.8020917135961384,0.7943673520915149,0.7535568671057509,0.8484190117754398,1.4403562365709648,-0.267208129722414,0.057507226375940676,2.4279074201585806,2.194376461102268,0.08986323411102175,0.08189863234111024,0.06950925181013676,0.060740144810941275
83,83,0.7900241351568785,0.7750634234551379,0.7185171959284873,0.8267313509966845,0.9524959996276408,-0.32909838876052283,-0.027464969749157207,2.443100125274424,2.558373604666296,0.07811745776347548,0.0659694288012872,0.0579243765084473,0.06025744167337086
84,84,0.8173773129525342,0.8120886431207064,0.7575638616187343,0.8303123222631618,1.1065568405154473,-0.2981069604568005,0.03509010075639488,2.0646760678575045,2.610857522219584,0.09935639581657285,0.0763475462590507,0.09171359613837493,0.07441673370876914
85,85,0.7972646822204345,0.7888812572742572,0.745109519217523,0.8376584240253477,0.9571549511866562,-0.20890688736268745,-0.1252287120438233,2.565198473708681,2.4348964691068735,0.08777152051488338,0.07111826226870474,0.07803700724054707,0.06460176991150443
86,86,0.8077232502011263,0.7990791634385485,0.7506512123913918,0.8365995932472042,0.7273524042372521,-0.27537369927659666,0.525427567504623,3.020235705212043,1.7714125057878547,0.09018503620273535,0.07417538213998391,0.07964601769911506,0.0683024939662108
87,87,0.8149637972646823,0.8048391498794797,0.7491351786803775,0.846242469834914,1.1556428989789527,-0.41061499762931364,0.07276711638107376,2.4137416756567283,2.4236218847550886,0.09694288012872088,0.07232502011263076,0.07964601769911506,0.07087691069991955
88,88,0.8053097345132744,0.7973454607085728,0.7493025336889387,0.8413461538461539,1.297258320640194,-0.33199260740564207,-0.08211819943677395,2.4496649982523486,2.2753043774053174,0.08809332260659697,0.07168141592920355,0.08286403861625102,0.0603378921962993
89,89,0.8012872083668544,0.7869757584411884,0.7300535475234271,0.8410104184855365,1.3902812311041999,-0.43972767565767734,0.39192515039907017,1.913058433078025,2.4274916223395224,0.0851166532582462,0.06001609010458566,0.06653258246178599,0.04465004022526151
90,90,0.8012872083668544,0.7922394846177274,0.7437433145753883,0.8397183982885313,1.5906242113642077,-0.3713621478775588,-0.10097969701873051,2.111240109863542,2.4139069631940036,0.09831053901850366,0.07168141592920355,0.07956556717618665,0.06347546259050682
91,91,0.826226870474658,0.818174191044073,0.7624736239223489,0.8446705251100259,1.401581251915313,-0.2129737774193684,0.23757131600791975,2.4146320531349965,1.6274869845331486,0.09798873692678996,0.0718423169750603,0.07996781979082856,0.06878519710378114
92,92,0.833467417538214,0.8251233676525046,0.7706349063992873,0.8754970015485521,1.2855268175124162,-0.2708451628823391,-0.3540870760639806,2.7353937416064475,2.143353632426063,0.09589702333065157,0.08157683024939659,0.07940466613032983,0.06862429605792437
93,93,0.7980691874497184,0.7882697152832198,0.7440210418270465,0.8456134348359136,1.075607088719491,-0.09495875858494787,-0.44635108596071094,2.739271372778555,2.145082129023467,0.09332260659694291,0.05325824617860016,0.09316170555108612,0.06194690265486724
94,94,0.8004827031375704,0.7902105471179393,0.7354199365109335,0.8222807680052869,1.3316217849005614,-0.11919395247642572,-0.10773349030365692,2.528708328765942,2.0755605920238542,0.08881737731295256,0.057200321802091725,0.07184231697506034,0.07071600965406274
95,95,0.7972646822204345,0.7899769858406617,0.7476168560333669,0.8556018984610959,0.7433830551585412,-0.2979942339511476,0.11987728772632285,2.7180476404408482,2.519420682188566,0.09155269509251814,0.06371681415929202,0.07240547063555913,0.05028157683024942
96,96,0.8069187449718423,0.7968279193658417,0.7398440430891259,0.8272296359814448,0.9881011480205381,-0.36442790887565457,-0.12535579888291826,2.170141924379857,2.956471518132044,0.09798873692679007,0.06436041834271922,0.07980691874497185,0.07393403057119871
97,97,0.8141592920353983,0.8033831994959091,0.7502555699648336,0.8468157442781535,1.239245965722529,-0.45717518180381517,-0.16602567505884377,2.508359793943218,2.5194107117074953,0.09686242960579247,0.05953338696701536,0.07940466613032987,0.05647626709573621
98,98,0.8053097345132744,0.7966575223774063,0.7452503020124341,0.8481687733875484,1.3857013692390323,-0.2531207226534469,0.32758503619589724,2.253367848811962,1.9577672820434338,0.08559935639581659,0.07280772325020113,0.07312952534191472,0.066934835076428
99,99,0.8045052292839904,0.7925213292443308,0.738048076081566,0.8522973248927914,1.3610270319051627,-0.4516441931822361,0.20490923888957654,2.207704694641034,2.353764691746615,0.08366854384553502,0.07385358004827032,0.0679002413515688,0.05374094931617059
100,100,0.7956556717618665,0.7848382152953095,0.7358170443406562,0.8401084010840107,1.2073780571876316,-0.2533871692737379,0.19825544981428736,2.2478032714533245,2.2467597980046397,0.09010458567980695,0.07401448109412712,0.0761061946902655,0.05277554304102976
101,101,0.8069187449718423,0.7962930212885062,0.7408291931696149,0.8156309373488004,1.9661080193349243,-0.5455345844756044,0.34763946044264393,2.2133897183611277,1.8295293765221858,0.08921962992759455,0.08431214802896221,0.07715205148833468,0.06041834271922769
102,102,0.8093322606596943,0.800871688173879,0.7521526293037981,0.8280174780647951,1.6190276104296986,-0.38465939731591703,0.5003790026535218,2.627290172757238,1.4094558640277912,0.0945293644408689,0.0839903459372486,0.07924376508447308,0.07312952534191472
103,103,0.8149637972646823,0.8032552344433239,0.7359818943633973,0.8278037740465486,1.2138778257340597,-0.2592644937887083,0.4813481283500602,2.4580189698186787,1.8807396267780783,0.0843925985518906,0.06460176991150447,0.07312952534191475,0.06194690265486731
104,104,0.8045052292839904,0.7984564797853809,0.7480713350863921,0.837112616020076,1.4430783759308283,-0.09673981432627739,-0.155134617615116,2.317282369249222,2.05562810352785,0.09565567176186648,0.07723250201126308,0.08817377312952537,0.0751407884151247
105,105,0.7964601769911505,0.7830532114687255,0.7244924350187508,0.8349311686632261,1.4236346602566317,-0.38067364402109555,0.25690591329276163,1.7344121911327428,2.7867140335526903,0.08101367658889784,0.06476267095736121,0.06701528559935639,0.05551086082059532
106,106,0.8069187449718423,0.7985685276426885,0.7494275759084121,0.8341580534652885,1.3928640257949854,-0.36538229524597804,0.26948139162977314,2.0227874343319234,2.361442105093772,0.08954143201930816,0.06411906677393403,0.07739340305711988,0.060096540627514086
107,107,0.7860016090104586,0.7776243084757617,0.7312588340246078,0.8258277915517761,1.6285643930103118,-0.22865859940016262,0.385078475369788,2.2906419776710414,1.7190852689651974,0.08238133547868062,0.06806114239742558,0.059855189058728865,0.05349959774738533
108,108,0.8117457763475463,0.7998168108795718,0.7462270951539391,0.8436221049204724,1.2264123731618621,-0.36219546164795696,0.4160082661847439,2.2463522880456352,2.1791545692002,0.0946098149637973,0.08037007240547064,0.07345132743362834,0.05309734513274341
109,109,0.8173773129525342,0.8103464157509813,0.7655680693789652,0.8498312088935454,1.3639420607488626,-0.37577543336846525,0.6277682814275847,2.187798268088437,2.0674271616312176,0.08938053097345136,0.08390989541432022,0.08189863234111024,0.06806114239742563
110,110,0.7876106194690266,0.7754063364208951,0.7159816132858838,0.8263018979833926,1.246925647545902,-0.15095766567553862,-0.10766116320930198,2.852216200451072,1.7558090239986441,0.0753821399839099,0.04947707160096537,0.06114239742558325,0.057843925985518886
111,111,0.8133547868061143,0.8031931516679625,0.7505138640822182,0.8462009193921471,1.9735675137501945,-0.5183817486144432,0.24965623595590752,1.8365635873058765,2.3423058776553654,0.09340305711987132,0.059211584875301745,0.08222043443282383,0.05768302493966217
112,112,0.8093322606596943,0.8006032295106738,0.752317967522263,0.8317734706943718,1.742706256972117,-0.303062012695008,0.46809377742183766,1.999156454075249,1.8928178068500041,0.09251810136765892,0.07707160096540629,0.08189863234111024,0.056637168141592975
113,113,0.7988736926790024,0.7881035902340996,0.732822122042488,0.8388579510297887,1.2170928748686363,-0.2800415175224618,0.2757400116291782,2.0862599738115994,2.455999289149021,0.0857602574416734,0.0662107803700724,0.0749798873692679,0.06677393403057119
114,114,0.8069187449718423,0.8014480796630493,0.7587166573946652,0.8492196878751501,1.0631460811487365,-0.24942138510690368,0.0443687281707348,2.2013575501361,2.632531885189718,0.10498793242156079,0.0664521319388576,0.08222043443282383,0.05502815768302498
115,115,0.8020917135961384,0.7956829096211256,0.7533656185555067,0.8408108765669532,1.6906916073018992,-0.2417020796267671,-0.36063393092213925,2.575093923777187,1.8348460037110594,0.09356395816572811,0.07731295253419149,0.08270313757039423,0.06339501206757844
116,116,0.8077232502011263,0.7940972792313138,0.7310770495024743,0.8290845644937503,1.5270883659783971,-0.27302106384359137,-0.03843167341256586,2.511936680331951,1.8956109499842555,0.09074818986323414,0.058487530168946124,0.06886564762670958,0.06001609010458571
117,117,0.8141592920353983,0.8080182990094993,0.7613803751752533,0.8330345892416633,1.2507890813623546,-0.4953733186315211,0.10122512979924794,2.5339180366840512,2.337008340460705,0.09251810136765892,0.07489943684633951,0.0846339501206758,0.0679806918744972
118,118,0.8093322606596943,0.7997251163805656,0.7389269863213038,0.8292982392316647,1.663448419512306,-0.40024266802437924,0.19284650840316286,2.2349905460537816,2.1425813539018597,0.08817377312952537,0.06210780370072407,0.07232502011263073,0.059292035398230115
119,119,0.7900241351568785,0.7782275512679663,0.7246857572420062,0.8422434339725996,-0.1193920561810262,-0.3276724361979063,0.4296575300386059,3.2966214916599674,2.362178143764298,0.08157683024939663,0.05880933226065967,0.07184231697506034,0.04408688656476267
120,120,0.8109412711182623,0.8038166949412207,0.7521045960311624,0.8406725140954123,1.5272244785515459,-0.2999747792370795,-0.19739888811125675,2.6308957400554607,2.0621887265162644,0.0950120675784393,0.08664521319388578,0.08897827835880937,0.07071600965406277
121,121,0.8230088495575221,0.8119515443807551,0.7589779407485013,0.8353239043129037,1.2265700603778005,-0.33263994089028953,-0.07025419282846951,2.2364860193683267,2.5212816998520853,0.09814963797264675,0.07393403057119864,0.08399034593724851,0.07240547063555908
122,122,0.8165728077232502,0.8078151699101747,0.7615279597762525,0.8500787965202532,1.655654866380731,-0.31800645444569525,-0.03530563591657819,2.1401623033229296,2.045576573908092,0.10032180209171364,0.08350764279967822,0.08141592920353984,0.06548672566371688
123,123,0.8189863234111022,0.8118248523932922,0.7571928071928071,0.8380165289256198,1.445276439850756,-0.29442430508427897,0.09919459919371196,2.3147611393141685,2.103872873056681,0.09525341914722449,0.07538213998390993,0.07208366854384558,0.06604987932421569
124,124,0.7747385358004827,0.7655938812427449,0.7171091214195713,0.8175193501373236,1.1986813773967877,-0.3483939537201107,0.1578976867082919,2.342597831525312,2.3650663002234946,0.06741753821399839,0.06170555108608204,0.06323411102172163,0.04553499597747381
125,125,0.8077232502011263,0.7939394912363205,0.7352347950490463,0.8471266996183003,0.9850577325623194,-0.504636472346674,-0.15171027037536933,2.43038083287947,2.954718763085784,0.08495575221238941,0.05679806918744975,0.08278358809332262,0.0588897827835881
126,126,0.8141592920353983,0.8038281150879608,0.7459825528007347,0.8370750002981409,1.1918909147104788,-0.4806927808933954,0.04679520286902877,2.1875026904725887,2.7227269308427244,0.09694288012872088,0.06685438455349962,0.07666934835076429,0.06057924376508452
127,127,0.8093322606596943,0.8029114818818078,0.7560922361604456,0.8508065943662303,1.139912854243701,-0.34612962940061137,-0.014577811294254832,2.5236303450048685,2.351372619161478,0.09734513274336287,0.07843925985518907,0.07634754625905069,0.07248592115848754
128,128,0.7964601769911505,0.7851983572706739,0.7305793507003688,0.8361711608708144,0.7830522238958203,-0.20921728631254718,0.516830761105491,2.320907401112274,2.223239710255255,0.08455349959774741,0.0650844730490748,0.06975060337892196,0.051488334674175365
129,129,0.8053097345132744,0.7969814400937182,0.7485322982019558,0.8270652973958151,1.588016209943561,-0.272704307052669,0.02135865694077994,2.3304123654443827,1.9792164104789185,0.09187449718423173,0.06991150442477875,0.07811745776347548,0.06733708769106998
130,130,0.8069187449718423,0.7942158453164666,0.7330498647081561,0.8383842288364901,1.5893979007830892,-0.3548289253548382,0.0904509889364051,2.3730866330614075,2.077247206642281,0.07795655671761867,0.07417538213998393,0.06773934030571199,0.05148833467417545
131,131,0.7908286403861625,0.7762496345502331,0.7170381054569548,0.8262416961296488,1.381957032901997,-0.23324810209937435,-0.3823112411954235,2.5579825487237167,2.283182785667278,0.08101367658889784,0.061303298471440046,0.06323411102172163,0.05092518101367656
132,132,0.8053097345132744,0.7975722932070407,0.7453463029458528,0.8257975001637577,1.4910973492944388,-0.14881485696726635,0.033231215941556605,1.715735841188805,2.406820535681431,0.10410297666934838,0.06629123089300079,0.08045052292839905,0.06757843925985518
133,133,0.8157683024939663,0.8063273127474119,0.7603190866510539,0.839825274372044,1.641611653282626,-0.26203776020172603,0.10239807967091541,1.8058458440328977,2.33778972782387,0.0949316170555109,0.07465808527755433,0.08302493966210782,0.07232502011263076
134,134,0.8061142397425584,0.7972251164315012,0.7456903908516812,0.8402516611637857,1.5190714916159775,-0.10329508667880681,0.10049146805024131,2.2864941039403632,1.8799635570409932,0.09163314561544653,0.0749798873692679,0.07811745776347548,0.06339501206757844
135,135,0.8173773129525342,0.8079801872868794,0.754019734857224,0.8346436663294703,0.827741984419249,-0.2136295751626544,0.15050992823282294,2.2132474482477935,2.7538003080981084,0.09798873692679007,0.06403861625100568,0.07771520514883348,0.06074014481094135
136,136,0.8012872083668544,0.7904173480517076,0.7327619997861954,0.8399167349653754,1.10072452575776,-0.180241488377743,-0.05822606383318547,2.6843212524048257,2.020103595142773,0.09074818986323414,0.06315366049879324,0.07111826226870474,0.05776347546259051
137,137,0.7964601769911505,0.7864678379780123,0.7387159084356801,0.8326385285129447,1.2582239584918318,-0.5456938440782371,0.12128100921677738,2.4402056545872477,2.477400343440938,0.0850362027353178,0.06926790024135157,0.07699115044247788,0.05816572807723249
138,138,0.7851971037811746,0.776071886704761,0.7256603265955456,0.8190330806662923,1.513412278385695,-0.20102007930557997,0.19590912016779524,2.723287271479807,1.5005247909991462,0.08020917135961385,0.04416733708769105,0.06323411102172163,0.05084473049074817
139,139,0.8149637972646823,0.8060942075981208,0.7525696915776987,0.836779359430605,1.3674689670119258,-0.3610087291852116,0.16392165076881907,2.0693228986480317,2.462713452325014,0.09115044247787614,0.08374899436846342,0.0846339501206758,0.07771520514883348
140,140,0.8125502815768303,0.8057130121076905,0.7628420991725974,0.8503905571949315,1.395325132927386,-0.551364101803477,-0.21297061069811596,2.370967622876848,2.7135083721595845,0.10032180209171364,0.08133547868061144,0.08720836685438457,0.05921158487530177
141,141,0.826226870474658,0.818337046937407,0.7700260592041694,0.8489649518343922,1.7778146237361236,-0.060711890559246834,0.23962613623975992,2.1372890542949765,1.5255389521572942,0.10016090104585673,0.07248592115848748,0.07650844730490743,0.07353177795655666
142,142,0.7892196299275945,0.7770153883185483,0.7282649782649783,0.8259365532092804,1.5799949049572506,-0.6751822108036933,0.13093935772784746,2.2967185772334013,2.570865445371937,0.0747385358004827,0.061866452131938844,0.06902654867256637,0.05197103781174576
143,143,0.8165728077232502,0.8092049512985869,0.7590109727164888,0.8488404507710556,1.1795569443279421,-0.2717479847094861,0.15301793660233362,2.3237019839530353,2.296200993747986,0.08809332260659697,0.07972646822204346,0.08342719227674981,0.06315366049879331
144,144,0.7996781979082864,0.7879189911952104,0.7367205876403651,0.8385607203333507,1.590879074153175,-0.18730605341159184,-0.07081119314508152,1.6130170735094373,2.515723358477045,0.08720836685438457,0.06339501206757843,0.07320997586484312,0.05591311343523735
145,145,0.7827835880933226,0.7688207183713036,0.7162971986085194,0.8224422328195913,1.2969694681185795,-0.4624294729224247,0.7729982749892209,1.8019437104461908,2.6007806163315874,0.07401448109412712,0.06025744167337086,0.06822204344328238,0.056476267095736096
146,146,0.8165728077232502,0.810095360004396,0.7614165502066546,0.8462192619904255,1.3260230666413975,-0.24572749575205874,-0.045535274565226644,1.7962427923723483,2.6692480518780846,0.09871279163314566,0.08101367658889784,0.08785197103781177,0.08028962188254225
147,147,0.8173773129525342,0.8071077577736512,0.752785281706305,0.8441272195443497,1.2769791601832159,-0.2649657484225639,-0.035970251319917344,2.206012875561022,2.3137560598566496,0.10522928399034599,0.07481898632341114,0.08085277554304104,0.06556717618664526
148,148,0.8101367658889783,0.8036272533271956,0.7546891261038922,0.8366715232969583,1.0595425240792877,-0.3979917701340782,0.023048042666423747,2.4209014765675696,2.5581474368415504,0.1045856798069188,0.08069187449718425,0.09163314561544653,0.06419951729686244
149,149,0.8157683024939663,0.8028754949044188,0.7455025912804146,0.8523936403829826,1.3016238370063584,-0.21862005091880235,-0.4111503977499036,2.435177880478059,2.3006713563012484,0.07900241351568786,0.06725663716814162,0.06991150442477881,0.055832662912309004
150,150,0.8117457763475463,0.8016647664395591,0.7514850105387845,0.8540886419193944,0.9275037934854656,-0.1727366598587604,0.020640099550419583,2.3905939642446214,2.4016335909717026,0.09316170555108612,0.06991150442477877,0.06926790024135158,0.05888978278358813
151,151,0.7860016090104586,0.7795392296218353,0.7338213334114133,0.825482388077182,0.9274024913222675,-0.4528014889145028,0.7082785021099332,2.240392429229778,2.395208082492065,0.09702333065164928,0.057039420756234895,0.0757843925985519,0.06267095736122283
152,152,0.7996781979082864,0.7915589945072801,0.7444706361678599,0.8255514812874686,1.5477613835172224,-0.4587805964770765,-0.18721874913384945,1.8945747573769198,2.9021130212147472,0.09686242960579247,0.07111826226870474,0.07916331456154466,0.07457763475462591
153,153,0.8197908286403862,0.808675643073794,0.7540772406523586,0.8499165519866483,1.662606346654693,-0.4061807520544204,0.4090680713074649,2.0265805620769703,2.038683289015835,0.09879324215607406,0.07658889782783591,0.07417538213998395,0.06733708769107007
154,154,0.7948511665325825,0.7822109233240397,0.7177278556076652,0.8196510598845294,0.9813111054692398,-0.4551119065411342,0.035271782294288165,2.495243430427187,2.7627794639401495,0.0851971037811746,0.05687851971037809,0.07031375703942075,0.056637168141592906
155,155,0.8165728077232502,0.8091264461548066,0.764022680160956,0.849765708014702,0.9631834856012,-0.34670302917631424,-0.08141813428919076,2.8552987240038674,2.2857140534531535,0.09227674979887372,0.0766693483507643,0.08318584070796461,0.06468222043443289
156,156,0.8125502815768303,0.7993576607014311,0.7473092327937433,0.8643583245700232,1.0296100829257582,-0.22134064040791318,0.1521958296014791,2.1025587145305518,2.3826918257064684,0.08664521319388578,0.062429605792437684,0.06870474658085278,0.05591311343523738
157,157,0.83266291230893,0.8275701828986136,0.7810657637212877,0.8615143546702209,1.2983086576520935,-0.36640763298130724,0.0838152895313892,2.140241519696914,2.6004229518863062,0.11150442477876102,0.09477071600965399,0.0877715205148833,0.06870474658085277
158,158,0.7996781979082864,0.7913789235687602,0.7426334690248924,0.843682739097885,0.9732253590608161,-0.11748472696967228,-0.3569420368725428,2.424022438869572,2.475883300200904,0.08648431214802899,0.06057924376508448,0.06154465004022526,0.05543041029766693
159,159,0.8053097345132744,0.7979835055139137,0.7483480339089333,0.8308930969409787,1.9204444372065392,-0.3100696056974668,0.2240990817203275,1.9001465303533975,1.9732557470506327,0.0846339501206758,0.06749798873692678,0.0749798873692679,0.0666934835076428
160,160,0.8004827031375704,0.7905110242872497,0.7351810497509196,0.8249181085291523,1.4854181746783752,-0.24548580777577284,0.16749831319851854,2.2605603232614326,1.8711768695296054,0.0859211584875302,0.05583266291230895,0.06765888978278359,0.04875301689460985
161,161,0.8004827031375704,0.792020079036678,0.7422985816725592,0.8370359946761419,1.3736127406593657,-0.2454506837975914,0.27366208058213637,2.3654483678381566,1.9548243373636947,0.09477071600965409,0.0662107803700724,0.08495575221238941,0.06411906677393402
162,162,0.8117457763475463,0.8007761072131561,0.7477274716298609,0.851877242626681,1.3507385118598738,-0.36876332213291824,0.16578678008736109,2.3301093118334375,2.2724260022319718,0.08286403861625102,0.07795655671761867,0.06323411102172168,0.05792437650844738
163,163,0.8149637972646823,0.8048391498794797,0.7491351786803775,0.8514432446200413,1.31162988839517,-0.11682222508370059,-0.08654518563716876,2.340849289790341,2.128459507541922,0.08189863234111024,0.07144006436041836,0.0749798873692679,0.06090104585679812
164,164,0.7972646822204345,0.7890166129489828,0.7406797284824693,0.8519651139696004,1.4220073829131965,-0.15722335095668186,0.27091635786265006,2.303159264573591,1.7987093454820087,0.08101367658889784,0.06146419951729685,0.06331456154465004,0.04810941271118263
165,165,0.7988736926790024,0.7934435059939787,0.7453109959163662,0.835417002983504,1.0029944762223413,-0.5530561439131395,0.3109595259593493,2.740581503533868,2.371012696592317,0.08125502815768304,0.06138374899436845,0.06717618664521319,0.06226870474658084
166,166,0.7972646822204345,0.7841982464915921,0.7308959671353353,0.8334519469999422,1.4551212334051349,-0.33088539663369065,0.6353782558845695,2.3215545574567873,1.7645857805230214,0.08053097345132745,0.06452131938857601,0.0659694288012872,0.06114239742558325
167,167,0.8004827031375704,0.790839343338215,0.7335668119555404,0.8199314810496672,1.3192909559883164,-0.2380961528612167,0.6436735774060428,2.332615656487984,1.70847268923075,0.08559935639581659,0.06419951729686242,0.07731295253419149,0.06540627514078841
168,168,0.7948511665325825,0.7879184351822974,0.7443853256713859,0.8338392381305466,1.0126481290161249,-0.4031315422971651,-0.06610850053459619,2.5540236077318945,2.4998726279722367,0.09525341914722449,0.07481898632341111,0.08205953338696703,0.06234915526950924
169,169,0.8149637972646823,0.804725019873728,0.7508567179619812,0.8599596769453228,0.5508019330360878,-0.3853223811495287,0.4585785539287252,2.5471804467306245,2.535644034141683,0.08270313757039424,0.06492357200321806,0.07296862429605795,0.055832662912309004
170,170,0.8101367658889783,0.8035662978880835,0.7573548428811587,0.8398275395883051,1.1776702678594895,-0.4059508659971574,-0.02228538016310946,2.1114181850957996,2.7895452128093545,0.09814963797264686,0.06476267095736124,0.09340305711987132,0.07401448109412712
171,171,0.7996781979082864,0.7913334073823154,0.7421675987468157,0.8420050947208151,1.6474344026147147,-0.14328272747903126,0.03172826346229292,2.524199730351389,1.626496699957478,0.07900241351568786,0.0584070796460177,0.06830249396621077,0.04899436846339502
172,172,0.8020917135961384,0.7917855546588581,0.7444087207865717,0.8462139626826648,1.2267707416734734,-0.2827638498273573,0.43427721172472183,2.1594778403200916,2.217442076906869,0.08761061946902657,0.05462590506838296,0.07803700724054707,0.06934835076427998
173,173,0.8045052292839904,0.7977546866736072,0.7519617603138816,0.8332474453195913,1.2298635528367956,-0.4569177848160828,0.5328509580395365,2.223048929420367,2.259244673749326,0.09678197908286408,0.0839903459372486,0.0751407884151247,0.06757843925985518
174,174,0.829444891391794,0.8228842499591252,0.7757001063452676,0.8535153019023987,1.1073247733158835,-0.056165962239064435,0.22819430802405422,2.246737943356345,1.9982140532574135,0.10265486725663711,0.07642799678197906,0.09967819790828633,0.08535800482703132
175,175,0.827835880933226,0.8213925641960664,0.7745096301547915,0.8674110835401159,1.3685005117508624,-0.4332947253012197,0.23400952974056066,2.1201307530180307,2.533659324593723,0.09219629927594522,0.08431214802896214,0.08077232502011258,0.07216411906677392
176,176,0.8133547868061143,0.8060987862333204,0.7580424457510109,0.8434768790719849,1.1892667724066548,-0.3697929881789217,0.013457657794738783,2.3390241085531227,2.5651015922241527,0.09694288012872088,0.08600160901045859,0.0850362027353178,0.06572807723250206
177,177,0.8085277554304103,0.8001147247735299,0.7527686378011348,0.8330736675658078,1.0849655769630113,-0.1656399523043675,-0.05607958043159719,2.387507419872942,2.3291625682270407,0.09935639581657285,0.07023330651649236,0.08994368463395015,0.06572807723250201
178,178,0.8028962188254224,0.7926365316906754,0.7459592339888768,0.8309127916977237,1.4935381448271356,-0.2740067506148302,0.254753080294651,2.3302665704401972,2.0517472583320098,0.09251810136765892,0.05808527755430411,0.07683024939662109,0.06733708769107
179,179,0.8149637972646823,0.806984692093831,0.7640373258414082,0.8510377845307036,1.0240314208869765,-0.36145269935796054,0.5608575300653095,2.6978573558248153,1.903310234527167,0.09959774738535805,0.07506033789219632,0.08173773129525344,0.07176186645213195
180,180,0.8101367658889783,0.7993690593248115,0.7483891547049442,0.8330694504857185,1.3989957939279913,-0.29238547739081405,-0.32064438641636206,2.181423043402049,2.6366724137015183,0.09147224456958973,0.07562349155269511,0.08020917135961385,0.06468222043443285
181,181,0.8173773129525342,0.809664217013458,0.7651663574735164,0.8597447856164502,0.6805891744175481,-0.3861343121406973,0.28928358828359724,2.570216859118399,2.580694317948877,0.10120675784392603,0.07240547063555915,0.08704746580852778,0.07329042638777154
182,182,0.8093322606596943,0.8006508415157952,0.752775904567017,0.8418141335689704,1.959622631714708,-0.4324510363731101,0.09218835287841369,2.1171648681828716,1.9779301398074165,0.08704746580852778,0.06765888978278362,0.06580852775543042,0.057441673370876946
183,183,0.8117457763475463,0.7998362290851502,0.7368818949709923,0.8372050380256711,0.9863339006644689,-0.21612953254933656,0.10116579807957808,2.5177346976913135,2.193792299692053,0.09710378117457767,0.054062751407884226,0.0774738535800483,0.06234915526950931
184,184,0.8165728077232502,0.8087073354932128,0.7596178714599767,0.8407915309829186,1.7585565473250473,-0.2169958554638047,0.043864580781753176,2.0081771050585435,2.0106752611500758,0.0944489139179405,0.07497988736926793,0.07972646822204346,0.06629123089300085
185,185,0.8053097345132744,0.7992990150238671,0.7539711966853235,0.8280393853252586,1.130007501934793,-0.5672600720127212,0.2339830764718036,2.3977261025219008,2.6418622594849563,0.10289621882542241,0.08809332260659697,0.0847144006436042,0.07184231697506034
186,186,0.7980691874497184,0.7834370646720107,0.7231669468511573,0.8367474695225892,0.35024129819362915,-0.5388583623655735,0.8383256793490478,2.974103665971861,2.275563099814133,0.0765084473049075,0.0662107803700724,0.06564762670957361,0.04521319388576028
187,187,0.8173773129525342,0.8110671375172912,0.769402013539316,0.8535265868194178,1.509035386276747,-0.3542514382246886,0.3517036972318027,2.0771084560801323,2.150180064278647,0.09798873692679007,0.07602574416733711,0.07996781979082865,0.07473853580048272
188,188,0.8020917135961384,0.7904014791261716,0.7381977671451356,0.8316253443526169,1.5242005539163452,-0.2203864305494558,0.1840202252709409,2.4365787193210147,1.7451136140431749,0.08222043443282383,0.0663716814159292,0.06814159292035397,0.04915526950925183
189,189,0.7900241351568785,0.7779459627264308,0.7303697424304699,0.830658880211901,0.7044956524104922,-0.40105943276963074,0.15795307167182585,2.781633177521737,2.5065482947072235,0.0757039420756235,0.0663716814159292,0.07039420756234915,0.05285599356395815
190,190,0.8004827031375704,0.7874555987077235,0.721940374992464,0.8348646530415385,1.4812899566306652,-0.45514386995768963,0.35103945738203923,1.9317108385772035,2.419967194945678,0.08133547868061144,0.06355591311343523,0.07095736122284795,0.05559131134352372
191,191,0.8069187449718423,0.7910775202478219,0.7296514866346532,0.8433038410347518,1.1171484722050935,-0.45638343069108794,0.3062111214716907,2.023318433566488,2.663360306313916,0.07707160096540629,0.06194690265486726,0.06854384553499597,0.06146419951729688
192,192,0.8037007240547064,0.7917230507449317,0.7369265009989134,0.8185307209701729,1.6288805851237276,-0.35147585065350145,0.6138351174155505,2.1752083661832797,1.7394637460705895,0.08149637972646824,0.0765084473049075,0.08342719227674981,0.0658085277554304
193,193,0.7996781979082864,0.7830995411848257,0.7211409356622281,0.834708272501803,1.6933818979980788,-0.2867989352920248,-0.3909856872936798,2.398710762496493,2.1942592164226165,0.07208366854384554,0.06516492357200321,0.05695897023330652,0.04802896218825424
194,194,0.8149637972646823,0.803883701193305,0.7561128750822392,0.8443977230469979,1.189031312906291,-0.4533186312694994,0.2309507943110903,2.7811888327282057,2.1203362435867095,0.09203539823008852,0.07787610619469028,0.07425583266291232,0.05945293644408696
195,195,0.8061142397425584,0.7976508873210493,0.7499025085850649,0.8447994878062977,1.2304203748711022,-0.4238442180419246,-0.4706781542660236,2.2538456151350315,2.9855832469338393,0.0949316170555109,0.07409493161705552,0.08189863234111024,0.06765888978278359
196,196,0.7948511665325825,0.7801520407829594,0.7271047747110981,0.8343217197924389,1.6564849809522597,-0.27594843913058603,0.3194320745632879,1.832557476684137,2.228310952115631,0.0847948511665326,0.05189058728881737,0.061544650040225246,0.05269509251810136
197,197,0.8037007240547064,0.7943858147254389,0.7463679125055032,0.8420592256180921,1.2790429658045923,-0.5193484755585095,0.17018319874831878,2.4085622867823573,2.451651606717992,0.07851971037811747,0.07827835880933227,0.07908286403861627,0.05615446500402253
198,198,0.8165728077232502,0.8063120101484887,0.7591623186743879,0.8441287770196662,1.4552012074856147,-0.2070051389892766,0.39958171620932337,2.6185178587178086,1.4512407422289109,0.08921962992759455,0.08897827835880937,0.07449718423169752,0.06210780370072413
199,199,0.829444891391794,0.8225567668280191,0.7733180700566582,0.8456597655275628,0.8010580081592664,-0.2640940229942014,0.4210276808259692,2.290794753275545,2.3901860128477708,0.11150442477876102,0.07353177795655669,0.08447304907481891,0.0798069187449718
200,200,0.8141592920353983,0.8038919611013559,0.7450965424337674,0.8491722795988623,1.643899704090294,-0.28289306485614907,-0.1026257972573053,2.1900350487637126,2.235408378604918,0.09066773934030574,0.06613032984714404,0.07763475462590508,0.059452936444086946
201,201,0.8213998390989542,0.8120154279896624,0.7560015741833923,0.8499904594945917,1.3137101135864417,-0.4882466326461782,0.16146106127173365,2.498545959927542,2.283181452072156,0.09131134352373294,0.07361222847948518,0.07570394207562352,0.06178600160901056
202,202,0.8012872083668544,0.7901051848705082,0.7446852653956777,0.8471289064720393,0.7919270947117287,-0.2296642464287794,-0.0028441716034409287,2.823108955172645,2.2963867660143773,0.08825422365245376,0.06975060337892196,0.07256637168141593,0.052212389380531
203,203,0.7972646822204345,0.7853539284419105,0.7394328009039753,0.8232308033001914,0.8984482597253347,-0.34926572520574767,-0.20137214526884142,2.429131860918292,2.907939988759867,0.09895414320193086,0.06983105390185036,0.07256637168141593,0.06347546259050683
204,204,0.8077232502011263,0.8004332785272944,0.7544473292686484,0.8391726713147991,1.5155681810767268,-0.20288055302320582,-0.05693070468533125,2.7230023645838752,1.6254462208976141,0.08905872888173776,0.07980691874497185,0.07288817377312953,0.06717618664521322
205,205,0.8125502815768303,0.8022903531906368,0.7497865197454614,0.8465954285981658,1.5157861891582034,-0.2192160911597381,0.2504722107940058,2.1339938673919785,2.017602521622706,0.09654062751407888,0.07232502011263074,0.0760257441673371,0.060016090104585716
206,206,0.7956556717618665,0.7832071855374867,0.7293565714817226,0.8368204120546926,1.173898631050671,-0.08130495901897263,0.16558824587471602,2.4261615705712565,1.8824732895582486,0.08117457763475464,0.06267095736122283,0.07449718423169752,0.06806114239742558
207,207,0.8085277554304103,0.7990986273003651,0.7426871865297349,0.8407362073083353,1.5418255208767135,-0.35830207989677887,0.07491896569137797,2.001092570103605,2.434657381937922,0.08881737731295256,0.06146419951729689,0.07369267900241352,0.060740144810941296
208,208,0.8020917135961384,0.7944464548107062,0.7473493743647261,0.8368967088430129,1.2937725966960858,-0.4558139021564578,0.09994620142528918,2.3675962981365375,2.560547243076038,0.09155269509251814,0.08744971842316977,0.0761061946902655,0.065728077232502
209,209,0.7892196299275945,0.7811333303588397,0.7349920255183413,0.8377265477743946,1.0901796461191058,-0.20485923645686707,0.6620985858061206,2.7961065736725326,1.513835155751711,0.07988736926790026,0.06251005631536603,0.06830249396621077,0.05181013676588895
210,210,0.82864038616251,0.8216758898180463,0.7661309995730927,0.8624656949441972,0.3947758054271878,-0.4252707211937949,0.49650614999244036,2.824126109504709,2.4680678546679715,0.09581657280772318,0.07449718423169746,0.08173773129525334,0.06991150442477874
211,211,0.8157683024939663,0.8067164702259885,0.7534799249886123,0.8441886879514438,1.195856434440016,-0.4521912855928989,-0.04341414419720424,2.7412470225253887,2.2037085392171716,0.10016090104585684,0.06950925181013677,0.07361222847948515,0.06910699919549482
212,212,0.8069187449718423,0.8009813634036556,0.7542989320049046,0.8381629062735085,0.9481966730054253,-0.40332688437330416,0.06804856088301224,2.2755566268590504,2.868945095982062,0.10337892196299281,0.0674175382139984,0.07787610619469028,0.07304907481898634
213,213,0.8093322606596943,0.7984354544405067,0.7421009098428453,0.8411349403284887,1.3443008176902596,-0.2490664791491544,0.3145007613069298,2.1918785020472074,2.103330821296086,0.08205953338696703,0.06685438455349961,0.0690265486725664,0.05615446500402257
214,214,0.8109412711182623,0.8041698516770998,0.7637434780115819,0.8538644573132275,1.616444135539669,-0.2802750885216264,0.09644722260660984,2.4184408378792326,1.8396811092724026,0.09211584875301693,0.0762670957361223,0.08286403861625102,0.05880933226065974
215,215,0.8213998390989542,0.8172543112902281,0.7740429170179309,0.8476200725846472,0.9553627811930308,-0.3822266886236774,-0.06303290739945755,2.5496948968461686,2.5048068070508798,0.09766693483507646,0.08688656476267098,0.09026548672566374,0.07562349155269513
216,216,0.8109412711182623,0.8004233051884916,0.7450922833642125,0.844894322566941,1.0170179530184358,-0.27296469396462475,0.2697039851073485,2.5379170550921457,2.1214695268289576,0.0936444086886565,0.0678197908286404,0.07803700724054707,0.06283185840707967
217,217,0.7916331456154465,0.7800144364557136,0.7299068788560226,0.8347460070345385,1.4182215854009113,-0.35409164706481433,0.32530397882136386,2.2182496318595786,2.1218680349177617,0.08310539018503622,0.05808527755430408,0.06677393403057119,0.05213193885760255
218,218,0.8093322606596943,0.8002528518207053,0.7459540438774661,0.8375025240827186,1.7171208434031568,-0.38062967642479817,0.29507699229080797,2.333087965522453,1.8740692020852092,0.10627514078841518,0.07007240547063556,0.0861625100563154,0.06629123089300082
219,219,0.8213998390989542,0.8141913949144792,0.7724233135877302,0.8684678789548606,1.1345064905013162,-0.27174600221891687,-0.15175594697186784,2.352483642073612,2.4770790684556006,0.09967819790828644,0.07578439259855194,0.0851166532582462,0.06717618664521327
220,220,0.8149637972646823,0.8068718602944118,0.7530089146383024,0.8349715700166813,1.10015692291409,-0.23360810082898914,0.5966874280214903,2.6020841711955423,1.859795082417474,0.0950120675784393,0.07353177795655676,0.07779565567176187,0.061705551086082125
221,221,0.8141592920353983,0.8067941790255427,0.7549289467399093,0.8429543826128493,0.6864378816741046,-0.32996980929469555,0.24021042172775167,2.692805818200887,2.3747497444239913,0.09525341914722449,0.07827835880933227,0.07964601769911506,0.06757843925985521
222,222,0.8085277554304103,0.7985797590055136,0.7339673979729564,0.8379561461630961,1.3388128463573377,-0.28611880194796696,-0.3288844655538337,2.4820729822023058,2.4083176454686024,0.07658889782783589,0.05897023330651653,0.06267095736122287,0.05486725663716817
223,223,0.7956556717618665,0.78595024929301,0.7412621581155063,0.8253260260820866,1.4980071847504048,-0.20856089240351583,0.031583925277098954,2.243030012938488,2.1882232916846522,0.08873692679002416,0.06564762670957361,0.0854384553499598,0.0573612228479485
224,224,0.8053097345132744,0.7942459788733969,0.7488375794368086,0.85416595614065,1.000370744975546,-0.3601565208643328,0.12100822714605881,2.5098483720492455,2.3952180351045427,0.08978278358809336,0.06790024135156877,0.0755430410297667,0.056798069187449715
225,225,0.8197908286403862,0.808871159871858,0.7446716651160528,0.8419863667597036,1.2888105312721307,-0.32475831897581636,0.3238900928571888,2.3814298035252794,2.098667223345409,0.09332260659694291,0.06588897827835889,0.07699115044247791,0.05856798069187458
226,226,0.8053097345132744,0.7958603235372396,0.7475815047385128,0.8336364900247932,1.3532195808114895,-0.18539115304949433,0.051141540270087,2.4256359579181392,1.9986433585299832,0.09525341914722449,0.06669348350764279,0.08350764279967822,0.06918744971842318
227,227,0.8213998390989542,0.813537631185853,0.7683590811780362,0.8523230920557773,1.478337367852492,-0.3224192872800816,0.4046350377692443,2.386141164759716,1.8145940371469962,0.09195494770716013,0.08857602574416737,0.08101367658889785,0.05856798069187456
228,228,0.8020917135961384,0.7948849641002568,0.749013973569824,0.8392426850258174,1.1059177153278654,-0.4321300066399452,0.1113057128389007,2.4586796822669426,2.550162246338125,0.09396621078037011,0.07063555913113435,0.07835880933226066,0.06733708769106998
229,229,0.8012872083668544,0.7912809159785342,0.7376670727616224,0.8251761216166111,0.7211191997088128,-0.3844125783444659,0.3907566702415375,3.0465860194158116,1.9852843034675052,0.09123089300080453,0.0666130329847144,0.0749798873692679,0.06749798873692678
230,230,0.8085277554304103,0.7987758636446034,0.7455800389615741,0.835019510214171,1.2659355680597608,-0.39365459494813054,-0.040387865370567634,2.7453727583523992,2.1821227595896926,0.10193081255028162,0.06725663716814162,0.08664521319388578,0.06363636363636364
231,231,0.8020917135961384,0.7900454497986593,0.7404127634660422,0.8536357165817146,0.8721443829228902,-0.4819087419494321,0.36544484536320776,2.978798772708812,2.1662241013493335,0.07031375703942075,0.07192276749798873,0.06991150442477875,0.04738535800482707
232,232,0.8101367658889783,0.8026905273707883,0.7566927734363618,0.8415645414124462,1.576959049370934,-0.2587426870469367,0.40069045636244166,1.810000900692428,2.301956279647858,0.09187449718423173,0.08230088495575223,0.08342719227674981,0.07320997586484314
233,233,0.7956556717618665,0.7856361619230869,0.7344627906298317,0.8368155430438462,1.3740138217265507,-0.39060027211094617,-0.2830317191678333,2.358838193926469,2.5870153793958495,0.09155269509251814,0.04979887369267899,0.07658889782783589,0.06154465004022526
234,234,0.8045052292839904,0.7892734746016198,0.731787935269218,0.8511128143490052,1.0313619186101193,-0.474552798084497,0.07446067149637647,2.0329913032823144,2.989847382103384,0.07674979887369268,0.06395816572807725,0.05824617860016094,0.05945293644408691
235,235,0.8020917135961384,0.7923274447534644,0.7425559250302298,0.8352159101478933,1.4507808347970064,-0.052276828873537275,-0.20916540491949306,2.5961568193285456,1.7763987882425412,0.08382944489139181,0.08712791633145618,0.0747385358004827,0.05591311343523734
236,236,0.8061142397425584,0.7960063936752897,0.745578899637243,0.8432878336898892,1.6606363749772561,-0.35183446289695186,0.13018350326198536,1.8160739991113057,2.4585209397372267,0.09082864038616253,0.05671761866452134,0.07425583266291232,0.05872888173773131
237,237,0.8053097345132744,0.7977404984528284,0.7455398137216318,0.837665319070278,1.4781966274042506,-0.40779153639416604,-0.035812437053735977,2.4326417255994,2.118840436072962,0.08728881737731298,0.0853580048270314,0.07385358004827032,0.058889782783588106
238,238,0.8037007240547064,0.7929140402342446,0.7427515477636984,0.8419660938494473,1.3467656183024468,-0.43072264617652867,0.05575371211817684,2.7615413491773553,1.9432404643166143,0.0752212389380531,0.08020917135961385,0.06259050683829445,0.05092518101367662
239,239,0.8133547868061143,0.8058442006009132,0.7597099118313783,0.8533184151792217,1.0484815008285697,-0.3747982363805306,0.3238202919361774,2.5804176444197053,2.14883978882554,0.08986323411102175,0.07473853580048273,0.08254223652453743,0.061464199517296925
240,240,0.8061142397425584,0.7961183427051066,0.7478525783491408,0.8353527948230975,1.339179031414291,-0.38788103947389324,0.011429345432142572,2.450325419181428,2.2748818441705487,0.09340305711987132,0.07272727272727274,0.08197908286403863,0.06379726468222044
241,241,0.7956556717618665,0.7845183017156377,0.7406444582814447,0.8372693309181478,0.9359750006947377,-0.4075608426533179,0.10290095037937116,2.4200445591911257,2.6269075303744005,0.08286403861625102,0.07039420756234915,0.06991150442477875,0.050522928399034585
242,242,0.8125502815768303,0.803539526686444,0.7402863331753875,0.8416213854513455,1.0585332744115237,-0.2149585153530152,0.009926509882612285,2.673674495150722,2.034597165548784,0.08978278358809336,0.06661303298471441,0.07851971037811747,0.06009654062751413
243,243,0.8012872083668544,0.7913478439710651,0.7486683892609844,0.8315569079431997,0.9112343216781745,-0.13911339717008456,0.22855627636893738,3.0360199145862565,1.5943720736856464,0.09227674979887372,0.07031375703942075,0.07683024939662109,0.06967015285599357
244,244,0.7972646822204345,0.7862431155898852,0.7459195614683419,0.8488152030280633,1.438763609271378,-0.28320185002606857,0.49838305619030504,1.6249998416378293,2.456587490082745,0.08761061946902657,0.06436041834271922,0.07377312952534192,0.06347546259050682
245,245,0.7964601769911505,0.7868478440970843,0.7432370850968084,0.8369466770718814,1.1225834903405345,-0.3569179147904006,0.33440405595918826,2.8324356275594886,1.8049805765207638,0.0842316975060338,0.07095736122284795,0.0743362831858407,0.056878519710378106
246,246,0.7932421560740145,0.7855131637510431,0.7422997267366604,0.8330073349633251,1.5229981865703124,-0.3693435017937447,-0.026716559904578864,2.0810525169219907,2.5632529352539906,0.09380530973451331,0.06870474658085277,0.07683024939662109,0.06709573612228478
247,247,0.7972646822204345,0.7881203269779296,0.749439858490566,0.8423433288409703,1.5154685332874216,-0.2831357113220618,0.19594873156645926,2.2814074730218796,1.9636816006674258,0.08938053097345136,0.07594529364440869,0.0662107803700724,0.06653258246178599
248,248,0.8133547868061143,0.8053076214237874,0.7555058236370806,0.8356992778572311,1.4621828433370356,-0.1950288017376343,-0.014835474669532884,2.296672845154181,2.204083218572615,0.0944489139179405,0.0843925985518906,0.08761061946902657,0.06588897827835885
249,249,0.7972646822204345,0.7869794626063517,0.7374078944319578,0.8388702875547419,1.9027089731762203,-0.2600367891772189,0.07619445210088964,2.3541496120560934,1.5897013840358392,0.08061142397425584,0.06259050683829444,0.06830249396621077,0.05808527755430409
