,random_seed,accuracy,f1_weighted,balanced_acc,auc,model_weights.random_forest,model_weights.bagging_svc,model_weights.bagging_knn,model_weights.gradient_boosting,model_weights.mlp,feature_importance.fronttop_CO2_scaled,feature_importance.frontlow_CO2_scaled,feature_importance.fronttop_CO2_fd3_scaled,feature_importance.fronttop_CO2_fd1_scaled,feature_importance.fronttop_CO2_fd2_scaled,feature_importance.frontlow_CO2_fd3_scaled,feature_importance.frontlow_CO2_fd1_scaled,feature_importance.frontlow_CO2_fd2_scaled
0,0,0.9218106995884774,0.9219187019073778,0.9149820305480683,0.962638514525307,2.4978791382710224,0.3363281645987999,1.6616067976769369,1.3049703688494352,0.6406496753211467,0.2189300411522634,0.05802469135802472,0.028395061728395087,0.022222222222222254,0.020987654320987693,0.015226337448559713,0.010699588477366295,-0.0012345679012345512
1,1,0.9094650205761317,0.9099571317822333,0.9051581325301205,0.967921686746988,3.2231317537021535,0.42458631554656473,1.1945538137650573,0.8867154329914385,0.595138873238463,0.19053497942386827,0.04403292181069955,0.013580246913580219,-0.0037037037037037203,0.004526748971193395,0.02551440329218104,0.011111111111111072,0.006584362139917666
2,2,0.8806584362139918,0.8816313589038564,0.8787216708635758,0.9566730854688195,3.1904480163105164,0.4154636280157372,1.7404404034295808,0.7973399077559282,0.5060817094559354,0.12551440329218105,0.0448559670781893,0.00864197530864197,-0.0016460905349794165,0.005761316872427957,0.0028806584362139676,-0.0008230452674897193,-0.005349794238683125
3,3,0.9053497942386831,0.905196877167463,0.8912576687116565,0.9607361963190184,2.94059736149002,0.1589427560302115,1.5522094993743107,0.951718453290983,0.9309205121125722,0.2288065843621399,0.051440329218106984,0.025514403292181055,-0.0024691358024691358,-0.002880658436214001,0.017695473251028816,0.005349794238683115,0.0012345679012345512
4,4,0.9094650205761317,0.911557183219704,0.9074140081981821,0.9607913027980752,3.2711659049223267,0.2327043178135336,1.2366737632301528,0.8786249280414056,0.755057677605876,0.188477366255144,0.06172839506172837,0.01769547325102878,-0.0012345679012345733,0.007818930041152227,0.005349794238683103,0.0028806584362139676,0.0020576131687242705
5,5,0.8559670781893004,0.8557808826080939,0.8420645446507515,0.9304450338933097,3.3803118438353326,0.14473054007822897,1.3560153786120148,0.9324379648557575,0.9726828732089081,0.1650205761316872,0.03950617283950616,0.0028806584362139898,-0.004526748971193428,-0.009876543209876553,-0.006172839506172856,-0.013991769547325117,-0.017283950617283973
6,6,0.8888888888888888,0.8890794702703874,0.8734157408856205,0.9525895790956033,3.2838227031043234,0.30694061823508945,1.4614853183078482,0.812865928332432,0.6081863489756688,0.1716049382716049,0.04156378600823039,0.023045267489711897,0.0008230452674896748,0.004938271604938238,0.02139917695473248,0.002469135802469091,0.00041152263374480966
7,7,0.9176954732510288,0.9179992161473643,0.9066448104909643,0.9592995362226132,2.3240534720595605,0.24327497434609818,1.855709285346517,1.1195117196554039,1.0672238966703471,0.19876543209876546,0.06419753086419758,0.03292181069958855,-0.009465020576131643,0.008230452674897182,0.021399176954732545,-0.00041152263374480966,0.001646090534979483
8,8,0.8724279835390947,0.8735779181928656,0.8732671822559464,0.9382022471910112,3.5304171326558653,0.26915708790206594,1.4107576758369615,0.6972354125118844,0.797414983259295,0.1880658436213992,0.027983539094650223,0.011934156378600869,-0.009465020576131666,-0.0028806584362139676,-0.013168724279835342,-0.008641975308641924,-0.01275720164609051
9,9,0.8930041152263375,0.8939948178631307,0.8874125874125874,0.951048951048951,2.616191533967288,-0.03750855071638066,1.3479002662783823,1.3962001264793835,1.2955093559108752,0.20987654320987653,0.024279835390946546,0.01481481481481487,-0.0012345679012345401,-0.004526748971193373,0.007407407407407462,0.0004115226337448985,0.0061728395061729
10,10,0.9053497942386831,0.9049575752910973,0.892571470893201,0.9559324544511925,3.097998432123571,-0.05603823003123611,1.498911728519209,1.5725130233141051,0.713867469428475,0.1925925925925926,0.03703703703703702,0.003703703703703687,0.009053497942386812,-0.002880658436214001,0.01728395061728394,0.011934156378600836,0.0008230452674897082
11,11,0.9259259259259259,0.926065539223434,0.9238897615307725,0.9750107096958446,2.59164824971954,0.07404436781536326,1.271289486966432,1.7753152556369967,0.7250885548027336,0.2,0.04320987654320989,0.038683127572016474,0.011934156378600824,0.006584362139917699,0.022633744855967076,0.010288065843621408,0.016872427983539107
12,12,0.9053497942386831,0.9040952970340301,0.8856100795755968,0.9664750957854407,2.9001799359168543,0.045669398939265804,1.5418967411138869,1.0101563439018106,1.2014743710265,0.23209876543209873,0.05267489711934155,0.00411522633744853,-0.005349794238683103,-0.0049382716049382715,0.014403292181069949,0.0024691358024691245,-0.003292181069958855
13,13,0.8683127572016461,0.8669373662680223,0.841372699386503,0.9437883435582822,2.477803795151408,0.4583551196000697,1.4659556603613617,1.0903426291873228,1.1289397162898798,0.19341563786008237,0.049794238683127635,0.01769547325102886,0.002880658436214023,0.0061728395061728895,-0.008230452674897092,-0.00041152263374480966,-0.008641975308641936
14,14,0.934156378600823,0.9345883566665015,0.9309184791112501,0.9745736191519324,2.465362612791346,0.19752622844044995,2.2619600532923094,1.1735403217965692,0.5876187172581016,0.19670781893004113,0.04650205761316868,0.010288065843621375,0.007407407407407374,0.003703703703703687,0.0251028806584362,0.00905349794238679,0.009053497942386801
15,15,0.934156378600823,0.934156378600823,0.9283819628647214,0.9665487768936045,3.7647461632135224,-0.14252718704070458,1.4539891699315977,0.9674466999421437,0.36750749361753565,0.14485596707818926,0.03909465020576129,0.006584362139917655,0.014814814814814758,0.002057613168724259,0.03004115226337446,0.01646090534979422,0.009053497942386801
16,16,0.934156378600823,0.9344149391589377,0.9342787215663692,0.9701266916210769,2.9325330210455123,0.05838937181900361,1.1600671878840108,2.024237539965781,0.17928458739090142,0.1716049382716049,0.05102880658436212,0.04567901234567898,0.007407407407407385,0.018106995884773647,0.018106995884773647,0.0037037037037036757,0.009465020576131656
17,17,0.9135802469135802,0.9118196457326891,0.8894783377541998,0.9661066902446213,2.0733112393535773,-0.10485377735895626,2.0428844677857425,0.9009543602480623,1.8137794064029569,0.20452674897119336,0.046913580246913535,0.01687242798353905,0.013168724279835332,-0.0069958847736625975,0.02181069958847731,0.0032921810699587995,0.02757201646090531
18,18,0.9094650205761317,0.9094650205761317,0.9024879614767256,0.9622063329928499,2.9794014593281335,0.24304483295872545,1.024175118641514,1.5637858459626643,0.763116739914405,0.21646090534979426,0.04238683127572014,0.011111111111111082,0.000411522633744843,0.0028806584362139785,0.027572016460905336,0.006995884773662531,0.013580246913580219
19,19,0.9218106995884774,0.9230377049222118,0.9289044289044288,0.9655788655788655,2.181679050500621,-0.01769543879678597,1.6316199014515889,1.6644790691435156,1.0884613836383004,0.1851851851851852,0.05967078189300414,0.025514403292181086,0.012757201646090576,0.0012345679012345846,0.018518518518518535,0.01522633744855969,0.011522633744856004
20,20,0.8724279835390947,0.8730844305198117,0.8569965332492908,0.9473684210526316,3.7762219117664526,-0.11642607822780619,1.2445877575349884,0.7289552962277562,0.807054856056848,0.16419753086419756,0.053086419753086436,0.014814814814814836,0.0037037037037037203,0.0016460905349794386,-0.006995884773662542,0.004115226337448574,-0.011522633744855936
21,21,0.9135802469135802,0.9143435374372193,0.9074844074844075,0.9628178474332321,2.9221793133836576,-0.018274968228942267,1.2450901119920246,1.5367961224832158,0.8311006473977999,0.19341563786008226,0.04855967078189295,0.016049382716049332,0.0028806584362139455,-0.008641975308642025,0.013580246913580197,0.0012345679012345178,0.0057613168724279466
22,22,0.8806584362139918,0.8816313589038564,0.8787216708635758,0.9400088875722116,2.9810312101051086,0.05911182088635762,1.3402057813311057,1.4168891882587604,0.9958514766613983,0.22263374485596707,0.05267489711934155,0.012345679012345656,-0.0041152263374485635,-0.0012345679012345733,0.011522633744855949,0.005349794238683115,0.0016460905349794165
23,23,0.9012345679012346,0.9000766009092627,0.8743696816892531,0.9708477781279546,2.1159728452452002,-0.06838203549211151,1.5650242065757154,1.8137413547944186,1.009036614756989,0.19547325102880658,0.0440329218106996,0.013991769547325106,-0.0024691358024691245,-0.007407407407407374,0.008230452674897127,0.0012345679012345622,-0.004115226337448552
24,24,0.8888888888888888,0.8890325254801054,0.8798326173900163,0.9509702266330914,2.220878877114332,0.5174750078799718,1.7283728842025712,1.288181586548918,0.8631880028405713,0.20576131687242794,0.028806584362139877,0.01851851851851847,0.000823045267489686,0.004526748971193373,0.017283950617283893,0.004938271604938238,-0.002880658436214034
25,25,0.9465020576131687,0.946575953936627,0.9422731356693621,0.9827044025157233,2.420441896598151,-0.39555623661585737,1.2979193147764803,2.012686570077457,0.9846835375468528,0.23045267489711935,0.06625514403292185,0.0283950617283951,0.0016460905349794496,0.016460905349794275,0.02263374485596712,0.025102880658436244,0.018930041152263422
26,26,0.8930041152263375,0.8938644622530263,0.8780759702725021,0.9459950454170107,3.2177586821777555,0.12124715306794158,1.2187587940848967,1.4303233820250203,0.65842647365937,0.17777777777777778,0.05390946502057618,0.020164609053497973,0.007407407407407474,0.010699588477366318,0.007818930041152305,0.0032921810699588993,-0.010288065843621352
27,27,0.897119341563786,0.898391492436518,0.8912973408541498,0.9543110394842869,2.317770285699881,-0.044325593772036424,1.6834222919330404,1.2052639830887142,1.1842661201139557,0.15967078189300413,0.05843621399176957,0.01111111111111116,-0.0016460905349794052,0.0024691358024691466,0.004526748971193428,0.010288065843621453,-0.003703703703703687
28,28,0.9218106995884774,0.9223332680122803,0.9203313253012049,0.9743222891566266,2.5248343232136317,0.2658218084277409,1.5115710359239463,1.336288800848035,0.8064379466967603,0.2584362139917696,0.03909465020576135,0.012757201646090566,0.007818930041152295,0.00823045267489716,0.010288065843621418,0.008641975308642002,0.0020576131687242926
29,29,0.8847736625514403,0.8843028452586397,0.87524893314367,0.9499288762446657,3.495589937228279,-0.40597086581783687,1.748452328564224,0.7848256615741729,0.9933580425507206,0.17448559670781894,0.042798353909464994,-0.0020576131687243147,-0.009465020576131734,-0.008230452674897148,0.013168724279835365,0.011111111111111082,-3.3306690738754695e-17
30,30,0.8888888888888888,0.8900707199250383,0.8843822843822844,0.9498057498057497,2.9270645428924076,-0.2147283320548823,1.5373205517246666,1.918154667032803,0.4755119757363201,0.18271604938271602,0.0444444444444444,0.017283950617283904,0.005349794238683103,0.006995884773662508,0.02263374485596702,0.01893004115226332,0.02139917695473247
31,31,0.9300411522633745,0.9311533755978201,0.9342105263157894,0.9653183885640026,2.256005895536695,0.17524654171085768,1.0563839097268544,1.8049769996454295,1.0986380897983246,0.194238683127572,0.07448559670781892,0.033333333333333305,0.0,0.003292181069958833,0.02510288065843621,-0.0004115226337448541,0.0
32,32,0.897119341563786,0.8978531964284597,0.8919753086419753,0.9563328760859624,2.47688850670834,0.39372662827605015,1.722394741486648,1.290921924098234,0.7502489758279559,0.19753086419753085,0.048148148148148176,0.019753086419753117,0.0004115226337448652,-0.012345679012345633,0.017283950617283973,-0.004938271604938249,0.00905349794238688
33,33,0.9259259259259259,0.9261272441466039,0.9209344115004492,0.9759658580413297,2.8053417448625244,0.10381711598147965,1.7463450828660565,1.2857651365580236,0.6655552429311057,0.18477366255144032,0.03950617283950619,0.03209876543209874,0.009876543209876553,0.02098765432098767,0.0374485596707819,0.013168724279835398,0.013991769547325117
34,34,0.8518518518518519,0.8491923221509649,0.8249266862170088,0.9442815249266863,2.734958233093599,0.5112543355869064,1.8417870594214105,0.9923200177492479,0.3758745042658452,0.10123456790123457,0.026748971193415638,-0.005349794238683115,-0.024691358024691346,-0.01934156378600822,-0.005349794238683115,-0.01646090534979424,-0.025925925925925908
35,35,0.9053497942386831,0.9049575752910973,0.892571470893201,0.9560065175529552,2.158338937974037,0.5735115399023969,1.847519073264492,1.6004615961935318,0.29235988027814735,0.2148148148148148,0.05679012345679012,0.024279835390946504,0.0074074074074073955,0.011522633744855949,0.014403292181069949,0.004526748971193406,0.011111111111111082
36,36,0.9259259259259259,0.9261015721689879,0.9222873900293255,0.9607038123167155,3.1942338187737738,-0.25087406044100163,1.4461512604643714,1.23463235719547,0.8915782913155782,0.1897119341563786,0.07366255144032922,0.019341563786008265,0.0057613168724279795,0.004526748971193395,0.029629629629629638,0.016049382716049398,0.007407407407407385
37,37,0.9135802469135802,0.913233701537795,0.9021883289124668,0.9607279693486589,2.5518820508504896,-0.28759268470424687,1.5790044440965858,1.794117242194126,0.9365431715242566,0.22798353909465013,0.06131687242798348,0.020164609053497873,0.008641975308641924,0.022222222222222164,0.013168724279835342,-0.0004115226337449096,-0.0032921810699588993
38,38,0.9259259259259259,0.9262897795155859,0.9242704784476374,0.9659309731891571,3.3843103991375925,-0.061669356833830756,1.2022671465200838,1.6790808857328954,0.4110413132456306,0.20823045267489712,0.04362139917695472,0.016049382716049398,0.011934156378600846,0.015226337448559678,0.024691358024691357,0.01646090534979424,0.006172839506172844
39,39,0.9094650205761317,0.9092108230822417,0.8977661950856292,0.956813104988831,3.0163634583403174,0.3741006881921427,1.0995091216686212,1.3504019575828108,0.5850604034976858,0.19341563786008226,0.039094650205761285,0.0304526748971193,-0.0008230452674897193,-0.006172839506172867,0.01769547325102877,0.0028806584362139564,0.004938271604938249
40,40,0.9259259259259259,0.9256525573192239,0.9102584305074062,0.9788843365899779,3.0894560409231078,0.21590438079324997,1.2618323970926113,1.0443025033938975,0.5893054174806165,0.1794238683127572,0.04444444444444445,0.023456790123456785,0.0028806584362139785,-0.0024691358024691245,0.013168724279835398,0.0016460905349794386,-0.0012345679012345622
41,41,0.8806584362139918,0.8788451341229793,0.8594771241830066,0.9567175018155412,2.525800961009993,-0.18809584976498617,1.8495980475759246,1.5393290989656616,0.9095867510236628,0.1259259259259259,0.02510288065843619,0.018930041152263367,-0.004526748971193406,-0.010288065843621418,0.02057613168724278,-0.0004115226337448541,-0.006584362139917699
42,42,0.9135802469135802,0.9139991067173572,0.9059440559440559,0.9751359751359752,2.7970690081674108,0.11354553470827718,1.0713726217405026,1.8291328953619708,0.6752352966612213,0.2189300411522633,0.048148148148148086,0.04197530864197526,0.0004115226337448208,0.0008230452674896527,-0.006584362139917754,0.006584362139917666,-0.025102880658436254
43,43,0.8806584362139918,0.8825557583727518,0.875,0.9438758934372969,2.4103769266514328,0.5107783311089801,2.361279878097718,1.3220574927780473,0.11093370619443994,0.15925925925925927,0.03662551440329217,-0.003292181069958855,0.0012345679012345512,-0.00493827160493826,-0.0016460905349794275,0.0024691358024691245,0.0004115226337448652
44,44,0.9218106995884774,0.9225667158207804,0.9228395061728395,0.9643347050754458,3.0303546770534746,0.2764392724983464,1.1237995532195741,1.3407762263117429,0.5255391207754231,0.23333333333333334,0.037037037037037056,0.014814814814814847,0.0020576131687243147,0.0012345679012345956,0.012345679012345711,0.0037037037037037203,0.0037037037037037203
45,45,0.897119341563786,0.8966054660894371,0.8787576687116564,0.9404907975460122,2.3819121061089064,0.685802115628235,1.9213451694669128,0.9081160391441682,0.584837589109535,0.1609053497942387,0.05473251028806586,0.022633744855967107,0.006172839506172878,0.002469135802469158,0.018930041152263412,0.009876543209876566,-0.0028806584362139785
46,46,0.9094650205761317,0.9106952985913853,0.913420245398773,0.9616564417177914,2.2949708919116887,-0.12134641955242344,1.0406324834194878,1.6718124478675027,1.4146423863009456,0.23209876543209873,0.06954732510288064,0.02345679012345676,-0.01028806584362144,-0.002469135802469169,0.002057613168724259,0.013168724279835353,-0.002469135802469169
47,47,0.8847736625514403,0.8841055580346074,0.8679076693968727,0.9573343261355175,2.6839400010795744,0.44985550564150767,1.7960899633339353,0.98453222794558,0.4956034372394545,0.16625514403292177,0.015226337448559635,0.005349794238683115,-0.018518518518518556,-0.009876543209876576,0.010699588477366207,-0.004526748971193451,0.002057613168724259
48,48,0.9053497942386831,0.9055073827174834,0.8931235431235431,0.9644910644910645,2.4251978454181784,0.2741953548412653,1.3150756589585728,1.9034037658837981,0.4956074821395458,0.17695473251028804,0.023868312757201627,0.008641975308641959,-0.004526748971193406,-0.0012345679012345622,0.016872427983539072,0.010699588477366217,0.01275720164609052
49,49,0.9218106995884774,0.9211401354683902,0.9035276073619631,0.9663343558282209,3.528767117517919,-0.25245021409184604,1.7660675786674975,0.892787975394165,0.6441952812479728,0.1641975308641975,0.03456790123456791,0.009876543209876576,0.0012345679012345733,0.0,0.005349794238683159,0.007407407407407462,0.009465020576131711
50,50,0.9176954732510288,0.9186368648968503,0.923119880863738,0.9599404318689501,3.111851505659689,0.4900010894019748,0.8750554439443158,1.5017341135040707,0.45662278945569235,0.21687242798353915,0.06831275720164613,0.018518518518518566,0.006172839506172922,0.004938271604938338,0.03744855967078194,0.021399176954732545,0.016049382716049432
51,51,0.8847736625514403,0.8847736625514403,0.8687094782340229,0.953149120098796,3.1855975149972253,0.3798149682856468,0.6984772272308036,1.0954015125043246,1.1727042397125915,0.20740740740740735,0.02551440329218104,0.019753086419753076,-0.002880658436214012,-0.002469135802469158,0.004526748971193384,-0.013580246913580285,0.0004115226337448319
52,52,0.9094650205761317,0.9103855796065248,0.9109563253012047,0.9493975903614458,2.6509893363633847,0.1568971618537644,1.747694315487535,1.6475614051578131,0.567474333440783,0.21111111111111108,0.05802469135802466,0.02757201646090531,0.007407407407407374,0.009465020576131656,0.016049382716049353,0.0127572016460905,0.01646090534979421
53,53,0.9176954732510288,0.9180584414502544,0.9160951408142419,0.9574638844301766,2.6754269991060298,0.33452003936950375,1.6552496468930529,1.0876258604582152,0.9743568321272761,0.19629629629629633,0.05432098765432104,0.04403292181069962,0.011111111111111172,0.007407407407407451,0.014403292181070004,0.009465020576131734,0.008641975308642025
54,54,0.9135802469135802,0.9124800329966551,0.8900509416486571,0.9746835443037974,2.9862154516037673,-0.1593805010362124,1.4505565676271959,1.306828166853679,0.7046533233133145,0.19999999999999993,0.04897119341563781,0.024691358024691322,-0.001646090534979472,-0.0004115226337448985,0.0061728395061728,0.006584362139917666,0.005761316872427957
55,55,0.9012345679012346,0.9020935594228767,0.8977377300613496,0.9476993865030675,2.9190143187161466,0.11427963855888774,1.2114931178847776,1.4613374125448808,0.8544050207097887,0.17572016460905351,0.032098765432098775,0.025102880658436223,0.0028806584362139898,0.0016460905349794165,0.013168724279835408,0.006584362139917699,0.006995884773662542
56,56,0.9094650205761317,0.9102776546514026,0.9066841617783267,0.9517598024081507,3.3294161976418657,-0.18481931961995934,1.2686205634930954,1.0054704245140256,1.2423713081253678,0.17530864197530863,0.07119341563786004,0.04074074074074071,0.0032921810699588104,0.0020576131687242484,0.015226337448559646,0.009465020576131643,0.007407407407407385
57,57,0.8888888888888888,0.8883665127143388,0.871269504620512,0.9622026965611271,3.5217515907626344,-0.11421644168752758,1.5354325886324858,0.4398042477860744,1.1259465338965342,0.1584362139917695,0.025925925925925887,0.007818930041152217,-0.009876543209876599,-0.007818930041152316,0.006584362139917666,-0.0049382716049383045,-0.0032921810699588993
58,58,0.897119341563786,0.8981140997641847,0.8950617283950617,0.9515317786922725,2.987368679134936,0.23004353019433305,1.5312188383423517,1.2527235882269943,0.5139422141272835,0.19958847736625515,0.07037037037037039,0.019341563786008254,0.004115226337448585,-0.0020576131687242705,0.004115226337448574,0.0012345679012345846,0.003292181069958877
59,59,0.8806584362139918,0.8808397753676868,0.867283950617284,0.9517604023776863,3.044991296396763,-0.052970210706841096,1.6243670796284764,1.0816962809423245,1.0139267750596925,0.15102880658436213,0.024691358024691357,0.0008230452674896971,-0.00781893004115226,-0.012345679012345701,0.0032921810699588438,-0.0004115226337448652,0.0016460905349794165
60,60,0.9218106995884774,0.9219222455279078,0.9145331325301205,0.9800451807228916,2.722718043874952,-0.02107221948070724,1.4810417257190722,1.4664097021428957,0.9013774884984921,0.1691358024691358,0.050617283950617306,0.016460905349794264,-0.0037037037037036757,-0.0057613168724279466,0.02098765432098767,0.006172839506172856,0.01111111111111115
61,61,0.8930041152263375,0.8926531330479737,0.8756901840490797,0.9627300613496932,2.571474226932052,0.3273370615757982,1.1161250239139924,1.6268577824796384,0.8864826738626325,0.20164609053497945,0.049382716049382755,0.0032921810699588884,-0.002469135802469091,-0.0024691358024690802,0.026748971193415683,0.011522633744856025,0.021399176954732556
62,62,0.9176954732510288,0.9176954732510288,0.9055944055944056,0.9735819735819736,2.3963838504092494,-0.20610384365049722,1.1695359197977044,1.6064295983861614,1.465225349447863,0.23333333333333334,0.051851851851851906,0.025102880658436244,-0.000823045267489686,0.015226337448559713,0.005349794238683181,0.008641975308642014,0.007818930041152305
63,63,0.8641975308641975,0.8634126872643518,0.8353571428571429,0.9471428571428572,2.5660365968686754,0.031899514738117814,1.0863508869626206,2.114332198902816,0.8636947168873873,0.18806584362139914,0.025925925925925873,0.004115226337448518,-0.011111111111111172,-0.01111111111111116,0.007407407407407374,-0.008230452674897148,-0.01193415637860088
64,64,0.8930041152263375,0.8944080439397925,0.8894047619047619,0.9459523809523809,3.2479688978416803,0.3772874464502262,1.1849797403524467,1.172466796955966,0.6306027322978712,0.19588477366255147,0.029218106995884806,0.004526748971193461,-0.0032921810699588216,-0.007818930041152227,0.010288065843621463,0.00246913580246918,-0.005349794238683081
65,65,0.9135802469135802,0.9134529790812241,0.9024849397590362,0.9718373493975904,2.6378301280657785,0.046671205925314846,1.244402405948929,1.5371799961085988,1.0403258440226968,0.2144032921810699,0.0386831275720164,0.02469135802469131,-0.0061728395061728895,-0.0004115226337449207,0.019341563786008188,0.0004115226337447875,0.013991769547325051
66,66,0.897119341563786,0.8978121406104945,0.8979178716020821,0.9591526894158473,3.3591840194252285,0.33835414016806054,1.5223785620288481,0.8048471887576614,0.4776987190537524,0.16131687242798357,0.04197530864197531,0.008230452674897148,-0.0037037037037036757,-0.0028806584362139564,0.0012345679012346067,-0.003292181069958833,0.004526748971193428
67,67,0.8888888888888888,0.8884133509365802,0.8737900223380491,0.9597915115413255,2.837523194868685,0.08504647345703441,1.5986226322926125,1.4189076792888433,0.5056855287817116,0.1967078189300411,0.01769547325102877,-0.004115226337448619,-0.005761316872428046,-0.0008230452674897526,0.004526748971193384,0.006584362139917655,-0.012757201646090588
68,68,0.897119341563786,0.8986320396326893,0.9010352760736196,0.9532975460122699,2.953034457620323,0.024281198006795686,1.6678989004773443,1.032249497102003,1.1390368563257987,0.15884773662551444,0.05308641975308644,0.027572016460905367,0.004526748971193428,0.013580246913580275,0.02304526748971194,0.005761316872428002,0.019341563786008265
69,69,0.8930041152263375,0.8935857011971847,0.8868599397590362,0.9464608433734939,3.181457824588591,0.23729086764518315,1.417590607006631,0.6758549183060317,1.2692087816309952,0.2131687242798354,0.04403292181069962,0.01316872427983543,0.015637860082304566,0.0012345679012346177,0.006172839506172878,0.01687242798353914,0.009465020576131734
70,70,0.8847736625514403,0.8851292993954173,0.8727377300613497,0.953834355828221,2.1334344874144677,0.43778682843775746,2.1210867697957334,0.7812504314771828,1.1748209847602396,0.2102880658436214,0.07037037037037033,0.009465020576131666,-0.002880658436214023,0.004115226337448541,0.006172839506172823,-3.3306690738754695e-17,-0.006995884773662564
71,71,0.897119341563786,0.8981799068334202,0.8942574868786662,0.953149120098796,3.2199908647632993,-0.04650559187262934,1.122409803879388,1.2911986725718219,0.9745117079134721,0.19012345679012346,0.05390946502057616,0.014403292181069982,0.0012345679012345622,-0.0004115226337448208,0.0024691358024691466,0.002880658436214034,0.0008230452674897082
72,72,0.897119341563786,0.8982366895079673,0.8989218328840971,0.9300688828990716,2.9409203313461343,0.09148202417220407,1.4507525913201629,1.1552649107372985,0.8870901025357856,0.20246913580246914,0.06543209876543213,0.016872427983539117,0.00905349794238688,0.01028806584362143,0.027983539094650223,0.003292181069958877,0.017283950617283984
73,73,0.9053497942386831,0.9045618518446815,0.8858024691358024,0.9609053497942387,2.6714961190143844,0.2794134172348579,1.5730861827599765,1.4255290498752182,0.44443224940388676,0.17901234567901234,0.05514403292181069,0.01275720164609051,-0.0004115226337448541,0.0024691358024691245,0.009876543209876543,0.01563786008230451,0.009465020576131666
74,74,0.8930041152263375,0.893294908211761,0.8845462713387242,0.938230008984726,2.9471780331105313,0.11541868726169334,1.4501245727521734,1.4210767504533428,0.7537604508645281,0.22757201646090536,0.047736625514403344,0.0312757201646091,-0.004938271604938238,0.0032921810699588884,0.02551440329218112,0.014403292181070004,-0.0028806584362139564
75,75,0.9259259259259259,0.9259259259259259,0.9171716406605059,0.9746250568095743,2.6796809761412885,0.08869294375758302,1.4873825657046391,1.615766170067827,0.7215910194397778,0.2156378600823045,0.037037037037037056,0.038683127572016474,0.00493827160493826,0.006995884773662553,0.017695473251028826,0.013580246913580275,0.011934156378600857
76,76,0.9053497942386831,0.9054981232759011,0.8944401840490798,0.9575153374233129,2.401684022320661,0.18339258715538698,1.531626652297325,1.6108020283408986,0.8392019257433766,0.1950617283950617,0.04156378600823045,0.02427983539094649,0.0008230452674897082,-0.0032921810699588438,0.01440329218106996,0.0024691358024691245,0.010288065843621375
77,77,0.8806584362139918,0.8804881818853875,0.8666891284815813,0.9346361185983828,3.0954701162844938,0.24747107863071083,1.4737971513838297,1.439354880652125,0.4364824093875187,0.17860082304526745,0.030452674897119336,0.0024691358024691245,-0.0065843621399176875,0.0016460905349794165,0.01440329218106996,0.0008230452674897082,0.0020576131687242705
78,78,0.9259259259259259,0.9261406738063364,0.920163611574004,0.9766702014846236,2.678219305837788,0.36252809342586495,1.283826820196053,1.3458309190363982,0.46252549191686915,0.18189300411522633,0.04526748971193417,0.005761316872428002,-0.003703703703703687,0.0028806584362139898,0.005349794238683148,0.004526748971193428,0.003292181069958855
79,79,0.9094650205761317,0.909159016566424,0.8935628280333436,0.9580889163322014,3.090980351070172,0.1593936403976418,1.5363299003794932,1.0400065174278836,0.9134842628670976,0.23004115226337446,0.03786008230452672,0.025102880658436178,0.008641975308641947,-0.0012345679012345846,0.009465020576131656,0.00987654320987651,-0.0016460905349794386
80,80,0.9094650205761317,0.9090657555569835,0.9001075268817205,0.9678853046594982,3.5006735165044676,0.3863895020512704,1.3502512362591625,0.8079068099844288,0.35526108435137316,0.1930041152263374,0.03786008230452672,0.0004115226337448319,-0.004115226337448574,-0.009465020576131722,0.007407407407407385,-0.002880658436214012,-0.0024691358024691466
81,81,0.8888888888888888,0.8891154197276647,0.8677530298067475,0.9456272518833934,2.50398716882709,0.44362568485223963,1.6227031163141774,0.957114080504261,0.9661538567961946,0.19176954732510282,0.042386831275720106,0.030864197530864158,0.0024691358024691136,-0.0032921810699588993,0.01193415637860078,-0.006995884773662586,0.0016460905349793941
82,82,0.8888888888888888,0.8890091194911842,0.8825187969924813,0.9584297281665702,2.9921759827624705,0.3499256186797023,1.1373832446423642,1.227551370796444,0.6885334513414979,0.22510288065843614,0.05226337448559665,0.016049382716049332,-0.0004115226337448874,0.00041152263374480966,-0.012757201646090588,0.007407407407407374,-0.001646090534979472
83,83,0.8930041152263375,0.8932668983744253,0.8861626878868258,0.9519599174771588,3.3208059330652677,0.3671619306969436,1.0743211297096864,1.3113338386950417,0.6260656038276543,0.19094650205761318,0.027160493827160535,0.011111111111111172,-0.004526748971193384,-0.009876543209876498,0.00905349794238688,-0.002057613168724259,0.004938271604938327
84,84,0.9135802469135802,0.9133102094342405,0.9059688704840783,0.9583035841782094,2.9396237389950337,-0.568631708295277,1.136319838101068,1.720499915749328,1.2091400951663132,0.20288065843621395,0.03991769547325097,0.031275720164609,-0.002057613168724348,0.007407407407407363,0.013168724279835332,0.003703703703703665,0.01563786008230448
85,85,0.9218106995884774,0.9219488188260881,0.9108493539237315,0.9695871415064607,2.147405859928183,0.11723707103227292,1.7697143666206894,1.5641655865136488,0.9473205807721103,0.1868312757201646,0.052263374485596724,0.020576131687242816,0.008230452674897148,-0.0016460905349794052,0.009465020576131722,0.009053497942386857,0.007407407407407451
86,86,0.9300411522633745,0.9299063811401687,0.9155205501359347,0.964257156564849,2.868687571195072,-0.22685933524094776,1.2716651334659934,1.1079376047623333,1.578426564558156,0.22386831275720165,0.06419753086419752,0.025514403292181066,0.0024691358024691358,0.004526748971193395,0.008641975308641959,0.0032921810699588438,0.0020576131687242705
87,87,0.9176954732510288,0.9187115785195347,0.9188702863401659,0.9626036613988421,2.4960123666447664,0.3897342635966876,1.2756456186750207,1.4695625586779868,0.8421488561144347,0.19917695473251035,0.05596707818930047,0.022222222222222254,0.007407407407407462,0.012345679012345723,0.020576131687242826,0.009876543209876599,0.016460905349794296
88,88,0.9135802469135802,0.9134489323540081,0.9018709286471747,0.971898197242842,2.566169521168973,-0.1328708487033809,1.430790361639795,1.1838744659190676,1.443583294387501,0.19711934156378597,0.05843621399176948,0.02839506172839502,-0.001646090534979472,0.0028806584362139564,0.0008230452674896748,0.006584362139917632,0.0028806584362139564
89,89,0.8930041152263375,0.8930041152263375,0.8764277890783916,0.9470348928180253,2.8228516472842453,0.3552911126748685,1.091817007258864,1.4444050258425944,0.6204153944247762,0.20288065843621403,0.0497942386831276,0.002880658436214034,-0.006995884773662508,-0.0032921810699588104,0.01481481481481487,0.0032921810699588884,0.0024691358024691913
90,90,0.9094650205761317,0.9109209924674512,0.905672268907563,0.9574789915966386,2.8268990902321365,-0.3124152318005289,2.008085693531517,1.211296420084612,0.9898723653294499,0.18724279835390942,0.05432098765432096,0.012345679012345645,0.0020576131687242705,0.011934156378600768,0.020987654320987613,0.018106995884773637,0.009465020576131656
91,91,0.9094650205761317,0.9086664905378354,0.8974039829302987,0.9653627311522048,2.860796280296157,0.4833191856965551,1.4228903672840476,1.173067452692759,0.5473272326261176,0.20493827160493822,0.033744855967078144,0.017283950617283904,0.004526748971193384,-0.0020576131687243147,0.01975308641975306,0.01851851851851847,0.019341563786008188
92,92,0.8888888888888888,0.8877562346950102,0.859347513193667,0.9645770030385415,3.2136660117536917,0.24143124048029704,1.068062989475217,0.6034025452180594,1.2111947725765428,0.1864197530864197,0.020987654320987627,0.00905349794238679,-0.004115226337448608,-0.004526748971193461,0.005349794238683092,0.003703703703703665,-0.0008230452674897637
93,93,0.897119341563786,0.8986293999484803,0.8873812754409769,0.9614993215739485,2.565787518797967,0.6270854684873423,1.5064209323891908,1.358624121708555,0.20926338499624814,0.2053497942386832,0.022633744855967107,0.011934156378600857,-0.007407407407407385,-0.004526748971193395,0.009465020576131722,0.004938271604938283,-0.002057613168724259
94,94,0.8683127572016461,0.8692830334407395,0.8634028294862248,0.9358897989575576,2.7735337998656346,0.13202108601851464,1.5012351885152821,1.5905162323109456,0.7246174634473098,0.16872427983539098,0.029629629629629683,0.009465020576131722,-0.007407407407407363,-0.008230452674897082,0.008230452674897182,-0.011522633744855926,-0.0024691358024690802
95,95,0.934156378600823,0.9347660417619266,0.9346153846153846,0.9774669774669775,3.162093728683519,-0.012409544698825482,1.4177534225838226,1.3787144939142557,0.43716160648596003,0.1847736625514403,0.044855967078189264,0.020987654320987627,-0.0004115226337448763,0.0028806584362139785,0.0008230452674896971,0.00493827160493826,-0.00823045267489717
96,96,0.9094650205761317,0.9094650205761317,0.8931312969774508,0.944906444906445,2.9441559847048913,0.17067272425672117,1.3268051791666577,1.5951685484702525,0.4689255942860678,0.15967078189300404,0.057613168724279816,0.02757201646090531,0.0004115226337448541,0.005349794238683103,0.013991769547325061,-0.0012345679012345956,0.0016460905349794165
97,97,0.897119341563786,0.8967598873680233,0.8868927125506073,0.9509109311740891,2.9829460402690042,0.421408680416425,1.4423264164592737,1.2224176730831149,0.6053842866120617,0.19135802469135804,0.05020576131687247,0.009876543209876586,-0.007818930041152227,-0.00905349794238679,0.005761316872428002,0.004115226337448585,0.006995884773662586
98,98,0.9094650205761317,0.9097531495367214,0.9001234949058352,0.9697437480703921,2.660699545811327,0.4595250967782314,1.133919446033702,1.1213450869250865,1.1060724073653099,0.25020576131687233,0.04814814814814813,0.02551440329218104,-0.005349794238683159,-3.3306690738754695e-17,0.01069958847736623,0.016872427983539072,0.011522633744855936
99,99,0.8806584362139918,0.8811212652301336,0.8728965003723008,0.941102010424423,3.0159497451158863,-0.32455343582121826,1.5287054911430364,0.9762601959608427,1.561626004688833,0.16831275720164607,0.04074074074074072,0.01069958847736624,0.0004115226337448319,0.008230452674897104,0.0012345679012345622,0.0028806584362139898,0.00864197530864197
100,100,0.8847736625514403,0.8850277402908983,0.8787581699346405,0.9527233115468409,2.9849839921319257,0.6413836475163521,1.2553341488859342,1.4226651643092247,0.28953816356164963,0.19382716049382714,0.03786008230452672,0.011522633744855926,-0.002880658436214023,-0.011934156378600869,0.000823045267489686,-0.003292181069958866,0.004526748971193395
101,101,0.9012345679012346,0.9024918579110808,0.8994642294358651,0.9543019224708478,2.678374943982293,0.09559448049789897,1.4901758043568556,1.3811550045499594,1.0493449713696819,0.19958847736625515,0.0506172839506173,0.03168724279835392,-0.004115226337448541,0.004526748971193406,0.0337448559670782,0.010699588477366262,0.012757201646090543
102,102,0.9094650205761317,0.9100067766263122,0.903872699386503,0.9580521472392638,2.912111937826416,0.223121450203928,1.405958475663271,0.7634405737497733,1.121215178742706,0.1950617283950617,0.04526748971193412,0.008230452674897104,0.0037037037037036757,-0.003292181069958866,0.02510288065843619,0.001646090534979383,0.009465020576131656
103,103,0.9012345679012346,0.9012345679012346,0.8834159603390372,0.9555413401567248,2.0469037826865355,-0.38914819294669645,1.4298068285399834,2.324810921771797,1.2457338000823561,0.18189300411522633,0.04156378600823046,0.039917695473251046,0.006172839506172823,-0.004526748971193395,0.009876543209876543,0.006172839506172834,0.010699588477366262
104,104,0.8888888888888888,0.889607071844971,0.8842093441150045,0.9535789158430668,2.8342820532018957,-0.4094889432440098,1.7904036687694247,1.091515664384676,1.4170950061616685,0.1790123456790123,0.06008230452674891,0.009465020576131643,0.0008230452674896748,-0.002880658436214034,-0.0024691358024691913,0.001646090534979383,-0.0004115226337448985
105,105,0.9012345679012346,0.9010248371031556,0.8934408602150538,0.9430824372759857,3.4095797460958086,0.4406112598080254,1.6842118050557866,0.5273444470205435,0.5412994209617578,0.17777777777777776,0.0506172839506173,0.02016460905349795,0.013168724279835408,0.006995884773662542,0.02592592592592593,0.009053497942386834,0.009465020576131699
106,106,0.8847736625514403,0.8845474220630899,0.8771337126600285,0.9532005689900427,2.5304420478265177,-0.2631704048752418,1.7113135179465049,1.3234392734213667,1.4112446317852048,0.2148148148148148,0.023868312757201603,0.01481481481481478,0.00987654320987651,0.0004115226337448319,0.013991769547325072,-0.003703703703703731,0.0016460905349793941
107,107,0.8806584362139918,0.8812024536750763,0.869670245398773,0.9464723926380367,2.997142629627552,0.48256060064926715,1.482237752056251,1.1923506066282563,0.4746838937791396,0.16049382716049382,0.0559670781893004,0.0028806584362139898,-0.0008230452674897082,-0.0012345679012345733,0.015226337448559658,-0.0032921810699588438,0.007407407407407407
108,108,0.9259259259259259,0.9257111780455153,0.915318957771788,0.9748427672955975,3.1038178897376825,0.0811722772366641,1.7113327722405345,1.3272349646877342,0.3249474935949581,0.1662551440329218,0.03786008230452677,0.010699588477366262,-0.0004115226337448541,0.007407407407407418,0.014814814814814826,0.0,0.012757201646090543
109,109,0.897119341563786,0.8977400904216646,0.8940897644793364,0.9505258480225152,2.862654314212459,0.46607056589135404,1.725787542283381,1.3911205858070939,0.33080295491257783,0.19670781893004116,0.06378600823045269,0.025102880658436234,0.0057613168724280125,0.012345679012345701,0.026748971193415672,0.01316872427983542,0.0008230452674897193
110,110,0.9094650205761317,0.910615719364123,0.9137251931525527,0.9600060596879261,2.988771979392793,0.19808510291124345,1.5073242558177125,0.7546728514068207,1.1549441514713055,0.1831275720164609,0.05144032921810695,0.020164609053497918,0.00905349794238679,0.013580246913580207,0.025925925925925897,0.012345679012345668,-0.007407407407407441
111,111,0.8888888888888888,0.8887200558837247,0.8742614755340099,0.940084835630965,2.5106537147509047,-0.26372897748463375,1.7876424098994732,1.6789799215771308,1.0433892637538038,0.1893004115226337,0.05185185185185178,0.011111111111111061,0.003703703703703665,0.006995884773662508,0.011934156378600801,0.012757201646090488,0.017283950617283893
112,112,0.9094650205761317,0.909257914414051,0.9011711972238288,0.9630566801619433,3.468565231490941,0.4301512698586142,1.2771981704662378,1.2086822033740103,0.08893807340315044,0.18271604938271596,0.04444444444444442,0.028395061728395045,0.006995884773662531,0.005761316872427957,0.02633744855967073,0.008230452674897092,0.012345679012345656
113,113,0.897119341563786,0.8986320396326893,0.9010352760736196,0.9534509202453988,2.96056294190682,0.689078573238582,1.327776668718062,1.3758376796439646,0.09796284393751861,0.22716049382716053,0.08271604938271607,0.023045267489711963,-0.000823045267489686,0.007407407407407451,0.04197530864197535,0.013580246913580275,0.011522633744856004
114,114,0.8847736625514403,0.8841878522593721,0.8711513205895228,0.9505326134539618,3.1349496941693236,-0.42869291643842034,1.98796954226125,0.8302288241865976,1.5553165230009087,0.17078189300411523,0.02510288065843619,-0.0016460905349794496,0.0028806584362139785,-0.004526748971193417,0.0004115226337448208,-0.0004115226337448652,0.00987654320987652
115,115,0.8888888888888888,0.8900119755658203,0.89034957784032,0.9475633239520072,3.125282138522869,-0.033570251887080876,1.4731817786128047,1.3780181808474246,0.7768339724569576,0.17942386831275717,0.03827160493827155,0.01193415637860078,0.0020576131687242484,0.0004115226337448319,-0.0008230452674897526,0.0012345679012345178,0.006995884773662508
116,116,0.8888888888888888,0.8887252588187167,0.8750376506024096,0.9526355421686746,3.760733640479522,-0.12696406553874473,1.2348015221940214,0.6964914342878507,0.9883380493206777,0.17078189300411517,0.02633744855967074,0.0020576131687242484,0.002057613168724237,-0.009876543209876599,0.004526748971193373,-0.004938271604938327,-0.010699588477366295
117,117,0.9135802469135802,0.9146488536466749,0.9108783239323126,0.9734085414987913,2.5870006118395663,0.2507449463996845,1.2067605494436378,1.8022024231549143,0.4846751425335137,0.22839506172839502,0.042798353909464994,0.004526748971193373,-0.0024691358024691913,-0.004115226337448608,0.016049382716049332,0.010699588477366207,0.004938271604938238
118,118,0.8930041152263375,0.8939346893747832,0.8884202453987731,0.9533742331288344,2.537813770049099,0.7462612097130616,1.287273138878007,1.6584309057704933,0.2909723116258491,0.2032921810699589,0.04115226337448563,0.026748971193415683,0.0020576131687243373,5.551115123125783e-17,0.029629629629629683,0.00905349794238689,0.010288065843621453
119,119,0.9012345679012346,0.9021056915793757,0.9027409372236959,0.9827586206896551,2.527878083545135,-0.0502059297311065,1.4368153543362816,1.7663722559640227,0.6778059118488179,0.1736625514403292,0.014403292181069971,0.013991769547325117,-0.008641975308641947,-0.007407407407407407,-0.01069958847736625,-0.011111111111111105,-0.0065843621399176875
120,120,0.9300411522633745,0.9305562839657682,0.9287576687116564,0.9757668711656442,2.442610828336929,-0.025816845977081334,1.4953985690597444,1.681096444460374,0.9342495107921596,0.19465020576131684,0.05473251028806584,0.019753086419753086,0.0028806584362139785,0.0012345679012345622,0.018930041152263367,0.006995884773662564,0.00781893004115224
121,121,0.9012345679012346,0.9009105843519758,0.8850076687116564,0.9580521472392638,3.0079981081428087,0.0539161178504333,1.5615343763707545,0.9693966511314309,1.1385906313762562,0.15555555555555553,0.057613168724279865,0.011111111111111117,0.00781893004115226,0.005349794238683136,0.011111111111111127,0.008230452674897137,0.015637860082304545
122,122,0.8930041152263375,0.8923638580761238,0.8761230907457322,0.9597184785864032,3.014567972727144,0.4327364809726791,1.1185872733524498,1.0251356541860992,0.9980883746554803,0.18930041152263377,0.03786008230452679,0.030041152263374515,-0.004938271604938238,0.0028806584362140453,0.006172839506172867,0.015637860082304576,0.0061728395061728895
123,123,0.9053497942386831,0.9059208831879313,0.9030884313435047,0.9577099688934972,2.69961548178202,-0.1863599657918821,1.7208806185823755,0.7880979244629708,1.4820731835512833,0.19876543209876543,0.04691358024691357,0.017695473251028805,-0.004526748971193395,-0.0004115226337448874,0.005349794238683136,-0.0024691358024691466,0.0028806584362139785
124,124,0.8888888888888888,0.8890525189590611,0.8772534464475079,0.9553855476442964,2.537278614422769,-0.33421489161664314,1.8873385119606005,1.7546029215243675,1.0057251977707204,0.22880658436213985,0.0473251028806584,0.004526748971193373,-2.2204460492503132e-17,0.004115226337448518,0.0032921810699587774,0.008641975308641924,0.009465020576131643
125,125,0.9094650205761317,0.9107530930252529,0.9167545180722891,0.9566265060240964,2.4860867788423135,0.18654541413655656,1.2015612774892777,1.222614199687842,1.5770409974359876,0.274074074074074,0.051851851851851816,0.01646090534979421,0.004115226337448541,0.0012345679012345512,0.01481481481481477,0.02057613168724278,0.012345679012345645
126,126,0.9094650205761317,0.9094650205761317,0.9024879614767256,0.9686268787392383,2.9923924944436977,-0.22639327083072538,1.1662028539349505,1.167717245745656,1.3582094961710414,0.22592592592592592,0.04320987654320986,0.024691358024691322,0.0012345679012345512,-0.007818930041152273,0.012345679012345656,0.006172839506172811,0.0024691358024691245
127,127,0.8806584362139918,0.8813533809924665,0.8765473032714413,0.9411287945770704,3.2604642178893224,0.14958943085539933,1.5573583919588485,0.8327819968244231,0.8164434349461922,0.1337448559670782,0.04567901234567898,0.024691358024691357,0.0004115226337448541,-1.1102230246251566e-17,0.01481481481481478,-0.013168724279835398,-0.002880658436214001
128,128,0.8765432098765432,0.8765432098765432,0.8703769559032717,0.9447368421052631,3.2466607249160004,0.2778931376010231,1.3779386769262867,0.9920823627634705,0.8422479767151384,0.19753086419753085,0.04650205761316874,-0.000411522633744843,0.0020576131687242926,-0.005761316872427957,0.0012345679012345622,-0.005761316872427968,-0.009053497942386824
129,129,0.8888888888888888,0.889411265063439,0.8783189255943192,0.9486724297622724,2.6214135216094467,0.5446330814628443,1.5967825943999234,1.6259897126145586,0.20390264885935327,0.17860082304526742,0.04362139917695468,0.015226337448559613,-0.007818930041152328,-0.005761316872428035,0.006584362139917655,-0.005761316872428046,-0.00905349794238689
130,130,0.9094650205761317,0.9102934452244547,0.9115316249444527,0.970448822396682,3.0014563886323953,0.15368890453958406,1.5968847684236709,0.8083318093515156,0.7424870296059984,0.18765432098765428,0.052674897119341535,0.029629629629629606,0.008641975308641936,0.016049382716049353,0.016872427983539086,-0.0004115226337448874,-0.0016460905349794275
131,131,0.897119341563786,0.8975183320949428,0.8909903201787044,0.9548026805658972,3.0447953241944026,0.20953232666647403,1.6550868913170442,0.9627497685701283,0.7324511140938782,0.17530864197530865,0.03744855967078191,-0.0032921810699588104,1.1102230246251566e-17,0.003703703703703731,0.003292181069958866,0.005349794238683148,0.006172839506172867
132,132,0.9094650205761317,0.9088887626549521,0.8927813967580669,0.965232540524163,2.675854484672247,0.4613483450345524,1.6890615775995688,0.6137769453003543,0.9218954437946508,0.17283950617283944,0.04526748971193413,0.004526748971193373,-0.003292181069958855,-0.009053497942386857,0.012757201646090477,-0.009876543209876566,0.0024691358024691136
133,133,0.9053497942386831,0.9052395616186492,0.8973856209150327,0.9703703703703703,2.961983860171885,0.1988888237893556,1.122519247210801,1.668201695543142,0.41319301370730976,0.20329218106995883,0.033333333333333326,0.010288065843621385,0.0008230452674897082,-0.0016460905349794275,0.010288065843621397,-0.0012345679012345512,-0.0032921810699588438
134,134,0.8765432098765432,0.8755033110379022,0.8580901856763926,0.9532861774241085,2.9653649566859137,0.36008487588583227,1.3959169622226903,0.8567721797019885,1.1124047198779972,0.21810699588477367,0.0411522633744856,0.0049382716049382715,0.0004115226337448652,-0.004938271604938249,0.007407407407407418,-0.005349794238683125,0.0016460905349794275
135,135,0.8806584362139918,0.882240193558989,0.8783216783216783,0.938850038850039,2.830327989669298,-0.4194783814018601,2.048776670711723,1.29521448784226,1.2582332044764746,0.14320987654320985,0.03909465020576129,0.016049382716049353,0.0012345679012345622,0.0016460905349794165,0.006172839506172834,-0.0016460905349794165,0.003703703703703687
136,136,0.8847736625514403,0.8851077148098566,0.8741478563853962,0.9580366611119528,2.8964498579530567,0.22495704534623387,0.8865932364933157,1.6246581898136236,0.824817265707444,0.1880658436213991,0.013168724279835353,0.004526748971193373,-1.1102230246251566e-17,-1.1102230246251566e-17,0.0012345679012345512,-0.00658436213991771,-0.008641975308642002
137,137,0.934156378600823,0.934156378600823,0.9290821538012549,0.9831460674157304,3.2277850106632173,-0.3111266897025636,1.400901763597958,0.9835793676541456,0.9619706161685753,0.1596707818930041,0.04814814814814812,0.027572016460905326,0.0016460905349794052,0.004115226337448552,0.021810699588477356,0.008641975308641936,0.0012345679012345512
138,138,0.8724279835390947,0.8738625094752284,0.8712349397590362,0.9395331325301204,2.4550642641486458,-0.4282872813261864,1.5314835878251742,1.3826793265864896,1.6140282167616427,0.21193415637860086,0.05102880658436219,0.008641975308642002,-0.0004115226337448319,0.003292181069958855,0.020987654320987682,0.0049382716049383045,0.018106995884773703
139,139,0.9135802469135802,0.9146488536466749,0.9108783239323126,0.964464141821112,2.7550447892599683,-0.05104545045138586,1.6860891260045807,0.8898583905038797,1.4310530641087447,0.1901234567901234,0.0518518518518518,0.0061728395061728,-0.0020576131687243147,0.00411522633744853,0.011111111111111061,0.008230452674897071,-0.0008230452674897415
140,140,0.8888888888888888,0.88821848012238,0.8759037015615962,0.9517061885482938,3.405465075026395,-0.323024895362644,1.2043166002549992,1.1005582966139633,1.2381134031070702,0.20288065843621395,0.039094650205761264,0.011522633744855914,-3.3306690738754695e-17,0.009465020576131643,0.008641975308641936,0.006584362139917643,0.004115226337448541
141,141,0.9135802469135802,0.9141771018338195,0.9108468413876685,0.9705347674594759,2.658558703244351,0.5681871390619957,1.0435079190307728,1.5876394556532445,0.48500421162839275,0.20329218106995883,0.05226337448559665,0.025925925925925887,0.0037037037037036757,0.0020576131687242484,0.026748971193415592,0.013168724279835332,0.007818930041152217
142,142,0.9094650205761317,0.9100238784738098,0.9034038283420809,0.9650355047854277,2.7275888934213786,-0.19447379844367685,1.4672906970182071,1.3806275340252772,1.031627933303621,0.191358024691358,0.04279835390946498,0.010699588477366217,-0.006584362139917721,-0.012345679012345701,0.0020576131687242705,0.00411522633744853,-0.004115226337448585
143,143,0.8806584362139918,0.8803555868847965,0.8740530303030303,0.9525112233445567,2.9195556979639012,0.05970966654676776,1.6650891848838474,0.8385852783289093,1.1434323652968843,0.15514403292181064,0.03580246913580246,0.012345679012345645,-0.0028806584362139898,-0.004526748971193406,-0.0004115226337448652,-0.016872427983539107,-0.0037037037037036978
144,144,0.9259259259259259,0.9251748251748252,0.9074074074074074,0.9798049077884469,3.2081965278192004,0.146416085255093,1.0635127030091702,1.0451081470835215,0.8732962035504167,0.1868312757201646,0.06748971193415637,0.037037037037037056,-0.000411522633744843,-0.00781893004115225,0.009876543209876553,0.005349794238683148,0.0057613168724279795
145,145,0.9012345679012346,0.9014284883198206,0.89752688172043,0.9653046594982079,2.556239876424268,0.09043120119242941,1.4358105767307847,1.079073841682843,1.3393510509228168,0.2123456790123457,0.021399176954732525,0.022633744855967076,-0.015226337448559668,-0.007407407407407385,-0.0004115226337448541,0.005761316872427991,0.006995884773662564
146,146,0.934156378600823,0.9346585017083101,0.9356469002695418,0.9715483677747829,3.0323900339443077,-0.0751199132932538,1.4488414425895002,1.488394987058439,0.7167398918524889,0.23539094650205755,0.06419753086419752,0.024691358024691322,0.005761316872427957,0.010699588477366207,0.02551440329218103,0.006995884773662519,0.018106995884773637
147,147,0.9012345679012346,0.9022832218916296,0.9052829354553493,0.9581491305629236,2.8674938250523603,0.17461021875529226,1.0733152380758848,1.4400093875017717,0.9886644072480939,0.2168724279835391,0.05144032921810702,0.023456790123456795,-0.0008230452674897082,0.004526748971193395,0.020576131687242805,0.016460905349794254,0.013991769547325117
148,148,0.8683127572016461,0.8686361826146772,0.8593059239610964,0.9409077512525788,2.4559756202297316,0.46801600792394243,1.3670705568029111,1.1768888890773783,1.1291799862907115,0.23703703703703707,0.03950617283950623,0.020987654320987703,0.013580246913580295,0.0004115226337449207,0.011522633744856015,0.00823045267489717,0.009465020576131744
149,149,0.9465020576131687,0.9462803686427942,0.9375648052140424,0.9804473411346467,2.543339834408403,0.10042021520555912,1.5073399430077754,1.3674233230469042,0.9203280052986806,0.23868312757201648,0.053909465020576156,0.034567901234567947,0.009876543209876586,0.008641975308642014,0.015226337448559713,0.020164609053497963,0.017695473251028836
150,150,0.934156378600823,0.934601475342216,0.9305861960289946,0.9676173967853766,3.071777387862674,0.0971358124142204,1.4241911502672988,1.1465507384129943,0.7336987613155348,0.21399176954732507,0.07777777777777775,0.03703703703703699,0.003703703703703687,0.005761316872427957,0.02921810699588474,0.0164609053497942,0.01563786008230448
151,151,0.9259259259259259,0.9264528646551119,0.9268997185602132,0.9592652940305141,3.001342640988176,0.3272012138380647,1.551078484260686,1.1357989668802075,0.5703565084311077,0.2522633744855967,0.05720164609053496,0.03497942386831278,0.0004115226337448541,0.011522633744855982,0.03168724279835389,0.010288065843621408,0.009465020576131699
152,152,0.8806584362139918,0.880828690542596,0.8687876506024097,0.9371987951807228,3.3740913517677855,0.09794882154175569,1.402281499990202,0.5888793809419859,1.517591378619372,0.16954732510288067,0.050617283950617264,0.02057613168724278,-0.0012345679012345622,0.010699588477366217,0.015226337448559668,0.003703703703703687,0.005349794238683115
153,153,0.9135802469135802,0.9143888527904123,0.9138388123011665,0.9663687320103015,3.541958018484937,0.104101077923716,1.7040873564702734,1.1245786993213365,-0.0001636593298143989,0.0864197530864197,0.04485596707818924,0.03374485596707814,0.002057613168724237,0.019341563786008188,0.02427983539094646,0.016460905349794164,0.007818930041152217
154,154,0.897119341563786,0.8980819676076335,0.8954325102257235,0.9636418724435691,3.0566383911232884,0.28530392156519924,1.4705657539236914,0.7946196742255706,0.8804369101167465,0.23662551440329221,0.02962962962962965,0.011934156378600836,3.3306690738754695e-17,-0.0028806584362139676,-0.005349794238683092,0.004526748971193428,-0.0061728395061728
155,155,0.9218106995884774,0.9208719098203555,0.9012345679012346,0.9611339734796523,2.998911059728193,0.050524000688982336,1.473810653128726,1.2685766252712039,0.906388933033406,0.19506172839506175,0.050617283950617306,0.022633744855967097,0.010288065843621453,0.016049382716049408,0.023045267489711963,0.017283950617283973,0.012757201646090566
156,156,0.8271604938271605,0.8280094855363672,0.8162864760776182,0.9219374907421123,3.2361654632190184,0.3834394025710347,1.3749679574862808,1.7825016863643013,-0.060579973306803335,0.16872427983539096,0.0279835390946502,0.002880658436214012,-0.009053497942386824,-0.005349794238683103,0.005761316872427991,-0.008230452674897092,1.1102230246251566e-17
157,157,0.8930041152263375,0.8940570617614286,0.886306334699023,0.9561928774030886,2.729624221831311,0.09543453750640528,1.6079081646574942,1.3694556989019915,0.8217882632210564,0.2032921810699589,0.03456790123456793,0.007407407407407451,0.0032921810699589106,-0.00041152263374480966,0.015226337448559713,0.004938271604938327,0.016872427983539127
158,158,0.9176954732510288,0.9185054321241759,0.9150252127324299,0.9620233217774976,2.6872560745542433,-0.29649476783407536,1.5224046618514007,1.514660131215238,1.20416608159502,0.2131687242798354,0.050617283950617306,0.020164609053497994,0.011111111111111172,0.005349794238683181,0.010699588477366295,0.0012345679012346067,-0.0020576131687242484
159,159,0.897119341563786,0.8967203510326293,0.8849706744868036,0.9486070381231672,2.3159797438120377,-0.5182612656514073,1.6788595087931537,1.2957722608367193,1.850381251627296,0.21975308641975314,0.07366255144032922,0.03703703703703709,0.007818930041152295,0.017283950617283994,0.030864197530864224,0.015226337448559678,0.01522633744855969
160,160,0.8930041152263375,0.8937712618946643,0.8812969774508236,0.9502638733407964,3.326467074905768,0.08416505747192822,0.9310413769623567,1.9098417766151057,0.43392528455980184,0.1975308641975309,0.052263374485596745,0.03950617283950623,-0.0020576131687242484,0.0061728395061728895,0.012757201646090576,0.006584362139917754,0.00905349794238689
161,161,0.8683127572016461,0.867989331788615,0.8557930833211732,0.9441850284546913,2.7953522173647065,-0.13694434927630833,1.7432735905913685,0.8127164851589862,1.4866923458748533,0.208641975308642,0.03415637860082309,-0.0024691358024691024,-0.0008230452674896638,0.005761316872428024,0.010288065843621463,0.0008230452674897526,0.0004115226337448874
162,162,0.9176954732510288,0.9182603082385217,0.9181034482758621,0.9698644267609786,2.704593260975426,0.3750894300740111,1.449427009255511,1.3784564279966307,0.5040415898268795,0.24691358024691362,0.04485596707818936,0.02345679012345684,0.0020576131687243373,0.01399176954732515,0.002057613168724326,-0.0028806584362139455,0.0037037037037037646
163,163,0.9176954732510288,0.9179736587143995,0.9084259114379596,0.9587701455171335,3.183807044494216,-0.32465484470287703,2.008316722570221,0.8012236705730378,1.2183071370348864,0.22345679012345682,0.07366255144032927,0.025102880658436244,0.008230452674897182,0.014403292181069994,0.01975308641975313,0.01028806584362144,0.015226337448559713
164,164,0.9053497942386831,0.9060034924846594,0.901643690349947,0.9662929859112255,3.1216649351105707,-0.0813195982955733,1.4044903565089453,1.5607205545882994,0.7023015063152857,0.20699588477366254,0.030041152263374483,0.009876543209876543,-0.0008230452674897082,-0.0020576131687242705,0.014403292181069949,-0.0037037037037036978,0.0024691358024691245
165,165,0.9094650205761317,0.9101760621109471,0.912091503267974,0.9508351488743645,3.3606557911846484,-0.5214613302014539,0.9119534016738289,1.7673892394501218,1.2575412423314478,0.23292181069958842,0.04156378600823041,0.0193415637860082,-0.0004115226337448874,0.00905349794238679,0.014814814814814791,0.0024691358024691245,0.010288065843621363
166,166,0.8724279835390947,0.8733090550880193,0.8648310861990607,0.9460687774579609,2.765748648030472,-0.11048131754894702,1.1770627426960039,1.4100768840549553,1.1345468006593513,0.1897119341563786,0.04032921810699591,0.03251028806584365,0.007818930041152305,-0.004938271604938249,0.0008230452674897303,0.003292181069958877,0.0008230452674897303
167,167,0.9012345679012346,0.9024918579110808,0.8994642294358651,0.9547746612039081,2.996726052242384,0.32844289589829423,1.4828857094894712,1.3083230046429029,0.4411954215449517,0.21069958847736628,0.05514403292181071,0.0041152263374485635,-0.0028806584362139898,0.0032921810699588438,1.1102230246251566e-17,-0.0008230452674896971,-0.003292181069958833
168,168,0.934156378600823,0.9346527814364072,0.9385482938114518,0.9698525159051474,2.351552554361179,-0.2078089815839708,1.4372499991044956,1.7911579903551098,1.0495786491975256,0.21687242798353906,0.07242798353909462,0.03621399176954728,0.008641975308641936,0.013580246913580219,0.024691358024691322,0.0251028806584362,0.03251028806584359
169,169,0.9382716049382716,0.9380861316070183,0.9323613086770981,0.9741820768136558,2.402455963490473,-0.25445777712571516,1.8168165115551063,1.6975836793565524,0.866380893655012,0.21522633744855962,0.051851851851851816,0.031275720164609014,0.001234567901234529,0.02057613168724277,0.016460905349794185,0.013991769547325039,0.010288065843621363
170,170,0.8930041152263375,0.8932578264663158,0.8866568914956012,0.9475806451612903,2.670420216022754,0.17056071260607247,1.6502560828618256,0.862893052946132,1.2632598474984873,0.19794238683127577,0.054320987654321015,0.014403292181070015,-0.0012345679012345178,-0.0016460905349793941,0.021810699588477412,0.018930041152263422,0.016049382716049443
171,171,0.9218106995884774,0.9219152132732381,0.9154132539091586,0.9728220402084883,2.824418947932873,-0.026523175471883417,1.2336578454685372,1.4229515862259727,1.0152044815101882,0.22592592592592595,0.03168724279835393,0.011522633744856004,-0.00781893004115224,-0.0020576131687242705,0.010699588477366295,0.006584362139917721,0.0020576131687242926
172,172,0.9094650205761317,0.9088530125567162,0.8911426380368098,0.960659509202454,2.678549196763233,0.395178862357132,1.0688975786090504,1.2298338724169386,1.1766972960980056,0.22592592592592592,0.03168724279835389,0.03950617283950616,0.004115226337448541,-0.0012345679012345846,0.0016460905349794052,0.006995884773662531,0.0028806584362139785
173,173,0.9218106995884774,0.9218921394631989,0.9179743737402821,0.9615606104232652,2.2224602588984217,-0.011478712106790386,1.6443432494276067,1.4429166649712608,1.2166739006526448,0.20123456790123456,0.04238683127572018,0.028806584362139943,0.003292181069958866,0.004526748971193451,0.023045267489711974,0.012757201646090566,0.011934156378600869
174,174,0.9218106995884774,0.9224812637085645,0.9176190476190476,0.9686507936507937,2.695259160605177,-0.1903667387699688,1.558970083313643,1.4834661923475112,0.9247244050214332,0.19465020576131686,0.04115226337448563,0.022222222222222254,0.006995884773662586,0.0004115226337448652,0.023868312757201658,0.015226337448559701,0.00823045267489716
175,175,0.9012345679012346,0.9001048979262487,0.886877667140825,0.9737553342816501,2.8594866859188004,0.5080415308637825,1.0379614299973197,1.362606760063768,0.6523317207897825,0.18353909465020574,0.04032921810699589,0.007407407407407418,-0.008641975308641959,-0.004115226337448541,0.009465020576131722,0.0024691358024691358,1.1102230246251566e-17
176,176,0.9012345679012346,0.9010406474826486,0.8944167852062589,0.9640825035561879,3.536119514975716,0.5274091767298738,0.8119588974087957,0.9038256160692744,0.3370960359643337,0.22057613168724283,0.03950617283950617,0.02716049382716048,-0.0008230452674897082,-0.0028806584362139785,0.0037037037037036978,0.003703703703703709,-0.0020576131687242705
177,177,0.8888888888888888,0.8890277139794825,0.8804155614500442,0.9440023577954613,2.018767121306003,0.16141108032299628,2.002858120933751,1.7476662972638177,0.7222346746839762,0.2481481481481481,0.06460905349794234,0.020987654320987603,0.0016460905349793941,-0.0028806584362140453,0.022222222222222178,0.005349794238683092,0.00905349794238679
178,178,0.9300411522633745,0.9311041224546576,0.9383297313985799,0.9786199444272923,2.8984981991544254,0.2597102094534119,1.3705290807967694,1.5136208618447704,0.292930593816131,0.18189300411522635,0.03950617283950616,0.008230452674897127,0.005761316872427968,-0.0016460905349794165,0.013168724279835387,-0.0012345679012345733,0.00493827160493826
179,179,0.9135802469135802,0.9130403715612718,0.9016339869281045,0.9642701525054466,2.587321865018552,0.19532739173923927,1.5520351916475348,1.24869696345118,0.8515399623618893,0.23086419753086415,0.03703703703703698,0.025925925925925863,0.013580246913580184,0.012757201646090488,0.022222222222222178,0.0028806584362139564,0.008641975308641936
180,180,0.9259259259259259,0.9259259259259259,0.9190119982224856,0.9731150940601393,2.7327159755124595,-0.22732660700464058,1.4925791444493093,1.0299483491802532,1.336867339135869,0.24403292181069958,0.05925925925925927,0.027572016460905367,0.007818930041152273,0.006995884773662553,0.015226337448559678,0.013991769547325117,0.01728395061728396
181,181,0.9300411522633745,0.9305401735713525,0.9290123456790124,0.9684499314128943,3.0512113385582995,-0.1721668412421089,1.586652556359888,0.6984331375026209,1.4612775185880797,0.19835390946502054,0.05390946502057612,0.030041152263374483,0.006172839506172811,0.016872427983539107,0.01851851851851851,0.01646090534979423,0.005349794238683115
182,182,0.9012345679012346,0.9007494297816878,0.8895424836601307,0.9663761801016703,2.8479187833526183,0.10535194204670047,1.03228881941635,1.3592958879520436,0.9525597316323015,0.19547325102880658,0.028395061728395066,0.014814814814814814,-0.016872427983539107,-0.014403292181069949,0.003292181069958855,-0.01358024691358023,-0.005349794238683125
183,183,0.8765432098765432,0.8769125890016664,0.8641975308641976,0.9544276787075141,2.8471509480132013,0.23112419177298243,1.6813274148465305,1.1706561192384888,0.7884793611768108,0.19341563786008228,0.013580246913580252,0.003292181069958855,-0.0008230452674897082,-0.0020576131687242705,0.00781893004115226,0.0012345679012345622,-0.0028806584362139898
184,184,0.9135802469135802,0.9125059080571497,0.8962498175981322,0.9544724937983365,2.516644356816302,0.6319062542894778,1.4549656313506194,1.0536131772599728,0.9488941406721897,0.20576131687242794,0.053909465020576065,0.04279835390946497,0.0037037037037036757,0.011111111111111061,0.020164609053497894,0.013991769547325039,0.008641975308641924
185,185,0.8888888888888888,0.8883503548554613,0.8703703703703703,0.9648681603414114,2.2486724993742193,0.22300935313247772,2.116505267684837,1.0582377878246199,0.9761901661804028,0.16831275720164604,0.027983539094650168,0.013168724279835353,-0.012757201646090588,-0.005349794238683192,0.005761316872427924,0.007407407407407363,-0.00823045267489717
186,186,0.9094650205761317,0.9101527563066024,0.8994883040935673,0.9671864847303444,2.82941209729067,-0.035130697329827196,1.9386866015443758,1.3235984035536772,0.5686878188994904,0.11563786008230448,0.029629629629629596,-0.0041152263374485964,0.0028806584362139564,-0.0057613168724280125,0.015226337448559658,-0.0016460905349794386,0.007818930041152227
187,187,0.9300411522633745,0.9307543049039648,0.9249125437281359,0.9729302015658837,2.800182919567607,0.03674296084187065,1.523151252653736,1.4576817736162868,0.77918711322673,0.22427983539094648,0.09465020576131686,0.03004115226337447,0.015226337448559668,0.011522633744855936,0.011934156378600801,0.008641975308641959,0.00987654320987652
188,188,0.8888888888888888,0.8892770994203127,0.8834310850439883,0.9633431085043989,2.4331381873580367,-0.7228030543221267,1.9510849432479587,1.6188207477770469,1.3067313341507913,0.18888888888888883,0.02839506172839502,-0.001646090534979472,-0.0037037037037037646,-0.005761316872428046,0.005349794238683092,-0.003292181069958877,0.0028806584362139676
189,189,0.8888888888888888,0.8925455221107395,0.9092072667217176,0.9587943848059455,2.445753397737797,-0.1770741465957864,2.091184114029519,1.3922886521407078,0.9464068179895012,0.1864197530864197,0.02921810699588473,-0.007818930041152316,-0.002057613168724326,-0.015226337448559713,-0.0037037037037037424,0.004938271604938238,-0.008641975308642035
190,190,0.8888888888888888,0.8887686582865936,0.8808666858623668,0.9419809962568385,3.385911601625819,0.28134717736218956,1.396633546587328,0.7648749914786993,0.880106958079834,0.22016460905349788,0.05349794238683123,0.006995884773662498,-0.002057613168724326,-0.007407407407407451,0.01563786008230449,-0.007818930041152305,0.0012345679012345401
191,191,0.8888888888888888,0.889813864742717,0.879727387330602,0.9491017964071856,2.784321624120806,-0.19051836015566456,1.5814165894908956,1.7300719446887554,0.7453129711271345,0.20781893004115223,0.04567901234567895,0.013580246913580197,-0.005349794238683192,0.002469135802469091,0.014814814814814748,0.0008230452674896748,0.004526748971193384
192,192,0.897119341563786,0.8979580680205659,0.8967190045919123,0.943860168863872,3.3265282528093807,-0.05318123323856911,1.4137972642970027,1.5609699934996544,0.2610020871540077,0.23456790123456792,0.048971193415637895,0.01028806584362143,0.0004115226337448763,0.0008230452674897303,0.006172839506172878,0.008641975308642002,-0.003292181069958833
193,193,0.8806584362139918,0.88019560719785,0.8671554252199414,0.9486803519061584,3.28847493283107,0.6685635713319338,1.0728639299613145,0.9474236135582002,0.3294599488758001,0.21604938271604937,0.030452674897119326,0.00864197530864197,0.0024691358024691136,0.0028806584362139785,0.0028806584362139676,0.01275720164609052,-0.01069958847736625
194,194,0.8847736625514403,0.8847736625514403,0.8794642857142857,0.948483560090703,2.659533989795337,-0.055056764357611546,1.8129333589212093,1.2759201844431827,1.0502558035778409,0.21028806584362134,0.02716049382716048,0.01481481481481478,0.011522633744855914,0.007407407407407374,0.01069958847736623,0.01069958847736624,0.004938271604938249
195,195,0.8683127572016461,0.86742256371886,0.8445552147239264,0.9394938650306749,2.589404875553736,0.1673436749685765,1.2494295616393811,1.456993970136947,1.2836931967194367,0.24279835390946505,0.058024691358024724,0.015637860082304576,-0.009876543209876487,4.4408920985006264e-17,-0.009053497942386779,0.001646090534979472,5.551115123125783e-17
196,196,0.8806584362139918,0.8811691991998046,0.8710422663232844,0.9512952582941978,2.6217748067097233,-0.06778173731472735,1.5567700910943738,1.434470628035338,1.165630731014244,0.19135802469135801,0.03251028806584359,-0.003292181069958866,-0.0057613168724279795,-0.011934156378600836,0.003703703703703687,0.01563786008230452,0.017695473251028805
197,197,0.8888888888888888,0.8887776048901367,0.8819077538197915,0.9524489504498073,2.809244652985903,-0.029653842008998073,1.6406645530436428,0.712850464083564,1.5515241348195528,0.19958847736625512,0.03497942386831272,0.010699588477366217,0.0008230452674896748,0.00041152263374480966,0.013580246913580197,0.005761316872427935,0.012757201646090488
198,198,0.9300411522633745,0.9299381259228958,0.9207831325301205,0.9753765060240964,2.574425619066406,-0.2746907326917064,1.6538937003343446,1.5031774722906692,1.0852273487006747,0.17983539094650203,0.04732510288065843,0.017695473251028805,0.003292181069958833,0.004938271604938249,0.01934156378600822,0.0065843621399176875,0.015226337448559658
199,199,0.8847736625514403,0.8847736625514403,0.8752932551319648,0.9576979472140762,1.8774341015313323,-0.2510047657225659,1.6325168155962295,1.7291860109473052,1.2556516751915008,0.21563786008230448,0.0436213991769547,0.022633744855967065,-0.006172839506172867,-0.012345679012345711,0.009465020576131643,-0.0012345679012345846,0.007407407407407385
200,200,0.9094650205761317,0.9087509059776543,0.8953742886327156,0.9533051218444477,3.3371017999379484,0.15575231857231078,1.5184277977294236,0.9600613636799055,0.6974000882322846,0.16995884773662548,0.04938271604938269,0.03251028806584361,0.003292181069958833,0.0020576131687242705,0.02510288065843619,0.018930041152263342,0.009465020576131666
201,201,0.9135802469135802,0.9138607849856024,0.9107843137254902,0.9681917211328976,2.5729874740285013,0.16408395690192046,1.4083348270951082,1.5272786960760054,0.4562869652739374,0.20740740740740735,0.05144032921810695,0.03374485596707814,-0.002880658436214023,-0.0020576131687243373,0.02139917695473248,0.00041152263374480966,0.010699588477366195
202,202,0.9053497942386831,0.9052190545894878,0.8946016381236038,0.9678332092330603,2.796098360521403,0.1590551159156529,1.2823499472066155,0.9320873412135567,1.2716019684078115,0.17983539094650203,0.046090534979423836,0.01646090534979422,-0.010288065843621418,-0.004938271604938283,0.01563786008230451,0.005349794238683092,0.007407407407407385
203,203,0.9012345679012346,0.9012345679012346,0.890210843373494,0.9649849397590361,2.698957902346441,0.3763656454122582,1.2208895717813957,1.1060876185759971,1.164556053280347,0.20329218106995883,0.06913580246913581,0.018106995884773668,0.0008230452674896971,-0.0016460905349794165,0.021399176954732535,0.013580246913580252,0.008230452674897104
204,204,0.8930041152263375,0.8926939238435222,0.878930817610063,0.9518568433662773,2.594095801233099,0.4839266349822159,1.4462881808138262,1.2079238169061737,0.8392651609663139,0.208641975308642,0.056790123456790166,-0.000823045267489686,-0.002057613168724237,-0.0016460905349794052,0.023868312757201682,0.0012345679012346177,-0.0037037037037036423
205,205,0.9259259259259259,0.9264528646551119,0.9268997185602132,0.9811879721522738,3.2050951621809305,-0.2571026716047266,0.8952991681790957,1.4091959414876516,1.1604619613912888,0.19629629629629633,0.03868312757201646,0.037860082304526754,-0.005349794238683103,-0.0037037037037036978,-0.0004115226337448319,0.0,0.0028806584362139898
206,206,0.8930041152263375,0.8930041152263375,0.8847584999270393,0.956661316211878,2.4824406147183504,-0.045245895574012374,1.2077003108307283,1.2069578455589616,1.33185610470454,0.1378600823045268,0.04320987654320992,0.027572016460905402,-0.00041152263374480966,0.002469135802469169,0.002880658436214023,-0.011111111111111049,0.007818930041152316
207,207,0.8806584362139918,0.8809077179709297,0.879055944055944,0.9402097902097901,3.1277741331202464,0.16109163167657053,1.3562196230303234,1.1129983865711142,0.7855731235665382,0.1222222222222222,0.04074074074074073,0.011522633744855936,0.0024691358024691245,-0.0032921810699588438,0.015226337448559668,-0.0008230452674897082,0.002057613168724259
208,208,0.9012345679012346,0.9003480580009389,0.883283693224125,0.9669396872673119,2.379276158946255,-0.22123712021824596,1.85407026376763,1.6561436658202129,0.7940481661421598,0.16707818930041152,0.030864197530864224,0.01810699588477368,0.004526748971193406,-0.0008230452674897082,0.011934156378600836,0.012757201646090543,0.017695473251028826
209,209,0.9053497942386831,0.9048770288022822,0.8880751533742332,0.9622699386503067,2.7790742366687065,0.2582277759472049,1.6668820278060916,0.959254949987986,0.7670040727132151,0.1596707818930041,0.01934156378600823,0.013168724279835365,-0.00781893004115225,0.0004115226337448541,0.006584362139917676,-0.0016460905349794052,0.00864197530864197
210,210,0.897119341563786,0.8980819676076335,0.8954325102257235,0.9406908044235722,2.587116036797166,0.228858828775978,1.4352317800225398,1.7785906012856414,0.5765361134298868,0.20452674897119344,0.045679012345679046,0.024691358024691367,0.014814814814814859,0.015637860082304566,0.03744855967078192,0.02469135802469139,0.012345679012345723
211,211,0.897119341563786,0.8982828410187221,0.892885282067444,0.9656476520642925,2.327294904407217,0.2924221015722012,1.4800595628608817,1.0642786706236094,1.3619240645254702,0.25020576131687244,0.04855967078189305,0.00658436213991771,-0.0004115226337448319,-0.0032921810699588104,0.016049382716049398,0.011522633744855982,0.009465020576131734
212,212,0.9218106995884774,0.9212625228538841,0.91244174551617,0.9740149696370569,3.2006060101402105,0.685724185195521,1.644993331424959,0.6279591019926052,0.4710607489449899,0.17242798353909466,0.048559670781893036,0.0012345679012346067,-0.0037037037037036757,-0.006995884773662519,0.01316872427983542,0.006995884773662553,0.007818930041152295
213,213,0.8806584362139918,0.8810458459324985,0.8754901960784314,0.9413217138707335,3.1607900295651166,-0.035368549604277766,1.2387280984106188,0.967638973738237,1.2664733263542438,0.18230452674897119,0.028806584362139887,0.0028806584362139898,-0.018930041152263388,-0.00864197530864197,0.00781893004115224,-0.0020576131687242817,0.00493827160493826
214,214,0.9465020576131687,0.9466111280170236,0.9373976416639371,0.966590239109073,3.3272049466199998,-0.07806743373793365,1.589935574817831,1.0030915803292226,0.8159762157831079,0.20370370370370372,0.05390946502057616,0.01028806584362143,0.006172839506172878,0.014403292181069994,0.018518518518518545,0.01028806584362143,0.01193415637860088
215,215,0.9094650205761317,0.9098642855952798,0.9072304100393989,0.9731504450605575,2.965701482681185,0.13758758861155898,1.8502868087838389,1.1250840961722743,0.3556149763657556,0.15390946502057606,0.03868312757201645,0.007407407407407385,0.005349794238683103,-0.002469135802469169,0.006995884773662519,0.004526748971193384,0.006995884773662508
216,216,0.897119341563786,0.897290633388569,0.8836829836829837,0.9658896658896658,2.79433311242363,0.10068399654390199,1.2219786191969912,1.6355109422998566,0.6956544073823969,0.16296296296296298,0.030864197530864213,0.01687242798353914,-0.006172839506172811,0.0020576131687242926,-0.0032921810699588104,-0.0012345679012345401,-0.0020576131687242705
217,217,0.9176954732510288,0.9172182557390054,0.9040953090096797,0.9731198808637379,2.428820951713064,0.21970006972817374,1.7165170574112865,0.9847272628856985,1.0827514146679793,0.16213991769547326,0.022222222222222275,0.0020576131687243147,-0.0012345679012345512,-0.008641975308641924,-0.0032921810699588104,-0.0008230452674896971,0.00905349794238689
218,218,0.8724279835390947,0.8708505164569071,0.8444401840490797,0.953680981595092,2.9766047543076843,-0.02956626274022625,1.1707344090806018,1.03110469576351,1.2863853215392616,0.1609053497942387,0.037037037037037056,0.012757201646090555,0.010699588477366295,-0.0012345679012345512,0.022633744855967107,-0.004115226337448552,0.010699588477366306
219,219,0.897119341563786,0.8958816795074105,0.8794117647058823,0.9620188816267248,2.604834196688942,0.006718673305588452,1.137706847379674,1.979273977113611,0.8423970281794778,0.18930041152263377,0.047325102880658464,0.019753086419753086,0.008641975308642014,-0.0016460905349794165,0.02098765432098767,0.0004115226337448763,0.0012345679012345846
220,220,0.9135802469135802,0.9130949070539748,0.8941065237945163,0.9544595020485345,2.7188839147347426,-0.09717764468570862,0.9911840296207752,1.7269173007312821,1.367053840115761,0.20329218106995878,0.039094650205761285,0.0304526748971193,-0.004115226337448619,-0.006995884773662609,0.0024691358024691024,0.006584362139917655,0.0024691358024691024
221,221,0.9094650205761317,0.9087746013033369,0.896078431372549,0.9636891793754538,3.100401333271323,-0.008580022887640709,1.5699886472554503,1.1873764170198413,0.7841468088719564,0.20452674897119336,0.03251028806584362,0.0127572016460905,-0.003703703703703731,-0.0004115226337448874,0.006172839506172811,-0.009053497942386867,-0.0012345679012345956
222,222,0.9218106995884774,0.9213553909405111,0.9116038007486322,0.9696228044917938,2.9628096891666487,-0.2136578137989155,1.4014920532259942,1.9936499684116067,0.536540697222923,0.18148148148148152,0.052263374485596724,0.03168724279835393,0.002880658436214023,0.005349794238683148,0.027983539094650234,-0.001234567901234529,0.017695473251028836
223,223,0.8806584362139918,0.8823372116608543,0.8864854802680566,0.966120625465376,2.751779006031784,-0.18014613742079447,1.0905063360122493,1.5864522033828659,1.1184899377361588,0.22839506172839505,0.023045267489711908,0.005761316872427968,-0.006172839506172844,-0.008641975308642002,0.0012345679012345733,-0.019753086419753086,-0.008230452674897115
224,224,0.8847736625514403,0.8850766202598854,0.8760610573343262,0.93596425912137,3.04343647516261,-0.0980949059398605,1.684386602740686,1.4716254468408991,0.5861930363990485,0.1835390946502057,0.024691358024691322,0.01769547325102877,0.008230452674897082,0.004526748971193384,0.017283950617283918,-0.007818930041152295,-0.0008230452674897303
225,225,0.9259259259259259,0.9263418854613823,0.923155582487502,0.9783366156642934,3.0870870499408505,-0.05782707614144016,1.7021419950222887,0.8343604755802682,0.9852575792191649,0.1769547325102881,0.05390946502057613,0.020576131687242805,0.0049382716049382715,0.003292181069958855,0.012757201646090555,0.002880658436214001,-0.005349794238683103
226,226,0.9259259259259259,0.9264908144218488,0.9265498652291105,0.9672806229410004,3.1824286090120935,0.012863725612725493,1.5977022424220118,0.9300099411460554,0.8175375194668059,0.17572016460905351,0.06913580246913582,0.025514403292181076,0.005349794238683125,0.016872427983539096,0.0065843621399176875,0.01810699588477368,0.013991769547325106
227,227,0.897119341563786,0.8963105342861605,0.8846922747393974,0.9482364700842496,2.8651124235452534,-0.3760092126826898,2.16156336960793,1.2872652749526432,1.0559166202667196,0.16584362139917697,0.034567901234567947,0.002880658436214023,-0.0020576131687242705,-0.0037037037037036757,0.009053497942386867,-0.0016460905349794052,0.006995884773662575
228,228,0.934156378600823,0.9334061214403095,0.9135111876075731,0.9874041621029573,2.195763212786761,0.08539113868176303,1.5117974005787003,1.329623335243181,1.2186306507182467,0.18888888888888883,0.05061728395061725,0.02057613168724275,-0.007407407407407451,-0.006995884773662586,0.0012345679012345401,-0.003292181069958877,-0.0004115226337448541
229,229,0.9094650205761317,0.9097274902077446,0.9017573094985608,0.959324344796243,2.851956097483916,0.21028670542784025,1.69376423706422,0.8971034601511586,0.8108571205399451,0.2345679012345679,0.03374485596707817,0.003703703703703687,0.0037037037037036757,0.011522633744855914,0.02304526748971193,0.02345679012345675,0.019753086419753076
230,230,0.9176954732510288,0.9189104448363707,0.9170488044546348,0.9629053390108091,3.3036776249133792,0.37134094000230033,0.9963012820322105,1.3167890055856992,0.38311935411111997,0.19958847736625515,0.041975308641975365,0.059670781893004156,-0.0004115226337448319,-0.00411522633744853,0.01851851851851858,0.016049382716049422,2.2204460492503132e-17
231,231,0.897119341563786,0.8967853676685217,0.8880645161290323,0.952616487455197,2.8101795442449093,-0.23294234405156808,0.9616147135185792,1.218063364451095,2.0100735962697702,0.23580246913580244,0.053497942386831296,0.018930041152263388,0.016460905349794264,0.01399176954732514,0.017283950617283973,0.025514403292181076,0.020576131687242826
232,232,0.897119341563786,0.8969678322395526,0.8841867469879519,0.9594126506024097,3.0045620123531616,0.27702536608376077,1.578427753880986,0.8366158658318747,0.8765839367775543,0.17489711934156382,0.03045267489711937,0.0037037037037037533,0.0004115226337448652,-0.008641975308641947,0.0057613168724280125,-0.004115226337448552,-0.003292181069958833
233,233,0.9259259259259259,0.9259259259259259,0.908920539730135,0.9812593703148426,3.0767072095322043,0.4870535484471247,1.46812145980127,0.6069322305242282,0.7541618184961436,0.16213991769547326,0.03950617283950618,0.02304526748971194,-0.0020576131687242705,-0.0024691358024691245,0.0041152263374485635,-0.005761316872427991,-0.0065843621399176875
234,234,0.897119341563786,0.896981823557522,0.8862020441416086,0.9527477410753963,2.4167069161861323,1.033472177096518,1.7556327920663928,0.9174095709925045,0.40047981515052067,0.1975308641975309,0.06049382716049386,0.018930041152263412,0.01399176954732514,0.017695473251028836,0.03251028806584364,0.011934156378600869,0.016460905349794264
235,235,0.8930041152263375,0.8933550974047012,0.8806526806526807,0.9522144522144522,3.4287693697964348,0.28337049297098865,1.0430240066727299,1.3486433507990938,0.5010643508634957,0.208641975308642,0.05967078189300414,0.014403292181070015,-0.00411522633744853,0.004115226337448619,0.012345679012345734,0.002880658436214023,0.007407407407407474
236,236,0.8847736625514403,0.8847736625514403,0.8752932551319648,0.9488269794721409,2.702182121405394,0.00649778911261334,1.2396016732073385,1.4862213914642173,1.0816086311773694,0.20329218106995878,0.05596707818930038,0.007818930041152227,-0.010699588477366285,0.005349794238683103,0.01934156378600822,-0.012757201646090555,-0.0016460905349794496
237,237,0.9465020576131687,0.9467025827440261,0.9454525255517701,0.9840023700192565,2.26635081754994,0.12834798450195026,1.2937662097673033,1.4135169907097023,1.2631009136803177,0.2518518518518519,0.04773662551440331,0.040740740740740765,-0.0016460905349794165,0.00452674897119344,0.007407407407407429,0.005349794238683148,1.1102230246251566e-17
238,238,0.9259259259259259,0.9259259259259259,0.918577810871184,0.95867460908414,3.2031616172630737,0.026459016915472654,0.9106868955378902,1.6778906989403013,0.6598052183360178,0.2308641975308642,0.06131687242798356,0.06707818930041153,0.023868312757201648,0.010288065843621408,0.04732510288065844,0.020576131687242816,0.030452674897119336
239,239,0.8930041152263375,0.8907691049591988,0.8636671686746988,0.9620481927710843,2.745285903804102,0.11849726264487882,1.5385000445985566,1.0522939734998664,1.204118543823884,0.19218106995884782,0.041563786008230505,0.0037037037037037533,-0.002057613168724237,-0.005349794238683092,0.013168724279835453,0.001646090534979472,0.005349794238683181
240,240,0.934156378600823,0.9345381526104418,0.9320987654320987,0.9657064471879286,3.2165880369303506,-0.17102990983829106,1.2409024386033294,1.2597264902696452,0.8542973559727706,0.1938271604938271,0.04650205761316867,0.013168724279835365,0.006995884773662519,-0.0041152263374485964,0.01687242798353906,0.005761316872427957,0.006172839506172811
241,241,0.9218106995884774,0.9227775342517535,0.920668815471394,0.9684931506849316,2.6678026075128156,0.09537775511594013,1.5521150549227487,1.3403223195439067,0.8114396469320665,0.18641975308641975,0.05308641975308644,0.024691358024691402,0.0008230452674897082,0.005761316872428002,0.0012345679012345846,0.0041152263374485964,-0.007407407407407363
242,242,0.9176954732510288,0.9167027651433111,0.8925000000000001,0.9739682539682539,2.2329836958533433,-0.004515210570526888,1.4811955244291921,1.1144672528546495,1.7002040987717961,0.23868312757201648,0.03374485596707823,0.018930041152263422,0.001646090534979494,0.0032921810699588884,0.033744855967078234,0.012345679012345734,0.006584362139917754
243,243,0.9094650205761317,0.9111874097974868,0.9198135198135198,0.9597513597513598,3.127124724161247,0.25484708385163557,1.589830084233875,1.0812701880704143,0.5437744548831095,0.21152263374485591,0.05514403292181067,0.012345679012345656,0.005349794238683103,0.0012345679012345512,0.02345679012345677,0.007407407407407385,0.0032921810699587995
244,244,0.8806584362139918,0.8792699491655664,0.8627096587622903,0.9505494505494506,2.2214425829109268,0.34875786180673657,1.8964423152978547,1.79321910114456,0.4493017903768442,0.17407407407407405,0.0654320987654321,0.0222222222222222,-0.0016460905349794386,0.0016460905349794165,0.016049382716049367,0.0028806584362139785,0.004115226337448552
245,245,0.8806584362139918,0.882531233828639,0.8817016317016317,0.941025641025641,2.651959536996861,-0.0005689661828260969,1.3723699172351025,2.1089667999541852,0.314239866192637,0.19176954732510287,0.026337448559670785,0.012757201646090533,-0.005761316872427957,0.0020576131687242817,0.006995884773662564,0.006995884773662531,-0.009876543209876566
246,246,0.9012345679012346,0.9018072289156626,0.8950617283950617,0.960448102423411,2.6847392456981924,-0.05269652066542574,0.7831951615622301,1.5054272676692122,1.5498544826870566,0.24773662551440329,0.05020576131687243,0.03662551440329219,0.01810699588477368,0.012345679012345689,0.024691358024691367,0.009465020576131699,0.006172839506172823
247,247,0.897119341563786,0.897290633388569,0.8836829836829837,0.9574203574203575,2.600087005552594,-0.15479638759893752,1.5726836367977344,1.459381131555293,1.4280406832044665,0.20823045267489712,0.03251028806584363,0.002880658436214023,0.0004115226337448652,-0.00781893004115224,0.015226337448559701,0.0016460905349794386,0.006172839506172878
248,248,0.8930041152263375,0.8942645979471467,0.8989369501466276,0.9542521994134897,2.54606047320666,-0.0383503736879709,1.5702173888775592,1.5305960745049296,0.9296343614191926,0.22263374485596713,0.052263374485596745,0.025102880658436265,-0.002057613168724259,-0.004115226337448508,0.005349794238683181,0.005349794238683192,0.004938271604938327
249,249,0.9259259259259259,0.9263025182565413,0.9240134028294862,0.9679821295606851,2.7904919078382466,-0.031096052338358795,1.5133051089082032,1.2330961986349427,1.2287161844019285,0.22839506172839505,0.044032921810699586,0.047736625514403296,0.004115226337448552,0.023456790123456795,0.019341563786008254,0.015637860082304535,0.011111111111111127
