,random_seed,accuracy,f1_weighted,balanced_acc,auc,model_weights.random_forest,model_weights.bagging_svc,model_weights.bagging_knn,model_weights.gradient_boosting,model_weights.mlp,feature_importance.leftlow_CO2_scaled,feature_importance.lefttop_CO2_scaled,feature_importance.leftlow_CO2_fd3_scaled,feature_importance.lefttop_CO2_fd2_scaled,feature_importance.leftlow_CO2_fd2_scaled,feature_importance.leftlow_CO2_fd1_scaled,feature_importance.lefttop_CO2_fd1_scaled,feature_importance.lefttop_CO2_fd3_scaled
0,0,0.9672727272727273,0.9671536553334305,0.9438211796702363,0.9949005609382968,1.8540723423907222,1.4047867669595488,1.535552766571208,1.3005776562234046,1.9312955870209936,0.24400000000000005,0.002909090909090928,-0.001454545454545464,-0.0025454545454545617,-0.003272727272727294,-0.0036363636363636485,-0.004000000000000015,-0.006545454545454488
1,1,0.9781818181818182,0.9783305785123966,0.9724317077258253,0.9947209653092006,2.2566755097083004,1.7011827727895066,1.6943342469621523,1.5945795491395363,1.1278725391865223,0.22654545454545452,0.002181818181818185,0.021818181818181747,0.0036363636363636598,0.010181818181818148,0.002545454545454551,0.0032727272727272826,0.007636363636363575
2,2,0.9781818181818182,0.9781818181818182,0.9676318267419963,0.997489014438167,2.431159211038629,1.3601136303967518,1.9292298471040734,1.4591694208738801,0.9640595852523719,0.23854545454545453,0.006909090909090898,0.005090909090909068,0.0018181818181818188,0.0010909090909090868,0.003999999999999992,0.0010909090909090758,-0.002909090909090928
3,3,0.9563636363636364,0.955110101525196,0.9076935457910833,0.9873652019958152,2.1218168908714667,1.599343109207113,1.497684192912182,0.9030616667031068,1.8735220814175846,0.23781818181818187,-0.002545454545454484,0.0007272727272727431,-0.0032727272727271937,-0.002545454545454484,-0.0003636363636363549,1.1102230246251566e-17,-0.002909090909090839
4,4,0.9672727272727273,0.9663768413925368,0.9296875,0.9982227488151659,2.4610739592614754,1.3328966779201394,1.8790258917383187,1.4731282636063896,1.0021150699804409,0.264,-0.004363636363636347,-0.010181818181818136,-0.0032727272727272826,-0.0029090909090909054,-0.006545454545454521,-0.006181818181818155,-0.012727272727272698
5,5,0.9490909090909091,0.9490909090909091,0.9181964983851776,0.9913309535951046,2.2632613789801455,1.5112456118319142,2.0851849752248315,1.4092221714492805,1.2357793615256725,0.19236363636363635,-0.0010909090909090979,0.0,-0.0072727272727273196,-0.0069090909090909315,0.0,-0.003272727272727294,0.003272727272727294
6,6,0.9745454545454545,0.9743401646135998,0.9573365231259967,0.9975351602145861,2.2871071230612046,0.5055359326477002,2.2464653686814495,0.9505615653625694,2.076667956875608,0.29709090909090907,-0.0007272727272727541,-1.1102230246251566e-17,0.006545454545454477,0.0032727272727271937,-0.003272727272727294,0.0036363636363635488,-0.0025454545454545617
7,7,0.96,0.9598334297281665,0.9264867841409692,0.9945851688693098,3.016881960117881,1.7594929427707706,1.2015898193411005,0.750047059910521,1.126944016081239,0.15818181818181815,0.0025454545454544953,0.0025454545454544953,-0.0043636363636363916,-0.0021818181818181958,-0.0072727272727273196,-0.006545454545454588,0.00036363636363633266
8,8,0.9709090909090909,0.9709090909090909,0.9539131892073068,0.9953913189207306,3.5145465650333376,0.8917153539734285,1.8207611317582832,1.153882253371505,0.9756922449224925,0.2036363636363637,-0.002545454545454484,0.00036363636363637706,-0.006909090909090842,-0.007999999999999941,0.002909090909090928,-0.0010909090909090647,-0.00363636363636356
9,9,0.9709090909090909,0.9706414797323888,0.9379227053140096,0.9933333333333334,2.625277756716512,0.978263092513084,1.906995809837495,1.3282639063139485,1.3183148992354192,0.21381818181818185,0.0025454545454545842,0.006909090909090953,0.004000000000000026,0.006545454545454588,0.0036363636363636598,-0.00290909090909085,0.0061818181818182215
10,10,0.9709090909090909,0.9705764597359325,0.9483856635071091,0.996815758293839,2.53325848026028,1.4608357264566967,1.6381035369723127,0.8841306925397054,1.5743457149079723,0.25054545454545457,0.000363636363636366,0.000727272727272732,0.0036363636363636598,0.0,0.0,0.00036363636363637706,0.0
11,11,0.96,0.9601417691609883,0.9393166751657318,0.9963454020057794,2.6973919418693946,1.330258557272935,1.6868894521767115,1.0842748528655966,1.3901314291468687,0.21236363636363637,0.0007272727272726986,-0.0061818181818182215,-0.00909090909090915,-0.006545454545454588,-0.0061818181818182215,-0.0036363636363636598,-0.006909090909090953
12,12,0.9636363636363636,0.9636363636363636,0.9407123145912384,0.9947395653673681,2.4998460094819963,1.2589303243926138,1.0524621361359199,1.878125150113203,1.0674185481753604,0.24327272727272725,0.0018181818181818188,-0.0025454545454545617,0.000363636363636366,-0.0065454545454545765,0.0032727272727272826,-0.0036363636363636598,-0.000363636363636366
13,13,0.9854545454545455,0.9854545454545455,0.9769565946036534,0.9988268811798224,2.7985460229071317,1.3174985194866229,1.9967572569012675,0.7327601247823295,1.2060393864393728,0.20763636363636367,0.001454545454545464,0.0010909090909090979,0.003272727272727294,-0.0025454545454545617,0.003272727272727294,0.0043636363636363916,0.002909090909090928
14,14,0.9709090909090909,0.9707386102483392,0.952635165833712,0.9963652885052249,2.6354408807696017,0.9397161403384338,2.116609907859259,0.7234935256026156,1.9031185384821006,0.26763636363636367,-0.0014545454545454085,-0.002545454545454484,-0.0021818181818181294,0.002909090909090928,0.0,0.0010909090909090979,-0.00618181818181811
15,15,0.9345454545454546,0.9330850281793679,0.8909658438576349,0.9862944890929966,2.283978262930407,1.4566897338259068,2.93620444060823,0.4057683034242196,1.2510373022552397,0.20763636363636362,-0.0021818181818181737,-0.009818181818181781,-0.0036363636363636377,-0.0032727272727272605,-0.0007272727272727208,-0.0029090909090909054,-0.011999999999999978
16,16,0.96,0.9595517039160747,0.9249532551419344,0.9934557198708143,2.7304100336675208,1.182252191358462,1.943334943799583,0.504096086033079,1.8319341922507004,0.19818181818181815,0.0007272727272727098,0.003999999999999915,-0.001454545454545464,0.0,0.0003636363636363549,-0.0036363636363636598,-0.000363636363636366
17,17,0.96,0.9595855957061723,0.9283675799086758,0.9897260273972602,1.862767877863952,1.819571064873553,1.641092382829698,1.605468802461526,1.5152281647691659,0.2290909090909091,0.0010909090909090424,0.004727272727272647,0.0010909090909090647,-0.0018181818181818299,0.002909090909090839,-0.000727272727272732,0.005090909090909012
18,18,0.9418181818181818,0.9408911088911089,0.9070403523728332,0.9912617220801363,2.221989708817028,0.7917830375895538,2.124044070355081,0.17478866481178348,2.61678772079517,0.2632727272727272,0.0029090909090908833,-0.004000000000000026,0.0007272727272727098,0.00363636363636356,0.005818181818181755,0.006545454545454477,0.007636363636363575
19,19,0.9672727272727273,0.9668736212445231,0.945802264567799,0.9956503728251864,2.2966841910261397,2.1054615799165886,1.4398988095275334,1.4284118016522622,0.8769889839423999,0.2574545454545455,0.0021818181818181958,-0.0029090909090908946,-0.0069090909090908535,-0.009454545454545415,-0.0036363636363636264,-0.011636363636363601,-0.004363636363636347
20,20,0.9709090909090909,0.9711480443198505,0.957120194102277,0.9928144830160508,2.8528361151839,1.3994905060693803,1.7910264889877245,1.6896612629290892,0.6504655174476309,0.20218181818181824,0.006909090909090953,0.0043636363636363916,-0.005818181818181745,-0.0021818181818181294,0.0018181818181818299,0.0010909090909090979,0.008000000000000052
21,21,0.9636363636363636,0.963375210545022,0.9353946706887883,0.9932964638846992,2.9406574633449547,1.2318629812213737,1.9247852105137617,0.2596435699702692,1.9245608375600416,0.196,0.0010909090909090868,-0.005090909090909123,0.0018181818181818299,0.0,0.002909090909090928,0.0021818181818181958,-0.0036363636363636598
22,22,0.9709090909090909,0.970491245962944,0.9409090909090909,0.9960330578512396,2.5202081840915214,1.316922973873044,1.3052359396246935,0.648532629443917,2.2371157083820776,0.2498181818181818,4.4408920985006264e-17,0.0036363636363636598,0.001454545454545464,-0.0014545454545454085,0.0,1.1102230246251566e-17,0.0010909090909090979
23,23,0.9527272727272728,0.9522620220143558,0.9195137454314317,0.9931670109645638,1.8166494168826444,1.1507595660425913,2.1484413043615485,1.2469698124318536,1.761743704213408,0.24763636363636365,0.000363636363636366,0.0021818181818181958,-0.000363636363636366,0.0,0.000363636363636366,-0.0036363636363636485,0.0
24,24,0.9454545454545454,0.9445366675435013,0.902272366121087,0.9891943429207055,1.6517645068323976,1.1016691662127105,2.217654427553757,1.6879221919601852,1.4072286133670437,0.21999999999999997,0.0021818181818181624,-0.000727272727272732,0.007636363636363585,0.0032727272727272718,0.010181818181818136,0.000727272727272732,-0.0025454545454545617
25,25,0.9636363636363636,0.963220574669916,0.9382034952606635,0.9942979857819905,2.6477784060476273,1.0409335150270587,1.9511046509901433,1.4008329381285491,1.2081587200291004,0.23890909090909088,0.000363636363636366,0.001454545454545464,-0.003272727272727294,-0.0036363636363636485,0.0,-0.0010909090909090979,-0.000363636363636366
26,26,0.9527272727272728,0.9528784698559812,0.9313133751810719,0.9927571221632061,2.3010768748596533,1.685141925966715,1.4220932709242693,1.1630408242648962,1.7113716668986134,0.2432727272727273,-0.001454545454545464,0.006909090909090953,0.0025454545454545617,-0.0036363636363636485,-0.000363636363636366,-0.000727272727272732,0.0036363636363636598
27,27,0.96,0.9593093261769541,0.9229438274585546,0.9946080798326091,1.810214298783299,1.3363768447612538,2.138508110443789,1.685863812278974,1.5111502587183554,0.24181818181818177,0.0007272727272727098,0.007636363636363575,0.010545454545454502,0.010909090909090868,0.006909090909090842,0.0036363636363635488,0.0014545454545454195
28,28,0.9563636363636364,0.9566689519630696,0.9370644229134795,0.9949855515893251,2.62812558481269,1.7543977339943062,1.2863328738954773,0.6627308658145576,1.7231507313167553,0.18400000000000002,-0.005090909090909024,-0.002545454545454484,0.0,-0.006181818181818122,-0.0036363636363635488,-0.004363636363636292,-0.0007272727272727098
29,29,0.9672727272727273,0.9671364425048635,0.939106093979442,0.9935756240822321,2.2205322629071786,1.7133419970918766,2.0938852268020076,1.2115078170248754,0.8630212846403682,0.1850909090909091,-0.0032727272727272605,0.004727272727272758,-0.006545454545454521,0.0025454545454545617,0.0010909090909090979,-0.0036363636363636485,-0.0029090909090908946
30,30,0.96,0.9598752492055033,0.9375784682988073,0.9890144381669805,2.0373663864666547,1.5071203506278295,1.7057564082987977,0.8025706386858154,2.48709265760593,0.2727272727272727,0.002909090909090839,0.005454545454545379,0.005090909090909012,0.002909090909090839,0.005090909090909012,0.002545454545454484,0.0021818181818181515
31,31,0.96,0.9596161919040479,0.9314187068424357,0.9952919020715632,2.2789337067052227,0.861044205944844,1.6490710329809009,1.7566364004606794,1.4043343224569313,0.27309090909090894,-1.1102230246251566e-17,0.002909090909090839,-0.0021818181818181958,-0.005090909090909123,-0.002909090909090928,0.002545454545454473,-0.003272727272727294
32,32,0.9636363636363636,0.9638780169602087,0.95,0.9970247933884298,2.7932051331292223,0.6627230040446295,1.9701872344528832,1.3826005686878184,1.3795175290023245,0.19672727272727272,-0.0010909090909090979,-0.0029090909090909167,-0.004727272727272758,-0.011272727272727268,-0.007636363636363652,0.0,-0.0010909090909090979
33,33,0.9636363636363636,0.9640957485228897,0.9572325505544683,0.9959230267449446,1.9832258022326903,1.18144886934204,1.8700471556927474,1.6328282252459823,1.4943551249898261,0.27927272727272723,0.000727272727272732,0.0036363636363636485,0.0,-0.000363636363636366,-0.003272727272727294,0.0,0.000727272727272732
34,34,0.9745454545454545,0.974267620020429,0.9491788168258757,0.9947209653092006,2.282903534854337,0.8038869274760045,1.8974573651729407,2.0091833487040254,1.3652113452263157,0.24763636363636357,-0.00290909090909095,-0.00036363636363638817,0.00363636363636356,0.0043636363636362805,0.0047272727272726685,0.0003636363636363438,0.0010909090909090647
35,35,0.96,0.9588962798718896,0.910589835118137,0.9937956824749278,3.099939981559569,1.031018128435349,2.1963232219655273,1.283568694770882,0.830485826241628,0.21090909090909088,0.0025454545454544953,0.0,-0.00981818181818187,0.0,-0.000727272727272732,-0.003272727272727294,-0.0036363636363636598
36,36,0.9636363636363636,0.9628529043623383,0.9240052185257664,0.9960045662100457,2.3087469361442863,1.9848582707897917,1.41214148795209,0.40240748373590446,1.9027327331162482,0.20290909090909087,-0.0036363636363636598,-0.003272727272727294,-0.0036363636363636598,-0.0018181818181818299,-0.0043636363636363916,-0.0036363636363636598,0.0
37,37,0.9709090909090909,0.9709090909090909,0.9563006515175592,0.9976958525345623,2.3772970273086313,0.9095372617841913,1.9189663376968666,1.13355993193424,1.7930407375330677,0.2734545454545455,0.0007272727272727653,1.1102230246251566e-17,0.0021818181818181958,1.1102230246251566e-17,0.0025454545454545617,0.0,0.000363636363636366
38,38,0.9454545454545454,0.9452886406619175,0.9170542635658915,0.9909302325581395,2.6941874724896597,1.6484530345451653,1.0252129601600104,1.5958107665059489,1.2239565859718085,0.23054545454545453,0.0010909090909090979,0.0021818181818181958,0.000363636363636366,0.0025454545454545617,0.001454545454545464,0.0032727272727272718,0.006181818181818144
39,39,0.9636363636363636,0.9638494644623035,0.9527131782945737,0.9954263565891474,2.4576076799623423,0.7128669007989341,1.7871958722166563,1.4307275711965695,1.8038835101097013,0.30327272727272725,-0.0032727272727272826,0.000727272727272732,0.0036363636363636598,-0.0010909090909090979,-0.0010909090909090979,-0.003272727272727294,0.0036363636363636598
40,40,0.9636363636363636,0.9633682461036721,0.9343872174060853,0.9954105048444671,2.6569541809670816,1.7562791881124449,0.9329433291550457,0.9934608636152391,1.4490287771942791,0.2189090909090909,0.0036363636363636598,0.0025454545454545617,0.000727272727272732,0.003272727272727294,0.000363636363636366,0.0,-0.000363636363636366
41,41,0.9418181818181818,0.9408202882987071,0.9034798534798535,0.9942124542124543,2.521958635666259,1.3029207421021327,1.6132053189111881,0.9554033098069719,1.7150543093238468,0.22763636363636358,-0.004000000000000026,-0.007636363636363686,0.0,-0.008000000000000052,-0.001454545454545464,-0.000363636363636366,-0.0018181818181818299
42,42,0.96,0.9601922833649588,0.9276006539955037,0.9900878806458205,2.514191673328707,1.462978228599007,1.384756035275381,2.1512136608258565,1.0128779279448679,0.18436363636363634,0.0010909090909090647,0.0025454545454544953,-0.000363636363636366,-0.000727272727272732,-0.000363636363636366,-0.000363636363636366,-1.1102230246251566e-17
43,43,0.9490909090909091,0.9487155445451411,0.911014788373279,0.9926058133605303,1.8486769916751005,1.4913766560304687,1.3799700796078886,1.629442140572721,1.8096671151775943,0.19527272727272726,-0.0032727272727272826,-0.007636363636363652,-0.012363636363636344,-0.009818181818181827,-0.005454545454545467,-0.015272727272727271,-0.01090909090909089
44,44,0.9672727272727273,0.9671536553334305,0.9438211796702363,0.9939656637769845,2.185625780301455,1.5581000111239118,1.5601465800959338,1.0154210580670866,1.7371786598858046,0.20218181818181818,0.00436363636363638,0.01090909090909089,-0.002545454545454551,0.000363636363636366,-0.000727272727272732,0.001454545454545464,0.0043636363636363916
45,45,0.9345454545454546,0.933739085772984,0.8934809253868546,0.989888156886778,2.4036249608626084,1.9750080413097373,1.7345032727484841,0.5710031369096694,1.6905730030414576,0.21527272727272734,-0.007272727272727231,-0.000727272727272732,-0.005818181818181789,-0.0029090909090909167,-0.0036363636363636598,-0.00727272727272722,-0.008363636363636318
46,46,0.9709090909090909,0.9702116341307238,0.93045015522594,0.9966367713004484,2.9009871107996252,1.1072933350041085,1.7953313811804679,1.4849431214677118,1.1165158775586503,0.21890909090909094,-0.00545454545454539,-0.003999999999999915,-0.003999999999999915,-0.0043636363636362805,0.003272727272727294,-0.0010909090909090534,-0.003999999999999915
47,47,0.9563636363636364,0.955557267591166,0.920377101317583,0.9945479327578374,2.172318869489406,1.4373031431400989,1.8577027582017505,0.4767792830370222,2.10141634294733,0.26363636363636367,-0.008727272727272684,-0.00618181818181811,-0.0043636363636362805,-0.006545454545454477,-0.00618181818181811,-0.003636363636363571,-0.004727272727272647
48,48,0.9672727272727273,0.9669059395676975,0.9366394696583376,0.9944756076831548,2.217358049678965,1.703126357013982,1.514649034076642,2.0086488386907857,0.8354094173264145,0.21454545454545454,-0.002181818181818185,-0.0007272727272727208,-0.001454545454545464,-0.005454545454545423,-0.0029090909090909054,-0.0032727272727272605,-0.0014545454545454417
49,49,0.9527272727272728,0.952183129226063,0.9118661607450845,0.991117626767851,2.271665428706823,1.0764379780295372,1.812693536709601,1.8520738610032301,1.4050012967697167,0.21345454545454548,-0.0036363636363636377,-0.002545454545454551,-0.0036363636363636485,-0.0025454545454545617,0.000363636363636366,-0.004000000000000015,-0.002181818181818185
50,50,0.96,0.9598379645433649,0.9277135633014267,0.9915116489073506,2.9089385927875573,1.5018442267792267,1.721505336583487,0.06614014507874649,1.855114636575625,0.17745454545454542,0.003272727272727205,-0.00036363636363637706,0.002909090909090839,0.00618181818181811,0.010909090909090868,0.006545454545454477,0.0039999999999999255
51,51,0.9781818181818182,0.9778424242424242,0.9496809244567093,0.9969817178337357,2.55741149828836,1.1107027093583133,2.275442977896342,1.143485764823204,1.1939124084706494,0.2018181818181818,-0.001454545454545464,0.0036363636363636598,-0.000363636363636366,-0.0018181818181818299,0.001454545454545464,0.002909090909090928,-0.000363636363636366
52,52,0.9563636363636364,0.9551423739659034,0.9091848085174004,0.9942793580168441,2.4062992432433865,1.2568243096099903,1.9818098563763356,0.7501226966143604,1.8451969916759599,0.24763636363636365,1.1102230246251566e-17,-0.0003636363636363438,-0.0003636363636363549,-0.0003636363636363549,0.0,0.0,-0.0003636363636363549
53,53,0.9636363636363636,0.9636363636363636,0.946705426356589,0.9946511627906977,2.5290790540990677,0.7362000261628896,1.7572190622888828,1.0548036263076235,2.14737068377512,0.27781818181818185,0.0010909090909090868,0.003272727272727294,0.005818181818181789,0.005454545454545412,-0.0018181818181818299,0.006181818181818144,0.004727272727272714
54,54,0.9454545454545454,0.9449311707782472,0.9098399246704332,0.990819209039548,2.1894383733033664,1.2257526198116406,1.7774118120035325,0.9310158523001316,2.199600036659503,0.21018181818181816,0.000363636363636366,0.002909090909090928,-0.0018181818181818299,-0.000363636363636366,-0.0036363636363636598,-0.006545454545454588,-0.007636363636363675
55,55,0.9454545454545454,0.9452507745073068,0.9073818558123491,0.991635046567782,2.596065072678466,1.1890673798369573,1.6125036191181288,1.2714014244697884,1.520172570893928,0.21200000000000002,-0.0018181818181818299,0.0,-0.0025454545454545617,-0.0036363636363636598,-0.000363636363636366,0.000363636363636366,-0.002909090909090928
56,56,0.9781818181818182,0.9783515151515152,0.97074227921257,0.9971103485642044,2.641022801176617,1.7742294425964054,1.920096951055551,0.5242445681800334,1.3317869554339905,0.20727272727272722,0.0021818181818181624,-0.001454545454545464,0.000363636363636366,0.006181818181818144,0.005090909090909079,0.0040000000000000036,-0.003272727272727294
57,57,0.96,0.9595746925170355,0.9272727272727272,0.9942975206611571,3.050916177457749,0.8576191538489645,1.7363680159397263,0.7262985482197044,1.771388338752944,0.22327272727272723,0.0003636363636363438,0.002909090909090839,0.00036363636363633266,0.0010909090909090424,0.0,0.0,0.0018181818181817854
58,58,0.9563636363636364,0.9563636363636364,0.9336069531627234,0.9922742636407533,2.3961114529466543,1.4685207979677573,1.4951323010808595,1.5726710714975602,1.2765233284457134,0.20109090909090915,0.002181818181818218,0.010181818181818247,-0.0007272727272726986,-0.002909090909090861,0.003272727272727294,0.004727272727272758,2.2204460492503132e-17
59,59,0.9745454545454545,0.9740571206341124,0.9411439741628421,0.9961754207037226,2.302610026038132,1.242964920451615,1.8374423650352332,1.1924181029226277,1.6935555989377915,0.2461818181818181,-0.0007272727272727653,0.0003636363636363438,-0.00036363636363637706,0.0021818181818181294,-0.00036363636363637706,0.0003636363636363438,0.0010909090909090534
60,60,0.9563636363636364,0.9563636363636364,0.924284140969163,0.9942180616740088,2.4985557026288863,1.761308610339747,1.567108724435588,0.6065053453048982,1.601767089614921,0.17709090909090913,-0.0025454545454544953,-0.002545454545454484,-0.005818181818181745,-0.002545454545454484,-0.0036363636363635488,-0.003999999999999915,-0.0036363636363635488
61,61,0.9672727272727273,0.9671437210239873,0.9411111111111111,0.994488888888889,1.7224850549571544,1.4924453247088414,1.760468990689206,1.347140811564032,1.892031136438083,0.256,-0.0025454545454545396,0.00436363636363638,0.0043636363636363916,0.000727272727272732,0.0036363636363636598,0.003272727272727294,0.001454545454545464
62,62,0.9636363636363636,0.9633535353535353,0.9322478991596639,0.9957107843137255,2.354222445141576,1.320588045099195,1.9063709069763244,0.8798786983887519,1.379836077834946,0.19963636363636367,-0.0043636363636363916,-0.0025454545454545617,-0.000363636363636366,0.0,-0.003272727272727294,-0.000363636363636366,0.0
63,63,0.9636363636363636,0.9633457566453775,0.9311111111111111,0.9947555555555555,1.8274036463417824,0.8987303139734973,2.1459494113586652,1.0833016814448695,2.020720340405428,0.23381818181818184,-0.0010909090909090979,0.000727272727272732,-0.000363636363636366,0.0021818181818181958,0.000363636363636366,0.0,-0.0036363636363636598
64,64,0.9745454545454545,0.974267620020429,0.9491788168258757,0.9953913189207307,3.0194339210125345,1.2608676887085202,1.68182629837933,1.1489647509388705,1.0402896463732252,0.23418181818181819,0.0007272727272726986,-0.003272727272727294,-0.006545454545454588,-0.006909090909090953,-0.0036363636363636598,-0.001454545454545475,0.0003636363636363549
65,65,0.9672727272727273,0.9673828726220526,0.9522727272727273,0.9961157024793389,2.7874635557138694,1.2726102831722224,1.746941000697319,0.8326548738986085,1.2942877372672699,0.2341818181818182,0.0018181818181818299,0.001454545454545464,-0.003272727272727294,-0.003999999999999992,-0.0021818181818181958,-0.0036363636363636598,0.001454545454545464
66,66,0.9527272727272728,0.9525721891563004,0.9248350233381619,0.9921133107999356,2.2788159344532035,1.299857470893968,1.7307021015552382,0.8866101765396527,2.120104775812253,0.21527272727272734,-0.00036363636363633266,0.000727272727272732,0.0,-0.00727272727272722,-0.010545454545454502,-0.0036363636363636264,-0.003272727272727294
67,67,0.9709090909090909,0.9709090909090909,0.9468599033816425,0.9972946859903382,2.300696910601487,1.2259374503147529,1.8639845490360454,1.233516564998584,1.473846071700842,0.18581818181818185,-0.007999999999999952,-0.00545454545454539,-0.005818181818181745,-0.009454545454545405,-0.003272727272727205,-0.0072727272727272085,-0.010909090909090868
68,68,0.9527272727272728,0.9528992655284789,0.9266126250431184,0.9917212832011039,2.1547465017937397,0.5661343273668051,1.9721888207184328,2.2522093245593093,1.520774261953276,0.2581818181818182,0.000363636363636366,0.010545454545454613,-0.0036363636363636485,-0.00436363636363637,-0.000363636363636366,0.0043636363636363916,-0.000363636363636366
69,69,0.9781818181818182,0.9778330897926348,0.9487482492997199,0.9959733893557423,2.6128877284643384,1.5531628384196026,2.054912189820167,0.8257833912113248,1.1081258810754302,0.1887272727272727,0.0010909090909090868,0.000363636363636366,-0.002909090909090928,0.0,0.003272727272727294,-0.006545454545454588,-0.006909090909090953
70,70,0.9636363636363636,0.9633819339701694,0.9363636363636363,0.9950413223140496,2.0704608291799156,1.8420727059267197,1.2880324792628812,0.8606510932121236,2.128684152546778,0.2694545454545454,-0.003272727272727294,-0.002909090909090928,-0.002909090909090928,-0.0061818181818182215,-0.0036363636363636598,-0.0036363636363636598,-0.003272727272727294
71,71,0.9672727272727273,0.966749352596429,0.937015503875969,0.9956589147286821,2.6217106584303562,1.0176162455467508,2.4169526852670655,0.8814859645388929,1.2904004499380655,0.20981818181818182,0.001454545454545464,-0.001454545454545464,-0.0025454545454545396,-0.000363636363636366,0.001454545454545464,0.0010909090909090979,0.003272727272727294
72,72,0.96,0.9598544676297485,0.9321349651538331,0.9937106918238994,2.7973058262684103,1.158781363184269,1.6395682806883536,0.5166306498643598,1.9041598367648769,0.20509090909090907,-0.0003636363636363993,0.0010909090909090647,0.003272727272727205,-0.003272727272727294,0.0036363636363635488,0.0010909090909090647,0.0032727272727271937
73,73,0.9454545454545454,0.9463492583640009,0.9310792693145635,0.9918719624601978,2.35120208342161,1.8062919546780372,1.670200878961026,0.9788906956854246,1.4095330413454614,0.17818181818181816,0.001454545454545464,0.0069090909090908535,-0.000363636363636366,-0.008727272727272773,-0.0036363636363636598,-0.00909090909090915,0.000363636363636366
74,74,0.9672727272727273,0.9669587024669483,0.942208097928437,0.9938010043942248,2.5823778772036436,1.0732311474529237,2.1916895895044184,0.869802514632261,1.2731726302804423,0.21818181818181817,0.0021818181818181958,0.0043636363636363916,0.0010909090909090979,-0.000727272727272732,0.0,0.0010909090909090979,0.004000000000000026
75,75,0.96,0.9595269770879528,0.9224439775910365,0.9956232492997199,2.668198363411506,0.7371240873304052,1.9329117751939788,0.6743573656383014,1.939422027006976,0.23163636363636364,-0.0025454545454545617,-0.0025454545454545617,-0.00545454545454549,-0.0025454545454545617,-0.0025454545454545617,-0.006909090909090953,-0.004000000000000026
76,76,0.9636363636363636,0.9631404958677686,0.9317157572831161,0.9923547400611621,3.226608447068194,1.5775977511027333,1.9150723997469365,0.10253224205250107,1.291833613823656,0.20509090909090907,0.004727272727272724,0.0018181818181818188,0.003272727272727294,0.00727272727272722,0.007272727272727231,0.004000000000000015,-0.0007272727272727431
77,77,0.9636363636363636,0.9633113746157225,0.9260489842415036,0.9957281184735143,1.85924939862719,1.1615396831440568,1.892948589104787,1.793265487811855,1.4301240104880497,0.22290909090909095,-0.0032727272727272826,-0.005090909090909113,-0.0058181818181818334,-0.005090909090909123,-0.004727272727272747,-0.008727272727272717,-0.0010909090909090979
78,78,0.9672727272727273,0.9679935750523985,0.96165797914996,0.9948877305533279,2.3554211707469976,1.5336676585239617,1.8711345293776036,1.655061428500007,0.8600990135037025,0.17454545454545456,0.003272727272727294,0.005818181818181845,0.002545454545454551,0.003272727272727294,0.009454545454545448,0.0043636363636363916,-0.003999999999999971
79,79,0.9781818181818182,0.9781818181818182,0.9676318267419963,0.9971751412429379,2.6375917793102768,1.446128650469054,2.4395783037347893,0.763048250071279,0.5738605882180859,0.19818181818181818,0.0007272727272727098,0.005090909090909079,-0.0021818181818181958,-0.001454545454545464,0.000363636363636366,0.000363636363636366,0.0007272727272727208
80,80,0.96,0.9591693155329519,0.9249481635071091,0.9962233412322276,2.14466555789417,1.2132794932204138,1.7577965790251688,1.3083427357236719,1.5370691999195811,0.2727272727272727,-0.0010909090909091313,-0.0036363636363636598,0.002545454545454484,-2.2204460492503132e-17,0.005454545454545379,0.0021818181818181403,-0.004727272727272758
81,81,0.9636363636363636,0.9638780169602087,0.95,0.993801652892562,2.7505274544049985,1.212592672580294,2.1051429537082726,1.2166263051083201,1.2324248235550859,0.1858181818181818,-0.005454545454545467,-0.011272727272727257,-0.0036363636363636598,-0.004727272727272758,-0.000363636363636366,0.0,-0.006909090909090953
82,82,0.96,0.9591435495635398,0.9117301787971825,0.9926855698031425,1.8152915839654111,1.3113898832756146,1.62458060401549,1.2260057796810384,1.9596445267037559,0.23127272727272724,0.005090909090909035,0.00363636363636356,0.0021818181818181403,0.002909090909090839,0.010181818181818136,0.0018181818181817744,0.002909090909090839
83,83,0.9527272727272728,0.9528948180993496,0.9276304606493286,0.9896311405745368,2.678343636943171,2.2509107070357577,1.5787039237441494,0.5346766792337141,1.2911776854806325,0.16181818181818186,0.0025454545454545617,0.006545454545454588,0.000363636363636366,-0.0025454545454545396,-0.0036363636363636485,-0.0029090909090909167,0.001454545454545464
84,84,0.9672727272727273,0.9669740986459971,0.943810326336755,0.9935651907461315,2.64668658916412,1.6390183778460437,1.634338706392277,0.6202932186849859,1.5985737401365319,0.2458181818181818,-0.0010909090909090979,-0.001454545454545464,-0.001454545454545464,0.000727272727272732,-0.001454545454545464,-0.001454545454545464,-0.001454545454545464
85,85,0.9418181818181818,0.9405646469797414,0.890370189171559,0.988747553816047,2.4992144331160397,1.3457891556967843,1.6684153389895735,1.0634587931804935,1.8613759066750402,0.19854545454545452,-0.002181818181818207,-0.002545454545454573,-0.004000000000000026,-0.001090909090909109,-0.002909090909090928,-0.002909090909090939,-0.003272727272727294
86,86,0.96,0.9594352941176472,0.9313186813186813,0.9957509157509158,2.4129338468023542,1.6641558371895633,1.840191329365111,0.6011342398798551,1.4356251663014048,0.24654545454545448,0.0,0.006545454545454477,-0.000727272727272732,0.00036363636363633266,-0.0036363636363636598,-0.0036363636363636598,0.005090909090909024
87,87,0.9709090909090909,0.97107540649567,0.9637275930749196,0.996093151524437,1.999194615182166,1.6834214893238937,1.6798934868098276,1.7677233306346207,1.3064534471564708,0.27381818181818185,0.0043636363636363916,0.006909090909090953,0.000363636363636366,0.002909090909090928,0.004000000000000026,0.004000000000000026,0.009454545454545504
88,88,0.9709090909090909,0.9705224455909388,0.94366756713809,0.9942793580168441,1.650786187920855,1.2988194960002832,1.9599243851284016,1.314086126670397,1.8313638999863342,0.27527272727272734,0.000727272727272732,0.006909090909090953,0.002909090909090928,0.0,0.0021818181818181958,0.0061818181818182215,0.001454545454545464
89,89,0.9563636363636364,0.9566392672955522,0.9400853050056333,0.9936423627877032,2.137932446185459,1.4018143055505905,1.6732135722925248,1.4404371608874882,1.5753976852858287,0.218909090909091,0.0040000000000000365,0.006545454545454588,-0.008363636363636306,0.0021818181818181958,-0.0018181818181817744,-0.010545454545454514,0.002909090909090939
90,90,0.9527272727272728,0.9510948422236433,0.8954545454545455,0.9900000000000001,2.4773670714394735,1.6231182320186057,1.751630420350855,1.0482424513766366,1.5469428786364525,0.20145454545454547,0.000727272727272732,-0.0018181818181818188,-0.000363636363636366,-0.0003636363636363549,-0.000363636363636366,0.000727272727272732,-0.0010909090909090979
91,91,0.9563636363636364,0.9557172750523134,0.9292667771333886,0.9930958298812482,2.631263950373805,1.6952352544448415,2.0303961228707434,0.731297126140785,1.3104218333842126,0.26400000000000007,-0.0010909090909090534,0.0036363636363636598,-0.005818181818181745,-0.002909090909090839,-0.006545454545454477,-0.0018181818181817854,2.2204460492503132e-17
92,92,0.9527272727272728,0.9520083519592185,0.9180296834772073,0.9946993790701197,2.608226715845705,1.2006579592714268,1.8711312234104003,0.8444149425536871,1.4061272214474194,0.20545454545454547,-0.0021818181818181958,-0.003272727272727294,-0.0036363636363636598,-0.003272727272727294,0.0,-0.000727272727272732,-0.0036363636363636598
93,93,0.9672727272727273,0.9669059395676975,0.9366394696583376,0.9942206357300697,2.852767980930004,1.2291643133128511,1.7052688165702277,0.5288465145320786,1.9510633960142834,0.23963636363636365,-0.004363636363636347,-0.003272727272727294,-0.0025454545454545617,-0.002909090909090928,-0.003999999999999992,-0.002909090909090928,-0.002181818181818185
94,94,0.9818181818181818,0.981634606235973,0.962618702720103,0.9961371318203767,2.0955975929992507,1.5895442293629323,1.7407405172837864,1.0416455248871275,1.631634523139583,0.2269090909090909,0.008363636363636373,0.004727272727272758,0.005090909090909123,0.001454545454545464,0.0072727272727273196,0.005454545454545478,0.0036363636363636598
95,95,0.96,0.9592723381487428,0.9204545454545454,0.9939669421487602,1.769451375128144,1.8454942391681974,2.1373970290003186,1.4401267566568305,0.8185073903095366,0.20218181818181816,0.009090909090909038,0.003636363636363571,0.010181818181818136,0.0003636363636363438,0.00363636363636356,0.002545454545454484,0.0072727272727272085
96,96,0.9490909090909091,0.9480495867768595,0.9045765135865247,0.9939615445733354,2.28464832346804,1.3011365443637768,2.2881695765312435,1.7105999511338001,0.6470799270093388,0.2018181818181818,-0.004727272727272735,0.000727272727272732,-0.0072727272727273196,0.003272727272727294,-0.00872727272727275,-0.010909090909090868,-0.0036363636363636598
97,97,0.9527272727272728,0.9525357762785222,0.9152970922882426,0.9891638071157667,2.0829247967112208,1.4422797557266995,1.3565039989729688,1.2549917771975991,2.0082731326772407,0.22763636363636364,0.0036363636363636598,0.022909090909090945,-0.0032727272727272826,-0.0018181818181818078,-0.0065454545454544984,-0.003272727272727294,0.000363636363636366
98,98,0.9709090909090909,0.9702438285627744,0.9393939393939394,0.9973176743511671,2.277856316075453,1.462497585785282,1.4445714207610933,0.7731208552310038,1.943308955063728,0.29345454545454547,0.0007272727272727541,-0.004363636363636292,0.004727272727272758,0.002181818181818207,0.000363636363636366,-0.002909090909090839,-0.0010909090909090647
99,99,0.9309090909090909,0.9306936122640509,0.8944209039548023,0.9872096672944131,2.415961045703002,1.808945974007806,1.2909648584579074,2.096963718839779,1.0156474172638943,0.17163636363636361,0.0010909090909090979,-0.002545454545454551,-0.0021818181818181958,0.0,0.002909090909090928,-0.0018181818181818299,-0.008000000000000007
100,100,0.96,0.9592326181393196,0.9177715451300357,0.9931157572667006,2.0316273707032884,1.9900021765708023,1.248037614049088,1.2520689112576966,1.4395587727816237,0.21818181818181817,-0.004000000000000048,-0.001090909090909109,-0.005090909090909123,-0.013454545454545474,-0.002909090909090928,-0.0036363636363636598,-0.0021818181818181958
101,101,0.9745454545454545,0.9740943708514014,0.9441454664057404,0.9980430528375734,2.270602681480923,1.6190606058313026,1.7998511983261154,0.6636597635225873,1.917282778523608,0.24036363636363628,-0.005818181818181856,-0.0061818181818182215,-0.006545454545454588,-0.006909090909090953,-0.006545454545454588,-0.000363636363636366,-0.004727272727272758
102,102,0.9745454545454545,0.9746380660537964,0.9621852362883753,0.9970679544670575,2.025747859978495,1.7075972057750564,1.4875617965597359,1.6471906346686562,1.1227690989889805,0.20727272727272722,0.0018181818181817744,0.005090909090909012,0.0014545454545454195,0.0007272727272727098,0.0003636363636363549,0.0003636363636363549,-1.1102230246251566e-17
103,103,0.9563636363636364,0.9551423739659034,0.9091848085174004,0.9922930239949149,2.255961094737754,1.7666902097172694,1.582647330818657,1.0407327788667313,1.3969985302844974,0.21381818181818185,0.0061818181818182215,-0.0010909090909090424,0.000363636363636366,0.0010909090909090979,-0.0018181818181817523,-0.002909090909090839,0.00036363636363637706
104,104,0.9745454545454545,0.9748024603605471,0.9701692642869113,0.9968158203452322,2.875756667876958,0.7236635157771779,1.4770108760221594,1.3862834232182326,1.6950874300855847,0.2785454545454545,-0.00036363636363637706,0.0,-0.000363636363636366,0.0047272727272726685,0.0036363636363635488,-1.1102230246251566e-17,0.002909090909090839
105,105,0.9490909090909091,0.9483785060255648,0.9082273320287019,0.9927429876060013,1.9719517965608455,1.6930395011616624,2.072601062859206,0.9628969483895196,1.424197242797773,0.19818181818181818,-0.000727272727272732,0.0043636363636363916,0.000363636363636366,0.000363636363636366,0.0,0.0,0.000363636363636366
106,106,0.9563636363636364,0.9552328694965104,0.9133598896889843,0.9947142638271794,2.9031633805101613,1.3505269862737734,1.8686792260067429,0.9080435511093022,1.3318730470003632,0.18109090909090914,0.0003636363636363993,-0.0039999999999999255,-0.0003636363636363438,-0.004363636363636292,-0.0007272727272727098,-0.006909090909090842,-0.0072727272727272085
107,107,0.9563636363636364,0.9558646896038991,0.928021327014218,0.9942239336492891,2.643052499657683,1.2853032089355114,1.832947227914682,0.2962195829408244,1.9921118828599387,0.2454545454545455,0.0003636363636363993,0.001818181818181841,0.003272727272727294,0.002545454545454573,0.00036363636363637706,0.0,0.002181818181818207
108,108,0.9709090909090909,0.9705595489781536,0.9469180675450553,0.9962138421929425,2.610456197554706,1.1510741913029388,1.6989436267286895,1.2210969556422477,1.19270274111069,0.24400000000000005,0.000727272727272732,0.00981818181818186,0.0025454545454545617,-0.0010909090909090647,-0.004727272727272647,-0.0003636363636363549,-0.0010909090909090758
109,109,0.9854545454545455,0.9853578841250074,0.9713906325446644,0.9983904715918236,2.6476730368185706,1.1799096318578568,1.4030553555395309,1.588335333420873,1.2691715675680364,0.28072727272727277,0.0018181818181818299,0.008000000000000052,-0.000363636363636366,0.0021818181818181958,0.003272727272727294,0.0010909090909090979,0.0061818181818182215
110,110,0.9781818181818182,0.9781818181818182,0.964427388754743,0.9964642980338048,2.5722132222716394,1.2056514045453297,1.9995062188236874,0.5550792025818445,1.6908598315054113,0.21599999999999991,-0.000727272727272732,0.0040000000000000036,0.000363636363636366,0.000727272727272732,0.006181818181818144,0.002545454545454551,0.000727272727272732
111,111,0.9636363636363636,0.9632919005613473,0.9231601731601732,0.9921290830381739,2.302851536123416,0.9427888951938461,2.0229752124024287,1.4883175735194543,1.5505795952197836,0.20109090909090907,0.0003636363636363549,-0.0043636363636363916,0.000363636363636366,0.0032727272727272718,0.0025454545454545617,0.004727272727272702,0.0010909090909090979
112,112,0.9709090909090909,0.9704101441493534,0.9437728937728938,0.9978021978021978,2.91311126525304,1.2983087860965734,1.5443096492431734,0.7395248817112984,1.438437813355431,0.28181818181818186,-0.002909090909090839,0.0010909090909090979,-0.002909090909090839,-0.0032727272727271937,-0.002909090909090839,-0.0036363636363635488,-0.0018181818181817633
113,113,0.9636363636363636,0.9636363636363636,0.9407123145912384,0.9947395653673681,1.8775777395906514,1.787751584614926,1.5438327638327343,1.4304975037883938,1.1871631387584274,0.21090909090909088,-0.0021818181818181958,0.004363636363636359,-0.0036363636363636598,0.0,-0.000727272727272732,-0.004000000000000026,-0.004000000000000026
114,114,0.96,0.9598465236278639,0.930015756302521,0.9929096638655461,1.399689202816903,1.4340282131071203,1.6955206224378558,1.3554494782472526,2.432331063967201,0.23672727272727262,0.0010909090909090534,0.0,0.003272727272727205,0.002909090909090839,0.002909090909090839,0.00290909090909085,-0.004000000000000026
115,115,0.9527272727272728,0.9522499762135298,0.9183566714952519,0.9917109286978916,2.3977449428746516,1.7072268917781628,1.4390961637753823,0.6087291297883848,1.9089944733133049,0.22727272727272735,0.0021818181818181958,-0.0010909090909090979,-0.0014545454545454417,-0.0072727272727272415,-0.0010909090909090979,-0.001454545454545464,0.0010909090909090979
116,116,0.96,0.9603649905437813,0.9493882091212458,0.99467662482123,2.2939139607708796,1.7148816011054808,2.0982133664431597,1.5983794018088684,0.6147394734037346,0.20763636363636362,0.0014545454545454195,0.0018181818181817854,-0.00545454545454549,-0.0061818181818182215,-0.00545454545454549,-0.00909090909090915,-0.005090909090909123
117,117,0.96,0.9598653779063803,0.9350130463144162,0.995433789954338,2.3992377585091016,1.0642441901162172,2.32693373941349,1.4045321390537975,0.9819316192966538,0.22436363636363638,-0.0036363636363636598,-0.00909090909090915,-0.0072727272727273196,0.00618181818181811,-0.000727272727272732,-0.0010909090909090979,-0.005818181818181856
118,118,0.9818181818181818,0.9820517592099438,0.9801932367149758,0.998743961352657,2.843457022033228,1.7613279016511645,1.5547890034538987,0.6188116951480153,1.2619939515008494,0.19418181818181818,0.0032727272727272826,0.00618181818181821,-0.003272727272727294,0.0025454545454545617,0.0,-0.0025454545454545617,-0.003272727272727294
119,119,0.9636363636363636,0.9627625088090205,0.9273178317535544,0.9973341232227488,2.5687545229591207,0.8244199919239825,1.9566521934630845,0.5375468438249166,1.9791625595110753,0.22654545454545455,-0.0010909090909090979,0.0,0.007636363636363585,0.0065454545454544984,0.000727272727272732,-0.0025454545454545617,0.001454545454545464
120,120,0.9563636363636364,0.955515561213292,0.9180232558139535,0.9903875968992248,2.3633249330851176,1.979687762138917,1.583293609338192,0.5472347464732398,1.623613646889085,0.22981818181818187,0.0021818181818181958,0.013818181818181896,0.001454545454545475,0.008363636363636417,0.002909090909090928,-0.002909090909090839,0.0010909090909090979
121,121,0.96,0.9601455323702515,0.9384701621248707,0.9939634356674716,2.2728998381139194,1.2675849546270097,1.6761489347224179,0.96481777465957,2.083337135650097,0.23927272727272725,-4.4408920985006264e-17,0.0014545454545454306,-0.010181818181818247,-0.0025454545454545617,-0.002909090909090928,-0.000727272727272732,0.0007272727272727098
122,122,0.9854545454545455,0.9853500842180086,0.9699597787833082,0.9984917043740573,1.9683763592265848,1.5634966923695583,1.354470992791114,1.0111691178100504,1.883527942076431,0.29345454545454547,0.000363636363636366,-0.0021818181818181958,0.0036363636363636598,0.001454545454545464,-0.000363636363636366,-0.000363636363636366,-0.0025454545454545617
123,123,0.9672727272727273,0.9675867520785063,0.9595156555772995,0.9946183953033269,2.537987777099056,1.4307648852362715,1.3228866586175476,1.5030368767577167,1.588553525862993,0.2836363636363636,0.005090909090909102,0.006909090909090943,0.004000000000000026,0.0018181818181818299,-0.0018181818181818299,-0.003272727272727294,0.003272727272727294
124,124,0.9490909090909091,0.9487611020879971,0.917209597965994,0.9881614492293024,2.8165181182901544,1.2861477623815487,1.5363600729626505,1.5562408008230801,1.124861230362021,0.2614545454545455,0.0010909090909090979,0.004727272727272747,0.0010909090909090868,0.0,0.004000000000000026,0.000363636363636366,0.004000000000000026
125,125,0.9781818181818182,0.978503559221048,0.9788888888888889,0.9977777777777778,2.8245489354523166,1.9040551715174323,1.3732480216102732,1.183010676817501,0.9011484852465644,0.20909090909090908,0.009090909090909061,0.011636363636363601,0.005454545454545412,0.0072727272727272415,0.007999999999999974,0.00509090909090909,0.005454545454545445
126,126,0.96,0.960162035456635,0.9347008076358296,0.9952276064610865,2.888247135459301,1.4566693272207887,1.4099522349231397,1.0792147478013898,1.4069133052542209,0.20399999999999996,-0.0025454545454545842,-0.005818181818181856,-0.0032727272727273047,-0.003272727272727294,0.0007272727272727098,-0.0061818181818182215,-0.00545454545454549
127,127,0.9672727272727273,0.9667076305084168,0.9340093352647674,0.9931595042652502,2.470032623700565,1.5246579083912812,1.9909405511577047,-0.008789123582885068,1.8328425622730833,0.19927272727272732,0.005090909090909113,0.0036363636363636598,0.002909090909090928,0.0036363636363636598,0.006545454545454588,0.0010909090909090979,0.004727272727272758
128,128,0.9563636363636364,0.955783668386408,0.9218178928968694,0.9939615445733354,1.5996805294808651,1.4479747736744362,1.7272626889428209,1.8545454419248737,1.3643601143577209,0.24254545454545456,2.2204460492503132e-17,-0.006909090909090842,0.000363636363636366,-0.0007272727272727098,-0.0032727272727271937,0.0025454545454545617,0.000727272727272732
129,129,0.9636363636363636,0.9628320110382891,0.9227272727272727,0.9950413223140496,1.6451017328534197,1.2659688718595754,2.1033012591482882,1.7441668376876733,1.3827191400698589,0.23745454545454545,-0.000363636363636366,-0.000363636363636366,0.004000000000000015,-0.002909090909090928,-0.002909090909090928,-0.001454545454545464,-0.004000000000000026
130,130,0.9672727272727273,0.9665759271436902,0.9341494459418987,0.9966307277628031,2.3107172428807425,1.0920535631086314,1.871317932558699,1.075254808648801,1.6018103514090138,0.24000000000000005,0.0018181818181818299,0.004000000000000026,0.0021818181818181958,0.000727272727272732,0.000363636363636366,-0.000363636363636366,0.0018181818181818299
131,131,0.9745454545454545,0.9744680323088948,0.9596899224806201,0.9962015503875968,2.7888745416688785,1.5256905756914698,1.2806608939548734,0.3817535505804814,2.0659771550350334,0.24145454545454542,0.005090909090909012,0.0007272727272727098,-0.000363636363636366,-0.0007272727272727541,0.0043636363636362805,0.0036363636363635488,0.0003636363636363549
132,132,0.9709090909090909,0.9707253369544804,0.9506826741996234,0.996939736346516,2.52951923748845,1.171195688866697,2.1676925030768124,0.4026970913915619,1.787211007517182,0.2043636363636364,-0.011636363636363601,-0.0043636363636362805,-0.010181818181818136,-0.007999999999999941,-0.0018181818181817744,-0.004363636363636303,-0.007999999999999941
133,133,0.9781818181818182,0.9780687255328404,0.965341561423651,0.9977037887485649,2.6435093915814485,1.6495399689095316,2.0928760307786294,0.3525023602473837,1.272926052455407,0.24290909090909088,-0.002545454545454573,-0.003272727272727294,-0.0061818181818182215,0.0003636363636363549,-0.002909090909090928,-0.000363636363636366,0.000727272727272732
134,134,0.9709090909090909,0.9706888209829385,0.9451966195239738,0.9957744049672301,2.495459827884754,1.096551478601357,2.3409949567580712,1.121317073246988,1.392982901641891,0.19418181818181826,0.0018181818181818299,0.008727272727272773,0.004000000000000026,2.2204460492503132e-17,-0.00290909090909085,-0.002909090909090861,0.003272727272727294
135,135,0.96,0.9592472702498664,0.9289926115373686,0.9918300653594772,2.316403342924928,1.509420376533555,1.6487094025106044,0.7535878316472606,1.8788314715634056,0.2661818181818182,0.0007272727272726986,0.0036363636363635488,0.0,0.0003636363636363549,0.00363636363636356,0.00363636363636356,0.00290909090909085
136,136,0.9527272727272728,0.952316839497967,0.9247154836777478,0.9886942198262952,1.9831633716904775,1.3579627276660282,2.145318985295267,1.7714565763775911,0.8775657331596697,0.22218181818181826,-0.0018181818181818188,0.00545454545454549,0.013454545454545464,0.0036363636363636598,0.002909090909090928,0.0021818181818181958,0.002909090909090928
137,137,0.9745454545454545,0.9744735828877005,0.961178496555855,0.9970050913447139,2.7533197184779366,1.1775724476389704,1.9182238225125228,0.5596371580046565,1.5065135422928118,0.23127272727272724,0.004363636363636292,0.0036363636363635488,0.003999999999999915,0.0032727272727271937,0.0072727272727272085,0.0032727272727271937,0.0036363636363635488
138,138,0.9636363636363636,0.9636363636363636,0.9431818181818181,0.9949586776859504,2.6996242791412914,-0.004287677495696234,2.3180278374352654,2.33847730952621,1.3630028331957555,0.22836363636363632,0.007272727272727253,-0.006909090909090953,0.002545454545454551,-0.004000000000000026,-0.000363636363636366,0.005090909090909079,-0.004000000000000026
139,139,0.9527272727272728,0.9510213534465778,0.9008783886112373,0.9928820233227321,2.407715710536019,1.9586160565090485,1.6539010288262754,1.6835243686804193,0.7500612534413239,0.21527272727272734,-0.000363636363636366,0.0072727272727273196,0.0036363636363636598,0.0,0.0,0.0,0.0036363636363636598
140,140,0.9636363636363636,0.9633682461036721,0.9343872174060853,0.9917559068502465,2.730885742558176,1.2792907157882785,1.8412325094196118,0.7114353438361668,1.486728976065227,0.20690909090909093,0.006545454545454532,0.0036363636363636485,0.005090909090909079,0.0032727272727272826,0.0021818181818181958,0.0036363636363636485,0.000363636363636366
141,141,0.96,0.9595395708835918,0.9237236978268368,0.9960331148671956,2.6115499409549403,1.10832039720067,1.5693252911614373,0.6928126156425153,2.1120169145206855,0.20654545454545453,-0.00909090909090915,-0.013090909090909097,-0.0072727272727273196,-0.0061818181818182215,-0.008727272727272783,-0.00545454545454549,-0.011272727272727334
142,142,0.96,0.9598950609411722,0.9425837320574162,0.9902131361461505,2.569663596204508,1.4977751083157187,1.760102146658006,1.9249345992547247,1.0587441968826106,0.2712727272727272,0.004727272727272658,-0.0018181818181818299,0.0039999999999999255,0.0007272727272727098,0.0021818181818181403,0.003636363636363571,0.0018181818181817854
143,143,0.9709090909090909,0.970550704787993,0.9461467749348859,0.9941780297226903,2.90401600532395,1.2894922497571817,1.652926843552527,0.6063226763367647,1.6024122389077677,0.2334545454545455,2.2204460492503132e-17,0.002909090909090928,0.0025454545454545617,0.004727272727272758,0.012727272727272743,0.000363636363636366,0.004727272727272758
144,144,0.9745454545454545,0.9746514538093485,0.9593131765584173,0.9935610302351623,2.0298928067483604,0.9611328151969554,2.2921397438500453,1.7346946500216522,1.1149741203958858,0.22799999999999992,0.005818181818181745,0.008363636363636306,-0.002909090909090939,-0.001818181818181852,-0.002909090909090928,-2.2204460492503132e-17,0.005090909090909012
145,145,0.9709090909090909,0.9704311840875717,0.9355555555555556,0.9962666666666666,2.6801623577159934,1.376415967547181,1.6412528883482194,1.4532989001377359,1.0920429670939988,0.2061818181818182,0.001454545454545464,0.002909090909090928,0.0036363636363636598,0.0072727272727273196,1.1102230246251566e-17,0.0072727272727273196,-0.0036363636363635488
146,146,0.9636363636363636,0.9633947103125186,0.9381941091260261,0.9938033156285209,2.888802649569999,1.593354698917327,1.2804081451185743,1.0221528271494085,1.5458053732607508,0.25345454545454543,0.0025454545454545396,0.0,-0.000363636363636366,-0.003272727272727294,-0.000727272727272732,-0.0010909090909090979,0.002909090909090928
147,147,0.9781818181818182,0.9777238447826684,0.9473684210526316,0.9961371318203767,2.4333317323643686,0.7044875830149085,1.9471301230158187,1.3808575505898792,1.8236263921304634,0.28545454545454546,0.000363636363636366,0.002909090909090928,0.0,0.0036363636363636598,0.000363636363636366,0.000363636363636366,0.0069090909090908535
148,148,0.9636363636363636,0.9640732910500351,0.9580088987764183,0.9959478785952646,2.7733746983102323,1.1934663863084094,1.5334036558873738,1.1599752005419663,1.414070105576428,0.23854545454545456,-0.000727272727272732,0.0065454545454544984,0.0065454545454544984,-0.002909090909090928,-0.003272727272727294,0.00436363636363637,0.0018181818181818299
149,149,0.9818181818181818,0.9819082442286179,0.9691994996873046,0.9953095684803002,2.593186175584342,1.25719676368659,2.178629049656985,1.1817190023810398,1.0608518016253121,0.1709090909090909,0.00436363636363638,0.00945454545454547,0.010545454545454525,0.008363636363636384,0.006909090909090953,0.004727272727272758,0.0043636363636363916
150,150,0.9454545454545454,0.9441359863378211,0.8959558239313523,0.9899888765294772,2.5795046805259805,1.3345742669080507,1.1816470695545502,1.6846381531054664,1.5511919693255192,0.2643636363636363,-0.00872727272727274,-0.011636363636363667,-0.00800000000000004,-0.006545454545454588,-0.004000000000000026,-0.014181818181818174,-0.01381818181818184
151,151,0.9709090909090909,0.970676605316302,0.9433333333333334,0.9946666666666667,2.402235512886277,0.9740842973894324,2.0984751079555974,1.487148386201389,1.2819371568049744,0.21127272727272728,0.004727272727272747,0.0036363636363636598,0.004727272727272758,0.0043636363636363916,0.0010909090909090979,0.0036363636363636598,0.0021818181818181958
152,152,0.9672727272727273,0.967783071432032,0.9661611219830397,0.9957599478147423,1.8731097775820715,1.9236841421364832,1.104184797572277,1.58649964119878,1.4350151512407554,0.2163636363636364,0.0061818181818182,0.00872727272727274,0.001454545454545464,-0.0032727272727272826,0.0,0.0043636363636363916,0.001454545454545464
153,153,0.9381818181818182,0.9383698436134631,0.9113700564971752,0.9884651600753296,2.8690325816003996,1.3814616210816577,1.7774861225700438,0.22912997983735373,1.9402197950067384,0.1916363636363637,-0.00472727272727268,-0.0043636363636362805,-0.0032727272727271937,-0.002545454545454506,-0.010181818181818136,-0.0021818181818181403,-0.003636363636363571
154,154,0.9636363636363636,0.9638548273431994,0.9522128060263653,0.9962335216572505,2.434304046774923,0.9441112629383849,2.3749932451227864,0.3073883679952787,1.8009133632277647,0.24181818181818185,0.001454545454545464,0.001454545454545464,0.002909090909090928,0.00727272727272722,0.006909090909090865,0.0007272727272727208,-0.003272727272727294
155,155,0.9636363636363636,0.9632101619844842,0.9373689727463312,0.9934112009583708,2.474637182382818,1.3488414234628527,1.949075280094546,0.9872002150350773,1.4823416099415931,0.26036363636363635,-0.001454545454545464,0.000727272727272732,0.0,0.0003636363636363549,-0.000363636363636366,-1.1102230246251566e-17,-0.000363636363636366
156,156,0.9672727272727273,0.967147155695525,0.9420518207282913,0.9956232492997199,2.0962697673245434,1.2040839730048944,1.4802780546798586,1.470572362426332,1.9866414260029506,0.24581818181818185,-0.003999999999999971,-0.002909090909090928,-0.000363636363636366,0.000363636363636366,-0.0021818181818181958,-0.006181818181818144,-0.000363636363636366
157,157,0.9636363636363636,0.9640322059457131,0.9593745267302741,0.9950022716946842,2.3139024843348692,1.3890219030223474,1.599466277483874,1.012232847838973,1.8139561457396467,0.2621818181818182,-0.001454545454545464,-0.0029090909090909167,-0.008727272727272717,-0.008727272727272728,-0.004000000000000026,-0.0043636363636363916,-0.0036363636363636598
158,158,0.9527272727272728,0.9525870272977712,0.9286042592308871,0.9914968592002452,2.083261036639179,1.7047040042384156,1.4203070947864083,1.7924628608832378,1.321511977664869,0.2763636363636364,-0.0003636363636363549,0.0018181818181818299,0.0010909090909090979,-0.0029090909090909054,-0.000727272727272732,0.0018181818181818299,0.0010909090909090979
159,159,0.9781818181818182,0.9783610332398879,0.9699514744307578,0.9969204927211646,2.5058199188076715,1.607113555560602,1.8977633659427302,0.7023701640639449,1.1304124600348842,0.16799999999999998,0.0025454545454545287,0.002545454545454551,0.0018181818181818188,0.0036363636363636264,0.007999999999999952,0.011636363636363601,0.0058181818181818005
160,160,0.9745454545454545,0.9742748043290226,0.95,0.9929752066115702,2.6460895591453477,1.556773127751347,1.5272081049881034,1.203941291106014,1.2048793395285897,0.2167272727272727,0.004363636363636303,0.0072727272727272085,0.009090909090909038,0.006909090909090842,0.0010909090909090647,0.003999999999999948,0.012727272727272665
161,161,0.9781818181818182,0.9780166157372039,0.9570541566057261,0.9972404277337014,2.757580914898695,0.9657493693409535,1.942262063825246,0.2612190799134605,1.9031804229786629,0.24327272727272725,0.0,0.000363636363636366,0.000727272727272732,-0.004000000000000026,-0.0043636363636363916,-0.000363636363636366,0.0032727272727272718
162,162,0.9709090909090909,0.9707055471761354,0.9477272727272728,0.9958677685950412,2.4211973216892537,1.3750987329777133,1.9461401987494567,1.161035502495877,1.2538911952802587,0.24327272727272736,0.0,0.005090909090909123,0.002909090909090928,0.001818181818181841,-0.0010909090909090647,-0.005454545454545379,0.001454545454545475
163,163,0.96,0.9595517039160747,0.9249532551419344,0.9905660377358491,2.7732467112431523,1.572114011658081,0.5661152415539952,1.2445805340836085,1.73973821625365,0.2396363636363636,0.004363636363636292,0.006545454545454488,0.004727272727272647,0.0032727272727271937,0.003272727272727205,0.00363636363636356,0.005090909090909024
164,164,0.96,0.9601417691609883,0.9393166751657318,0.9934557198708142,2.233711130906052,2.0648110829791224,1.372786326332146,0.7127379028240062,1.6095766235245077,0.196,0.00036363636363632155,0.0010909090909090647,0.0,-0.000363636363636366,0.0039999999999999255,0.00363636363636356,-2.2204460492503132e-17
165,165,0.9527272727272728,0.953428499874781,0.9447799141903702,0.9912601303035118,2.7141354732537346,1.4371368836655836,1.4674196893897866,1.4285111597796551,1.239813795294751,0.25563636363636366,0.005818181818181856,0.005818181818181856,0.0036363636363636598,0.0018181818181818299,0.0043636363636363916,0.007636363636363686,0.003272727272727294
166,166,0.9636363636363636,0.9636363636363636,0.9473341504519688,0.9956335222920177,2.665779337302587,1.748641040846201,2.0120073209416534,0.13971539918379128,1.515175200124549,0.21818181818181817,-0.002909090909090928,0.000727272727272732,-0.007636363636363652,-0.0036363636363636598,-0.003272727272727294,-0.002909090909090928,-0.005090909090909113
167,167,0.9454545454545454,0.9443764705882353,0.9070972886762361,0.9894881832680876,2.5278390879686774,1.9804807504197677,1.4809719013210016,0.8959995718505578,1.439646092856642,0.2018181818181818,-1.1102230246251566e-17,-0.005090909090909123,0.0010909090909090868,-0.000727272727272732,-0.000727272727272732,-0.000363636363636366,-0.000363636363636366
168,168,0.9418181818181818,0.9405969194204489,0.8920408820215677,0.9927571221632061,2.032320466197981,1.4469545695659514,2.3635655423648045,1.151126408673939,0.9973156767529789,0.18618181818181812,-0.0072727272727273196,-0.004000000000000026,-0.0043636363636363916,-0.0021818181818181958,-0.0025454545454545617,-0.010545454545454613,-0.006545454545454588
169,169,0.9636363636363636,0.9630707070707071,0.9259658502932046,0.9925836495343222,2.304388986918663,1.1564596451325482,2.3554037715008067,0.6039341378701478,1.8058483912947625,0.20327272727272727,-1.1102230246251566e-17,0.0069090909090908535,0.0021818181818181958,0.0036363636363636598,-0.000363636363636366,-0.0018181818181818299,0.0014545454545454527
170,170,0.9672727272727273,0.9663447060210902,0.9208347706105553,0.994222145567437,2.8766651156620515,1.1542518678146252,1.6959886270059452,1.2855433282222897,1.1092346489492764,0.2421818181818182,-0.0032727272727272718,-0.000727272727272732,-0.004363636363636359,-0.001454545454545464,-0.0010909090909090979,-0.00436363636363637,-0.0018181818181818299
171,171,0.96,0.9604038662808594,0.9471258588905648,0.9948885537120832,2.765840414184093,1.412364771323522,1.7430269183883913,0.24930792187957274,1.8133326061444668,0.21854545454545446,-0.003272727272727294,-1.1102230246251566e-17,-0.006545454545454588,-0.001454545454545464,-0.0043636363636363916,-0.004727272727272758,-0.0061818181818182215
172,172,0.9563636363636364,0.955515561213292,0.9180232558139535,0.9952713178294573,2.266465827197678,1.398824429903526,1.709891479123342,1.0002749490608325,1.6052985539621565,0.23818181818181822,-0.0014545454545454085,-0.0069090909090908535,-0.007636363636363575,-0.0072727272727272085,-0.006545454545454477,-0.008363636363636306,-0.007999999999999941
173,173,0.96,0.9596063263198394,0.9304385825520419,0.994199904655967,2.903344800029204,0.45512117348506936,2.5049297477605577,1.3146514480644935,1.2907939072381365,0.24799999999999994,-0.005818181818181856,-0.004000000000000026,0.0007272727272727098,-0.0072727272727273196,-0.006545454545454588,-0.0072727272727273196,-0.002909090909090928
174,174,0.9563636363636364,0.9552611126359737,0.9146600030289262,0.9940935938209904,2.2668442939198643,0.955457128907748,2.7756232953150146,1.8339328935877321,0.4612045996444206,0.21600000000000005,-0.0003636363636363105,-0.007636363636363575,0.000727272727272732,-0.0047272727272726685,-0.011636363636363601,-0.0021818181818181403,-0.0010909090909090534
175,175,0.9781818181818182,0.9776587255980429,0.9423076923076923,0.9981890307002415,2.730278783129277,1.2178101896692255,1.6771553439396978,1.4882635049293533,1.0444847605371153,0.21018181818181816,0.002181818181818185,0.007999999999999941,0.005090909090909068,-0.000363636363636366,0.0,-0.000363636363636366,0.0
176,176,0.9672727272727273,0.9671680523374677,0.9476799618623868,0.9952327983473701,2.3933434463112304,1.9029130599071031,0.7931327919566126,0.7564203091273205,2.062709122275107,0.2774545454545454,0.002545454545454551,0.0025454545454545617,0.0,-0.0036363636363636598,0.0036363636363636598,0.007636363636363652,0.000727272727272732
177,177,0.9490909090909091,0.9490909090909091,0.9157475490196079,0.9932598039215687,2.397437809495783,0.8066850191510879,2.6342524415088997,0.836582951922451,1.6713473460902812,0.18618181818181817,-0.005090909090909113,-0.000363636363636366,-0.01018181818181817,0.0,-0.000727272727272732,-0.003272727272727294,-0.002909090909090928
178,178,0.9636363636363636,0.9636363636363636,0.9388888888888889,0.9919111111111111,2.4610081786131768,1.782926323994865,1.884312484236513,0.12846945933602583,1.838326253249714,0.19527272727272726,0.0014545454545454527,0.0018181818181818188,-0.00545454545454549,-0.0021818181818181958,-0.004000000000000026,-0.003272727272727294,-0.0025454545454545617
179,179,0.9672727272727273,0.9664370786758847,0.9142943063352045,0.9916800320769847,3.200474460140148,1.1715150603697613,1.4555932194705807,1.049067611991642,1.2548844834435562,0.1669090909090909,0.0010909090909090979,0.0,0.0036363636363636598,0.0,0.000363636363636366,0.0,0.0
180,180,0.9636363636363636,0.9638975167277055,0.9480855467402554,0.9949120386340117,2.7240365253773398,1.6153061668288686,1.305336499399765,0.6762396869789145,1.8384814927946769,0.22654545454545455,0.004727272727272714,0.0007272727272727208,0.001454545454545464,0.0018181818181818188,0.0036363636363636485,-0.0021818181818181958,0.002545454545454551
181,181,0.9818181818181818,0.9818898519563709,0.972954668593101,0.9977424598157848,3.0057610356555458,1.7826323465842668,1.2908643419426484,0.76822864405339,1.0597764234407312,0.18218181818181817,0.004000000000000015,0.00690909090909092,0.004727272727272758,-0.0021818181818181958,0.004000000000000015,-0.000363636363636366,0.00618181818181821
182,182,0.9636363636363636,0.9630856888209829,0.9272055073941867,0.9933707292197858,2.60696353323211,1.1340028694322113,1.6085312470357356,0.547778825883108,2.0975281229360743,0.2458181818181818,0.0029090909090908946,0.003999999999999981,0.0032727272727272718,-0.0010909090909090868,0.005454545454545434,0.0,0.0010909090909090979
183,183,0.96,0.9592528398601247,0.9191385956091839,0.9926261102731692,2.048480282486939,0.8348623646355134,1.8135347773955943,1.2184335473575127,2.156029244238424,0.23345454545454544,0.0021818181818181403,0.0032727272727271937,0.0032727272727271937,0.0036363636363635488,0.002909090909090839,0.00036363636363633266,0.006909090909090842
184,184,0.9745454545454545,0.9744394552815604,0.9517254038179148,0.9960535976505139,2.1741065142252975,1.3962084086199116,1.351821150335087,1.6498551233914496,1.6055775759294522,0.24981818181818177,0.00472727272727268,0.0047272727272726685,0.0,0.0032727272727271937,-0.0018181818181818299,0.0007272727272727098,0.0036363636363635488
185,185,0.9490909090909091,0.9485088045378821,0.9178391587677726,0.9915580568720379,2.209529044747527,1.7219266925369585,1.3325682647098018,1.5862594291252856,1.337900752390402,0.2585454545454545,-0.0021818181818181958,-0.006909090909090943,-0.0021818181818181958,-0.0036363636363636598,-0.002909090909090928,-0.000727272727272732,-0.008727272727272717
186,186,0.9636363636363636,0.9638719400670148,0.9505870841487281,0.9953522504892367,2.734452420172312,1.6060248355312237,2.104979830350372,0.6061001676299598,1.1476647906483008,0.20218181818181818,-0.0043636363636363916,-0.0018181818181818299,-0.010909090909090879,-0.000727272727272732,-0.004000000000000026,-0.007272727272727308,-0.0061818181818182215
187,187,0.9672727272727273,0.9676931665778986,0.9536231884057971,0.9957487922705315,2.7788768086154296,1.4986238905655105,1.5610864589606723,1.0943379157259956,1.409158217246997,0.17054545454545456,-0.0010909090909090979,0.008363636363636384,-0.0036363636363636598,-0.002909090909090928,-0.003272727272727294,0.000727272727272732,0.0036363636363636598
188,188,0.9636363636363636,0.9632858769203217,0.9433512841756422,0.994131455399061,2.0527611499915106,1.859854237432451,1.2223984812715352,1.2528847290315308,1.8333502556355166,0.28363636363636363,0.003272727272727294,0.003999999999999992,0.0,0.000363636363636366,0.0029090909090909167,-0.000727272727272732,0.0036363636363636377
189,189,0.96,0.9592723381487428,0.9204545454545454,0.9949586776859505,2.4071166603184144,1.905545515105182,1.5905499806852033,1.3361927489258236,0.8327531807844571,0.21781818181818177,-0.0061818181818182215,-0.003272727272727294,-0.0007272727272727431,-0.003272727272727294,-0.001454545454545464,-0.0018181818181818299,-0.0061818181818182215
190,190,0.9563636363636364,0.9558393234672303,0.9260941996062395,0.9937149780402847,1.8514344311252404,1.3115594674280209,1.5847353126306507,1.5511634865245458,1.837803623261895,0.2876363636363637,-0.0010909090909090424,-0.007636363636363585,0.008727272727272783,0.001818181818181841,-0.0014545454545454085,0.005818181818181856,-0.0039999999999999255
191,191,0.9563636363636364,0.9557982529300735,0.9229441305712492,0.9959981167608286,2.76711184369142,1.2393912379208998,1.4821028650618095,0.7664990674771726,1.9256120818884388,0.22145454545454551,-0.0032727272727272163,2.2204460492503132e-17,-0.002545454545454484,-0.002545454545454484,-0.0036363636363635488,-0.0003636363636363549,-0.0036363636363635488
192,192,0.9672727272727273,0.9680145528993904,0.9611690169630083,0.992949110974862,3.04301606653722,0.6946514957097957,2.2396061597389414,0.7118867737153599,1.4159887011393908,0.16181818181818186,0.000727272727272732,0.00800000000000003,0.007636363636363663,0.003272727272727294,0.002909090909090928,0.002909090909090928,0.011636363636363622
193,193,0.9672727272727273,0.966644869386716,0.9294577596464388,0.9959204487506375,2.24661921823523,1.6303789967378453,1.6121066895068314,1.0783895286358582,1.1695862978547025,0.22000000000000003,-0.0032727272727272605,-0.004363636363636347,-0.0010909090909090979,-0.006181818181818133,-0.00836363636363634,-0.0065454545454544984,-0.008727272727272695
194,194,0.9490909090909091,0.9494662736366771,0.9233193277310925,0.9872198879551821,2.466174456170071,1.927643847044331,2.2353108024863655,0.7979175454036502,1.0558976128709536,0.17090909090909095,-0.0025454545454545617,0.0,0.000363636363636366,0.003272727272727294,0.003272727272727294,0.0010909090909090979,-0.002909090909090928
195,195,0.9745454545454545,0.9746431213277231,0.961111111111111,0.9962666666666666,3.0787615612967874,1.4408917515078548,1.9017664185366843,1.1551083099575044,0.48580068600064813,0.17672727272727268,-0.0010909090909091313,-0.0018181818181818299,0.00290909090909085,-0.0025454545454545617,0.0003636363636363438,-0.0021818181818181958,0.0010909090909090647
196,196,0.9636363636363636,0.9634066711931006,0.9398932831136222,0.9939579409918393,2.681846091893117,1.4062668478767475,2.2444602974781858,0.5247955259865641,1.3526478767394146,0.23418181818181813,0.0032727272727272718,0.007999999999999941,0.005818181818181789,0.01345454545454543,0.00727272727272722,-0.000727272727272732,0.000363636363636366
197,197,0.9454545454545454,0.9434102739365897,0.8778889272162815,0.9904277337012763,1.8003875069852964,1.5286591201289843,1.667658924829303,1.6985892324056768,1.5884486956596608,0.21490909090909088,-0.000363636363636366,0.005818181818181789,0.0021818181818181958,0.005454545454545412,-0.000727272727272732,0.000727272727272732,-0.003272727272727294
198,198,0.9563636363636364,0.9560242424242426,0.9202118347338936,0.992296918767507,2.2148087212087466,1.687367933555798,1.4982826885569842,1.395034328447119,1.5253839713637622,0.2414545454545455,-0.004363636363636303,-0.003272727272727205,-0.003272727272727205,-0.010181818181818136,-0.012727272727272698,-0.002909090909090839,-0.0039999999999999255
199,199,0.9745454545454545,0.9746289610836704,0.9640818656229615,0.9973907371167645,2.5221127260132894,1.1581518300062863,1.70220072618675,1.0817717888745189,1.6504112396488613,0.23309090909090902,0.00290909090909085,0.003636363636363571,0.0,0.0032727272727271937,0.0010909090909090647,0.0036363636363635488,0.0032727272727271937
200,200,0.9672727272727273,0.9673585865026774,0.9573260073260073,0.9947985347985349,2.634684446673622,1.652319735799091,1.8915441102978783,0.7649722214734818,1.383703248294055,0.2214545454545455,-0.0018181818181818078,-0.0076363636363635965,-0.0029090909090909054,-0.008727272727272684,-0.006909090909090865,-0.010545454545454502,-0.0076363636363635965
201,201,0.9709090909090909,0.9701922306768122,0.9291404061624651,0.9947478991596639,3.0339039797485565,0.8675753019193169,2.091999406479978,1.1538472150838273,1.1932132936938757,0.19563636363636366,-0.0025454545454544953,-0.006545454545454477,0.0036363636363636598,0.000363636363636366,-0.0007272727272727098,0.0,-0.0072727272727272085
202,202,0.9709090909090909,0.970532168620049,0.9445229127432517,0.9957627118644067,2.0240676902803347,1.5332565149850097,2.284897430191412,0.48635579912099913,1.6417449595850633,0.21781818181818186,3.3306690738754695e-17,0.0021818181818181958,0.0010909090909090979,0.001454545454545464,-0.002909090909090839,0.002909090909090928,-0.00036363636363633266
203,203,0.9818181818181818,0.9817502581691023,0.9666695412211107,0.9957744049672301,2.0007569985021734,1.2371802848279676,2.0119838448102954,0.4073764261861392,2.1752803020698632,0.2203636363636364,0.002181818181818185,0.018181818181818188,0.000363636363636366,0.0036363636363636598,-0.003272727272727294,0.006909090909090953,0.006545454545454588
204,204,0.9672727272727273,0.9673628900836139,0.9564615154237796,0.9952830188679245,2.4439749362980923,1.2612887321509005,2.125700412603473,0.5507070934965849,1.5517567831011592,0.25054545454545457,1.1102230246251566e-17,0.0010909090909090979,-0.0021818181818181958,0.001454545454545464,0.002909090909090928,-0.001454545454545464,-0.006181818181818144
205,205,0.9745454545454545,0.974455237806644,0.956175632646221,0.9966482319423495,2.157572845723579,1.68238485932563,2.071722912416438,1.4448627011244533,0.7596308565972628,0.2436363636363636,-0.0003636363636363993,0.0021818181818181294,0.00036363636363633266,0.0018181818181817854,0.002909090909090839,0.0010909090909090758,0.004363636363636303
206,206,0.9781818181818182,0.9778424242424242,0.9496809244567093,0.9976716109003104,2.8667032732993065,0.5300776565864428,1.9507322266656901,1.7449861432311133,0.9471268763132964,0.2669090909090909,0.0018181818181818299,-0.0021818181818181958,-0.002909090909090928,0.0036363636363636377,0.003272727272727294,-0.0018181818181818299,-0.003272727272727294
207,207,0.9527272727272728,0.9525798399701402,0.926789077212806,0.9897206528562461,2.345115751938766,0.9966650338740529,1.9208384871258755,1.8949860440359132,1.062699467078709,0.22800000000000004,-0.0018181818181818188,0.000363636363636366,0.010181818181818247,-0.0032727272727272826,-0.0018181818181818299,-0.002909090909090928,0.0025454545454545617
208,208,0.9418181818181818,0.9418181818181818,0.9157346407231499,0.9902711812471273,2.7585858976116784,1.600568869292098,1.693466197977055,1.1252052963542483,1.2382660589787209,0.19927272727272727,-0.012000000000000066,-0.00981818181818187,-0.0061818181818182215,-0.006545454545454588,-0.0072727272727273196,-0.006545454545454588,-0.013454545454545542
209,209,0.9418181818181818,0.9418181818181818,0.9006682318945277,0.9877189813978688,1.6519074298986005,1.4094143528120882,1.8404821651302936,1.9360240538645597,1.3706253836809303,0.18109090909090905,0.004363636363636336,-0.0007272727272727431,0.0007272727272726986,-0.0061818181818182215,0.0007272727272727098,-0.008000000000000052,-2.2204460492503132e-17
210,210,0.9672727272727273,0.967147155695525,0.9420518207282913,0.9936974789915967,2.5870770254123734,0.7801131054154743,2.228567812222243,1.5539809820097759,1.2501952980691837,0.2370909090909091,0.0018181818181818299,0.0,0.0,0.000363636363636366,0.0010909090909090979,0.005818181818181856,0.0
211,211,0.9709090909090909,0.9709090909090909,0.9525698516729907,0.9962918247671612,2.3557278401014807,1.3705864883242866,2.332016129065626,0.09685647317142204,2.0036528668140012,0.21309090909090914,0.0003636363636363993,0.009454545454545493,-0.003636363636363582,-0.0014545454545454195,-0.0010909090909090647,0.003272727272727294,0.0036363636363636598
212,212,0.9672727272727273,0.9671401528082076,0.9401300343146108,0.9915116489073506,3.0920219175571613,1.4474776537171634,1.589994604049773,0.9564504412301739,1.2403421302997728,0.21163636363636368,0.0025454545454545617,0.007272727272727297,-0.005818181818181789,0.000363636363636366,0.000363636363636366,-0.00436363636363637,0.002909090909090928
213,213,0.9636363636363636,0.9639522239674129,0.942512077294686,0.9935265700483092,2.646488435306239,0.6423757108106422,2.3446787251072765,0.9902262820253872,1.5907711626438283,0.16872727272727275,0.0018181818181818188,0.011999999999999966,0.003272727272727294,0.003272727272727294,0.007636363636363575,0.00727272727272722,0.005818181818181789
214,214,0.9672727272727273,0.9670087830746285,0.9473684210526316,0.9921705089169204,2.3207269674644877,1.2868967322178808,1.8208674034107073,1.4118887374275235,1.1817279802848886,0.26581818181818184,0.00509090909090909,0.006545454545454588,0.010909090909090879,0.006909090909090953,0.009818181818181804,0.010545454545454535,0.0036363636363636598
215,215,0.9527272727272728,0.9511456470375538,0.9053113553113553,0.9936996336996337,1.9312637341078582,1.260062366032635,2.6149118296643334,1.0554053335844626,1.71616954728752,0.25054545454545457,0.001454545454545464,-0.0014545454545454527,0.006545454545454588,0.0018181818181818299,0.004000000000000026,0.002909090909090928,0.0
216,216,0.9636363636363636,0.9630707070707071,0.9259658502932046,0.9967230079337702,2.709023610176064,0.6517276846158124,2.082581314632856,0.7086559779632794,1.8766645210268738,0.20800000000000002,0.0010909090909090868,-0.000363636363636366,-0.0036363636363636598,0.0029090909090909167,-0.000363636363636366,-0.0036363636363636598,-0.0036363636363636598
217,217,0.9709090909090909,0.9711547728121075,0.9564742737801405,0.9959179798746914,3.0596318238580675,1.828588684394106,1.302834638826348,0.8509558639981898,1.2482012501227588,0.1792727272727273,-0.0010909090909090534,1.1102230246251566e-17,0.0,-0.005818181818181745,0.000363636363636366,0.0,0.0
218,218,0.9854545454545455,0.9854545454545455,0.9762849258364954,0.996291824767161,2.5045974557636437,1.466410152509357,1.9339111525341908,0.4766666103210618,1.6361063967410352,0.21527272727272728,0.0018181818181818299,0.004000000000000026,0.0036363636363636598,0.0036363636363636598,0.003272727272727294,0.0018181818181818299,0.007636363636363686
219,219,0.9709090909090909,0.9715041322314049,0.9746895481200414,0.9976716109003104,3.005895437573834,1.1529988844890389,1.1465170794174901,0.5630093729317127,1.998839670638755,0.2614545454545455,-0.0007272727272726765,0.00036363636363638817,-0.0072727272727272085,-0.006545454545454477,-0.00618181818181811,-0.005454545454545379,0.003272727272727294
220,220,0.9636363636363636,0.9634123723106774,0.9406976744186046,0.9933333333333333,2.3143266527058954,1.3125486946478555,1.8272045250280928,0.890353165108771,1.9602605215202153,0.22654545454545455,0.004363636363636336,0.005090909090909079,0.00654545454545451,0.0014545454545454527,0.0018181818181818299,-0.000363636363636366,0.002545454545454551
221,221,0.9709090909090909,0.9710674278328307,0.9643980233602875,0.9982030548068284,2.855292475004521,1.077988791352638,1.270946591913725,1.015212562879838,1.7323418059187088,0.2996363636363637,0.0018181818181818299,0.0021818181818181958,-0.00290909090909085,-0.006909090909090842,-0.0039999999999999255,0.003272727272727294,0.006909090909090953
222,222,0.9709090909090909,0.9707386102483392,0.952635165833712,0.9965924579736484,2.534343457217767,1.7515692266029375,1.4745025712843642,0.757134461105213,1.5231408440429997,0.24181818181818188,-0.0007272727272726765,0.0036363636363636598,1.1102230246251566e-17,-0.0018181818181817744,0.0,-0.003272727272727205,-0.0003636363636363549
223,223,0.9527272727272728,0.951556461391605,0.8890692640692641,0.9882920110192837,1.7892631577348665,1.3036743273899076,2.1430970998090983,0.5717358667739358,2.329669616135123,0.1705454545454546,0.0010909090909090979,0.0061818181818182215,-0.000363636363636366,-0.000363636363636366,0.0021818181818181958,-0.001454545454545464,-0.0018181818181818299
224,224,0.9636363636363636,0.9625708595066648,0.9242424242424243,0.9971726837755546,2.8431861900341953,1.3027945868452533,1.7165270505592687,-0.002324951187600623,1.8864221096819236,0.22545454545454544,-0.0025454545454545617,-0.0036363636363636598,0.0,-0.000363636363636366,0.002909090909090928,0.000363636363636366,-0.000363636363636366
225,225,0.9636363636363636,0.9634007872057125,0.9390592722072144,0.9929286508819324,2.188798747026337,1.2154614997022046,2.360534108907758,1.073029177248509,1.5596643092081983,0.22145454545454543,-0.0018181818181818299,0.007272727272727253,0.005818181818181789,0.0018181818181818299,-0.004000000000000026,-0.004727272727272758,-0.001454545454545464
226,226,0.9636363636363636,0.9628320110382891,0.9227272727272727,0.9923966942148761,2.438571595601355,1.181350381061075,1.817398863689362,0.5720594201432349,1.8539280009644354,0.24218181818181814,0.0014545454545454527,0.004727272727272724,0.003272727272727294,0.0065454545454544984,0.0,0.0,0.004000000000000015
227,227,0.9563636363636364,0.9557982529300735,0.9229441305712492,0.993879472693032,2.476727100001516,1.0127181569269286,2.054082506909011,0.4791015093638829,2.125365113970875,0.20072727272727278,-0.00290909090909085,-0.003999999999999937,-0.00545454545454539,-0.0021818181818181294,0.0061818181818182215,0.0032727272727273047,-0.00727272727272722
228,228,0.9636363636363636,0.9634066711931006,0.9398932831136222,0.9939579409918392,2.742469988125272,1.341413702997092,2.149167384358961,0.6330938181915209,1.2837224419311914,0.2290909090909091,-0.000363636363636366,-0.000363636363636366,-0.0036363636363636598,0.0,0.0,-0.004000000000000026,-0.004727272727272758
229,229,0.9490909090909091,0.9478642055847629,0.9139437945408095,0.9944870243377706,1.8305109012496148,1.6376793312467046,1.6850215328290403,0.7649323503377006,2.1729435747577908,0.2850909090909092,-0.004727272727272714,0.0010909090909090979,-0.002909090909090928,-0.0036363636363636598,-0.004000000000000026,-0.004000000000000026,-0.0010909090909090979
230,230,0.9636363636363636,0.963220574669916,0.9382034952606635,0.9929650473933649,2.5357233124387735,2.1984168646545315,1.4985728697689045,1.094705325400873,0.9602159701746105,0.21963636363636363,0.006909090909090887,0.003272727272727294,0.005090909090909079,0.006181818181818166,0.004727272727272714,0.006909090909090865,0.0058181818181818005
231,231,0.9490909090909091,0.9479344919786098,0.8983576336517513,0.9906988436400201,2.846452851798731,1.3131699505767735,2.2267723126844405,-0.09717672392792265,1.728902917614368,0.17272727272727273,0.001454545454545464,-0.000727272727272732,0.0,0.0036363636363636598,0.003272727272727294,0.000727272727272732,-0.000727272727272732
232,232,0.9818181818181818,0.9818708014629647,0.9765972115826567,0.9980848781982534,2.959824659967901,1.4985211712531943,1.5540982041374276,0.027360158571346375,1.8793138496263206,0.26109090909090904,0.000727272727272732,0.0021818181818181958,0.000363636363636366,0.0,0.003272727272727294,0.003272727272727294,0.0
233,233,0.9636363636363636,0.9636363636363636,0.9501594896331738,0.992822966507177,2.612971880703526,1.5401061957579716,1.4886521405580757,0.7329220613797786,1.2668608832632284,0.2723636363636363,0.0014545454545454417,0.007999999999999962,-0.0036363636363636598,0.0010909090909090979,0.0,-0.0036363636363636598,0.0025454545454545396
234,234,0.9418181818181818,0.9418181818181818,0.9051397033459814,0.9875819248016557,1.9316448299238798,1.392494278975174,1.7256371130974193,1.7162815758756977,1.4167413448215864,0.20727272727272722,-0.0010909090909091423,0.0007272727272726986,-0.0018181818181818299,0.007636363636363575,-3.3306690738754695e-17,-0.005090909090909123,-0.004000000000000026
235,235,0.9672727272727273,0.966644869386716,0.9294577596464388,0.9968553459119497,3.004848729431355,1.4368776711306288,1.6076942178946427,0.7418203442524599,1.2117523121030942,0.21854545454545454,-0.003999999999999992,-0.0032727272727272605,0.002909090909090928,-0.0040000000000000036,-0.0069090909090908535,-0.002181818181818185,-0.004363636363636359
236,236,0.96,0.9601712900872921,0.9325517372318208,0.989842415037023,1.911592080311773,1.564929940451249,2.175182902393619,1.9853092626292812,0.8759278082887162,0.1887272727272727,0.0014545454545454195,0.0,-0.0036363636363636598,-0.003272727272727294,0.0014545454545454195,-0.000363636363636366,-1.1102230246251566e-17
237,237,0.9527272727272728,0.951911021845491,0.9118783196523419,0.989296636085627,2.592561781003685,1.3088610081065752,1.7056858104080623,1.7733799594021558,0.9340319011520599,0.23636363636363641,0.0018181818181818299,0.006545454545454588,0.000363636363636366,0.0010909090909090979,0.000363636363636366,-0.000363636363636366,0.0
238,238,0.9781818181818182,0.9780074539872264,0.9555555555555556,0.9964444444444445,2.1672769163946963,1.7364994910613236,1.2084592536431398,1.5993858973121544,1.1250784603308253,0.24872727272727274,0.0036363636363636155,0.0021818181818181958,0.0010909090909090979,0.000363636363636366,0.0,0.0010909090909090868,0.0036363636363636485
239,239,0.9672727272727273,0.9662035112426115,0.9127006345651363,0.992254572601717,2.2210842109016085,1.2301030786973046,1.5284700307836219,1.2353799727871533,1.8964400771639454,0.21090909090909093,0.0021818181818181958,0.005090909090909123,0.005090909090909123,0.000727272727272732,0.007636363636363663,0.000727272727272732,0.001454545454545464
240,240,0.9672727272727273,0.9671731843971505,0.9490310077519379,0.9943410852713178,2.3467870887452333,1.0568350733532519,1.6919049697332464,1.9899407867390608,1.1414166460291597,0.2741818181818182,0.00945454545454547,0.008000000000000007,0.0010909090909090979,0.002545454545454551,0.004727272727272747,-0.000727272727272732,0.0058181818181818334
241,241,0.9454545454545454,0.9452927238051205,0.9180710893212809,0.9911904397119656,2.479027191727952,1.3557576281517028,2.01652383246219,1.0494497184670448,1.5228722105653079,0.22399999999999998,-0.00545454545454549,-0.0025454545454545617,-0.0036363636363636598,-0.006909090909090953,-0.0061818181818182215,-0.0061818181818182215,-0.000363636363636366
242,242,0.9709090909090909,0.9707253369544804,0.9506826741996234,0.9968612680477087,2.4562716432639866,1.5082935161790387,1.491141885826452,0.9838536425020239,1.5419444848722046,0.2603636363636364,-0.00290909090909085,0.0,0.000727272727272732,0.0,0.0,0.0,0.003272727272727294
243,243,0.9818181818181818,0.9816298162300783,0.9620026092628833,0.9951891715590346,2.6410017960443515,1.1621246655087718,1.646554098471292,1.3207970374090983,1.17168608208329,0.252,-0.000727272727272732,0.0010909090909090979,0.0036363636363636598,0.000363636363636366,0.004000000000000026,-0.002909090909090928,-0.0025454545454545617
244,244,0.9490909090909091,0.9484942267782777,0.9167789757412399,0.9917640011979635,2.479095477089378,1.0551944209196955,2.234898494012183,0.22043111872563956,1.9814775219591156,0.22181818181818183,-0.007272727272727275,0.0036363636363636598,-0.006545454545454565,-0.0036363636363636598,-0.008363636363636384,-0.0065454545454545765,0.0
245,245,0.9563636363636364,0.9563636363636364,0.9344509772763387,0.9953122517082473,2.2980064325931275,1.780741042510352,1.473150678611283,1.3725586377334167,1.3005417725388448,0.22000000000000006,-0.004363636363636303,3.3306690738754695e-17,-0.0039999999999999255,-0.002909090909090861,-0.003272727272727205,-0.003272727272727205,0.006545454545454588
246,246,0.9745454545454545,0.974640547654166,0.9616596638655461,0.9968487394957983,2.499372718354622,1.5210273142369526,1.610400109534039,0.9581470031870792,1.6711647075568705,0.213090909090909,-0.000363636363636366,-0.000363636363636366,-0.000727272727272732,0.0,0.0,-1.1102230246251566e-17,0.0032727272727271937
247,247,0.9672727272727273,0.9671731843971505,0.9490310077519379,0.9949612403100775,2.3847654685035167,1.943775124908966,1.429615354296932,1.3136440467814865,0.8257182291419616,0.26472727272727276,-0.0007272727272727208,-0.0010909090909090868,-0.004727272727272724,-0.006181818181818155,0.000363636363636366,-0.0036363636363636485,-0.0010909090909090979
248,248,0.9418181818181818,0.9409371021135728,0.8921468638449771,0.9892911779704232,2.172434868543348,1.8489347940717429,1.5576025266354183,0.680841383968418,1.9813909991514516,0.19599999999999992,0.0007272727272726986,0.0007272727272727098,0.0036363636363635488,0.002909090909090839,0.0010909090909090647,0.0014545454545454085,-0.0036363636363636598
249,249,0.9636363636363636,0.9636363636363636,0.9431818181818181,0.9936363636363637,2.7555444482665874,1.8372689978105692,1.6540705259059871,1.2411701240016573,0.7309665574506815,0.21090909090909093,0.0,0.013090909090909065,0.0025454545454545617,0.0,-0.000363636363636366,-0.002909090909090928,0.0036363636363636598
