,random_seed,accuracy,f1_weighted,balanced_acc,auc,model_weights.random_forest,model_weights.bagging_svc,model_weights.bagging_knn,model_weights.gradient_boosting,model_weights.mlp,feature_importance.left_CO2_vd_scaled,feature_importance.left_CO2_vd_fd2_scaled,feature_importance.left_CO2_vd_fd3_scaled,feature_importance.left_CO2_vd_fd1_scaled
0,0,0.92,0.9194101414280786,0.8642699303076662,0.9615842257351691,2.700922217653126,1.7605720291274474,-0.052704042545982085,0.03914165731485203,1.7493053219141121,0.0934545454545455,0.06509090909090914,0.06109090909090914,0.03018181818181822
1,1,0.92,0.9215548044422983,0.8942517177811296,0.9567621920563097,1.8178138249222155,1.0758175384508772,0.05198468098451198,0.5839100760181081,2.904307663933369,0.1101818181818182,0.09090909090909095,0.07818181818181821,0.06727272727272733
2,2,0.9345454545454546,0.933240526596691,0.8844161958568738,0.9786566227244193,2.59932749653156,1.4627705896594638,0.4588037515672502,0.8359623281708816,0.6452775015064807,0.10363636363636367,0.10400000000000002,0.05854545454545457,0.04036363636363638
3,3,0.9163636363636364,0.9149195001881765,0.856550780621278,0.947609850313858,2.4608742204518483,2.0687549782347543,0.2857229034914963,0.3663364325754725,1.0986573402574595,0.1141818181818182,0.0792727272727273,0.08145454545454547,0.03854545454545456
4,4,0.9309090909090909,0.9275091818531603,0.8624481635071091,0.970675355450237,2.182977126301543,1.431087710576791,0.4070445478874157,0.490704962535857,1.5709284663420773,0.11745454545454545,0.07527272727272727,0.036,0.030545454545454532
5,5,0.9163636363636364,0.9177710491605708,0.88356280809111,0.9626891041985381,1.8804124465560472,2.245217099408199,0.5660693663594073,-0.268739320680182,1.7079590193556378,0.13454545454545458,0.07927272727272729,0.07745454545454548,0.05927272727272731
6,6,0.9127272727272727,0.9117772511848341,0.8700159489633174,0.9666521676091053,2.220358176214344,1.7937836855976865,0.5017964929203674,0.2668795762465951,1.4166066225644856,0.11599999999999996,0.07745454545454546,0.05745454545454546,0.049090909090909074
7,7,0.9345454545454546,0.933992670263667,0.878212187958884,0.9615455212922174,3.121491833747738,0.9766300248203005,0.26438640378784,-0.1568439476221247,2.2465538877175333,0.08072727272727274,0.0992727272727273,0.06181818181818184,0.028000000000000025
8,8,0.9490909090909091,0.9490909090909091,0.919348081112787,0.9788000670353612,2.5242632716931954,1.6612867067804813,0.5159040655893631,-0.14399788768083394,1.3940092531130501,0.15745454545454546,0.1,0.06181818181818183,0.023636363636363657
9,9,0.9345454545454546,0.9351140031413432,0.8893719806763285,0.9644444444444444,2.744681598678783,1.3714694026430505,0.33709405142936305,-0.31546230167063993,1.9523492778031013,0.1014545454545455,0.08945454545454551,0.07381818181818184,0.03563636363636367
10,10,0.9163636363636364,0.9140741502253718,0.8584123222748815,0.9676392180094787,2.3944532105011263,1.387627214367675,0.10313060935577309,0.1931967338789593,2.060298010150213,0.11127272727272727,0.08763636363636366,0.0861818181818182,0.034545454545454546
11,11,0.9527272727272728,0.9532170232563418,0.9348121706612273,0.9869964303926568,2.4244656176913213,1.3449451920422237,0.6411214244856891,-0.4084744978560586,2.094957159084728,0.1501818181818182,0.10181818181818185,0.09200000000000003,0.05090909090909094
12,12,0.9236363636363636,0.9233510843102294,0.8718092445670921,0.9466195239737841,2.1971558045681316,1.4985937381369583,0.5681269469272971,0.3971067349162451,1.741087188605455,0.11963636363636358,0.10618181818181811,0.08036363636363633,0.034909090909090855
13,13,0.96,0.9598582308390118,0.9331322272498743,0.9808111278699514,2.740222210989628,1.6545060668678033,0.014975707689173525,-0.23405958458698273,1.8521984855831475,0.12145454545454544,0.1065454545454545,0.07963636363636359,0.0367272727272727
14,14,0.9418181818181818,0.9407430234548877,0.8995532333787672,0.9743298500681508,3.4112132987152917,1.479698812003133,0.08443012953460158,-0.7938398868799887,2.0313619531144766,0.14981818181818177,0.07999999999999996,0.07527272727272724,0.04109090909090905
15,15,0.9163636363636364,0.9152394295939565,0.8738877726750861,0.9615384615384616,2.373433717916887,1.4565377194662386,0.10067500710784022,0.32705387339219205,2.12833890751777,0.11600000000000002,0.09854545454545455,0.08290909090909093,0.04327272727272728
16,16,0.9454545454545454,0.9448432326128293,0.901580826109128,0.9690634030256672,1.4599580646810544,1.6590979001502244,0.4181571412879243,0.7956023845380423,1.5776948140395413,0.11163636363636362,0.08654545454545454,0.042181818181818174,0.05127272727272726
17,17,0.9163636363636364,0.914233571671774,0.8478065883887802,0.96175799086758,3.082232037758819,1.14355775238281,-0.02627246921146626,-0.0008263524766324984,2.0716387035008244,0.09490909090909092,0.0792727272727273,0.06763636363636366,0.02981818181818182
18,18,0.9018181818181819,0.8987687700534761,0.8409704461494742,0.9684569479965899,2.8702552817426197,1.4811816612866384,-0.3526805364211387,0.2730316937128556,1.6592461229310118,0.1083636363636364,0.08400000000000003,0.06254545454545457,0.0243636363636364
19,19,0.9309090909090909,0.9297005395318648,0.8937448218724109,0.9689312344656171,2.6325635887745076,1.2631237967258064,0.4566512144245672,0.4181491430888628,1.3497730124457987,0.14727272727272728,0.11127272727272727,0.09781818181818182,0.06290909090909089
20,20,0.9309090909090909,0.9306132262128591,0.8738801791713326,0.9755505785740948,3.2797690708130043,1.240374557741303,0.0833193439916347,0.2031546675980498,1.4686721079648617,0.11781818181818178,0.05854545454545453,0.05490909090909089,0.01709090909090909
21,21,0.9090909090909091,0.9050400226750334,0.8174962292609351,0.9587732528909,3.1916834352548844,1.7732487623708866,0.478982197627825,-0.046725526164774975,0.8150484965183464,0.06763636363636359,0.07527272727272724,0.036727272727272706,0.013090909090909052
22,22,0.9418181818181818,0.9418181818181818,0.9090909090909091,0.9740495867768595,2.170014092230079,1.8298135209546333,0.18202775948543537,0.14666786469353524,1.7834899727811755,0.12436363636363632,0.08909090909090904,0.07599999999999996,0.056727272727272696
23,23,0.9090909090909091,0.9093744336238563,0.8665978070872398,0.9513745431431749,2.4722896608091767,1.3114305831044293,0.28558397268647273,-0.09772179526407632,2.3054358304224882,0.09709090909090907,0.08763636363636361,0.06181818181818179,0.033454545454545424
24,24,0.9345454545454546,0.932713560948855,0.8764102971555696,0.965358334657556,2.1861231786767106,0.8293337978144626,0.5067940235934227,0.3749605931584542,2.3547528531447948,0.11127272727272727,0.0883636363636364,0.08763636363636366,0.038181818181818206
25,25,0.9381818181818182,0.9376581818181818,0.9052873222748815,0.9651954976303317,3.0102155221279028,1.6271940851650855,0.202691045562074,-0.7278514687725584,2.21375981369568,0.14109090909090916,0.12400000000000007,0.09600000000000007,0.0643636363636364
26,26,0.9163636363636364,0.91608925773807,0.869507484307098,0.9552551102526959,2.382360904938208,1.7020122618313689,0.3757401003695428,0.2991247749488538,1.36532051595351,0.10472727272727274,0.08763636363636365,0.055272727272727286,0.032363636363636386
27,27,0.9454545454545454,0.9441012943723855,0.894334460003219,0.9721551585385482,2.920750318630222,1.6350679322752515,0.3298048248260528,-0.2567953921296192,1.5055421567281184,0.13381818181818178,0.11018181818181816,0.07890909090909089,0.044
28,28,0.9236363636363636,0.9239070138527956,0.8808856025837157,0.9575046744858065,3.4760897079801114,0.7785037912234704,-0.04464780118680968,-0.1222688821825851,2.30491887917476,0.1054545454545454,0.08909090909090904,0.06945454545454541,0.029090909090909035
29,29,0.92,0.9206393353801698,0.8694016152716593,0.9606277533039648,3.218824811040809,1.2505132155418617,-0.008360156130193183,-0.11308567303340682,1.9493700840385628,0.07236363636363641,0.06581818181818186,0.06472727272727277,0.04654545454545459
30,30,0.9272727272727272,0.9268133423862011,0.8859463276836159,0.969083490269931,1.7469803518003262,1.3389810305528984,0.11771429060105154,1.0156402248627294,1.894161812820195,0.10363636363636361,0.09272727272727269,0.07236363636363634,0.049818181818181796
31,31,0.92,0.9209376436341352,0.8936362209667295,0.9652385436283741,2.439107446764254,1.4903218140683514,0.2888953973691061,0.2717068828291467,1.872008027039834,0.1436363636363637,0.09963636363636366,0.0654545454545455,0.05490909090909095
32,32,0.9345454545454546,0.9361581920903954,0.925,0.9730578512396694,2.857395861408729,1.6240764768662383,0.41672741883407594,-0.5586142815199927,1.7336888453451018,0.1410909090909091,0.10072727272727275,0.0963636363636364,0.030545454545454577
33,33,0.9272727272727272,0.9267768595041322,0.8812377690802349,0.9482224396607959,3.267706794656254,0.794577080598455,0.23740284048627702,-0.5484439285562065,2.4806045746155485,0.13527272727272724,0.0996363636363636,0.09709090909090909,0.058545454545454546
34,34,0.9381818181818182,0.9370271161474654,0.884573487514664,0.9722641193229429,2.350310505510425,1.2274213398951384,1.5002612912594384,-0.4341161211056676,1.9613186556860842,0.09890909090909096,0.11490909090909093,0.07163636363636368,0.05672727272727276
35,35,0.9490909090909091,0.9490909090909091,0.9181964983851776,0.970763216046235,2.4842773096561594,1.4162909606140008,0.5500807541857992,0.4246399220967804,1.2674832184218134,0.1316363636363636,0.10181818181818181,0.04800000000000001,0.016727272727272723
36,36,0.9163636363636364,0.914233571671774,0.8478065883887802,0.9515655577299412,2.1093435381497425,2.26453659894058,0.32050732041230345,0.05216627014495809,1.2804808917136186,0.11345454545454545,0.1043636363636364,0.06000000000000003,0.05927272727272729
37,37,0.9418181818181818,0.9401898319545378,0.8873351342761799,0.974574924519307,3.0152719415251066,1.330652820466937,0.040469017190109716,0.10093441649367695,1.6122520178425286,0.13818181818181813,0.10145454545454542,0.07127272727272724,0.039999999999999966
38,38,0.8981818181818182,0.8981818181818182,0.8507751937984496,0.945891472868217,2.577261019347479,1.5469495170151506,0.0463496976003174,0.6245438695252644,1.2469528807472674,0.09745454545454546,0.08690909090909091,0.0370909090909091,0.026181818181818195
39,39,0.9309090909090909,0.92932246668299,0.8777131782945736,0.9674418604651163,2.6770284762243612,1.6481366320016781,0.11022201656812103,-0.22571683374024623,1.9510628129821264,0.124,0.0930909090909091,0.07709090909090908,0.05672727272727272
40,40,0.9418181818181818,0.9418181818181818,0.9065102838687744,0.966173720890702,3.352338464868745,1.1300331393282819,-0.009279895949211067,-0.27531401978213316,2.0155750650739153,0.08509090909090905,0.0898181818181818,0.08290909090909086,0.04909090909090905
41,41,0.8945454545454545,0.8924090969672738,0.8353479853479853,0.9465934065934066,2.5144631932651214,1.9565902120563694,0.3772297503907913,0.183900331964879,1.1048386308223583,0.11345454545454543,0.09127272727272726,0.04545454545454547,0.02472727272727272
42,42,0.9236363636363636,0.9247055796664794,0.8671060698957694,0.9492131616595136,2.3492237570482577,1.2005899527728139,-0.20846221581785512,0.9824661093761314,1.96514355304679,0.05890909090909087,0.06109090909090905,0.055636363636363595,0.044727272727272685
43,43,0.9309090909090909,0.9311539649144341,0.892571817100119,0.9668536460989291,2.651263636525711,1.0939967041480367,-0.2520891727063381,0.17060541857165562,2.514490507122731,0.1061818181818182,0.1087272727272727,0.06945454545454546,0.0541818181818182
44,44,0.9236363636363636,0.9221713619023373,0.8593404725480198,0.9454360020397756,2.3704957365897923,1.2912965182085598,0.2767472641677252,0.7662009547050378,1.4572892176290744,0.1025454545454545,0.06909090909090906,0.0654545454545454,0.030909090909090865
45,45,0.9163636363636364,0.9144911180773251,0.8583575915428221,0.9484449210969818,2.8244869568109876,1.5783707625332781,0.03480773710404168,-0.2625012100639389,2.2389856681806055,0.12400000000000003,0.07745454545454547,0.07636363636363638,0.018545454545454542
46,46,0.9527272727272728,0.9525506712396657,0.9192393928941014,0.9758537426698861,2.904120588708203,1.3016817922823198,0.1473365621557628,-0.4937883101634611,2.2357236313009397,0.12436363636363641,0.10945454545454547,0.08181818181818185,0.057454545454545466
47,47,0.9163636363636364,0.9139561128526645,0.8545358170528548,0.966227472361048,3.164332391396204,1.276730246294745,0.42195236672455455,-0.34245908946498355,1.6846722673199204,0.12000000000000002,0.06945454545454546,0.07454545454545455,0.025454545454545473
48,48,0.9381818181818182,0.9379569045187023,0.8970763216046236,0.9747577766445691,2.127906286432368,1.319872896721382,0.30051110766348443,0.4390434931952572,1.827344725293171,0.08690909090909096,0.07745454545454548,0.07345454545454551,0.04400000000000006
49,49,0.9309090909090909,0.9295473582835001,0.8689203173508107,0.9520524318730597,2.4515728902208465,1.4315359917391817,0.8443505253356703,0.17509860826739523,1.4691996348807381,0.10581818181818185,0.07527272727272728,0.07200000000000001,0.035272727272727275
50,50,0.92,0.9193428781204112,0.8554271266028535,0.9636987538378183,2.727870317645056,1.4275464681348304,0.4647519607244768,-0.184043762278377,1.8172837381182354,0.06763636363636367,0.07345454545454551,0.07890909090909096,0.020363636363636417
51,51,0.9454545454545454,0.9443794933817108,0.8926353915143153,0.9688685753708175,2.6802200098484996,0.983275124278961,-0.008302396359664118,0.5215809160915605,2.103232725314949,0.10327272727272725,0.08036363636363633,0.07236363636363635,0.04363636363636362
52,52,0.9381818181818182,0.9362099380335283,0.8787144446210075,0.9579691720959796,2.9270589622682293,1.4235993534495428,0.266223313326074,0.18190332259506967,1.346869786726132,0.11527272727272733,0.06690909090909097,0.059272727272727324,0.028363636363636403
53,53,0.92,0.92,0.8827519379844961,0.9739534883720931,2.722283721829111,1.2802828015667587,0.1380142361644445,0.4558420711436692,1.6431346543234584,0.13454545454545458,0.06109090909090914,0.050909090909090945,0.03454545454545457
54,54,0.92,0.92,0.8813166980539862,0.9602950408035154,2.373001411460538,1.1027937806564325,0.4182431399077539,-0.010148662982619327,2.5382665714990114,0.11200000000000002,0.08654545454545459,0.09854545454545457,0.035272727272727324
55,55,0.9272727272727272,0.9267220524573466,0.8740513970334598,0.9692135219041049,1.667556076529199,2.125260617123186,0.2956955436698955,0.38715642397140043,1.5544879593555645,0.10509090909090908,0.08399999999999998,0.05963636363636362,0.045090909090909057
56,56,0.9272727272727272,0.9272727272727272,0.8758352898681596,0.97074227921257,2.8795210199471017,1.6675356530929089,0.3179652923269972,-0.2322190268246305,1.4229608867670651,0.11672727272727271,0.06690909090909089,0.06472727272727272,0.04472727272727271
57,57,0.9381818181818182,0.9379683371819676,0.8999999999999999,0.9816528925619835,2.392117180507519,1.7399386517398627,0.3350075304187703,-0.0233023060927183,1.563987551300186,0.09927272727272732,0.07927272727272733,0.0701818181818182,0.05309090909090915
58,58,0.9272727272727272,0.9262809917355372,0.8763882182520522,0.9580717849670046,3.0059569162430138,1.0938379946029737,-0.44634272792778573,-0.15048558739524934,2.783979655324013,0.11309090909090909,0.09309090909090907,0.07090909090909088,0.034909090909090904
59,59,0.9236363636363636,0.9221713619023373,0.8593404725480198,0.9620941696413394,2.6940324549925294,0.8425391791576793,0.5710612976683022,0.29140828372196703,1.9563174043444658,0.10327272727272722,0.06945454545454541,0.06654545454545449,0.020727272727272695
60,60,0.9527272727272728,0.9516860481566363,0.8974394273127753,0.969254772393539,2.5250510074755392,1.7298165640858754,0.28144604955350655,-0.026669177120939157,1.5408125952349403,0.12254545454545458,0.0843636363636364,0.05672727272727278,0.03709090909090913
61,61,0.9272727272727272,0.9247458446243333,0.8466666666666667,0.9448,2.266062866651778,0.8041499706335278,0.46084131748510376,-0.25821833029902613,2.807472434600996,0.07636363636363633,0.058181818181818154,0.08072727272727272,0.043999999999999984
62,62,0.9418181818181818,0.9403844613536243,0.8809961484593838,0.9712009803921569,2.4429551449478315,0.9023551398938023,0.28260957809377457,-0.020516693432639108,2.59117436190015,0.10909090909090904,0.0727272727272727,0.06727272727272723,0.05272727272727268
63,63,0.9236363636363636,0.9198283254194926,0.8288888888888889,0.9624888888888888,2.371272581128641,1.2049512706282512,0.47172832685812294,0.015286785981630722,2.2701231787032055,0.09418181818181813,0.06036363636363632,0.057090909090909046,0.02872727272727269
64,64,0.9272727272727272,0.9256207028265852,0.8637925255572314,0.9594436065024301,1.686696082566144,1.1757796231132063,0.10825111650194805,1.0139150136390305,2.021995914636939,0.09418181818181816,0.07381818181818181,0.07745454545454544,0.0356363636363636
65,65,0.9418181818181818,0.9414110943522709,0.9022727272727272,0.9685123966942148,2.9495495508963963,1.5951658271320492,0.15058792317415542,0.17184407766330845,1.1688977343394034,0.1352727272727272,0.07199999999999994,0.05963636363636358,0.02872727272727269
66,66,0.9163636363636364,0.9155191886854758,0.863029132464188,0.9641075164976662,2.447091763039826,0.8553044118260555,0.19136663822420483,0.16018247125821033,2.5271849339188055,0.10981818181818184,0.06545454545454547,0.06000000000000002,0.040000000000000015
67,67,0.9309090909090909,0.9299417049770815,0.8603864734299517,0.962512077294686,2.623988254568528,0.6227181729821335,0.1434054598357862,0.7027762325838793,2.2478461053833168,0.09781818181818182,0.08181818181818182,0.07054545454545454,0.03236363636363635
68,68,0.9054545454545454,0.9031878109248527,0.8237323214901691,0.9429113487409451,2.4473506693983538,1.3422881021250623,0.08054575156970696,0.08304528281688447,2.6078204623376138,0.0923636363636363,0.054181818181818144,0.04727272727272723,0.038181818181818136
69,69,0.9418181818181818,0.9413656565656565,0.8961397058823529,0.9712885154061626,3.1888285440516726,1.0484336533931327,0.2999704549502817,0.1382647249481681,1.4805682034338392,0.10036363636363635,0.07636363636363631,0.04836363636363632,0.030909090909090865
70,70,0.9272727272727272,0.9256640220765782,0.865909090909091,0.965206611570248,2.307909607970658,1.7259193083918745,0.27465406559842764,0.10523917676848454,1.459515606613443,0.08727272727272725,0.0996363636363636,0.05090909090909088,0.04254545454545451
71,71,0.9272727272727272,0.926353957499675,0.8813953488372093,0.963953488372093,2.139516123442199,1.8004477611454954,0.30499772105661627,0.21710138563907974,1.565455027069581,0.13272727272727272,0.08254545454545453,0.06690909090909088,0.02618181818181815
72,72,0.9309090909090909,0.9311539649144341,0.892571817100119,0.9666836647968723,2.689082184597859,0.9719584013698535,0.14393175794174434,0.03916304549893477,2.4895165553141134,0.1021818181818182,0.08436363636363636,0.05672727272727274,0.03818181818181817
73,73,0.9309090909090909,0.9301549686268787,0.880048600636836,0.9573487514663985,2.782224182384856,1.3758298385178687,0.3547858995884217,0.3658714162057716,1.3953263075495481,0.09636363636363636,0.0978181818181818,0.08327272727272728,0.04218181818181819
74,74,0.9090909090909091,0.9082186179637455,0.8558929692404269,0.9588041431261771,3.491107345998503,1.336492056402226,0.4950574071514238,-0.3942516945779069,1.3512532927270446,0.11854545454545451,0.05745454545454541,0.07527272727272724,0.026545454545454504
75,75,0.9345454545454546,0.9329325190228275,0.8689600840336134,0.9676995798319328,2.057212050505279,1.870999868988371,0.6912643439115773,-0.3814405810513255,1.7942591566828263,0.08763636363636368,0.09818181818181818,0.0661818181818182,0.044000000000000025
76,76,0.9163636363636364,0.9149195001881765,0.856550780621278,0.9626589409303075,2.0997337165688985,1.2635972331210503,0.21649036017927833,0.4912091013618307,2.1305084162243397,0.10763636363636364,0.09200000000000001,0.052727272727272755,0.03890909090909093
77,77,0.9454545454545454,0.9452142628613216,0.8977596354661097,0.9777862160622746,2.593320785605082,1.190707164407826,0.10750292051222825,0.1638582726246104,2.1543769422105763,0.09890909090909086,0.09636363636363635,0.07199999999999995,0.03527272727272727
78,78,0.9272727272727272,0.9297295463028945,0.9000601443464314,0.9696271050521251,2.0301427864666364,1.6143655286736016,0.8565321415187748,0.09180389563336878,1.6364798925739628,0.07636363636363634,0.0767272727272727,0.06363636363636363,0.025818181818181796
79,79,0.9163636363636364,0.9155611285266458,0.8666823603264282,0.9701035781544256,2.154426767527003,0.8616964877278402,0.11576418013344522,0.8148046271545739,2.415118656702724,0.10945454545454547,0.09490909090909093,0.04472727272727275,0.04000000000000002
80,80,0.9381818181818182,0.936489589297014,0.888958827014218,0.9586789099526066,2.4944968435398183,1.8920155958840936,0.6041995722807918,0.17668139075623024,0.8618713640284996,0.12509090909090914,0.08909090909090915,0.07490909090909097,0.0345454545454546
81,81,0.9090909090909091,0.9099856220003645,0.8681818181818182,0.9637190082644628,2.27224271853173,2.0500754620648243,0.8161421377231095,0.017735850713216136,1.0960037471661708,0.09890909090909086,0.0687272727272727,0.0607272727272727,0.04145454545454543
82,82,0.9454545454545454,0.9447731216152269,0.8948889290229366,0.9729095177894167,2.4261510823494743,0.9361327195383107,0.45471322785246837,0.2331391421211565,2.1339597610799923,0.13054545454545452,0.08945454545454543,0.06472727272727272,0.02981818181818179
83,83,0.9018181818181819,0.9040728583500094,0.8673720890702024,0.9524052354241033,2.246053468311617,2.1411322112108646,0.4265103047562572,-0.13744593975186337,1.6343484982053547,0.11600000000000003,0.09054545454545457,0.08872727272727277,0.03200000000000004
84,84,0.92,0.9179269274102688,0.860694040140953,0.9510494867473572,2.786549258498236,1.366880389660253,0.0015725315369574996,-0.01372432785484897,1.9313153944807393,0.12254545454545458,0.11563636363636368,0.07600000000000004,0.037818181818181876
85,85,0.92,0.9223441090853378,0.9098988910632746,0.9646118721461188,1.8947941623394995,2.0971924337428716,0.13843176484463296,0.5171710286549688,1.3398367871352173,0.13309090909090915,0.11127272727272733,0.07709090909090913,0.07127272727272732
86,86,0.8981818181818182,0.8936798462938619,0.8217948717948718,0.9561172161172161,3.0002999214448725,1.088005653121857,-0.12398115234026143,0.46950564986282217,1.8201829798695108,0.10581818181818184,0.07600000000000004,0.04800000000000002,0.033818181818181824
87,87,0.8981818181818182,0.8962524016584084,0.8349548031254788,0.9440784433889995,1.8926595133488537,1.390193746914211,0.8129155245819113,0.8949093878001335,1.4699861069591318,0.09600000000000002,0.0872727272727273,0.06145454545454547,0.028000000000000004
88,88,0.9054545454545454,0.9048420467348521,0.8516605752423327,0.9599555061179088,1.8851904305640836,0.6312931679568924,0.45371826391413633,0.8916525910083252,2.4754930815544833,0.09890909090909086,0.07527272727272721,0.06909090909090905,0.03890909090909086
89,89,0.8981818181818182,0.8988249570229548,0.8515612425559311,0.9513117656526638,3.2847562429788475,1.3764024119642957,0.2825833054061435,-0.17635799528011709,1.6457751552668303,0.10327272727272727,0.0792727272727273,0.05236363636363637,0.0301818181818182
90,90,0.92,0.9168888888888889,0.8409090909090909,0.9641322314049587,1.3391579419741264,1.9190181800804866,0.15348114053567866,0.7308454516789262,1.8723233895264881,0.12327272727272728,0.0614545454545455,0.0643636363636364,0.02945454545454549
91,91,0.9054545454545454,0.9030042047266927,0.8536315934824634,0.9506351836509251,2.2242555328870997,1.5526499579798092,-0.17359662823934494,1.1148382063316238,1.46685530198093,0.1352727272727272,0.0705454545454545,0.08690909090909087,0.03745454545454541
92,92,0.9490909090909091,0.9470610211706102,0.892813872482205,0.9787217931243375,3.1720775564578285,1.4839331759387233,0.08080730519924205,0.1108903876363639,1.174277513869644,0.12036363636363638,0.10145454545454546,0.0669090909090909,0.05054545454545456
93,93,0.9345454545454546,0.9345454545454546,0.8948240693523712,0.9694883562808091,2.926451112318491,1.5521511542216744,0.8402811966573069,-1.1442566327942887,2.231378004517474,0.10109090909090912,0.09018181818181821,0.06727272727272729,0.04909090909090911
94,94,0.9309090909090909,0.9280698823775647,0.8592467407049734,0.9717527764365042,2.876831376797677,1.3657878837590298,0.03282316193534572,-0.4616304960443902,2.265124096820398,0.0872727272727273,0.0749090909090909,0.06472727272727272,0.041818181818181824
95,95,0.9272727272727272,0.9272727272727272,0.8863636363636365,0.9638842975206612,2.3632818339580015,1.863836027054084,0.18635633391239603,0.581377234679461,0.9928742579909263,0.12109090909090905,0.08945454545454544,0.0658181818181818,0.01854545454545453
96,96,0.9236363636363636,0.9217903808729496,0.8631813125695217,0.9385825520419513,2.9261770156556564,0.9740630021156876,0.37169008864739406,-0.4668111124368536,2.582562048842974,0.11309090909090905,0.07636363636363631,0.06836363636363632,0.032727272727272695
97,97,0.9127272727272727,0.912010412494994,0.8430106555896695,0.9553007043525376,2.942596438122119,1.4853574373268483,0.34703694515858413,0.15868867593648345,1.4068866201694878,0.08327272727272726,0.0789090909090909,0.07709090909090908,0.029090909090909077
98,98,0.9090909090909091,0.9048380410967016,0.8365231259968102,0.9585326953748006,3.0531884997857293,1.1198526566278946,0.4402432128056141,-0.20518530362322485,1.8172735647448364,0.10836363636363636,0.10036363636363635,0.04545454545454543,0.008363636363636328
99,99,0.9127272727272727,0.9115965058601465,0.8582077840552417,0.948210922787194,2.179667526991289,1.6545904952405535,0.34403722044503715,0.6526306575929646,1.4473310858777315,0.10109090909090908,0.09563636363636362,0.0730909090909091,0.015272727272727282
100,100,0.9236363636363636,0.9215292615736075,0.852158762536121,0.9581845996940336,1.7963633090827194,2.0783811410051225,0.3170173735397862,0.43479511236832946,1.4876433820199157,0.08472727272727268,0.08618181818181814,0.05599999999999997,0.044363636363636307
101,101,0.92,0.9182763895971443,0.8567351598173516,0.9574363992172211,2.259012343736954,1.1733177682654266,0.18036462059869376,1.3857468978517462,1.1779119458071674,0.10363636363636368,0.0923636363636364,0.059272727272727324,0.04000000000000005
102,102,0.9418181818181818,0.9418181818181818,0.9051397033459814,0.978095895136254,1.9092774046522174,1.1417128607084626,0.15021361629609326,0.530928382873856,2.3688066812053634,0.12399999999999993,0.07745454545454541,0.07199999999999995,0.057090909090909046
103,103,0.9090909090909091,0.9081961961814538,0.8539647227077705,0.9544732242173845,2.589090696389958,1.8353020113869425,0.30350830527491557,0.7802937611529454,0.7019385986763361,0.11127272727272723,0.0647272727272727,0.06072727272727272,0.03927272727272725
104,104,0.9272727272727272,0.9262002571419612,0.8707893413775767,0.9508128037539803,3.106628805272434,1.3293094541672517,0.24034953223459576,-0.3150981249241771,1.8362793188860955,0.12218181818181817,0.09381818181818179,0.06618181818181815,0.03527272727272725
105,105,0.9127272727272727,0.9127272727272727,0.8654598825831703,0.9522178734507503,3.288669832319982,1.2622160865253085,0.2990644487247185,0.1526262934201957,1.4789277478652183,0.10945454545454543,0.0770909090909091,0.07054545454545455,0.0327272727272727
106,106,0.9163636363636364,0.9119172399508257,0.8349165006894439,0.9641489198713038,2.497738168657558,1.3533485341168607,0.2753722619577454,0.5353801966612635,1.4433077897924431,0.09272727272727274,0.06363636363636366,0.0410909090909091,0.009090909090909116
107,107,0.9054545454545454,0.9031825229034531,0.8458604857819905,0.9489780805687204,2.565817138521286,1.724852414810975,0.1795104541225196,0.12848455678857493,1.5820243165850032,0.11018181818181812,0.08654545454545451,0.08036363636363633,0.027272727272727216
108,108,0.8981818181818182,0.8933223140495868,0.8142132364076935,0.9458579433590792,2.6907548670620316,1.3312803056167761,0.34182356383826734,-0.7991921956407615,2.85513173439275,0.11200000000000002,0.06690909090909093,0.06290909090909094,0.0501818181818182
109,109,0.9309090909090909,0.9297161088511023,0.8786817962337035,0.9610494125221309,2.7262504167330923,1.0896813724692385,0.45932886829329905,-0.1446480298646676,2.3721180771749046,0.12399999999999997,0.10690909090909088,0.08327272727272729,0.05563636363636364
110,110,0.9418181818181818,0.9426323567500038,0.9198861676440151,0.9651604001379785,2.3929675095909984,1.1469529659861952,0.39238319475127226,-0.21033580864214685,2.3574028146203263,0.10981818181818179,0.09636363636363632,0.10654545454545453,0.06472727272727266
111,111,0.9381818181818182,0.9372903225806452,0.8712121212121212,0.9680243998425817,3.0317926342402775,1.4294938050675092,0.21629565271402287,-0.39576629552458764,1.8930883096082813,0.08436363636363642,0.06254545454545458,0.07272727272727278,0.03818181818181822
112,112,0.9418181818181818,0.9411691034332542,0.9087912087912088,0.9717948717948718,2.3885907152335824,1.5224414660787935,0.03615796782591761,0.42670444402361596,1.5565053862872908,0.12509090909090906,0.09745454545454543,0.08109090909090903,0.054545454545454494
113,113,0.9090909090909091,0.9080444792808903,0.8407209382545705,0.9584339427388755,2.327373901047922,1.6685924508892673,0.1020258729083573,-0.06362506613191977,2.162225881890597,0.11090909090909089,0.08218181818181816,0.04727272727272726,0.04909090909090905
114,114,0.9236363636363636,0.9227333198951825,0.8622636554621849,0.9553571428571428,2.9081920489110544,2.138929170426356,0.1810665628906654,-0.535084477375305,1.4357140892823934,0.0905454545454545,0.08545454545454542,0.07018181818181814,0.05418181818181813
115,115,0.9090909090909091,0.9053551083915324,0.8260502172863351,0.9488169966199904,2.321106322296438,1.2073226359858866,0.09502921693159373,0.8507086516337368,1.7556444308654306,0.08436363636363632,0.06181818181818179,0.06727272727272723,0.026545454545454504
116,116,0.9272727272727272,0.9268015744114247,0.8844350866041633,0.9655966947401875,2.5725453585162414,1.2789833568784525,0.15751314064733057,0.479191652033659,1.6671327915872274,0.12327272727272727,0.09636363636363635,0.06727272727272725,0.02799999999999998
117,117,0.9163636363636364,0.9166380149892026,0.8743884540117417,0.9636333985649054,2.4326776313642564,1.1023350067990452,0.4100282296854298,0.24951243412431828,1.9865134254283312,0.12327272727272728,0.09818181818181819,0.04036363636363639,0.02327272727272729
118,118,0.9381818181818182,0.9379015729450787,0.8826086956521739,0.9710144927536232,2.7842157652447406,1.0564414054163842,0.6080302443538462,-0.025649211399129714,1.8101411932112477,0.1272727272727273,0.0945454545454546,0.08181818181818187,0.02436363636363642
119,119,0.9272727272727272,0.9245164179535703,0.865521327014218,0.957864336492891,3.4946568305605403,1.2515808666550057,0.6145967357936087,-0.6082879774588802,1.6586935972016408,0.10763636363636361,0.11418181818181816,0.05709090909090906,0.02109090909090907
120,120,0.8981818181818182,0.8939073997897529,0.8147286821705426,0.9175968992248063,2.481411311933339,0.8460530188810089,0.2729890835554416,0.8109878770220128,2.2825590533374736,0.08763636363636364,0.07672727272727273,0.06254545454545454,0.028000000000000025
121,121,0.9018181818181819,0.9014513941131521,0.8362366333218352,0.945584684373922,3.0360232122211825,0.9033378518356657,0.4883698164209605,-0.2355957569302601,2.2879353752937788,0.06800000000000003,0.07890909090909096,0.06727272727272729,0.041090909090909136
122,122,0.9345454545454546,0.9354154065112968,0.9102983073571309,0.9708396178984414,2.894880928437439,1.6198428157274036,-0.0005519005432434638,-0.16882821209943621,1.6861104100420286,0.1316363636363637,0.09054545454545455,0.08290909090909092,0.057090909090909116
123,123,0.9272727272727272,0.9286166752268448,0.9078196347031964,0.9681180691454664,2.4440383084916317,1.8531073353948002,0.39668210662373804,0.2986488332955961,1.1290151379418796,0.10763636363636361,0.10036363636363635,0.08145454545454543,0.04109090909090908
124,124,0.9272727272727272,0.9268015744114247,0.8844350866041633,0.9650405212140474,2.5146733301835704,1.8689900583515677,0.45853979495525554,-0.708863273698548,2.237173270226689,0.14363636363636362,0.1087272727272727,0.09345454545454543,0.0669090909090909
125,125,0.9018181818181819,0.9060054382344331,0.8855555555555555,0.9568,2.5556876080770836,1.5211629758488368,0.4951757779800271,-0.05674716792296238,1.8379565225367855,0.11309090909090913,0.08181818181818185,0.08981818181818185,0.04109090909090912
126,126,0.9345454545454546,0.9345454545454546,0.8864262114537445,0.9657672540381791,2.17224899854345,1.1089375705342808,0.24412477048416673,0.04457852041702629,2.734852401515624,0.13163636363636363,0.07490909090909095,0.053818181818181834,0.028000000000000035
127,127,0.9127272727272727,0.9138024310905667,0.8801706100112667,0.9542089167873814,1.9901969577936944,1.9510571377701316,0.7027263491668917,0.23443643073044187,1.2146146780946703,0.09854545454545453,0.08509090909090908,0.060363636363636355,0.03927272727272727
128,128,0.9381818181818182,0.9375734134033885,0.8976640711902113,0.9725091371365009,2.209161962672292,1.140604291457643,-0.532832032464898,0.8609336909355227,2.1721125472871163,0.12800000000000006,0.0774545454545455,0.08109090909090914,0.04836363636363641
129,129,0.9236363636363636,0.9228244129870679,0.8704545454545455,0.9469421487603307,2.696201811652281,1.800646594220405,0.07335889107515695,0.4774883331232352,1.0866477323320585,0.10145454545454542,0.09709090909090903,0.06509090909090905,0.05127272727272723
130,130,0.9127272727272727,0.9105769560006849,0.8541479484875711,0.9644354597184785,3.255387517835211,0.8875976764787125,-0.11373339758539451,-0.05488580974650129,2.235248093377317,0.12945454545454543,0.06763636363636363,0.05672727272727274,0.008363636363636373
131,131,0.9127272727272727,0.9127272727272727,0.872093023255814,0.9589922480620154,1.601328419499943,2.1075565351982073,0.9089917189026677,0.021341612136899772,1.7162300311829388,0.1258181818181818,0.08072727272727273,0.08,0.048
132,132,0.9490909090909091,0.9480759651307595,0.9059949780288763,0.9798336472065285,3.051166674477091,1.4379772323649058,0.21818993767664882,-0.006465079231200098,1.3331706415188131,0.10763636363636367,0.09745454545454547,0.08145454545454546,0.042545454545454574
133,133,0.9163636363636364,0.9161494973535868,0.8840054535017221,0.9756027554535017,2.9931607649082745,1.4618190651021001,0.17391651207883713,-0.02653496563028175,1.4629328555656107,0.12654545454545457,0.08036363636363639,0.0792727272727273,0.024363636363636375
134,134,0.9381818181818182,0.9369634258326054,0.880777854432563,0.9768023456364263,1.933784804075352,0.761973617826146,0.40723916574557617,0.5776948319885755,2.5328406442529374,0.10181818181818185,0.08400000000000005,0.05563636363636367,0.05090909090909094
135,135,0.92,0.9172557928214449,0.8629227053140096,0.9478545041204888,2.68962140961358,1.537163012554351,-0.002012952361484001,0.5375183019571281,1.3055052763389352,0.11818181818181824,0.10654545454545458,0.05636363636363641,0.025090909090909143
136,136,0.9127272727272727,0.911154334038055,0.8597259658580413,0.9683288409703503,2.6527149587051135,1.7882097172073323,0.49181171452804073,-0.21600374773553782,1.3793962132641049,0.12836363636363635,0.09454545454545454,0.07054545454545455,0.035272727272727254
137,137,0.9454545454545454,0.9453005347593584,0.9199985025456723,0.9737196765498652,3.2357534546458133,0.2714598699018783,0.37930606200793837,-0.08721166081072369,2.4699173585233742,0.15163636363636362,0.12545454545454543,0.09127272727272726,0.04436363636363636
138,138,0.9418181818181818,0.9418181818181818,0.9090909090909091,0.9780165289256199,2.717672740321377,0.9553999061174068,0.8029959173256132,0.2681429920672983,1.4140533119852094,0.12436363636363632,0.07636363636363633,0.06109090909090904,0.02872727272727269
139,139,0.92,0.9179787064992849,0.862600333181887,0.9474481296380434,2.830628959206245,1.3260384205206737,0.31870734916887344,-0.5254913290663058,2.275424364275166,0.11927272727272728,0.08945454545454548,0.08618181818181822,0.055636363636363685
140,140,0.9236363636363636,0.9233585291113381,0.8737038925718171,0.9702532721400645,2.0808984380568853,1.0312225616155188,0.03500678672427978,0.5918934745601421,2.5091490245289503,0.1105454545454545,0.08109090909090905,0.07199999999999997,0.04145454545454541
141,141,0.9090909090909091,0.9080444792808903,0.8407209382545705,0.961365988271818,2.845873771710977,1.4621869786379948,0.49058234503165726,-0.11695903355895461,1.6233708647123728,0.09418181818181816,0.06872727272727268,0.06290909090909089,0.022181818181818146
142,142,0.9054545454545454,0.9038724168912847,0.8548644338118022,0.9551979121357111,2.3408287692503955,1.2557026440318035,0.36856204396195813,0.6728137090055484,1.6778317254360138,0.10981818181818177,0.08981818181818177,0.06472727272727269,0.03199999999999993
143,143,0.9054545454545454,0.9048865398167724,0.8572085184617741,0.9531944231653133,3.2811857849104564,1.0123518288979203,-0.17543708911687955,-0.042204879081917814,2.356821527601537,0.1127272727272727,0.09418181818181812,0.07163636363636358,0.034545454545454504
144,144,0.92,0.9212786707603395,0.8757465472191116,0.9496080627099663,2.7989944529663138,1.6978603284708849,0.7420247679547902,-0.12453363418185366,1.4051441826524063,0.10909090909090913,0.08363636363636368,0.07309090909090914,0.04836363636363641
145,145,0.9272727272727272,0.9240228370663154,0.8388888888888888,0.959111111111111,2.2432898186119994,1.5518164755175834,-0.1684916400133014,0.9572327008758572,1.3792190422953865,0.08654545454545454,0.07709090909090907,0.0436363636363636,0.020727272727272716
146,146,0.9236363636363636,0.9233858440217162,0.8805729921133107,0.9670851440527926,1.7780304691611855,1.5037484339675966,0.36851245810355554,-0.2513074792455168,2.781235022669196,0.11636363636363631,0.08509090909090905,0.11381818181818178,0.04727272727272722
147,147,0.9345454545454546,0.9315718105423988,0.8615403186866248,0.9611298889425399,2.818008654617986,1.2336275825433582,0.33832699910708247,0.15135295968755097,1.8302295331877998,0.11272727272727279,0.08618181818181822,0.05854545454545455,0.017818181818181844
148,148,0.9490909090909091,0.9490909090909091,0.9235261401557286,0.975448911488956,3.559021635351082,1.4192026016242327,0.08139589915802956,-0.40594066092500697,1.5771310480686953,0.15745454545454549,0.11636363636363636,0.08363636363636366,0.05854545454545455
149,149,0.9418181818181818,0.9423859688237372,0.8954033771106942,0.9769647696476965,2.2698961851692356,1.0509733399552035,0.1127400594932596,0.4079512405767462,2.3538841406835136,0.08618181818181815,0.07745454545454541,0.056727272727272696,0.03818181818181815
150,150,0.9272727272727272,0.9252372899431723,0.8654854600349595,0.9519307166693152,2.9964083067332887,1.5046002581064795,0.7112503187410625,0.2515090887228777,0.7229223891998641,0.11345454545454543,0.0778181818181818,0.05454545454545452,0.043272727272727254
151,151,0.9309090909090909,0.9316834205085981,0.8955555555555555,0.9743111111111111,2.921509122443788,1.3547943030698282,0.46050093837687184,0.5005439796557498,0.9884429766957913,0.12727272727272726,0.06545454545454546,0.06727272727272729,0.019272727272727275
152,152,0.9163636363636364,0.914233571671774,0.8478065883887802,0.9636333985649054,2.0669595073288134,1.4270800451917918,0.30196872621272713,0.2987678742786476,2.0955877579238926,0.09600000000000002,0.0792727272727273,0.06618181818181819,0.0629090909090909
153,153,0.9127272727272727,0.9115965058601465,0.8582077840552417,0.9547237915881984,2.1669554715851547,1.3067371788020883,-0.03824539162502126,0.23005432322317532,2.506449446096444,0.10654545454545454,0.09309090909090909,0.09527272727272729,0.04472727272727271
154,154,0.9236363636363636,0.9238686303460427,0.8897912743251726,0.972457627118644,2.166485047604322,1.6779445880475947,0.1476940220343434,-0.08018771745232403,2.0738151410986077,0.12981818181818178,0.07599999999999994,0.0796363636363636,0.05745454545454541
155,155,0.9309090909090909,0.9298842204627329,0.8882524707996406,0.9629380053908356,3.3939915588977616,1.177612738080856,0.4582235801717343,-0.16109865017100947,1.4580229325109304,0.09745454545454545,0.11672727272727275,0.08109090909090909,0.025090909090909108
156,156,0.9236363636363636,0.9239216429624978,0.877407212885154,0.9589460784313726,2.489432165709639,1.5513342050442247,-0.017558931985441652,0.5176639123569141,1.5175311737283015,0.10618181818181813,0.07490909090909087,0.0454545454545454,0.03090909090909085
157,157,0.9272727272727272,0.9276784012633069,0.9015977585945782,0.9627442071785552,2.6376624760006724,1.742632248293228,0.36213316684376823,0.2267477683095159,1.2690730430222457,0.13454545454545452,0.09818181818181816,0.08181818181818182,0.03818181818181815
158,158,0.9090909090909091,0.9057253567504137,0.8361038762065267,0.9541136816301516,2.7622386600485966,1.3517068359264577,0.197002530655885,0.17055724634170547,1.5834193076993943,0.09090909090909088,0.08109090909090907,0.04836363636363633,0.04436363636363633
159,159,0.9454545454545454,0.9456816867343183,0.9079880552444942,0.9786300858529302,2.5639214269264214,1.5124611612339958,0.5510794991369119,-0.0388105984671373,1.4202464092073817,0.10290909090909091,0.09454545454545453,0.07672727272727273,0.03200000000000001
160,160,0.9018181818181819,0.9014791237595957,0.8431818181818183,0.9492561983471075,2.801489338638477,1.3355101401422906,-0.009449791945853808,0.38168280419325257,1.723826276753796,0.08727272727272731,0.056363636363636414,0.06800000000000005,0.034909090909090945
161,161,0.9054545454545454,0.9067775797187562,0.8605984822352535,0.9481717833735771,2.373412569223868,1.55174153069841,0.8027154203130707,-0.22531336850698278,2.0281988570331455,0.09018181818181811,0.07527272727272721,0.09599999999999996,0.04690909090909083
162,162,0.9381818181818182,0.9379683371819676,0.8999999999999999,0.9719008264462811,1.9001344728296077,1.123516295419964,0.2072666062880426,0.27043580314642257,2.730836719077303,0.11454545454545459,0.11709090909090913,0.0945454545454546,0.06400000000000006
163,163,0.9527272727272728,0.9532170232563418,0.9348121706612273,0.9765425803161653,2.1166254957897443,1.070553803135185,-0.17030811382244845,0.40912406349136476,2.5060990749070586,0.1170909090909091,0.10690909090909093,0.08800000000000004,0.0443636363636364
164,164,0.9272727272727272,0.9282644628099174,0.8975012748597655,0.9674485806561278,2.79020710102269,1.927834645788692,0.6300228635688943,-0.5003403397124184,1.4952946476807218,0.11018181818181816,0.08981818181818178,0.09127272727272724,0.044727272727272685
165,165,0.9018181818181819,0.904793554577438,0.8872556809153027,0.9632130939138726,2.803778300087323,1.5588185968278319,0.23181188971126046,-0.15987272741147002,1.9138705344393385,0.0963636363636364,0.08181818181818187,0.08218181818181822,0.03381818181818186
166,166,0.9454545454545454,0.9442333378765162,0.9004902711812471,0.9801593381339053,2.576185618608365,1.0247044413865054,-0.164323318047497,0.2144186860010476,2.270419884230149,0.14363636363636365,0.09381818181818179,0.06763636363636363,0.05199999999999997
167,167,0.9054545454545454,0.9044253554502371,0.8600478468899522,0.949470784399014,2.363074089962454,1.4317130980702912,0.12006067713363279,0.8194097833087334,1.3916141169314433,0.14290909090909085,0.08181818181818178,0.06509090909090903,0.032363636363636296
168,168,0.9090909090909091,0.9099414826897506,0.8713986801867053,0.9559793980363753,2.946310351873636,1.7129269878114655,0.41832824987072015,-0.3803643968134358,1.5660446708005318,0.10763636363636361,0.1145454545454545,0.06690909090909092,0.022545454545454525
169,169,0.9127272727272727,0.9081788839601637,0.8134701621248707,0.9420489824077267,2.7129607372485918,1.8337049552239304,0.2934472852916016,-0.167606912705179,1.5038300978244423,0.08109090909090909,0.05963636363636364,0.060727272727272706,0.019999999999999997
170,170,0.9527272727272728,0.9517955609308159,0.9044929285960676,0.9572266298723697,2.7433308605717897,1.380032502267707,0.778005841796891,-0.7413006689611058,2.0395606989881094,0.1305454545454546,0.08763636363636368,0.07054545454545455,0.03709090909090912
171,171,0.9090909090909091,0.9080986429301036,0.845483492542316,0.9473772414948886,2.3928719378190495,1.2776032350082065,0.25139341878122273,0.5005008980879341,1.853498670210652,0.12072727272727268,0.0789090909090909,0.05199999999999997,0.033090909090909046
172,172,0.92,0.917873450750163,0.8587209302325581,0.9601550387596899,2.524624809359107,1.8172020418802373,0.27122229804005304,-0.16975274532540133,1.7494394869244336,0.11927272727272734,0.08472727272727278,0.07200000000000004,0.05563636363636369
173,173,0.9345454545454546,0.9332066115702479,0.8827268393453043,0.9790243127284285,1.8270294297109921,1.512017166015754,0.5081332772979155,0.28326107006768186,1.975071325977526,0.0832727272727273,0.07745454545454547,0.06654545454545455,0.03018181818181821
174,174,0.9381818181818182,0.9368322414049898,0.891488717249735,0.9638800545206725,2.2290794253807777,1.6719578779104154,0.036184772054311205,0.24355283656345306,1.8227223927174792,0.14400000000000007,0.10581818181818185,0.0694545454545455,0.046181818181818234
175,175,0.9418181818181818,0.9413776419658771,0.8977664711969644,0.982752673335633,2.3757476879485977,1.5445360115240028,0.2681550775042784,0.2860453587911285,1.5236369070649447,0.13927272727272721,0.0654545454545454,0.05745454545454541,0.03527272727272725
176,176,0.9163636363636364,0.9130163918478525,0.8396233910694422,0.9609089464484348,1.6241381230219682,1.3561049745249563,0.24711847043131915,1.573454076705065,1.0590322802913028,0.10872727272727274,0.059272727272727296,0.020000000000000018,0.01927272727272731
177,177,0.9490909090909091,0.9490909090909091,0.9157475490196079,0.9714635854341735,2.9572940584762133,0.8498958768280969,0.36874011685369773,-0.38715610990626625,2.564261924341208,0.12727272727272726,0.10327272727272727,0.06654545454545456,0.05636363636363636
178,178,0.92,0.9211797171438426,0.8811111111111111,0.9627555555555556,1.8277069713218586,1.6530277839903251,0.5589220676370683,0.2963159858777293,1.7698977185668199,0.10763636363636367,0.08472727272727279,0.0843636363636364,0.04545454545454549
179,179,0.9345454545454546,0.9339066941642049,0.8664795509222134,0.9498797113071371,3.3883553813192937,1.4829999901366453,0.5398862464575522,-0.724143131884973,1.6201901100597287,0.09890909090909095,0.06181818181818185,0.04909090909090911,0.033090909090909115
180,180,0.92,0.92,0.8695670921007244,0.9616246981717833,2.3636760572097786,0.7334656035531483,0.05429270077461758,0.1183811411657431,2.9544709119742043,0.09127272727272732,0.08000000000000003,0.07127272727272732,0.038181818181818226
181,181,0.9454545454545454,0.9456695558691124,0.9108723135271808,0.9664078020588767,2.254196052923316,1.2470578412976374,0.3216626326815864,0.03562792550901066,2.296189243094084,0.10909090909090909,0.08836363636363637,0.05272727272727271,0.058909090909090876
182,182,0.9127272727272727,0.912083790648813,0.852583715791263,0.9388917219105899,2.969573239355868,1.1302690632978016,0.5421270421307204,-0.3781048126705228,2.178222509972851,0.09309090909090909,0.09127272727272726,0.05672727272727275,0.031272727272727265
183,183,0.9127272727272727,0.9100121212121212,0.8337523043405397,0.9371543489190548,2.7279799307052834,1.4802586808803269,0.15770206845596524,0.14920053500176222,1.813061404073443,0.096,0.07781818181818181,0.05781818181818181,0.0370909090909091
184,184,0.9309090909090909,0.9317261304844454,0.8924375917767988,0.9737518355359764,2.70679123927477,1.2445801527204223,0.7447436225612541,-0.7472680946147825,2.2409917897406886,0.11854545454545455,0.07745454545454546,0.0781818181818182,0.04727272727272726
185,185,0.8981818181818182,0.8976138745950066,0.8520068127962086,0.953125,2.040487881952414,1.8733661104635106,0.32236403647986733,0.31205450263233825,1.5677794139789731,0.11927272727272727,0.10181818181818184,0.06,0.03963636363636365
186,186,0.9127272727272727,0.9115060103295398,0.8521689497716896,0.9642857142857143,2.594911791147005,0.9417170398077565,0.4836046695682051,0.41841917394885514,1.931610270218746,0.10363636363636364,0.04800000000000001,0.0541818181818182,0.02618181818181816
187,187,0.9309090909090909,0.9292484618480823,0.8514492753623188,0.9214492753623188,2.7380332364323805,1.8271737344934038,0.34513844015699685,-0.3825147561151726,1.689996178834159,0.09127272727272728,0.09490909090909092,0.06254545454545454,0.04763636363636364
188,188,0.9163636363636364,0.9139500380105966,0.8655758077879039,0.9664457332228666,2.7676877600030436,1.553457823518782,0.49309987689046886,-0.3447685075237212,1.8107036362793658,0.14290909090909093,0.1021818181818182,0.06472727272727273,0.04145454545454545
189,189,0.9381818181818182,0.9387902229602479,0.9136363636363636,0.9698347107438017,2.5048834765990513,1.4881221065984562,0.24985407264403098,-0.2428014056785144,2.1288487028703518,0.1276363636363637,0.09090909090909097,0.09490909090909097,0.06363636363636367
190,190,0.9272727272727272,0.9259287793186097,0.8787293654399515,0.9663789186733304,2.440646670665646,1.4781541630251296,0.37236979165409145,0.023122127601056603,1.8697452647066128,0.08909090909090907,0.10654545454545454,0.07309090909090907,0.04509090909090907
191,191,0.92,0.9178181818181818,0.8566776522284997,0.9645323289391086,2.7312910294711106,1.2413698181226207,0.38926740220499517,-0.5282565000898282,2.4227123684230962,0.12036363636363641,0.0603636363636364,0.06181818181818187,0.03890909090909095
192,192,0.9272727272727272,0.9303437510604364,0.9082873492744737,0.9658696096464338,2.5663486067966508,1.316227265248238,0.17469354038153223,-0.13238287265792142,2.243277793507081,0.0887272727272727,0.054181818181818164,0.061818181818181786,0.036727272727272685
193,193,0.9345454545454546,0.9350034279446046,0.90200577936427,0.9647288798232194,3.177610402012418,1.1257286730635345,0.18213722682466468,-0.42856217029477595,2.1729544335101627,0.13054545454545458,0.09927272727272732,0.08036363636363639,0.05818181818181819
194,194,0.8945454545454545,0.8932983941409662,0.8141193977591037,0.9435399159663866,2.2530249652847707,2.167973986424605,0.5399866781277007,0.07742989834784542,1.362165237052451,0.08218181818181816,0.06909090909090908,0.06727272727272728,0.04145454545454545
195,195,0.9418181818181818,0.9422587216704865,0.9099999999999999,0.984,2.362235130606417,1.6355979387587862,0.05192871383979983,0.010388820386708816,1.828106715484883,0.11854545454545451,0.08399999999999996,0.06181818181818177,0.04399999999999996
196,196,0.92,0.9178181818181818,0.8566776522284997,0.9622567482736974,2.6363455839384935,1.164088779609351,0.15622313347547562,0.375440338707217,2.047652138094328,0.09672727272727277,0.09090909090909097,0.07490909090909094,0.01490909090909095
197,197,0.8981818181818182,0.8938823848790254,0.7971283201103829,0.9438599517074854,2.231760467465023,2.0903721779165005,0.8821967410536323,-0.6731702554819203,1.7996102074365736,0.07054545454545455,0.06181818181818181,0.06472727272727276,0.03854545454545457
198,198,0.9309090909090909,0.9295096937836066,0.8667279411764706,0.9612219887955182,2.3548603036320825,2.0981640810960296,0.7304367143573773,-0.599934956115325,1.569846559418483,0.1189090909090909,0.08909090909090911,0.0749090909090909,0.04581818181818181
199,199,0.9272727272727272,0.9262550086079498,0.8745923026744944,0.9514840182648402,2.3215066743250086,2.0828285111207188,0.8985431501891562,0.240071519460662,0.6306168655012081,0.10545454545454544,0.0858181818181818,0.07054545454545452,0.04909090909090906
200,200,0.92,0.9186278964107224,0.8732600732600733,0.9672527472527473,3.0365912418428427,0.9937013012946837,0.5286514166307471,0.2869662816605869,1.4278279951656687,0.12109090909090914,0.09818181818181822,0.056363636363636394,0.028000000000000046
201,201,0.92,0.9172974990668159,0.8373161764705883,0.9514180672268908,3.0755459528189144,0.8886879694761154,-0.034804221514116045,0.8010132140984759,1.59540141751595,0.10800000000000005,0.05527272727272731,0.045818181818181855,0.03309090909090913
202,202,0.9127272727272727,0.9103471074380165,0.8458882611424984,0.9351067168863779,2.7137779511131495,1.6352852962340858,0.41339717906450024,-0.1246895281422982,1.5840557554802592,0.0989090909090909,0.06145454545454546,0.0741818181818182,0.045090909090909084
203,203,0.9054545454545454,0.9073884297520661,0.8679717143842705,0.9512763021731632,2.1708065414388806,1.7026383479805638,0.20591697441239876,0.10883691813128976,2.1089450854434655,0.09890909090909085,0.1003636363636363,0.08836363636363634,0.045090909090909036
204,204,0.92,0.9190623563658649,0.8755989817310572,0.9743186582809225,2.276668151230738,0.9736493937907257,0.05236970074073378,1.0403985770160566,1.7069443625155034,0.13163636363636363,0.05672727272727276,0.0236363636363637,0.03745454545454548
205,205,0.9345454545454546,0.9330586325439266,0.8753142282554047,0.9622088151499917,2.473728770845924,1.6806122855757626,0.3562139129768567,-0.19844881373983786,1.7983010315093093,0.11454545454545455,0.07345454545454547,0.06581818181818186,0.04509090909090909
206,206,0.9272727272727272,0.9282904459375048,0.8961710934805105,0.9734391169368748,2.6284817974297034,0.9009107845521108,0.04543803769750292,-0.03310773073543027,2.6796224311793613,0.11454545454545453,0.10290909090909088,0.0738181818181818,0.03818181818181815
207,207,0.9127272727272727,0.9096741167329402,0.8397284996861267,0.954331450094162,2.5440819245410387,1.5824837879926612,0.588463783815461,-0.58550255048695,1.969330651718682,0.11309090909090909,0.064,0.0410909090909091,0.04618181818181819
208,208,0.9018181818181819,0.9002871493402671,0.8431515244369543,0.9540370767580818,1.9010336185473846,1.0156202269493784,0.23466163762089756,0.7119527354752587,2.382692498745787,0.10109090909090912,0.09527272727272731,0.05745454545454548,0.022909090909090945
209,209,0.9236363636363636,0.9226823702613176,0.8576395159833845,0.9556619107820119,3.7806803430561033,1.381341464174528,0.15429509262322058,-0.7323425574645966,1.8533667911275304,0.09381818181818177,0.08327272727272722,0.07781818181818177,0.027272727272727237
210,210,0.9563636363636364,0.9556661795852692,0.9126400560224089,0.9740896358543418,2.896660966064107,0.9664610832316228,-0.09408070839283561,0.35373403034592654,1.8831149918525154,0.11927272727272734,0.10072727272727278,0.07418181818181824,0.04072727272727279
211,211,0.9272727272727272,0.9292059538634881,0.9109175577785443,0.9608485684718868,2.8285917947348986,1.4109875494237483,0.4788270399763622,-0.520144623181145,2.152658357471794,0.10072727272727273,0.0967272727272727,0.09454545454545452,0.03599999999999999
212,212,0.9236363636363636,0.9239373782167574,0.8736229004876287,0.9453675275419903,2.7401549936829865,2.3111995835947226,0.5724479144419785,-0.6230309852803975,1.0764660991837836,0.1152727272727272,0.08799999999999995,0.06836363636363632,0.03454545454545449
213,213,0.9381818181818182,0.9394689521005309,0.9094202898550725,0.9668599033816425,2.528492655383723,1.8352096160488383,0.24431596836424674,-0.3892461557864164,1.8254340167070204,0.10254545454545458,0.07818181818181821,0.07818181818181821,0.0614545454545455
214,214,0.8909090909090909,0.8897215639810426,0.8401116427432217,0.9593301435406698,1.9671881997740093,1.7119057439770666,0.6168871647185611,0.6699698614723372,1.392453884705338,0.13672727272727267,0.07818181818181816,0.039272727272727216,0.02981818181818179
215,215,0.8981818181818182,0.8929049061352297,0.8164835164835165,0.9508424908424908,2.2187655087634206,1.7889755429123884,0.32113683236505486,0.6282988120733054,1.419288846069605,0.09709090909090909,0.06000000000000001,0.06654545454545456,0.023272727272727268
216,216,0.9309090909090909,0.9311604650031617,0.8910400137978614,0.9690410486374612,2.5641004888666448,1.1525126471146,0.3433684680099857,-0.009029086913198599,2.3524272052406405,0.12363636363636363,0.09490909090909092,0.08327272727272725,0.020363636363636372
217,217,0.92,0.9185281385281384,0.839044997152079,0.9539586102145433,2.9578507330926103,0.8205631875695318,-0.028830224323128283,0.46826230186737383,1.8923750373320103,0.07600000000000004,0.05563636363636367,0.052727272727272755,0.013454545454545486
218,218,0.9272727272727272,0.9282904459375048,0.8961710934805105,0.9492928596067609,3.0619507269878197,1.398149979847791,-0.032209507727254914,0.06550150878120374,1.5810532857954214,0.11018181818181816,0.09454545454545452,0.08363636363636362,0.05163636363636361
219,219,0.9018181818181819,0.9006880376233614,0.8288634011728182,0.9542945843394274,2.0196375219754135,1.6314491907703368,0.3441507450335741,1.0823853723660195,1.2284837937395332,0.0861818181818182,0.06945454545454548,0.05272727272727277,0.03600000000000002
220,220,0.9018181818181819,0.9002480577892872,0.8410852713178294,0.9465116279069767,2.347964224030573,1.7327522900125696,0.43950450674680364,0.3750610944453341,1.4945573561731424,0.09236363636363641,0.06000000000000004,0.06581818181818185,0.04472727272727277
221,221,0.92,0.9190623563658649,0.8755989817310572,0.9519317160826595,3.662999992216721,0.7913262513605821,-0.14807761737774774,0.024885338868734758,2.2318674726211625,0.12545454545454554,0.11818181818181821,0.07272727272727274,0.03709090909090912
222,222,0.9127272727272727,0.9105222252719471,0.8521883992124792,0.9644101166136605,1.915619971808437,1.780532517465582,0.8008851346482945,0.1155612628830776,1.5852706282258393,0.1210909090909091,0.06763636363636363,0.057818181818181824,0.007272727272727264
223,223,0.9163636363636364,0.9167427916839309,0.849025974025974,0.9419519874065327,2.207022647011445,1.5875827475506177,-0.03783441539067658,0.8373149378793223,1.7887887543720926,0.08,0.06872727272727275,0.07090909090909094,0.031272727272727285
224,224,0.9381818181818182,0.9373302805234452,0.9023125996810207,0.9751341162824416,2.7145731515865785,1.7745617488768417,0.23584363342666134,-0.4993568954968806,1.8866169073273888,0.13309090909090912,0.0956363636363637,0.07963636363636369,0.03163636363636367
225,225,0.9236363636363636,0.9233921221207578,0.8821309391387255,0.9582869855394883,1.424412715462489,1.8040955407897794,0.8405182756964047,0.7820761701558098,1.359101244631755,0.10836363636363636,0.0654545454545454,0.06909090909090904,0.02763636363636359
226,226,0.9090909090909091,0.9051490514905149,0.8204545454545454,0.9503305785123968,3.2745171104395276,1.4699238587777004,0.10126039352658109,0.2206950026155247,1.3414819297506975,0.09527272727272723,0.07236363636363634,0.05199999999999997,0.018909090909090865
227,227,0.9272727272727272,0.927709654686399,0.898265850596359,0.9754394224733208,2.2815587597475715,1.5291715625163362,0.32528867385316645,0.21344666357348124,1.66615488050383,0.12218181818181817,0.07636363636363636,0.061090909090909064,0.042181818181818154
228,228,0.9127272727272727,0.9121760108634414,0.8643675455116133,0.9693188951663528,2.173081549298736,1.5276557095218952,0.3623550206275765,-0.012862548231259586,2.2137989854947993,0.10727272727272726,0.07963636363636363,0.059272727272727276,0.02218181818181817
229,229,0.8909090909090909,0.8863853849499782,0.8271816592712116,0.9527363184079602,3.0060614547991773,1.6381489024875167,0.10746221443290375,0.16459236873917368,1.2663903119476545,0.13781818181818178,0.09309090909090906,0.03418181818181815,0.025818181818181785
230,230,0.9309090909090909,0.929909317658218,0.8896623222748815,0.9751184834123223,2.200451013373466,1.5650514965936735,0.3654560900945688,0.0628855131234382,1.9264716295978082,0.11672727272727272,0.09963636363636362,0.09127272727272726,0.041454545454545445
231,231,0.9418181818181818,0.9422148760330579,0.914823194234959,0.9725992961287079,3.0033868032040014,1.226118714334517,0.46982967356982214,-0.4275619066024828,1.8871307332315828,0.11090909090909089,0.07163636363636358,0.06836363636363632,0.03527272727272725
232,232,0.9345454545454546,0.9341522198731501,0.8993411981001992,0.9639957101271641,1.86898798511531,2.0471758175129553,0.2553368709614628,-0.31233404010249005,2.2406028374485465,0.12654545454545457,0.10581818181818185,0.08763636363636366,0.06727272727272728
233,233,0.8945454545454545,0.8953360107095046,0.863237639553429,0.9486008409453386,1.7332529095848428,1.866718297663712,0.27220609973038307,0.9735635580870905,1.2015636741120785,0.11600000000000002,0.08218181818181816,0.06690909090909089,0.031999999999999994
234,234,0.9018181818181819,0.9028621183672766,0.8509830976198689,0.945584684373922,2.6671597227874093,1.6768687553964534,0.20922530695349495,1.0241774709910683,0.8152874201471633,0.08909090909090914,0.0672727272727273,0.04800000000000004,0.02581818181818185
235,235,0.9418181818181818,0.9409371021135728,0.8921468638449771,0.9824919258881524,2.4535165202430727,1.6070808011396125,0.869394586089789,-0.2364219128018259,1.4569528826006433,0.11999999999999997,0.08218181818181813,0.05999999999999996,0.023999999999999966
236,236,0.9345454545454546,0.9345454545454546,0.8825232580216442,0.962882096069869,2.593463236112418,2.3419531287045636,0.25066210765050884,-0.12673625875946937,1.0086237318203661,0.10581818181818184,0.08145454545454547,0.0701818181818182,0.0414545454545455
237,237,0.8872727272727273,0.8861345586630325,0.8187671012393369,0.9295026557218735,2.7197520097395005,0.7994245818281174,0.120454760496469,0.5997499357328735,2.0825369531203415,0.10109090909090915,0.09163636363636367,0.05236363636363641,0.04109090909090916
238,238,0.9527272727272728,0.9529086538943426,0.9244444444444444,0.9722666666666667,1.7176328355024288,1.1574946039826377,0.7363423126212784,-0.5394706526452153,2.9776473038783124,0.1501818181818182,0.08909090909090912,0.0712727272727273,0.03672727272727273
239,239,0.9236363636363636,0.9245643848880006,0.8779395296752519,0.952220977976857,2.583163763380392,0.9944558060858583,0.23498714213896493,0.10898025052535974,2.4450000363993656,0.11163636363636358,0.06727272727272723,0.07818181818181814,0.03199999999999996
240,240,0.9345454545454546,0.9337185617497074,0.8920542635658915,0.9709302325581395,2.661014643849307,1.6329733181317578,0.4954336116798447,-0.06563657523892584,1.2688702401794014,0.12872727272727275,0.09709090909090913,0.09454545454545457,0.04036363636363638
241,241,0.9163636363636364,0.9144911180773251,0.8583575915428221,0.946683009039375,2.4426151344781517,1.430968774138207,0.4185511540350808,0.6575193938389285,1.214967456039661,0.11854545454545455,0.0672727272727273,0.05781818181818184,0.03163636363636365
242,242,0.9345454545454546,0.9345454545454546,0.9028954802259888,0.9763025737602009,2.7922793788923324,2.1965493987173588,0.2602585007502753,-0.5634001959884875,1.267203259558184,0.12218181818181821,0.09018181818181821,0.08327272727272729,0.03927272727272729
243,243,0.9272727272727272,0.9262550086079498,0.8745923026744944,0.9704011741682974,1.8166926552317635,1.7973464766648877,0.22358279296457095,0.5388166273992613,1.4577764991666948,0.10690909090909087,0.08509090909090908,0.056727272727272696,0.031636363636363594
244,244,0.9163636363636364,0.9161274866310161,0.8788185085354896,0.9612908056304283,2.482994393007618,0.9145494422635766,0.1299586751676358,0.6244736224839607,2.1165498010564914,0.11163636363636364,0.08290909090909093,0.09418181818181817,0.04872727272727275
245,245,0.9054545454545454,0.902808476926124,0.8327109486731288,0.948514222151597,2.1086896183558337,1.5073140510798355,0.3111421017165962,0.04863311890061655,2.151999297952719,0.08036363636363632,0.11127272727272723,0.06363636363636357,0.046181818181818136
246,246,0.9418181818181818,0.9413656565656565,0.8961397058823529,0.9683998599439777,2.58176305779717,1.086065426457919,0.6500647046099804,-0.257672718876813,2.1289383487571096,0.10945454545454543,0.0949090909090909,0.09090909090909086,0.0465454545454545
247,247,0.9272727272727272,0.9281043052056227,0.9054263565891473,0.9620930232558139,2.4039115761844556,2.0126698921570525,0.3843228254434573,-0.34285267526836344,1.866649135356,0.12545454545454543,0.10218181818181815,0.10218181818181815,0.051999999999999956
248,248,0.9090909090909091,0.9080720543547155,0.843149753527112,0.9337922828488867,2.3778619529874905,1.4408345893409022,0.16359458208191996,0.09060427997877293,2.2626576532866074,0.11127272727272723,0.08290909090909088,0.072,0.05090909090909089
249,249,0.9054545454545454,0.9047930283224401,0.8454545454545455,0.9483471074380165,2.682201116861562,1.5075225329739739,0.6011782522379039,-0.3496304021956089,2.0353523148070303,0.1047272727272727,0.08981818181818177,0.07599999999999994,0.038181818181818115
