,random_seed,accuracy,f1_weighted,balanced_acc,auc,model_weights.random_forest,model_weights.bagging_svc,model_weights.bagging_knn,model_weights.gradient_boosting,model_weights.mlp,feature_importance.front_CO2_vd_fd2_scaled,feature_importance.front_CO2_vd_fd3_scaled,feature_importance.front_CO2_vd_fd1_scaled,feature_importance.front_CO2_vd_scaled
0,0,0.8189300411522634,0.8129159318048208,0.7745956873315364,0.8654537286612758,0.4853042655138158,1.8362726573643093,0.2937093989287418,0.8804670824063255,0.7483122355821417,0.0938271604938272,0.08888888888888893,0.06584362139917699,0.05185185185185189
1,1,0.8559670781893004,0.8557549651353735,0.838441265060241,0.8920933734939759,1.3042086188272566,1.58257031874961,0.4675757316557927,0.5756939291848423,0.4469115147128148,0.11358024691358022,0.13045267489711931,0.10123456790123457,0.04074074074074072
2,2,0.823045267489712,0.8193287178022302,0.7894386016886388,0.8589097911420529,1.8087629727384988,1.3270047273370178,-0.2559451735450633,0.8099170779923086,0.838653457895875,0.09135802469135804,0.09506172839506175,0.10699588477366258,0.024279835390946546
3,3,0.8395061728395061,0.8381297517509063,0.8103527607361963,0.8637269938650306,1.1997870046650538,1.1162739220459852,0.2895810497605566,1.1127568154971577,0.766044953338515,0.09835390946502053,0.11275720164609049,0.10576131687242793,0.056790123456790076
4,4,0.8024691358024691,0.803488144228885,0.745455355551595,0.8013723044020673,1.084390729672983,1.6409317962639902,0.43018503588110824,-0.3046776873737072,1.5716471331167512,0.07366255144032921,0.09382716049382717,0.07572016460905352,0.018930041152263367
5,5,0.823045267489712,0.8232663593006574,0.8087975243147656,0.8321544356027114,1.4916591252699867,1.5093328394711523,0.19881351985136986,1.028694209838306,0.48535611879547697,0.13374485596707822,0.14897119341563786,0.111522633744856,0.07078189300411523
6,6,0.8353909465020576,0.8348008336802678,0.8064074479737131,0.8620716632764825,0.9492156233010968,1.2327315325112584,0.11871593889989332,1.1355867836153086,1.0601766894229834,0.09259259259259256,0.11893004115226335,0.09465020576131684,0.039094650205761285
7,7,0.8518518518518519,0.8523985890652558,0.8289221173836558,0.8782184551415321,0.9499127723943938,1.1448920843719286,0.06237459106590609,1.344447828058043,0.9797108910599215,0.11851851851851851,0.13168724279835392,0.10864197530864197,0.039917695473251025
8,8,0.8477366255144033,0.8479139562509795,0.8371880928060703,0.8750912009338976,0.8735736182411886,1.386080108548818,-0.04235578558032223,1.455968020668293,0.7269129894377548,0.11687242798353914,0.15308641975308646,0.11234567901234571,0.05144032921810704
9,9,0.8024691358024691,0.8017814403356571,0.7700466200466201,0.8553224553224553,0.8543437383993386,1.2245084612410213,0.3852650540821078,1.448117682560181,0.7727991924523606,0.09382716049382718,0.09670781893004116,0.07489711934156379,0.021810699588477367
10,10,0.8641975308641975,0.8613452950575256,0.8344319360094801,0.8951266479040143,0.8402412225760362,1.4398235470759242,0.5196635323259386,0.7039993835199727,0.8675436127979834,0.11893004115226333,0.1329218106995884,0.11687242798353906,0.06090534979423863
11,11,0.8395061728395061,0.83689934613836,0.8180779665857489,0.8883335713265743,0.9753778629232311,1.6079157312042283,0.02790374163678832,1.2106211418437103,0.2915687654929664,0.09423868312757196,0.11604938271604937,0.10288065843621394,0.05720164609053493
12,12,0.8436213991769548,0.8407254991617132,0.8146551724137931,0.8807839669908636,1.8454552008172014,1.6371378376172692,-0.32104063334936184,0.9340191407149766,0.009513656054138425,0.10164609053497946,0.12016460905349799,0.08765432098765438,0.0407407407407408
13,13,0.8106995884773662,0.8079850694971331,0.7729677914110429,0.8299079754601226,0.5673704750673891,1.3704817960572364,0.5948549001228163,1.104567367038064,0.9405679396359047,0.13086419753086415,0.11399176954732507,0.08395061728395058,0.06666666666666664
14,14,0.8436213991769548,0.8404778235025148,0.801987169457049,0.8627757784384291,1.3810837089202257,0.8592656537272576,0.0023455229147947374,1.9608124450964204,0.3961950411247896,0.08847736625514407,0.10246913580246919,0.08641975308641978,0.03415637860082309
15,15,0.8518518518518519,0.849108367626886,0.823607427055703,0.9136457412319482,1.1122252892995859,1.621665970236135,-0.08337389503176965,0.7731770124310114,0.7729639823403667,0.09917695473251029,0.12962962962962962,0.08806584362139917,0.020576131687242816
16,16,0.8436213991769548,0.8416338285431517,0.8232076014972646,0.8976389288799308,1.2089889006483352,1.5900609808344122,0.03363378758009889,0.9912836059716192,0.23192067112943135,0.1041152263374486,0.10534979423868315,0.09012345679012351,0.0621399176954733
17,17,0.8395061728395061,0.8335525067551212,0.7987400530503979,0.8561007957559682,1.447073861997579,1.368354867057201,0.24586778851354263,1.384739357582925,-0.0005678731864477927,0.09382716049382712,0.12839506172839502,0.08312757201646086,0.05720164609053493
18,18,0.8600823045267489,0.8585612335260718,0.8398146797023202,0.8962498175981322,1.1309883542982302,1.0445001454835077,0.15034616840007545,1.0310774694158076,0.9983910687256231,0.0987654320987654,0.11810699588477362,0.10205761316872423,0.031687242798353873
19,19,0.8271604938271605,0.8259212569014018,0.794988344988345,0.8644133644133645,1.4557970475330708,0.9700906916000414,0.30367197511113975,0.8316086833950147,1.0214339576480056,0.08641975308641975,0.12510288065843622,0.08847736625514403,0.009053497942386846
20,20,0.8024691358024691,0.7992924698577719,0.7559092341632525,0.8616451307910495,0.649090447541651,1.4826895819878105,0.07852515094189964,0.6783184362805411,1.5476157770142072,0.08765432098765433,0.11563786008230452,0.0934156378600823,0.021810699588477377
21,21,0.8600823045267489,0.8570231345232733,0.8158483927714697,0.8953302414840876,1.7959662001806354,1.589694339617736,-0.0825982849904065,0.22060592480375232,0.7500577323087003,0.09259259259259255,0.08724279835390944,0.10246913580246911,0.04320987654320983
22,22,0.7983539094650206,0.7995705772264624,0.7861057621093172,0.839801510887276,1.629936580912219,1.3325025913329496,0.30313071090282273,0.6431670640622834,0.8219802823376605,0.09547325102880662,0.11069958847736631,0.10205761316872428,0.03168724279835392
23,23,0.831275720164609,0.826546277120688,0.780452253387961,0.8576268515600378,1.3375815724255926,1.6135098077158134,-0.03355496322541345,0.49942007749136835,0.7325926779210449,0.09506172839506172,0.10699588477366254,0.12469135802469138,0.04732510288065843
24,24,0.8353909465020576,0.8344665919788211,0.8147681824914828,0.877277440379203,0.7787287395112977,1.748668926523928,0.377815971630373,1.432138002369751,-0.05147052984029722,0.09300411522633742,0.1288065843621399,0.10781893004115224,0.06666666666666664
25,25,0.8477366255144033,0.8465798067753155,0.824685534591195,0.9028152141359689,1.24780331759385,1.36508231747153,-0.42330219688278975,0.6553463056016434,1.2433418301798138,0.09794238683127574,0.10740740740740742,0.10000000000000005,0.034979423868312785
26,26,0.8189300411522634,0.819678815548088,0.7835260115606937,0.8400495458298927,0.9328068529761399,1.3918020210116444,0.060425872184057254,1.5349693058907474,0.593673093959344,0.11028806584362143,0.111522633744856,0.07901234567901239,0.04814814814814818
27,27,0.7983539094650206,0.7971205748983525,0.7542707493956486,0.8622078968573731,0.8595147060906349,1.9953794889333767,0.25657286787798067,0.44665931499525663,0.7512742634025399,0.09670781893004118,0.10987654320987654,0.0666666666666667,0.03415637860082308
28,28,0.8436213991769548,0.8426560991718742,0.8203689759036145,0.8945030120481928,1.5615840839175008,1.5275766030262858,0.02801131404441244,0.5871674567715817,0.5736376504884954,0.10041152263374489,0.10905349794238688,0.09218106995884777,0.04609053497942391
29,29,0.831275720164609,0.8286288470346151,0.8105974395448079,0.8652916073968706,0.9094496914425323,1.169231046388912,-0.10148975414913916,1.201456453078054,1.3434802431152395,0.09300411522633743,0.11358024691358022,0.0633744855967078,0.027160493827160494
30,30,0.831275720164609,0.8303815798369175,0.8013986013986014,0.8583527583527584,0.8072682435791728,1.2929399814314013,-0.037429714705093674,1.4852625152070753,0.9906489849676611,0.11275720164609053,0.10288065843621394,0.07901234567901234,0.044855967078189285
31,31,0.8600823045267489,0.8588922531119063,0.8241959064327485,0.8763807667316439,1.5067573730355868,1.6702970526115146,-0.05177875420196426,0.2595568328469406,0.8259883896725557,0.10823045267489709,0.12510288065843617,0.09259259259259256,0.062139917695473224
32,32,0.8518518518518519,0.8508799012040753,0.8271604938271605,0.8867550678250267,1.814774278270971,1.6060268178945327,0.057022388356682385,0.7216678299783323,0.13337812444747627,0.09547325102880659,0.10576131687242799,0.10617283950617284,0.06666666666666668
33,33,0.8271604938271605,0.8236553569886903,0.7921159029649596,0.8763851452530698,0.5813590355707036,1.5868280323863992,0.6422322519610477,0.47833994560421483,0.9744021017794615,0.08806584362139917,0.09218106995884774,0.05843621399176955,0.03950617283950618
34,34,0.8065843621399177,0.801272156057095,0.7697947214076246,0.8210410557184751,1.3306087509682103,1.0716178123068771,0.4616513719828059,0.9152842814228628,1.006734913692567,0.10987654320987654,0.11275720164609053,0.10205761316872426,0.05390946502057612
35,35,0.7818930041152263,0.7789102876906592,0.7497037475929492,0.8360983557991408,0.8816173428437261,1.84223951767321,0.4534093737982324,1.4182767297627352,-0.0763747451851756,0.08971193415637858,0.10658436213991766,0.07860082304526747,0.02716049382716048
36,36,0.8271604938271605,0.8246551018890376,0.8006598240469208,0.880791788856305,0.9469494787647993,1.872618508491987,0.16632689095872477,1.4899150819506555,-0.27367703330874993,0.06954732510288067,0.09382716049382718,0.0806584362139918,0.054320987654320994
37,37,0.7983539094650206,0.7956812849855425,0.7692307692307692,0.8430592396109637,1.062942823768609,1.5822611710692192,0.21929783436668485,0.7830580896103734,0.6384091687796947,0.08600823045267492,0.10041152263374489,0.0666666666666667,0.032921810699588494
38,38,0.8600823045267489,0.8562989822249082,0.8259887424085322,0.8990519922974374,1.7523162406264854,1.6016151355239472,0.2718423935574389,0.3159867424616897,0.3618453146958673,0.08765432098765427,0.12263374485596708,0.08971193415637854,0.04444444444444442
39,39,0.8189300411522634,0.8146459850163554,0.7819434102755026,0.841548771407297,1.2210055221320328,1.699726160896642,-0.2749773027940437,0.7893944954855874,0.8477521430461952,0.10041152263374489,0.09711934156378606,0.08806584362139921,0.05144032921810704
40,40,0.8148148148148148,0.8114168522331788,0.7684762054837693,0.8777182477150962,0.823559877627312,1.4426980553893918,0.22781829654910662,0.9213590839886221,1.0927217404469294,0.08189300411522629,0.09012345679012343,0.05925925925925921,0.0246913580246913
41,41,0.7901234567901234,0.7847020414020737,0.7555555555555555,0.8151053013798112,1.5147437571064561,1.086975653461209,0.09399947802030956,1.287173934893423,0.6675182453236915,0.07366255144032915,0.08683127572016457,0.07777777777777771,0.02263374485596701
42,42,0.8518518518518519,0.8475634166757652,0.8064102564102564,0.9,1.3961308955732006,1.1421036937903266,0.009684710356272604,1.0418813140409184,0.8937692161008168,0.1074074074074074,0.08765432098765433,0.07818930041152264,0.035802469135802484
43,43,0.8065843621399177,0.8077021696912131,0.7741228070175439,0.873862897985705,0.7859736852757846,1.5821084425432097,0.4166513637408559,1.163170754454935,0.43191979637811695,0.10699588477366255,0.11069958847736623,0.09465020576131686,0.04320987654320986
44,44,0.8806584362139918,0.8792255465679109,0.8549382716049383,0.889879591525682,0.8466102269370421,1.193591303510363,0.2606132168494449,1.4868464598765552,0.5578840453558743,0.10205761316872426,0.12263374485596708,0.09835390946502055,0.05679012345679011
45,45,0.8724279835390947,0.8713339052378999,0.847622699386503,0.9089723926380368,1.223032301274085,1.058868239069172,0.18883096020431267,0.42691002941805817,1.5032015044580547,0.10699588477366258,0.12345679012345682,0.09300411522633747,0.03991769547325104
46,46,0.8189300411522634,0.8205048589419406,0.8045628834355828,0.8651073619631903,1.1529987703516786,1.8878020271207252,0.19291521676693368,1.1235779666686077,-0.013152468603109693,0.09876543209876547,0.1329218106995885,0.0909465020576132,0.06008230452674901
47,47,0.8189300411522634,0.8160487515463657,0.787379002233805,0.8399851079672376,1.4839164672361507,1.4710517476365113,0.1958110170028013,1.362772738755798,-0.15226102762365185,0.07654320987654326,0.1106995884773663,0.0909465020576132,0.04773662551440333
48,48,0.8518518518518519,0.8468116340948711,0.803030303030303,0.868997668997669,0.9331699074468948,0.8014918667385375,0.8570023476285761,0.8377478708474474,1.318340627498469,0.10041152263374487,0.12510288065843622,0.11069958847736627,0.04979423868312758
49,49,0.8353909465020576,0.8316396606994898,0.7945552147239264,0.8550613496932515,1.7822851667449047,1.5946641605033083,0.3872208348783989,0.8764005783672506,-0.24459435294772397,0.09835390946502054,0.1090534979423868,0.06584362139917693,0.0567901234567901
50,50,0.8024691358024691,0.7993259107778535,0.7692851824274014,0.8231571109456441,1.1296409912021161,1.116274224342896,-0.23643534513247463,1.1393943758251655,1.357258090432991,0.09094650205761316,0.1074074074074074,0.06543209876543211,0.026748971193415638
51,51,0.8518518518518519,0.8508203086516339,0.8246372337141092,0.8880055572707626,0.4109939833268738,1.2405820904448832,-0.24436241695444005,1.9981929472614628,0.8572631434841631,0.1045267489711934,0.1074074074074074,0.08271604938271607,0.043621399176954734
52,52,0.8106995884773662,0.8106995884773662,0.78957078313253,0.8568524096385542,1.3118892654320444,0.9016469085985328,-0.1439242872902929,1.601325195010665,1.0777562694814908,0.11069958847736623,0.12839506172839502,0.11728395061728389,0.04032921810699586
53,53,0.8024691358024691,0.7983320896010891,0.7706478914344084,0.8330658105939005,1.5598789842837213,0.9538477162608372,0.23010584989988578,0.8632478434809989,1.1487062375938424,0.08888888888888888,0.09465020576131687,0.055144032921810714,0.039917695473251046
54,54,0.8436213991769548,0.83763614059054,0.7922970052485334,0.8749614078419266,1.0681719200002109,1.2753395092005362,0.10508122632606207,1.1899371710814677,0.8316371844851651,0.09300411522633747,0.09876543209876547,0.08312757201646095,0.03909465020576136
55,55,0.8683127572016461,0.8683127572016461,0.850920245398773,0.8937883435582823,0.504375597426611,1.9854503068018694,0.5921658583768704,0.49254716865191334,0.5022943548030243,0.1164609053497943,0.13292181069958853,0.1255144032921811,0.06831275720164613
56,56,0.8024691358024691,0.7995532039976484,0.7618092003704847,0.8071163939487497,1.3573175753056022,1.07221596190118,0.2174390891737699,0.5541941231149631,1.5207593665150987,0.102880658436214,0.12181069958847734,0.07160493827160493,0.021399176954732525
57,57,0.823045267489712,0.8209829139193251,0.7916603544917437,0.8405544614452356,1.251543544458088,1.5752039618115172,-0.12649393532466185,1.217660520758905,0.40609093436902444,0.10699588477366258,0.0934156378600823,0.09711934156378603,0.049382716049382734
58,58,0.8189300411522634,0.8183537832310839,0.7932098765432098,0.8362292333485749,0.7362817106423077,1.4603432908877856,0.030603212173552104,1.3903321401599003,0.7598757994073844,0.10041152263374489,0.10041152263374489,0.0975308641975309,0.06172839506172845
59,59,0.8353909465020576,0.8324403823931085,0.7993827160493827,0.8766194177716812,0.9273649653066913,1.6041219906788724,0.4991140976095629,1.403494439679169,-0.19371535235950355,0.08065843621399173,0.102880658436214,0.09917695473251024,0.03374485596707817
60,60,0.8436213991769548,0.8426560991718742,0.8203689759036145,0.8786897590361445,1.238187775141122,1.3769860520241455,-0.363429982236328,1.3627317949179345,0.7234781109746259,0.1164609053497943,0.09958847736625519,0.10288065843621404,0.047736625514403344
61,61,0.8806584362139918,0.8796349436096482,0.8569401840490798,0.9335889570552147,0.8208273453080827,1.6173029551752864,-7.158480357964334e-05,1.381625321050042,0.3255932850315759,0.09465020576131684,0.102880658436214,0.08148148148148146,0.04732510288065842
62,62,0.8024691358024691,0.8017814403356571,0.7700466200466201,0.8706293706293706,1.0974282016707388,1.520658588646765,-0.5437534288636131,1.4763014338951264,0.8332755466580027,0.0925925925925926,0.12098765432098768,0.07078189300411523,0.0382716049382716
63,63,0.8106995884773662,0.8092199639876245,0.7708333333333333,0.8084126984126985,1.307518582267967,1.167162292178944,-0.4058794576561404,1.36886730163199,1.1873293773799054,0.10946502057613165,0.08930041152263371,0.07736625514403286,0.03497942386831273
64,64,0.8148148148148148,0.8113201082673793,0.7664285714285715,0.851031746031746,1.2211893462572017,1.4657038703376166,-0.2542481450683807,1.0110319009581739,0.9508163282946921,0.08436213991769542,0.10411522633744848,0.08683127572016455,0.03497942386831272
65,65,0.8436213991769548,0.8415695033649822,0.8145707831325302,0.8824548192771083,1.0306880495229074,1.635509657088032,0.5233903512835756,0.5949521965124063,0.5551785054584952,0.10082304526748972,0.11028806584362146,0.0909465020576132,0.046502057613168765
66,66,0.823045267489712,0.8214976248130946,0.8034268363215731,0.8878687102371312,1.4881465353067722,1.7394471784769967,0.033546681712606684,0.5321668048743834,0.483231492879159,0.10617283950617287,0.09917695473251033,0.07695473251028809,0.03744855967078192
67,67,0.8559670781893004,0.854435074994292,0.8321667907669397,0.8724497393894268,0.8108660491709411,1.2041761768707566,0.0013403808324493824,1.186512058510266,1.1697446667315077,0.10617283950617282,0.09711934156378602,0.10205761316872426,0.03950617283950617
68,68,0.8106995884773662,0.8094199353458613,0.7793328220858895,0.8603527607361963,1.5827164427460623,1.5550778193616581,0.6614871844172961,0.38204227526848145,0.3446549318936526,0.10823045267489706,0.10205761316872426,0.09588477366255141,0.03868312757201643
69,69,0.823045267489712,0.8210440484272218,0.7931475903614458,0.8828313253012049,1.231310418512387,1.795050553415453,0.43925528011515863,0.5129607702766635,0.3257907148270521,0.10123456790123461,0.10617283950617287,0.09218106995884776,0.03168724279835393
70,70,0.8189300411522634,0.8177060251134326,0.7886503067484663,0.8491564417177915,1.0608318511313781,1.464898713287292,0.2124488902459156,1.2399213997961565,0.49703500151672225,0.07530864197530869,0.11399176954732515,0.07695473251028812,0.05102880658436217
71,71,0.8106995884773662,0.8079051538310799,0.7711870947823403,0.864618709478234,1.3586651724055796,1.6886163179114462,-0.01731606612159648,1.114567510411158,0.032866808092185985,0.09958847736625512,0.10164609053497942,0.1119341563786008,0.05144032921810696
72,72,0.8106995884773662,0.8106995884773662,0.7907681940700808,0.8535489667565139,1.0720977750191325,1.5315726784574486,0.7109814736581406,0.7137363557261376,0.4890781518058384,0.08683127572016457,0.13374485596707814,0.08518518518518514,0.03497942386831273
73,73,0.831275720164609,0.8279002339296893,0.7932098765432098,0.845755220240817,1.2999677787315174,0.881016808335331,0.2549661765212904,1.2429481520996364,1.0752889954922236,0.09176954732510287,0.1193415637860082,0.09670781893004114,0.03950617283950616
74,74,0.8436213991769548,0.8416306899946981,0.8159254267744833,0.8701707097933513,1.164148025758706,1.8964450194259026,0.4373893359951954,0.5794948098321794,0.13742279027198856,0.0975308641975309,0.11028806584362146,0.08230452674897124,0.053909465020576176
75,75,0.8395061728395061,0.8376356661128762,0.8100666565671868,0.866914103923648,1.0963893545309662,0.8208719220792886,-0.28912994987744156,1.48551782145687,1.4592702996421794,0.07654320987654316,0.11028806584362134,0.09958847736625509,0.03168724279835387
76,76,0.8106995884773662,0.8079850694971331,0.7729677914110429,0.8552914110429448,1.1292481572903956,1.2926707436435025,-0.4908455471584339,1.4907802203195695,1.0040295966458357,0.08395061728395059,0.09300411522633742,0.06090534979423865,0.03004115226337446
77,77,0.8189300411522634,0.815257993035771,0.7830188679245282,0.8712189278227014,0.6744864558175339,1.8327676853523132,-0.061782473983250555,1.0109232535530273,0.702637439099588,0.08765432098765435,0.11028806584362146,0.08641975308641978,0.03168724279835396
78,78,0.8395061728395061,0.8357115574933769,0.801090743826693,0.8806241478563854,0.8846275536167886,1.8351174387782594,-0.1449956771557105,0.9203978353184766,0.6178676705697369,0.10781893004115221,0.11152263374485591,0.08806584362139912,0.051028806584362096
79,79,0.8436213991769548,0.8406516312499218,0.8054183389935166,0.8670886075949368,1.6702347333318577,1.4501881529743856,-0.2700064062853653,1.2417318662585872,0.22161853705228637,0.08189300411522638,0.10658436213991776,0.07572016460905355,0.031687242798353964
80,80,0.8189300411522634,0.8167064914376743,0.7981720430107527,0.8524014336917562,0.7057509468232365,1.1860256849317434,0.2870664516820249,0.9205092124178418,1.392675993747183,0.11975308641975313,0.11604938271604943,0.10164609053497946,0.043621399176954775
81,81,0.8353909465020576,0.8372665894033414,0.813421225024566,0.8683262364886997,1.3350652824407125,1.0980692984963563,0.03713613104046594,0.7315659621486901,1.262447735539869,0.10823045267489709,0.11234567901234564,0.09341563786008227,0.0436213991769547
82,82,0.8148148148148148,0.8120919582907886,0.7902327935222673,0.8723973395026027,0.9400559242604839,1.8049362290972613,-0.004335824836861837,0.9207221589248025,0.5473111818586345,0.10205761316872422,0.10123456790123453,0.08847736625514398,0.04320987654320981
83,83,0.8271604938271605,0.824574839951298,0.7992926613616269,0.8787945770704392,1.3175645845147446,1.552603283353276,0.046215172521370175,0.7678800618035189,0.70646877721376,0.08683127572016461,0.09506172839506172,0.10452674897119343,0.04732510288065843
84,84,0.8436213991769548,0.8392307151915818,0.8155433385691846,0.8848350706839926,1.8716074745524003,1.297175192783013,0.2198047331894667,0.4725602768942885,0.5249593437363199,0.08600823045267493,0.10576131687242803,0.09711934156378607,0.035390946502057666
85,85,0.8106995884773662,0.8076552836136981,0.7654821935077214,0.8617239205798929,0.7966202376322965,2.0739579089466003,0.6583190155834849,0.1329374306105469,0.6025801124595785,0.0987654320987654,0.09465020576131686,0.0773662551440329,0.01646090534979421
86,86,0.8477366255144033,0.8468312673973284,0.8145690068766992,0.8812569966416121,1.6584697380652185,1.1562235711719189,0.13745563438518987,0.8750757912036397,0.6948187531888673,0.09794238683127574,0.10164609053497946,0.105761316872428,0.045679012345679025
87,87,0.8518518518518519,0.8501637732406965,0.8184556407447974,0.8749804412455015,1.7527730637334484,0.970117083346177,0.5226619709386957,0.7158085590160274,0.73228500474714,0.12098765432098765,0.10781893004115224,0.10246913580246915,0.04444444444444445
88,88,0.8518518518518519,0.8480246913580247,0.8133994849265263,0.8625965762763218,0.8694371958234244,1.2101966479151038,-0.08822511406024715,0.8472444900274579,1.4893761520349424,0.09547325102880659,0.11522633744855967,0.0934156378600823,0.0522633744855967
89,89,0.8148148148148148,0.8106617494372598,0.7669769989047097,0.8304647160068847,1.3169026206009626,1.2374103566919947,-0.1921781992204148,1.8247047333577295,0.36055446939362634,0.07860082304526744,0.10740740740740735,0.09547325102880652,0.04279835390946497
90,90,0.8271604938271605,0.8263616680905238,0.7810924369747899,0.8651260504201682,1.1151516112114033,1.8058318321911773,0.4262576373406865,0.4678475245174661,0.477689604365554,0.09588477366255145,0.09588477366255145,0.09135802469135804,0.05308641975308641
91,91,0.831275720164609,0.8275677681617258,0.8068278805120911,0.8635135135135135,1.5112088335004938,1.2919913222151185,0.29111039917733567,0.936220855924152,0.4997977448955316,0.0839506172839506,0.08065843621399174,0.09917695473251029,0.024691358024691336
92,92,0.8477366255144033,0.8468312673973284,0.8145690068766992,0.8843754997601152,0.9728842784438728,1.663746161965949,0.05572843124180068,1.1389634224632381,0.4144792700967281,0.09588477366255146,0.11975308641975313,0.08806584362139919,0.042798353909465056
93,93,0.8353909465020576,0.8346089055442478,0.7893063093622795,0.855240841248304,1.251979522048494,1.3242975121825191,0.019000606303262054,0.8008706322539599,1.0741821729307914,0.12098765432098764,0.09012345679012344,0.07695473251028805,0.035390946502057596
94,94,0.8024691358024691,0.7985813332113632,0.7665673864482502,0.8220402084884586,0.9828596940266647,1.2935832645626577,-0.3243606343220292,1.088541453674554,1.457222205490387,0.09135802469135801,0.10205761316872428,0.07448559670781894,0.04115226337448561
95,95,0.8641975308641975,0.8648557391272759,0.8493006993006993,0.8924630924630924,1.3051119237379731,1.7415346582749796,0.33259812641481895,0.7557529857328456,0.07183218803759674,0.12798353909465013,0.1386831275720164,0.10288065843621394,0.07160493827160488
96,96,0.8559670781893004,0.8524545944122676,0.8090916360147129,0.8920518151287382,0.5035637204604255,2.045402564492487,0.10510887261869567,1.133209204983253,0.1532099146780714,0.09135802469135802,0.09917695473251027,0.08065843621399177,0.04814814814814814
97,97,0.8477366255144033,0.8459651075560675,0.8275737420474263,0.8928571428571429,0.549047358616473,1.3402600696011215,0.07293681862683765,0.7715401939145642,1.685933568553971,0.10329218106995888,0.1189300411522634,0.07654320987654324,0.040329218106995926
98,98,0.823045267489712,0.819295459179338,0.7803334362457548,0.8531954306884841,1.032155650648023,1.5427270104256856,0.1253670643854237,1.4656392424206444,0.2702586898882874,0.09218106995884778,0.10123456790123461,0.11028806584362143,0.03827160493827164
99,99,0.7695473251028807,0.7689002769366151,0.7439687267311987,0.8301563663440059,1.3288203844888749,1.7320015400753384,-0.05937404608602683,0.5411700616127991,0.9356366778892083,0.08888888888888895,0.07777777777777783,0.06584362139917702,0.02551440329218112
100,100,0.823045267489712,0.8209164887527461,0.8,0.8600580973129993,0.4165351444138758,1.4516663008319066,-0.19681718530290931,1.4868814077798818,1.2326155971506567,0.11563786008230456,0.12181069958847741,0.09794238683127576,0.05185185185185189
101,101,0.8353909465020576,0.8334610015154379,0.7977860069335014,0.868027103687362,0.602836188613243,1.4791554254521257,0.019456033993481225,1.1324578757887576,1.0705862132702775,0.10041152263374482,0.1119341563786008,0.07818930041152258,0.05514403292181066
102,102,0.823045267489712,0.8227593790522134,0.7980828220858895,0.8681748466257668,0.8685220368955971,1.4344422731906472,0.23802558468517723,1.0556692293530636,0.9155458723466346,0.0872427983539095,0.0962962962962963,0.08683127572016464,0.019341563786008254
103,103,0.8724279835390947,0.8686480719402531,0.82472413241644,0.8923716616024309,1.296798235964361,1.2897696965978556,0.18455611075629458,0.7663208772459073,0.8517967964568891,0.10411522633744856,0.10329218106995888,0.0835390946502058,0.022633744855967107
104,104,0.7860082304526749,0.7840268251790885,0.7550539083557952,0.827193770589997,1.4862396460945617,1.00346798033063,0.23040200387061305,1.2371699235175015,0.8358395771673665,0.08518518518518516,0.09382716049382714,0.07366255144032917,0.026748971193415627
105,105,0.823045267489712,0.8175727506983997,0.7912903225806451,0.8693189964157707,0.4939530816204893,1.563665094908823,0.3549087029848706,1.0106286977533703,1.0273317360850955,0.0938271604938272,0.1049382716049383,0.07901234567901236,0.034979423868312785
106,106,0.8148148148148148,0.8124424171227803,0.795199146514936,0.8494310099573258,0.8191425233992928,2.164592480490976,0.37866354147436687,0.5882308559711065,0.19841719331033314,0.11358024691358018,0.11728395061728389,0.10082304526748964,0.05390946502057607
107,107,0.8353909465020576,0.8342782046485752,0.8072852760736196,0.8941717791411044,0.5880202784089708,1.4369257181935902,-0.05787706513751757,1.5524574440733796,0.8535664455829529,0.08888888888888886,0.10411522633744852,0.09094650205761313,0.021810699588477346
108,108,0.8600823045267489,0.8572448128003683,0.8285040431266846,0.8973495058400719,1.0571737111986068,1.2678386137541453,0.24425736450048316,1.1368078981093723,0.6498403697550711,0.09711934156378597,0.11687242798353907,0.10576131687242793,0.046913580246913576
109,109,0.8189300411522634,0.8184379299461619,0.7994000888757221,0.8746852318175086,1.6259824038486217,1.727424703592017,-0.10538756093470694,0.4294850956926432,0.5251610759437785,0.11481481481481486,0.10946502057613175,0.09300411522633749,0.04650205761316876
110,110,0.8024691358024691,0.801211845792623,0.7731404332676868,0.8594909862142099,1.323357558906788,1.1072390777736536,0.16097212608452374,1.434918905936913,0.6159807811222403,0.07448559670781892,0.10534979423868314,0.06666666666666668,0.018518518518518524
111,111,0.7860082304526749,0.7831151016336201,0.7487501893652477,0.8131343735797606,1.539304868205421,1.3367721479141894,0.6687634739100498,0.25438403159017015,0.9940227392441321,0.0930041152263374,0.09465020576131683,0.07242798353909462,0.0020576131687242705
112,112,0.8189300411522634,0.8147305270464574,0.7891122035858877,0.8486842105263157,1.2674228380271542,1.25821144376269,0.28757449984583316,1.5592804480181097,0.2008835753476933,0.07818930041152268,0.11399176954732515,0.07407407407407411,0.06172839506172846
113,113,0.8395061728395061,0.8392468786752633,0.816717791411043,0.8665644171779141,0.6751466939838503,1.4538501420547818,0.20542640219251979,1.340497053631438,0.8268566328577276,0.131275720164609,0.11975308641975302,0.10905349794238677,0.0584362139917695
114,114,0.8189300411522634,0.8163880662133632,0.7931198015467679,0.8476579600175105,1.3064023304773742,1.8909403798111968,-0.1831952884347318,0.7543314670702097,0.3608147523566672,0.10123456790123461,0.09835390946502062,0.12304526748971197,0.06460905349794245
115,115,0.8065843621399177,0.8057828712470251,0.7845874685231817,0.8329877055251074,1.0772883723780364,1.2912037807496441,0.48652351004812144,1.2649261313576459,0.6263739132803114,0.11893004115226335,0.13209876543209875,0.08024691358024691,0.03374485596707817
116,116,0.7942386831275721,0.7899405864599974,0.7538780120481927,0.8429969879518072,0.4586972906879586,1.5358955230136597,0.21679319326661073,1.3626750842990456,0.7502773371231813,0.06296296296296301,0.10576131687242803,0.08477366255144038,0.02263374485596712
117,117,0.8724279835390947,0.8698825732175565,0.8306607574536664,0.8992747784045124,0.7133540375741483,1.1291307584647636,0.3826672227936805,0.707444460282932,1.352988496801616,0.11440329218107,0.1312757201646091,0.09053497942386834,0.0358024691358025
118,118,0.831275720164609,0.8298287133791579,0.8010352760736197,0.871319018404908,0.9960750228513179,1.234537750888127,-0.37811051892067216,0.8598832139050454,1.7365696727698765,0.11234567901234567,0.1205761316872428,0.09835390946502057,0.03868312757201646
119,119,0.8518518518518519,0.8522157054415118,0.8414014146772768,0.8959622752726202,0.7302477839045856,1.5177364253811283,-0.0860897157982571,1.113210315865475,1.0149925733212355,0.1094650205761317,0.15349794238683126,0.09835390946502058,0.04526748971193416
120,120,0.8477366255144033,0.8452443041923893,0.8133052147239264,0.8926380368098159,0.887859976650485,1.7018636811257015,0.0919987987625647,0.5048761511839283,0.9110593319454429,0.08971193415637863,0.1160493827160494,0.08888888888888892,0.03703703703703707
121,121,0.831275720164609,0.8285139586996747,0.7946702453987731,0.8519171779141104,0.966035119160965,1.2650471799671577,0.3435913761497773,0.8181990481765786,1.0676760825330587,0.10493827160493825,0.11234567901234567,0.09259259259259255,0.04074074074074072
122,122,0.8353909465020576,0.833866788599299,0.8096361185983827,0.8785564540281521,1.2289210029398487,1.0840871284713547,0.32256822307771865,1.136352401908787,0.7916322720086311,0.0995884773662551,0.10823045267489709,0.11234567901234564,0.02921810699588473
123,123,0.8065843621399177,0.8039393117256788,0.7766997481854541,0.8514294178640202,0.9553804130994759,1.6585004294009602,0.3925977693580343,0.67807515422502,0.7362861150532715,0.09670781893004113,0.1213991769547325,0.0921810699588477,0.04074074074074073
124,124,0.8148148148148148,0.8119560940923382,0.7794652325405242,0.839494016058173,0.9468155279231901,1.4749835370502002,-0.12270013049186256,1.2066499905524468,0.9173207260322588,0.08888888888888885,0.11399176954732501,0.08888888888888882,0.044855967078189216
125,125,0.8189300411522634,0.8165541617910319,0.7871234939759035,0.8617469879518072,0.383052682599131,0.6673419723786594,0.2560664176964946,1.9343675507086788,1.487142966962943,0.08106995884773668,0.09176954732510292,0.06172839506172843,0.020164609053497994
126,126,0.8395061728395061,0.8364335637440518,0.8117247920618706,0.9021596381146942,1.075352054402318,1.5816014843791706,-0.34051909836745575,1.0615317186253002,0.8223312687473677,0.09588477366255138,0.11481481481481477,0.09218106995884767,0.03209876543209872
127,127,0.8148148148148148,0.8117195430534715,0.7845932802829354,0.8394488653109342,1.496892764852797,1.476512073812184,0.04698397546990345,1.0551668167085242,0.47335767995360206,0.08477366255144028,0.11522633744855959,0.09753086419753083,0.04279835390946497
128,128,0.7777777777777778,0.7739573150863474,0.7534850640113798,0.8090327169274537,1.0247395863670827,1.1032861198183528,-0.12091947047832548,1.6755555298288867,0.9509429175428878,0.10452674897119345,0.10288065843621401,0.07530864197530864,0.03497942386831278
129,129,0.831275720164609,0.830994801571965,0.8061129978388392,0.8559740660697746,1.664142988767878,1.692729252213281,0.2843914656686643,0.4128423322432025,0.3297792243290272,0.12016460905349793,0.12098765432098764,0.11111111111111112,0.05473251028806584
130,130,0.8436213991769548,0.8450523144786035,0.8395422900311065,0.8813509109761517,1.3497463883634593,1.1562368899406674,0.16802174875584822,0.6197809044372774,1.1946695471320674,0.12716049382716052,0.1333333333333334,0.12304526748971197,0.02921810699588482
131,131,0.8395061728395061,0.8383244001104851,0.8167907669396872,0.8679821295606851,0.8334496912291453,1.3658452146574038,-0.17623565503292263,0.8922695939749861,1.3792238782334891,0.10864197530864192,0.1135802469135802,0.10082304526748968,0.027983539094650144
132,132,0.8353909465020576,0.8337710287557634,0.806961066505075,0.8774428116951977,0.9572589630593531,2.2567141785714546,-0.25452629015674266,0.8459191723639957,0.057863038001387264,0.10658436213991766,0.12551440329218105,0.08230452674897115,0.04156378600823043
133,133,0.8189300411522634,0.8152554663096833,0.7898692810457517,0.8642701525054465,1.4815490547575794,1.485672973432439,-0.025836980966125904,0.8402911751973898,0.5916806638880253,0.09506172839506176,0.10534979423868315,0.08930041152263377,0.04032921810699593
134,134,0.8189300411522634,0.8162212609013598,0.7903404067197171,0.8684055408193339,0.500615395765475,1.855405720184138,0.3196723059872331,0.939942271369621,0.7178138149144275,0.10164609053497946,0.10823045267489714,0.08230452674897125,0.045679012345679074
135,135,0.8106995884773662,0.8093423289872497,0.7761072261072262,0.8513597513597514,1.3255203794373043,1.1214225185282831,-0.036320611654143097,1.180851324170879,1.073518802442753,0.088477366255144,0.11069958847736623,0.10123456790123453,0.03580246913580245
136,136,0.8436213991769548,0.8436213991769548,0.8251401302832904,0.8738827450386304,0.7265831488139273,1.495197152555845,0.25570519184687657,0.7394557888796236,1.0293168709385385,0.11934156378600827,0.11728395061728399,0.11193415637860085,0.037037037037037104
137,137,0.823045267489712,0.8190120345885676,0.7916241062308478,0.8760396906464322,0.9443615569256768,1.8465357636620017,-0.5496646701883646,1.3592104967063297,0.5218902108013415,0.08847736625514405,0.12427983539094653,0.08312757201646094,0.03827160493827162
138,138,0.823045267489712,0.8197065640286466,0.7873493975903614,0.8413403614457832,1.148957178847695,1.3751207682544484,0.04884823532435629,1.2006521871133802,0.7233646235064677,0.09876543209876545,0.11893004115226338,0.09176954732510291,0.03909465020576135
139,139,0.8683127572016461,0.8692847344699196,0.8511684125705077,0.8763094278807413,1.3325786589485016,1.2261912294554784,-0.1081245241058621,0.9074177430469851,1.0687829548321701,0.1320987654320988,0.12510288065843628,0.1312757201646091,0.044444444444444495
140,140,0.8189300411522634,0.8170889230914773,0.7979323308270676,0.84131000578369,0.8134343159272663,1.464749363766159,0.3316722620206796,1.2007679889360494,0.7287313359655241,0.09341563786008236,0.13415637860082308,0.09629629629629635,0.04115226337448563
141,141,0.8395061728395061,0.8397425273853103,0.8220345402211786,0.8813058627480684,1.4678736568066373,0.8936684685391966,0.3902233442645313,0.8346013055909843,1.0396086366033108,0.12839506172839504,0.12674897119341558,0.08477366255144028,0.02345679012345674
142,142,0.823045267489712,0.8207924485169605,0.7868941031182464,0.8588298857672121,0.6895895813413594,1.6552325641948569,0.3844219265503256,0.9263899795719551,0.5063831064137303,0.09341563786008232,0.1238683127572017,0.07777777777777779,0.04197530864197534
143,143,0.831275720164609,0.8289911173632104,0.8150252525252526,0.9017957351290685,1.2037416532624774,1.425440913462733,0.4620049804781934,0.24734330691592235,0.960077368318735,0.11152263374485596,0.12510288065843617,0.08559670781893002,0.04156378600823046
144,144,0.8189300411522634,0.8123781676413255,0.7685185185185185,0.8738759335467153,1.2925247107139388,1.861434294647179,0.22267575129875886,-0.009670149196939842,0.9236963087626289,0.08230452674897124,0.10123456790123461,0.09629629629629634,0.018930041152263422
145,145,0.8189300411522634,0.8172126112201018,0.8002150537634409,0.8827240143369175,1.1437255895555543,1.4492009813732643,0.3180282095166797,0.9446706045938525,0.38673008956019267,0.10534979423868318,0.12181069958847739,0.08230452674897122,0.038683127572016515
146,146,0.8436213991769548,0.8436213991769548,0.827156334231806,0.9028152141359689,1.445994789207353,1.8304199236144922,0.4710756265505227,-0.06923970094289472,0.5684132461464744,0.11728395061728399,0.11769547325102883,0.10329218106995888,0.038683127572016515
147,147,0.8477366255144033,0.8457185213156138,0.822944297082228,0.8782051282051283,0.840391631319077,1.9320678218840666,0.28278102442225483,0.6797926375378687,0.33149895259447404,0.10164609053497946,0.10576131687242803,0.10905349794238686,0.05308641975308646
148,148,0.7983539094650206,0.7980932356513315,0.7793987621573828,0.8362068965517241,1.0618730182001337,1.7576012405620847,-0.011688916609281681,1.4462124713481053,0.18653030876475934,0.09711934156378602,0.11769547325102883,0.09794238683127576,0.04855967078189303
149,149,0.8888888888888888,0.8887403694421239,0.8772033772774404,0.927714412679603,1.3103792079938756,1.2856333643776183,-0.4571972914842742,1.2117326993651367,0.790339766575276,0.10576131687242793,0.14650205761316867,0.09012345679012342,0.04609053497942382
150,150,0.8189300411522634,0.8175545696913219,0.7822250236369367,0.8422628427355815,1.2285091569076505,1.325176859161747,0.3834213741217079,1.466418985897538,0.12670420577466268,0.10329218106995888,0.10493827160493834,0.0761316872427984,0.04773662551440333
151,151,0.8436213991769548,0.8412081491642533,0.8158791290179233,0.8666864168271368,1.045291675300752,1.5253250883172234,-0.0484571992764861,0.738379410083168,1.0846665626916157,0.10823045267489717,0.1189300411522634,0.10123456790123461,0.06131687242798358
152,152,0.8477366255144033,0.8491144728153311,0.8408885542168675,0.8831325301204819,1.2675808567408582,1.5811722149369478,0.243457778986417,0.6224024629497215,0.638455383987181,0.12962962962962968,0.14156378600823044,0.12551440329218105,0.05596707818930045
153,153,0.8477366255144033,0.8465066403763281,0.8222617785184063,0.8866080896833812,1.311454049618558,1.7690205945596844,0.26374440624747836,0.7068548804985234,0.16582937416219218,0.10246913580246915,0.10329218106995888,0.10740740740740744,0.037037037037037056
154,154,0.8148148148148148,0.8126565378225495,0.7824572034540221,0.8603241933040449,1.6314219122131777,1.1499601583985515,0.20421043165893715,0.4647998190390378,1.1323293282996358,0.09547325102880654,0.09835390946502053,0.07078189300411517,0.02716049382716045
155,155,0.8765432098765432,0.8732608347992963,0.8395061728395061,0.8950617283950617,1.1994226194508817,1.6795569512467923,0.24343246312158134,0.5333353976185291,0.42095641308845794,0.10329218106995883,0.11851851851851851,0.0897119341563786,0.05679012345679012
156,156,0.7942386831275721,0.7930832399735265,0.7697748481706415,0.8264701525699896,0.8381140017579867,1.3974136557235217,-0.1907486940861512,1.2369946839588835,1.3374897891803665,0.1329218106995885,0.1160493827160494,0.11975308641975313,0.06172839506172845
157,157,0.8395061728395061,0.8397896807482864,0.8151197604790419,0.8648755121336276,1.39807482219027,1.993900215255943,0.20191428191332775,0.5258667740437628,0.10596789667011948,0.11604938271604932,0.13909465020576128,0.10576131687242793,0.05884773662551436
158,158,0.8395061728395061,0.8365612719354217,0.7971950835171762,0.8655058304443743,1.2582586226204542,1.6384041743160829,0.13991752324009968,1.2389905003698074,0.17228787582747163,0.10740740740740735,0.10534979423868307,0.08888888888888884,0.053909465020576086
159,159,0.7736625514403292,0.7674461400668133,0.7341642228739003,0.7958944281524928,0.5590835864847268,1.580145103425139,0.19849545189809747,1.4145266382290933,0.8886181177439181,0.0703703703703704,0.09218106995884776,0.08230452674897121,0.034979423868312785
160,160,0.8271604938271605,0.8257707024763554,0.7883815768431153,0.8560690868383177,1.204423937662078,1.254035877110516,-0.08773631232859612,1.0152210087943674,1.055777555728091,0.10411522633744856,0.1074074074074074,0.08683127572016461,0.05514403292181071
161,161,0.7983539094650206,0.798588752872919,0.7839997081570116,0.8167226032394572,1.5025522578253543,1.2612722774395297,0.08171157232738561,0.9112469512041674,0.9616293380293719,0.1168724279835391,0.10823045267489713,0.09917695473251031,0.04362139917695477
162,162,0.8024691358024691,0.8001784917447569,0.7749778956675508,0.880489242558208,0.5549876464614732,1.9877734326967393,0.4576135565699005,0.7100443019157535,0.6486979515926372,0.09506172839506173,0.09300411522633743,0.07530864197530862,0.05761316872427984
163,163,0.7983539094650206,0.7986997793795919,0.7688546393365671,0.8457205445157252,0.5132243501266541,1.7498167909105358,0.08975008331215906,1.1698830834554268,0.8147402465172815,0.09012345679012347,0.1065843621399177,0.07572016460905352,0.025925925925925953
164,164,0.8395061728395061,0.8401930609928409,0.8250265111346766,0.8820633237388275,1.1758107094216104,1.0344973196717107,-0.11994100385562996,1.3812133854775785,1.0094315987465,0.09341563786008225,0.12057613168724272,0.09588477366255141,0.058436213991769494
165,165,0.8271604938271605,0.8258424206700068,0.807843137254902,0.8745824255628177,1.4459434442397994,1.3683578285885416,0.1659661282891763,0.5653552262944779,0.8773398759704645,0.111522633744856,0.1037037037037037,0.11152263374485596,0.04156378600823045
166,166,0.831275720164609,0.8293092900161007,0.8008635055294653,0.8566883805484018,1.3057257093811354,1.5255920381388077,-0.35715114709405893,0.9973129049153713,0.8325730454357113,0.10452674897119338,0.12510288065843622,0.1053497942386831,0.05555555555555554
167,167,0.8106995884773662,0.8092615955863819,0.7726520642924677,0.8575480617711945,1.0140518963612328,1.8043079734345389,-0.06295255911229938,1.5006646595944693,0.014438591806143519,0.08271604938271601,0.09670781893004111,0.06419753086419751,0.05432098765432094
168,168,0.8024691358024691,0.7971500764006951,0.7693392134181607,0.8525882012724119,0.6888218213622165,1.7416787450275055,0.05710958792881445,1.2873876812963836,0.5859951249664207,0.09094650205761315,0.09835390946502057,0.0633744855967078,0.03580246913580246
169,169,0.8559670781893004,0.8548760967981032,0.842176386913229,0.8940256045519204,1.7236295368827517,1.1107029506487205,0.016499944484351586,0.9917543421668349,0.6767812840422973,0.1205761316872428,0.13209876543209872,0.0905349794238683,0.040740740740740744
170,170,0.7942386831275721,0.7881639915789688,0.7552052785923753,0.8476539589442815,1.2878706720473614,1.6030999815926539,0.48991619605635794,0.9545176957237221,0.3038441982986397,0.07037037037037042,0.08724279835390952,0.09135802469135806,0.015226337448559713
171,171,0.8065843621399177,0.8057565738525657,0.7833209233060313,0.8332836932241251,1.807031206780508,1.3252511054994616,0.3251126904828605,0.9819266197519417,0.048309542029316914,0.03950617283950617,0.11810699588477362,0.08395061728395062,0.05102880658436213
172,172,0.8641975308641975,0.8625182917121915,0.8351226993865031,0.8927147239263803,1.1753460734995114,1.7367056917121746,0.3621659049797017,1.0137488175781773,-0.14482740469489735,0.1053497942386831,0.12469135802469129,0.09794238683127568,0.06131687242798348
173,173,0.8395061728395061,0.8381504573338994,0.8220198675496688,0.8691333141376332,1.8131190197880316,1.2068758895431078,0.1659316212174467,0.8876651793274531,0.3917379011279458,0.12139917695473246,0.10699588477366251,0.10411522633744852,0.03786008230452671
174,174,0.831275720164609,0.8296036623808223,0.7930952380952381,0.8768253968253968,0.9682532929410314,1.3857846717058315,0.6061700305610727,1.2819997458819754,0.2775103957840586,0.08271604938271604,0.10164609053497942,0.08353909465020576,0.028806584362139908
175,175,0.8353909465020576,0.8343422925116626,0.8215149359886202,0.8740398293029872,1.6101556620967634,1.7329966649989712,0.08918119001283413,0.5118187005920847,0.13632059713072497,0.09835390946502055,0.10246913580246911,0.08436213991769544,0.06625514403292179
176,176,0.7860082304526749,0.7823292663794457,0.7621266002844951,0.8502133712660028,1.5095491460785506,1.3844374496120486,-0.27659684423938646,0.6071638351687297,1.144950637879163,0.08930041152263371,0.10288065843621397,0.08518518518518516,0.02057613168724275
177,177,0.8024691358024691,0.8024691358024691,0.7851458885941645,0.8430592396109637,1.460817814773009,1.161158146768111,0.16886214821305395,1.127104611111762,0.6392273764425113,0.08600823045267489,0.11481481481481479,0.0777777777777778,0.04238683127572017
178,178,0.8436213991769548,0.8425325480211692,0.8152593393022538,0.8794380981784502,1.223498942999771,1.2730324357750264,-0.12072403287522902,1.286599384608456,0.7663049600725725,0.08683127572016466,0.13909465020576134,0.09176954732510292,0.041975308641975365
179,179,0.8271604938271605,0.8223593964334704,0.7941176470588235,0.8636165577342048,1.6034131532512914,1.775835187307785,-0.4197615860835577,0.8460499189879775,0.4147578982451659,0.10740740740740742,0.1271604938271605,0.0831275720164609,0.038683127572016474
180,180,0.8683127572016461,0.8662805466646345,0.8428751296104281,0.8869056436083542,1.2330810495065714,1.7072711102030178,0.2830879643354564,0.19343644588944414,0.7494450297320029,0.1090534979423869,0.11851851851851855,0.11563786008230456,0.05679012345679017
181,181,0.8477366255144033,0.8446904550097195,0.8117283950617284,0.8582533150434385,1.2055815323515353,1.17673115647095,-0.15534597617187826,1.1675602662871016,1.145311982218079,0.1213991769547325,0.1374485596707819,0.09547325102880659,0.05144032921810702
182,182,0.8518518518518519,0.8477366255144033,0.8205882352941176,0.8980392156862745,1.0990266169086247,1.796612711539224,0.18596864360633877,0.4955574594288904,0.4836398421588675,0.09711934156378602,0.10205761316872426,0.08395061728395063,0.062139917695473244
183,183,0.8189300411522634,0.8123781676413255,0.7685185185185185,0.8889650967840268,1.2910412492263523,1.289694193418611,0.16341078997028718,0.8067085596646565,1.0377816414100105,0.0592592592592593,0.09711934156378606,0.08065843621399181,0.01399176954732514
184,184,0.8395061728395061,0.8352304271144853,0.8069823434991974,0.8588939150736904,1.5945532175237294,1.3183582307854065,0.07377228735788258,0.3932362211252989,1.0335418872372386,0.09958847736625509,0.10493827160493821,0.0674897119341563,0.04567901234567897
185,185,0.8148148148148148,0.8125913653639997,0.7808641975308642,0.8401158360006097,0.9796441711869005,1.4605987609120306,0.01776029227608361,1.8766574709915544,0.28602406000380315,0.07325102880658432,0.125514403292181,0.07942386831275715,0.04362139917695468
186,186,0.8559670781893004,0.8562525514694591,0.8293128654970761,0.8789798570500326,0.7910654341176375,1.578575097302979,-0.19334156919052625,1.2344053812494855,0.891017467350365,0.0831275720164609,0.10864197530864197,0.10823045267489709,0.05884773662551438
187,187,0.8395061728395061,0.8411422288973309,0.8135932033983009,0.8623188405797103,1.1303755771713613,1.295174211305813,0.5915555541396171,0.7396050448738327,0.8550648420014494,0.13127572016460903,0.12839506172839502,0.10205761316872426,0.04773662551440324
188,188,0.8436213991769548,0.8432238850501941,0.8282991202346042,0.9027859237536657,1.6531192650555315,1.6752366049516083,0.1625152982092486,0.23187859312790565,0.43764416729016287,0.10288065843621404,0.1432098765432099,0.09670781893004118,0.05061728395061732
189,189,0.823045267489712,0.8260266409130028,0.8034269199009083,0.8563996696944673,1.1772969564841118,1.894813478034856,0.1446570909460936,0.5448044185828417,0.3934595060857814,0.11440329218107,0.1238683127572017,0.09629629629629632,0.047736625514403316
190,190,0.823045267489712,0.8224490609822052,0.8087748344370861,0.8730204434206738,1.013541313969385,1.423450141543958,0.140969635545061,1.447405686107292,0.40766777863807524,0.09506172839506177,0.105761316872428,0.09670781893004118,0.039506172839506214
191,191,0.8436213991769548,0.8446785039377632,0.825283643239836,0.8661361487551212,0.387599943202548,1.5964800265057213,0.5360231515052477,1.5779323288531308,0.28090451523999915,0.1152263374485597,0.11111111111111116,0.1012345679012346,0.05349794238683133
192,192,0.8436213991769548,0.8427432623798801,0.823766849355651,0.8870537698118798,0.8041616865165657,1.708081099696463,-0.2799353698107242,1.148854963223815,0.709287425656859,0.11069958847736627,0.13415637860082305,0.10164609053497946,0.06625514403292185
193,193,0.8271604938271605,0.8234263069654014,0.7957478005865102,0.8668621700879766,0.8591461821313783,1.5868631868352185,0.027223503854906923,1.4553550617624484,0.3544980680215999,0.10205761316872426,0.09300411522633745,0.10205761316872428,0.0506172839506173
194,194,0.831275720164609,0.8291913082662713,0.813562925170068,0.8623157596371882,0.769011981874651,1.5510418460804005,0.06443816874647623,0.5488964320764569,1.3533149181798787,0.11028806584362139,0.12263374485596705,0.10329218106995883,0.03456790123456791
195,195,0.7983539094650206,0.7958604937544662,0.7605828220858896,0.8218558282208589,0.911436753038386,1.5721575801909473,-0.0019966601364076074,1.2366078781691012,0.757012631315345,0.10123456790123457,0.10041152263374484,0.10617283950617287,0.05185185185185187
196,196,0.8477366255144033,0.8441366058270499,0.8102938948644145,0.879412210271171,1.0954268446163562,1.152350155650542,0.19209042188997774,1.3376694876953668,0.8909316629893694,0.10123456790123461,0.1189300411522634,0.09300411522633747,0.0555555555555556
197,197,0.8024691358024691,0.7995583070851889,0.7800228473511353,0.8614165357703841,1.2379335128217008,1.1288728695318946,-0.043437514482459964,1.0462616581615944,1.217007666366586,0.09588477366255145,0.10246913580246915,0.09876543209876544,0.03621399176954733
198,198,0.8641975308641975,0.8610789438676149,0.8301957831325302,0.9099397590361445,0.9897431557722133,1.1862205119922622,0.05207434660652472,0.7538268528041445,1.4664392531477755,0.10288065843621394,0.12222222222222216,0.09053497942386826,0.03497942386831272
199,199,0.831275720164609,0.8279428315811829,0.8014296187683285,0.8553519061583578,0.41562637399070035,1.8866313400769514,-0.01321684073014954,0.7410468020207985,1.1539649314608988,0.09094650205761316,0.11152263374485596,0.0876543209876543,0.0539094650205761
200,200,0.8436213991769548,0.8378073229925083,0.8054866481832774,0.8727564570261199,1.5324403893324916,1.5566472955965454,-0.13778445274249948,0.34441680876795455,0.9047423951528364,0.09259259259259264,0.12757201646090538,0.10740740740740748,0.05102880658436217
201,201,0.8148148148148148,0.8125870231133389,0.7911764705882353,0.8801016702977488,1.10216497381098,1.3352723963558546,-0.05900674876300219,0.6553903989784966,1.4295088160327445,0.09835390946502053,0.11316872427983533,0.08971193415637854,0.00905349794238679
202,202,0.8353909465020576,0.832771592314878,0.8054728220402085,0.8749069247952346,0.8798227365141211,1.539216151958976,0.14340844030942604,1.105459534716597,0.6769950424105503,0.11399176954732507,0.1193415637860082,0.08724279835390943,0.04732510288065841
203,203,0.831275720164609,0.8280923052366166,0.7964984939759037,0.8393072289156626,1.8944020471582164,1.1025559648478478,0.31731838633314874,0.701265573867357,0.714098258717899,0.11028806584362139,0.12592592592592589,0.10329218106995883,0.037037037037037014
204,204,0.8065843621399177,0.8022715760623047,0.7679694519317162,0.8413447139862236,1.2136066690654173,1.2333043499259972,0.23521782750053638,1.1753392040393797,0.5951384736493519,0.08065843621399175,0.08271604938271604,0.07366255144032921,0.019753086419753076
205,205,0.8477366255144033,0.8461669889153448,0.8243223226188713,0.8781661976003555,0.7039670057094732,1.4773936579010343,0.1531013771461994,0.7901132116300242,1.1179413579480884,0.11399176954732511,0.13209876543209878,0.1168724279835391,0.05843621399176957
206,206,0.8148148148148148,0.811908749550707,0.787501824018678,0.8655333430614328,0.8315535592425325,1.3783748676829919,-0.10053783499834314,1.0552343202664578,1.2106890463496263,0.09999999999999995,0.0975308641975308,0.08148148148148143,0.023868312757201592
207,207,0.7818930041152263,0.7778808643867828,0.762062937062937,0.8376223776223776,1.1009095723555964,1.6736691678140558,0.3170046362767229,1.138135853282248,0.16223383175817155,0.08189300411522632,0.12098765432098765,0.07283950617283948,0.051440329218106984
208,208,0.831275720164609,0.8262089249743572,0.7914370811615785,0.8504839910647803,0.8620579743362702,1.3428577743916632,0.379918093464253,0.794670619855237,1.080169369207594,0.10164609053497942,0.09588477366255142,0.10987654320987653,0.0530864197530864
209,209,0.8559670781893004,0.8530011123806001,0.8194401840490797,0.8791411042944786,1.0373476907815218,1.1196607903500113,-0.09900416068294202,1.1178815105640523,1.2218955361966062,0.12674897119341563,0.11028806584362139,0.07325102880658436,0.06378600823045268
210,210,0.8600823045267489,0.859650459787634,0.8405544614452356,0.8921375549159218,1.3342428749785507,1.065124433797078,-0.1364264548457228,1.1724963582734362,0.975539599446897,0.11193415637860078,0.17037037037037034,0.1296296296296296,0.04567901234567898
211,211,0.8600823045267489,0.8600823045267489,0.8372596911440278,0.8855972265994326,0.9892157688435418,1.1413270209953112,0.21247858995112004,1.3079845441838238,0.8451539755447751,0.09176954732510283,0.13621399176954727,0.10452674897119336,0.0518518518518518
212,212,0.8436213991769548,0.8406549292941303,0.8231535093913289,0.8885750600197713,1.3669978510287326,1.2054969911757711,-0.23479892788322246,0.9975474761376468,1.028547045693402,0.09794238683127576,0.10823045267489717,0.09506172839506177,0.01687242798353914
213,213,0.8148148148148148,0.811380374048142,0.7866013071895426,0.8582425562817719,1.2279104308833884,1.3127430180926596,-0.06806470617316396,1.4662281155898993,0.620584997682399,0.0753086419753086,0.12304526748971187,0.09382716049382712,0.03703703703703699
214,214,0.8477366255144033,0.8445258917236784,0.7973304945954798,0.8438421225024566,1.528445099073365,1.5919016205469174,0.2509253271910815,1.0368975713959905,0.08679630264653922,0.09835390946502057,0.11358024691358026,0.0851851851851852,0.07201646090534983
215,215,0.8518518518518519,0.8502413060864289,0.830949948927477,0.891434408288341,0.7329368134406792,1.779364845660812,0.08680400151044407,0.3899741689486934,0.9966205192104601,0.13127572016460906,0.14115226337448558,0.105761316872428,0.04691358024691361
216,216,0.823045267489712,0.8214361110806039,0.7885780885780886,0.8377622377622378,1.2987935537540338,1.1570278035601442,0.08127693528617154,1.7588700931110386,0.3768015213068853,0.10534979423868318,0.10987654320987654,0.08559670781893006,0.044444444444444474
217,217,0.8600823045267489,0.856185363548148,0.8244601638123604,0.8925539836187639,0.5101025550088107,1.4567768851565293,0.2853320032794702,1.11934582282902,0.818093019355143,0.0736625514403292,0.12469135802469133,0.11316872427983538,0.03786008230452671
218,218,0.8024691358024691,0.7979675928393877,0.7572852760736196,0.8330521472392637,1.271654519486881,2.029098666555446,-0.1433451988638494,1.0602335926776398,0.07452212997539011,0.0831275720164609,0.10823045267489713,0.08559670781893004,0.022633744855967097
219,219,0.8353909465020576,0.8314509025007434,0.8052287581699347,0.9060275962236747,0.6811473297571551,1.8140842346623238,0.19782325917136312,1.0071832231927877,0.37730507288351417,0.09629629629629625,0.11481481481481474,0.09465020576131684,0.029629629629629606
220,220,0.8518518518518519,0.8487886838689328,0.809762054837693,0.8985187519697446,0.8813747019680037,1.5429130117448422,0.013208776901384136,1.2295407066191943,0.5197874007131541,0.08888888888888889,0.11399176954732511,0.07160493827160494,0.031275720164609055
221,221,0.8395061728395061,0.8385035471852192,0.8222222222222222,0.89920116194626,0.84864198794213,1.357995683140752,0.15982823804732543,1.0082612454702373,1.1026383051997808,0.09753086419753082,0.12098765432098761,0.09506172839506168,0.03539094650205756
222,222,0.8189300411522634,0.8135124806504563,0.7863518571839908,0.885473653901526,0.8413519100681719,1.5964858836906661,0.6750391429876176,0.6316989449825139,0.5393672603725176,0.08148148148148152,0.10452674897119345,0.07037037037037042,0.025102880658436254
223,223,0.8395061728395061,0.833960196564394,0.7977661950856292,0.8584512285927028,1.3937670372559756,1.7345030584330359,0.010792273468578403,0.5842916908714191,0.4498330505709569,0.09547325102880654,0.07530864197530858,0.0761316872427983,0.0518518518518518
224,224,0.8436213991769548,0.8411330126991341,0.8145197319434103,0.8625465376023826,1.465057435544864,1.3299033054500948,0.8907945942440648,1.2700998377912176,-0.4342021560272991,0.09300411522633749,0.11399176954732515,0.07860082304526753,0.049794238683127635
225,225,0.8806584362139918,0.8814826644371793,0.8740342372367823,0.9206180881684592,1.0142357010747716,1.4699097770208613,0.25769434948747183,1.430304757415529,0.08131339567038406,0.12798353909465016,0.1502057613168724,0.10246913580246912,0.06172839506172838
226,226,0.8395061728395061,0.8377455716586151,0.8127807726864331,0.8620844564240792,0.10322124708851782,1.4208477782370488,0.3064263918890277,1.612249782129665,0.9979512623661411,0.10493827160493821,0.11275720164609052,0.08847736625514399,0.026748971193415592
227,227,0.8271604938271605,0.8216486315632903,0.7962301870626873,0.8593459945737542,1.0721984157269255,1.3259453155168088,0.4240570862720335,1.3790520191159141,0.33052162610491365,0.07695473251028807,0.11893004115226335,0.08065843621399178,0.04897119341563787
228,228,0.831275720164609,0.8219297628512886,0.7650993584728525,0.8663745892661555,1.3382271346939552,1.036150079688498,-0.030920054500454333,1.8982971393357437,0.40332982492654856,0.06584362139917693,0.07037037037037035,0.05020576131687241,0.036213991769547316
229,229,0.823045267489712,0.8188614608260308,0.7826844417512498,0.8423723678230571,1.6648022403599578,1.2986720933926963,0.21200062740803144,0.4048965688770497,1.1427970118896862,0.1020576131687243,0.09588477366255145,0.10905349794238686,0.023045267489711974
230,230,0.8806584362139918,0.880901747114899,0.8578037995414347,0.9276940714051752,0.9276089354489521,1.8051171873723968,-0.11784476746878107,0.7149650841791186,0.6081061935768383,0.12098765432098765,0.13004115226337443,0.10370370370370367,0.04650205761316871
231,231,0.8271604938271605,0.8255211288919154,0.8089247311827957,0.8664516129032258,1.6562648531520794,1.3978839888967944,0.028317007698433077,0.4127858659469461,0.9130499222363345,0.09465020576131686,0.10041152263374487,0.09423868312757203,0.015637860082304545
232,232,0.8436213991769548,0.8421283672902623,0.8174698795180724,0.8949548192771084,0.9777657261886269,1.264695719585007,0.1818101355357024,0.8936990207517522,1.0945108596220032,0.10699588477366258,0.10288065843621404,0.09135802469135805,0.03868312757201651
233,233,0.831275720164609,0.829299142305454,0.7816091954022988,0.8549891720806263,1.1676142136407777,1.6532382098693363,0.1347362410781319,1.0805365301609777,0.3679351554843416,0.11028806584362136,0.09958847736625513,0.0934156378600823,0.04403292181069958
234,234,0.7901234567901234,0.7879599036400696,0.7613316545696933,0.8553547622574433,1.2903566729110119,1.0107508848508855,0.1976923972042744,0.771510250775329,1.4860919862846982,0.08724279835390941,0.09835390946502051,0.0724279835390946,0.018106995884773623
235,235,0.8189300411522634,0.8136886203814908,0.7686480186480187,0.8454545454545453,0.9595393637349102,1.3009618506958034,0.012298209207674434,1.209479535059991,1.0825181510483062,0.11193415637860087,0.09465020576131693,0.07530864197530869,0.026748971193415672
236,236,0.7983539094650206,0.7936138293626217,0.7633431085043989,0.8428152492668621,1.0727706660724443,1.7094434277175938,0.3384866308122273,0.8296526837209324,0.452826246062689,0.09094650205761318,0.0917695473251029,0.07448559670781896,0.04855967078189305
237,237,0.8765432098765432,0.8750656933760506,0.8545030365871723,0.9079395645089616,0.4215846572749594,1.6053307636409977,-0.39296796506490805,1.3728611055898998,0.9753452628356112,0.09958847736625516,0.14074074074074075,0.07078189300411523,0.0580246913580247
238,238,0.7942386831275721,0.7930456393475136,0.768391660461653,0.8258376768428891,0.775355791190502,1.9832368013414194,-0.10774927532851626,0.8140294023188317,0.7727385593392407,0.08106995884773668,0.09917695473251033,0.07818930041152268,0.0489711934156379
239,239,0.823045267489712,0.8156800568616166,0.7728539156626506,0.8685993975903615,0.8851573419766475,1.2373416448271988,0.1409592304867897,1.2543050508032394,1.0460883798017382,0.0794238683127572,0.09711934156378602,0.0880658436213992,0.030452674897119357
240,240,0.8600823045267489,0.8586635586635587,0.8333333333333333,0.9052735863435453,0.8626673742559299,1.3731751308049351,0.05970545877601856,1.094988537488259,0.8196037622460587,0.11481481481481479,0.13251028806584358,0.09999999999999999,0.03333333333333329
241,241,0.8600823045267489,0.8611150303742897,0.8413779210314263,0.9073327961321515,1.1064631509877105,1.234595956334429,0.1565407160120277,1.2298458557414196,0.6930279120086614,0.11399176954732507,0.14156378600823044,0.1090534979423868,0.044855967078189285
242,242,0.8683127572016461,0.8667244242292976,0.8346428571428572,0.8784920634920634,1.2424425461787478,1.245382921187655,0.5422811522655013,1.1145763034823666,0.35547869794870385,0.12633744855967083,0.1526748971193416,0.09423868312757207,0.046913580246913625
243,243,0.8065843621399177,0.8080998979549704,0.7865967365967366,0.8486402486402487,1.5116114699575078,1.3032612361396854,0.09501509620956562,1.242308829619377,0.4846261330262482,0.10370370370370367,0.1185185185185185,0.07037037037037033,0.04238683127572014
244,244,0.8148148148148148,0.8126602659465685,0.7924378253325621,0.8629988432620012,1.308811998572637,1.4001629746678852,0.1473368708409429,1.1446768468773254,0.4758234165152715,0.06502057613168719,0.12057613168724275,0.07201646090534973,0.025102880658436178
245,245,0.823045267489712,0.8233398894283386,0.7987179487179488,0.8567210567210568,1.028997735199995,1.3563986226944624,-0.024498357345523077,1.3326895251537079,0.7011038182918179,0.09753086419753088,0.1292181069958848,0.08230452674897122,0.03251028806584364
246,246,0.8436213991769548,0.8414436968653837,0.8117283950617284,0.8767718335619571,1.1845629081508446,1.4468230383327465,0.7461769037837969,1.0994175910244346,0.14923743128562855,0.09382716049382721,0.11728395061728403,0.0872427983539095,0.0555555555555556
247,247,0.8353909465020576,0.8328900893003457,0.7976689976689977,0.8619269619269619,0.9163673938991703,1.4521481897043023,0.4380615863316058,0.7281310274830106,0.9456443764628956,0.08641975308641972,0.10823045267489709,0.08600823045267486,0.03168724279835391
248,248,0.8106995884773662,0.8106995884773662,0.7951246334310851,0.8686217008797654,1.3388318171079363,1.458057478150618,-0.14653144775388358,1.0275815207274779,0.8204620953119387,0.09999999999999996,0.11604938271604934,0.09259259259259255,0.04485596707818927
249,249,0.8559670781893004,0.85615960339807,0.8430379746835444,0.8883097542814594,1.112837365355369,1.3822556191647843,0.5170717225722851,1.1295990116216799,0.32389886615061847,0.11152263374485596,0.14567901234567898,0.10288065843621397,0.06954732510288063
