,random_seed,accuracy,f1,balanced_acc,auc,feature_importance.front_CO2_vd_scaled,feature_importance.front_CO2_vd_fd1_scaled,feature_importance.front_CO2_vd_fd2_scaled,feature_importance.front_CO2_vd_fd3_scaled
0,0,0.7955555555555556,0.7444444444444445,0.785183066361556,0.8756129454069957,-0.010222222222222244,0.04799999999999993,0.08222222222222231,0.06044444444444452
1,1,0.8044444444444444,0.75,0.7910264792415822,0.8859921542987905,0.01288888888888895,0.07644444444444454,0.10133333333333316,0.10711111111111093
2,2,0.7733333333333333,0.7085714285714285,0.7580091533180777,0.8694017652827721,0.014222222222222247,0.06177777777777771,0.11377777777777787,0.10844444444444445
3,3,0.8133333333333334,0.7692307692307693,0.8052468126838837,0.8667048054919909,0.001777777777777767,0.08044444444444443,0.09200000000000008,0.1213333333333333
4,4,0.7511111111111111,0.6666666666666666,0.7291598561621445,0.865969271003596,0.039111111111111097,0.07288888888888889,0.09244444444444444,0.09333333333333327
5,5,0.76,0.6785714285714286,0.7383540372670807,0.8707093821510297,0.002666666666666706,0.045777777777777806,0.08177777777777784,0.09733333333333327
6,6,0.7822222222222223,0.72,0.767203334423014,0.8620464203988232,0.016888888888888953,0.0768888888888889,0.08044444444444443,0.1093333333333334
7,7,0.7955555555555556,0.7415730337078652,0.783507682249101,0.8661327231121282,0.016444444444444484,0.06177777777777782,0.07466666666666666,0.10888888888888881
8,8,0.7466666666666667,0.6586826347305389,0.7237250735534488,0.8492154298790454,0.017777777777777892,0.0675555555555557,0.10444444444444456,0.11511111111111105
9,9,0.7466666666666667,0.6586826347305389,0.7237250735534488,0.8648251062438705,0.029333333333333544,0.08444444444444443,0.09199999999999997,0.08355555555555572
10,10,0.7555555555555555,0.6706586826347305,0.7329192546583851,0.8586956521739131,0.051999999999999935,0.0875555555555555,0.08844444444444444,0.11333333333333329
11,11,0.7955555555555556,0.7415730337078652,0.783507682249101,0.8736515201046093,-0.008888888888888835,0.05377777777777781,0.09199999999999997,0.07733333333333337
12,12,0.7822222222222223,0.72,0.767203334423014,0.86441647597254,0.02400000000000002,0.052444444444444405,0.10711111111111116,0.0835555555555556
13,13,0.7644444444444445,0.6900584795321637,0.7454642039882314,0.8430042497548219,0.03022222222222226,0.06577777777777771,0.09422222222222232,0.12888888888888883
14,14,0.7688888888888888,0.6941176470588235,0.7492236024844721,0.8803530565544295,0.0022222222222221255,0.0497777777777777,0.03777777777777769,0.10799999999999987
15,15,0.7644444444444445,0.6900584795321637,0.7454642039882314,0.8542007191892775,0.0537777777777777,0.07111111111111101,0.12711111111111117,0.13022222222222224
16,16,0.7866666666666666,0.7272727272727273,0.7726381170317097,0.8720987250735535,-0.008000000000000007,0.052888888888888874,0.05377777777777781,0.06888888888888878
17,17,0.7822222222222223,0.7167630057803468,0.765527950310559,0.8742236024844721,0.006666666666666821,0.04444444444444451,0.08000000000000007,0.10266666666666668
18,18,0.7422222222222222,0.6233766233766234,0.7082379862700229,0.8743870545930043,-0.000888888888888828,0.06622222222222218,0.09422222222222221,0.10800000000000021
19,19,0.76,0.686046511627907,0.7417048054919908,0.8634357633213469,-0.011555555555555541,0.033777777777777795,0.03866666666666674,0.06577777777777782
20,20,0.8,0.7486033519553073,0.7889424648577967,0.8688296829029094,-0.0057777777777775485,0.05777777777777793,0.09911111111111115,0.09022222222222231
21,21,0.8088888888888889,0.7624309392265194,0.799812030075188,0.8564073226544622,0.000888888888888828,0.10799999999999998,0.09422222222222221,0.12311111111111106
22,22,0.8,0.7486033519553073,0.7889424648577967,0.8828048381824125,-0.026222222222222147,0.0715555555555556,0.10400000000000009,0.05466666666666675
23,23,0.7466666666666667,0.6545454545454545,0.7220496894409938,0.8723439032363518,0.007111111111111068,0.06577777777777771,0.08133333333333326,0.11377777777777776
24,24,0.7422222222222222,0.6506024096385542,0.7182902909447533,0.8621281464530892,0.02533333333333332,0.06177777777777771,0.09866666666666657,0.0862222222222222
25,25,0.7955555555555556,0.7444444444444445,0.785183066361556,0.8653971886237333,0.01200000000000001,0.052888888888888874,0.10044444444444456,0.12577777777777777
26,26,0.6622222222222223,0.42424242424242425,0.607061131088591,0.8677672441974502,0.0013333333333332975,0.0497777777777777,0.039555555555555566,0.04488888888888887
27,27,0.76,0.6823529411764706,0.7400294213795358,0.8706276560967636,0.04755555555555557,0.07422222222222219,0.09377777777777785,0.10799999999999998
28,28,0.7777777777777778,0.7126436781609196,0.7617685518143185,0.8664596273291925,0.020444444444444376,0.07111111111111112,0.09822222222222221,0.10711111111111116
29,29,0.8088888888888889,0.7542857142857143,0.7947858777378227,0.8834586466165414,0.012888888888888839,0.06399999999999995,0.0848888888888889,0.0902222222222222
30,30,0.7377777777777778,0.5986394557823129,0.6977770513239621,0.881497221314155,0.007999999999999896,0.08044444444444443,0.09911111111111115,0.10311111111111104
31,31,0.7822222222222223,0.72,0.767203334423014,0.8689931350114417,0.013333333333333308,0.07111111111111112,0.0955555555555555,0.08933333333333338
32,32,0.7911111111111111,0.7374301675977654,0.7797482837528604,0.8712814645308925,0.0048888888888888316,0.0564444444444443,0.10755555555555552,0.09155555555555561
33,33,0.7822222222222223,0.72,0.767203334423014,0.8604936253677673,0.028888888888888964,0.05688888888888888,0.06755555555555559,0.1008888888888888
34,34,0.7733333333333333,0.7052023121387283,0.7563337692056227,0.8511768551814318,0.03866666666666663,0.057777777777777595,0.10311111111111104,0.12088888888888882
35,35,0.7866666666666666,0.7142857142857143,0.7659365805818895,0.8882804838182412,-0.01777777777777778,0.057777777777777706,0.058222222222222175,0.06711111111111112
36,36,0.7866666666666666,0.7303370786516854,0.7743135011441648,0.8666230794377248,-0.008000000000000118,0.03866666666666663,0.05511111111111111,0.07999999999999985
37,37,0.7555555555555555,0.6745562130177515,0.7345946387708402,0.8637626675384112,0.027111111111111086,0.06266666666666665,0.08933333333333326,0.1133333333333334
38,38,0.7022222222222222,0.5732484076433121,0.6693772474664923,0.8497875122589081,0.010666666666666602,0.04444444444444429,0.03733333333333333,0.053333333333333344
39,39,0.8088888888888889,0.7624309392265194,0.799812030075188,0.8823962079110821,-0.005777777777777771,0.04533333333333334,0.07911111111111102,0.08044444444444443
40,40,0.7777777777777778,0.6835443037974683,0.7483654789146781,0.9000490356325598,-0.014222222222222247,0.0635555555555557,0.08222222222222231,0.09377777777777785
41,41,0.7688888888888888,0.6976744186046512,0.7508989865969271,0.8551814318404707,0.03511111111111109,0.09288888888888891,0.08666666666666667,0.1266666666666666
42,42,0.7866666666666666,0.7272727272727273,0.7726381170317097,0.8622098725073554,0.01733333333333331,0.0537777777777777,0.07644444444444454,0.10266666666666668
43,43,0.7733333333333333,0.7017543859649122,0.7546583850931676,0.8637626675384114,0.019555555555555437,0.06222222222222218,0.08977777777777773,0.11822222222222223
44,44,0.7466666666666667,0.6627218934911243,0.7254004576659039,0.8542824452435436,0.022666666666666724,0.07466666666666666,0.08799999999999997,0.09511111111111104
45,45,0.7422222222222222,0.6506024096385542,0.7182902909447533,0.85624387054593,0.01288888888888895,0.0755555555555556,0.09111111111111103,0.11155555555555552
46,46,0.8088888888888889,0.7650273224043715,0.801487414187643,0.8677672441974502,-0.012000000000000122,0.052444444444444405,0.08977777777777785,0.08533333333333337
47,47,0.7466666666666667,0.6586826347305389,0.7237250735534488,0.8612291598561621,0.053777777777777924,0.07288888888888889,0.08088888888888901,0.12488888888888894
48,48,0.6088888888888889,0.6140350877192983,0.632314481856816,0.7084831644328212,-0.10311111111111104,0.009333333333333305,-0.0022222222222221255,-0.015111111111111075
49,49,0.7911111111111111,0.7344632768361582,0.7780728996404054,0.8588591042824453,0.014222222222222247,0.04533333333333345,0.10266666666666657,0.09377777777777763
50,50,0.7511111111111111,0.6626506024096386,0.7274844720496894,0.8649885583524027,0.015555555555555434,0.03511111111111109,0.08177777777777773,0.09866666666666657
51,51,0.7688888888888888,0.6976744186046512,0.7508989865969271,0.8607388035305656,0.020888888888888846,0.08177777777777773,0.10177777777777774,0.09466666666666657
52,52,0.7733333333333333,0.7052023121387283,0.7563337692056227,0.8516672115070284,0.01111111111111096,0.08222222222222209,0.08799999999999997,0.10933333333333328
53,53,0.8044444444444444,0.7555555555555555,0.7943772474664923,0.8642530238640078,-0.00666666666666671,0.058222222222222175,0.10844444444444445,0.08622222222222231
54,54,0.8311111111111111,0.7816091954022989,0.8169336384439359,0.8964530892448512,0.02533333333333354,0.06488888888888888,0.10488888888888903,0.12755555555555553
55,55,0.7733333333333333,0.7085714285714285,0.7580091533180777,0.8629454069957502,0.0013333333333332975,0.05466666666666653,0.08666666666666656,0.10355555555555551
56,56,0.76,0.6785714285714286,0.7383540372670807,0.8796992481203008,-0.0040000000000000036,0.02400000000000002,0.05466666666666664,0.06755555555555548
57,57,0.7244444444444444,0.6172839506172839,0.6965511605099706,0.8492971559333116,0.016888888888888953,0.04533333333333334,0.0808888888888889,0.10399999999999998
58,58,0.7777777777777778,0.7126436781609196,0.7617685518143185,0.8719352729650213,0.008888888888888835,0.046666666666666745,0.08311111111111114,0.08577777777777773
59,59,0.7911111111111111,0.7344632768361582,0.7780728996404054,0.8542007191892775,-0.02000000000000013,0.0835555555555556,0.08133333333333337,0.10977777777777764
60,60,0.7911111111111111,0.7344632768361582,0.7780728996404054,0.8646616541353384,0.022666666666666613,0.06311111111111112,0.12755555555555553,0.07333333333333336
61,61,0.7955555555555556,0.7444444444444445,0.785183066361556,0.8536286368094148,0.010666666666666602,0.11288888888888882,0.08977777777777785,0.12577777777777777
62,62,0.8088888888888889,0.7597765363128491,0.7981366459627328,0.86441647597254,0.00044444444444458053,0.07288888888888889,0.0782222222222223,0.10133333333333339
63,63,0.7066666666666667,0.5822784810126582,0.674812030075188,0.8653154625694672,0.01822222222222225,0.04755555555555546,0.08933333333333338,0.047111111111111104
64,64,0.7688888888888888,0.6941176470588235,0.7492236024844721,0.8711180124223603,0.02488888888888885,0.06088888888888888,0.10311111111111104,0.11688888888888882
65,65,0.7644444444444445,0.6624203821656051,0.733736515201046,0.8913860738803531,0.0004444444444444695,0.05511111111111111,0.0848888888888889,0.07866666666666666
66,66,0.7644444444444445,0.6936416184971098,0.7471395881006865,0.8536286368094149,0.0431111111111111,0.047111111111111104,0.08622222222222231,0.09111111111111114
67,67,0.7555555555555555,0.6706586826347305,0.7329192546583851,0.8648251062438705,0.023111111111111082,0.07644444444444443,0.07511111111111113,0.11066666666666658
68,68,0.76,0.6823529411764706,0.7400294213795358,0.8674403399803857,-0.006666666666666599,0.027111111111111086,0.06266666666666654,0.10044444444444434
69,69,0.7955555555555556,0.7444444444444445,0.785183066361556,0.8630271330500163,-0.029333333333333322,0.05466666666666664,0.08666666666666667,0.08133333333333337
70,70,0.7555555555555555,0.6357615894039735,0.7195161817587447,0.900294213795358,0.007555555555555427,0.06844444444444442,0.07999999999999985,0.11377777777777776
71,71,0.8,0.7486033519553073,0.7889424648577967,0.8774109186008499,0.00666666666666671,0.04933333333333323,0.09466666666666679,0.09733333333333338
72,72,0.8044444444444444,0.7555555555555555,0.7943772474664923,0.8588591042824453,0.02400000000000002,0.0617777777777776,0.1022222222222221,0.13111111111111096
73,73,0.7822222222222223,0.7351351351351352,0.7755802549852893,0.8285387381497221,-0.05555555555555558,0.08800000000000008,0.08977777777777773,0.1093333333333334
74,74,0.7955555555555556,0.7415730337078652,0.783507682249101,0.8749591369728669,0.013333333333333308,0.05511111111111111,0.08177777777777784,0.06711111111111112
75,75,0.7466666666666667,0.6503067484662577,0.7203743053285387,0.8625367767244198,0.013777777777777778,0.06800000000000006,0.10177777777777786,0.10622222222222222
76,76,0.7955555555555556,0.7444444444444445,0.785183066361556,0.8484798953906505,-0.021777777777777785,0.10088888888888892,0.09199999999999997,0.12177777777777776
77,77,0.7866666666666666,0.7272727272727273,0.7726381170317097,0.8501961425302387,0.01688888888888873,0.07022222222222219,0.0755555555555556,0.12355555555555553
78,78,0.7644444444444445,0.6900584795321637,0.7454642039882314,0.8581235697940504,0.01333333333333342,0.05022222222222239,0.0848888888888889,0.12088888888888882
79,79,0.7644444444444445,0.6863905325443787,0.7437888198757764,0.8600032690421706,0.008000000000000118,0.04844444444444451,0.09333333333333338,0.08444444444444454
80,80,0.7866666666666666,0.7272727272727273,0.7726381170317097,0.8555083360575352,0.014666666666666606,0.06622222222222218,0.09733333333333327,0.10977777777777775
81,81,0.7866666666666666,0.7272727272727273,0.7726381170317097,0.8621281464530892,0.013777777777777667,0.047111111111111104,0.06711111111111112,0.09244444444444455
82,82,0.7733333333333333,0.6982248520710059,0.7529830009807126,0.8823144818568159,0.007555555555555538,0.06977777777777783,0.0782222222222223,0.0968888888888888
83,83,0.7377777777777778,0.6424242424242425,0.7128555083360575,0.8502778685845047,-0.005777777777777882,0.0484444444444444,0.10755555555555563,0.11777777777777787
84,84,0.7644444444444445,0.6748466257668712,0.7387626675384112,0.8821510297482837,-0.001777777777777656,0.028000000000000025,0.047111111111111104,0.09377777777777774
85,85,0.7866666666666666,0.7241379310344828,0.7709627329192547,0.8853383458646616,-0.008000000000000007,0.04177777777777769,0.06222222222222229,0.08711111111111114
86,86,0.7955555555555556,0.7444444444444445,0.785183066361556,0.8737332461588754,-0.03822222222222216,0.05422222222222228,0.0835555555555556,0.08266666666666678
87,87,0.8088888888888889,0.7624309392265194,0.799812030075188,0.8738149722131416,0.007555555555555538,0.05999999999999994,0.08311111111111114,0.09199999999999997
88,88,0.7244444444444444,0.6125,0.6948757763975155,0.8689931350114417,-0.01822222222222225,0.05422222222222217,0.0662222222222223,0.11066666666666669
89,89,0.7733333333333333,0.7052023121387283,0.7563337692056227,0.8530565544295522,0.019555555555555437,0.052444444444444405,0.1128888888888887,0.12622222222222212
90,90,0.7955555555555556,0.7088607594936709,0.7667538411245505,0.9073226544622426,-0.03599999999999992,0.05777777777777782,0.09155555555555561,0.0808888888888889
91,91,0.7155555555555555,0.5897435897435898,0.6823308270676691,0.8756129454069957,-0.02400000000000002,0.021777777777777674,0.06222222222222218,0.08577777777777773
92,92,0.7644444444444445,0.6900584795321637,0.7454642039882314,0.8604118993135011,0.02400000000000002,0.07644444444444443,0.09244444444444455,0.09244444444444444
93,93,0.7822222222222223,0.72,0.767203334423014,0.8640895717554756,0.026666666666666727,0.06888888888888889,0.09333333333333338,0.14
94,94,0.7911111111111111,0.7374301675977654,0.7797482837528604,0.8696469434455705,0.00666666666666671,0.06311111111111112,0.07999999999999996,0.08444444444444443
95,95,0.7688888888888888,0.6976744186046512,0.7508989865969271,0.8539555410264793,0.021333333333333315,0.06933333333333336,0.11733333333333329,0.09244444444444433
96,96,0.7688888888888888,0.6976744186046512,0.7508989865969271,0.8528113762667539,0.027999999999999914,0.11911111111111106,0.12577777777777777,0.1266666666666667
97,97,0.7511111111111111,0.6666666666666666,0.7291598561621445,0.8495423340961099,0.015111111111111075,0.09288888888888891,0.0995555555555554,0.13155555555555543
98,98,0.7644444444444445,0.6936416184971098,0.7471395881006865,0.8564073226544622,0.016000000000000125,0.07066666666666666,0.08044444444444454,0.10533333333333339
99,99,0.6977777777777778,0.5466666666666666,0.6589163125204315,0.8650702844066689,-0.026222222222222147,0.03911111111111121,0.057333333333333236,0.07777777777777783
100,100,0.7644444444444445,0.6863905325443787,0.7437888198757764,0.8735697940503433,0.006666666666666599,0.039111111111111097,0.07111111111111124,0.07999999999999996
101,101,0.7333333333333333,0.6,0.6956930369401765,0.8789637136319058,-0.009333333333333305,0.07377777777777772,0.1062222222222221,0.0848888888888889
102,102,0.8,0.7513812154696132,0.7906178489702517,0.8619646943445571,-0.03200000000000003,0.072888888888889,0.10977777777777786,0.09955555555555562
103,103,0.8,0.7486033519553073,0.7889424648577967,0.870137299771167,-0.00533333333333319,0.03733333333333344,0.08755555555555561,0.06844444444444453
104,104,0.8044444444444444,0.7582417582417582,0.7960526315789473,0.8738149722131415,-0.008444444444444588,0.039999999999999925,0.06844444444444442,0.063111111111111
105,105,0.7866666666666666,0.7272727272727273,0.7726381170317097,0.8666230794377248,0.013333333333333197,0.04133333333333333,0.06799999999999995,0.10355555555555551
106,106,0.7511111111111111,0.6363636363636364,0.7174321673749591,0.885665250081726,-0.0031111111111111756,0.07822222222222219,0.0968888888888888,0.11066666666666669
107,107,0.7822222222222223,0.7167630057803468,0.765527950310559,0.8712814645308924,0.011555555555555541,0.052888888888888985,0.08977777777777785,0.09244444444444444
108,108,0.7244444444444444,0.5866666666666667,0.6864988558352403,0.8828865642366787,-0.029333333333333433,0.07199999999999995,0.08311111111111102,0.0835555555555555
109,109,0.7466666666666667,0.6415094339622641,0.7170235371036286,0.8826413860738804,-0.012888888888888839,0.047111111111111104,0.07111111111111101,0.10177777777777786
110,110,0.8133333333333334,0.7717391304347826,0.8069221967963387,0.8646616541353384,-0.03155555555555567,0.06133333333333335,0.11111111111111105,0.1319999999999999
111,111,0.7555555555555555,0.6745562130177515,0.7345946387708402,0.8588591042824452,0.022222222222222254,0.0431111111111111,0.10399999999999998,0.0942222222222221
112,112,0.7555555555555555,0.6745562130177515,0.7345946387708402,0.8604936253677673,0.04355555555555546,0.06755555555555559,0.10488888888888892,0.11777777777777776
113,113,0.8,0.7513812154696132,0.7906178489702517,0.8707911082052958,-0.03200000000000003,0.068888888888889,0.08755555555555561,0.10044444444444456
114,114,0.7422222222222222,0.6282051282051282,0.7099133703824779,0.8885256619810395,-0.012888888888888839,0.05066666666666664,0.07866666666666666,0.11199999999999999
115,115,0.7866666666666666,0.7272727272727273,0.7726381170317097,0.8683393265773129,0.01822222222222214,0.05111111111111111,0.0888888888888888,0.05999999999999994
116,116,0.8088888888888889,0.7624309392265194,0.799812030075188,0.8816606734226872,-0.010666666666666713,0.05022222222222217,0.04399999999999993,0.07733333333333337
117,117,0.7288888888888889,0.5850340136054422,0.6885828702190259,0.8895063746322328,-0.004444444444444362,0.06488888888888888,0.10266666666666668,0.10133333333333328
118,118,0.7822222222222223,0.7262569832402235,0.7705541026479241,0.8196305982347173,0.01911111111111119,0.10311111111111115,0.10799999999999998,0.11066666666666658
119,119,0.7111111111111111,0.5911949685534591,0.6802468126838837,0.8666230794377248,0.020000000000000018,0.034666666666666734,0.0768888888888889,0.06933333333333336
120,120,0.7333333333333333,0.6296296296296297,0.7057453416149069,0.8655606407322655,0.032888888888888745,0.07644444444444431,0.08799999999999986,0.08222222222222209
121,121,0.7555555555555555,0.6745562130177515,0.7345946387708402,0.8657240928407977,0.013777777777777667,0.06444444444444442,0.09555555555555562,0.10799999999999998
122,122,0.76,0.6823529411764706,0.7400294213795358,0.8710362863680943,0.007555555555555538,0.052444444444444405,0.058222222222222175,0.08666666666666656
123,123,0.7777777777777778,0.7126436781609196,0.7617685518143185,0.8698103955541026,-0.000888888888888828,0.03111111111111109,0.0768888888888889,0.09244444444444455
124,124,0.7733333333333333,0.7052023121387283,0.7563337692056227,0.8770022883295194,0.0,0.0377777777777778,0.07066666666666677,0.07644444444444443
125,125,0.7955555555555556,0.7444444444444445,0.785183066361556,0.8604118993135011,0.008444444444444477,0.06355555555555559,0.07866666666666666,0.09199999999999997
126,126,0.8,0.7513812154696132,0.7906178489702517,0.8568159529257927,-0.029777777777777792,0.06177777777777782,0.08800000000000008,0.08977777777777785
127,127,0.7244444444444444,0.6172839506172839,0.6965511605099706,0.8644982020268062,0.02577777777777779,0.06044444444444441,0.09066666666666678,0.10711111111111116
128,128,0.7688888888888888,0.6941176470588235,0.7492236024844721,0.8596763648251062,0.04133333333333333,0.05599999999999994,0.09377777777777785,0.12355555555555542
129,129,0.7422222222222222,0.6463414634146342,0.7166149068322981,0.8717718208564891,-0.027111111111111197,0.011555555555555541,0.05466666666666664,0.06444444444444442
130,130,0.7955555555555556,0.7415730337078652,0.783507682249101,0.8590225563909774,0.005333333333333301,0.06177777777777782,0.10577777777777775,0.11288888888888893
131,131,0.7155555555555555,0.5844155844155844,0.6806554429552141,0.8590225563909775,-0.014222222222222247,0.07111111111111101,0.09244444444444433,0.09022222222222209
132,132,0.8133333333333334,0.7692307692307693,0.8052468126838837,0.8703007518796992,0.000888888888888939,0.07511111111111113,0.12177777777777776,0.10711111111111116
133,133,0.8088888888888889,0.7650273224043715,0.801487414187643,0.8756129454069957,-0.03200000000000003,0.0888888888888889,0.10177777777777774,0.10488888888888892
134,134,0.7688888888888888,0.675,0.7408466819221968,0.8759398496240602,0.006222222222222129,0.0484444444444444,0.09733333333333316,0.07022222222222207
135,135,0.7955555555555556,0.7415730337078652,0.783507682249101,0.8563255966001962,0.005777777777777771,0.08000000000000007,0.10755555555555552,0.09555555555555562
136,136,0.72,0.6086956521739131,0.691116377901275,0.8467636482510625,0.007111111111111068,0.07022222222222219,0.10533333333333328,0.10044444444444434
137,137,0.7466666666666667,0.632258064516129,0.7136727688787186,0.8831317423994771,-0.015111111111111075,0.06000000000000005,0.07644444444444454,0.1146666666666668
138,138,0.7288888888888889,0.6257668711656442,0.7019859431186662,0.853792088917947,0.041333333333333444,0.08266666666666656,0.09644444444444455,0.09200000000000008
139,139,0.7777777777777778,0.7126436781609196,0.7617685518143185,0.8718535469107551,0.028888888888888853,0.06533333333333335,0.09466666666666668,0.09955555555555562
140,140,0.7733333333333333,0.7052023121387283,0.7563337692056227,0.8622098725073554,0.01288888888888895,0.039999999999999925,0.11333333333333329,0.10799999999999998
141,141,0.7111111111111111,0.5751633986928104,0.6752206603465185,0.8639261196469434,-0.01244444444444437,0.07733333333333325,0.06311111111111112,0.09066666666666678
142,142,0.8133333333333334,0.7717391304347826,0.8069221967963387,0.8664596273291926,-0.022222222222222254,0.08444444444444443,0.09866666666666668,0.11644444444444446
143,143,0.76,0.6823529411764706,0.7400294213795358,0.8657240928407977,0.01333333333333342,0.059111111111111114,0.08044444444444443,0.10044444444444434
144,144,0.8088888888888889,0.7624309392265194,0.799812030075188,0.8672768878718535,-0.030666666666666842,0.07866666666666666,0.10755555555555552,0.09644444444444444
145,145,0.7422222222222222,0.6419753086419753,0.7149395227198431,0.8694834913370382,-0.0022222222222222365,0.06755555555555559,0.0715555555555556,0.08933333333333338
146,146,0.8133333333333334,0.7692307692307693,0.8052468126838837,0.884030728996404,-0.014666666666666717,0.040888888888888864,0.09022222222222231,0.09333333333333338
147,147,0.7733333333333333,0.7052023121387283,0.7563337692056227,0.8631088591042825,0.0048888888888887205,0.04222222222222216,0.0848888888888889,0.10266666666666657
148,148,0.7688888888888888,0.675,0.7408466819221968,0.8837038247793396,0.008888888888888835,0.03866666666666674,0.0848888888888889,0.08177777777777773
149,149,0.7777777777777778,0.7126436781609196,0.7617685518143185,0.8597580908793724,0.011555555555555541,0.05155555555555558,0.07733333333333337,0.11822222222222212
150,150,0.8044444444444444,0.7582417582417582,0.7960526315789473,0.84472049689441,0.0022222222222222365,0.1048888888888887,0.12177777777777765,0.11599999999999988
151,151,0.7866666666666666,0.7108433734939759,0.7642611964694344,0.8890977443609023,0.006666666666666599,0.032888888888888745,0.05644444444444441,0.09911111111111104
152,152,0.7244444444444444,0.6125,0.6948757763975155,0.8651520104609349,-0.01866666666666661,0.044888888888888756,0.06044444444444441,0.07733333333333337
153,153,0.7911111111111111,0.7374301675977654,0.7797482837528604,0.8616377901274926,-0.014222222222222136,0.05600000000000005,0.09955555555555551,0.08133333333333326
154,154,0.7733333333333333,0.7052023121387283,0.7563337692056227,0.8590225563909775,0.026666666666666727,0.0875555555555555,0.12888888888888883,0.1022222222222221
155,155,0.8044444444444444,0.7555555555555555,0.7943772474664923,0.8738966982674077,0.0022222222222222365,0.0417777777777778,0.10266666666666657,0.09466666666666668
156,156,0.7688888888888888,0.6976744186046512,0.7508989865969271,0.8670317097090553,0.02577777777777779,0.07644444444444454,0.11022222222222222,0.08044444444444432
157,157,0.7955555555555556,0.7444444444444445,0.785183066361556,0.863517489375613,-0.0431111111111111,0.04533333333333334,0.07422222222222219,0.09111111111111114
158,158,0.76,0.686046511627907,0.7417048054919908,0.8680941484145145,0.03288888888888897,0.06533333333333335,0.06400000000000006,0.09777777777777763
159,159,0.76,0.6931818181818182,0.7450555737169009,0.8394083033671135,0.020000000000000018,0.0862222222222222,0.07377777777777783,0.13111111111111118
160,160,0.7777777777777778,0.7126436781609196,0.7617685518143185,0.8664596273291927,0.03555555555555556,0.058222222222222286,0.10088888888888892,0.11155555555555552
161,161,0.7822222222222223,0.7231638418079096,0.7688787185354691,0.8628636809414841,-0.012888888888888839,0.05422222222222228,0.09155555555555561,0.12977777777777777
162,162,0.7111111111111111,0.5859872611464968,0.6785714285714286,0.8637626675384112,-0.0022222222222222365,0.06088888888888888,0.059555555555555584,0.08044444444444443
163,163,0.7644444444444445,0.6900584795321637,0.7454642039882314,0.8774109186008501,-0.0004444444444444695,0.04533333333333345,0.07866666666666666,0.08933333333333338
164,164,0.7288888888888889,0.6257668711656442,0.7019859431186662,0.8613926119646943,0.022222222222222254,0.07777777777777783,0.09333333333333327,0.06533333333333335
165,165,0.68,0.52,0.640527950310559,0.852974828375286,-0.008888888888888835,0.027111111111111197,0.0484444444444444,0.04355555555555557
166,166,0.7555555555555555,0.6745562130177515,0.7345946387708402,0.8574697613599216,0.01822222222222225,0.04755555555555557,0.08799999999999997,0.08311111111111102
167,167,0.7555555555555555,0.6706586826347305,0.7329192546583851,0.8618012422360248,0.015111111111111075,0.07466666666666666,0.10844444444444434,0.11866666666666659
168,168,0.7155555555555555,0.6,0.6856815952925792,0.8571428571428571,0.025333333333333208,0.058222222222222175,0.05688888888888877,0.08666666666666667
169,169,0.8133333333333334,0.7692307692307693,0.8052468126838837,0.8786368094148415,-0.005777777777777771,0.059555555555555584,0.06755555555555548,0.07422222222222208
170,170,0.8088888888888889,0.7624309392265194,0.799812030075188,0.8731611637790128,0.033333333333333215,0.08177777777777784,0.09999999999999998,0.09333333333333327
171,171,0.7644444444444445,0.6900584795321637,0.7454642039882314,0.8623733246158876,0.027111111111111197,0.07822222222222219,0.10133333333333328,0.0888888888888889
172,172,0.7244444444444444,0.6172839506172839,0.6965511605099706,0.8627002288329519,0.021777777777777674,0.05022222222222228,0.08711111111111125,0.06755555555555548
173,173,0.8044444444444444,0.7582417582417582,0.7960526315789473,0.8667865315462568,-0.011555555555555652,0.06444444444444442,0.09599999999999997,0.11555555555555552
174,174,0.7822222222222223,0.72,0.767203334423014,0.870137299771167,0.015555555555555545,0.04133333333333333,0.07466666666666677,0.10355555555555551
175,175,0.7733333333333333,0.7052023121387283,0.7563337692056227,0.8556717881660674,0.02355555555555544,0.0617777777777776,0.07955555555555549,0.0915555555555555
176,176,0.7644444444444445,0.6900584795321637,0.7454642039882314,0.8642530238640078,0.004444444444444473,0.07377777777777772,0.09866666666666668,0.10755555555555552
177,177,0.7688888888888888,0.6976744186046512,0.7508989865969271,0.8575514874141876,0.019999999999999907,0.04311111111111099,0.06933333333333336,0.10311111111111104
178,178,0.7822222222222223,0.7231638418079096,0.7688787185354691,0.8811703170970905,-0.014666666666666717,0.0311111111111112,0.05733333333333346,0.052888888888888874
179,179,0.6888888888888889,0.6354166666666666,0.6849051977770513,0.7723112128146453,-0.009333333333333305,0.027555555555555444,0.040000000000000036,0.06311111111111112
180,180,0.8088888888888889,0.7624309392265194,0.799812030075188,0.8716900948022229,-0.003555555555555534,0.04888888888888898,0.0795555555555556,0.08622222222222209
181,181,0.8222222222222222,0.7727272727272727,0.8094148414514547,0.900294213795358,-0.013777777777777778,0.04266666666666663,0.09377777777777774,0.07955555555555549
182,182,0.7866666666666666,0.7272727272727273,0.7726381170317097,0.8694017652827721,-0.012888888888888839,0.046222222222222165,0.0835555555555556,0.058222222222222175
183,183,0.7422222222222222,0.6506024096385542,0.7182902909447533,0.8616377901274928,0.01244444444444437,0.053333333333333344,0.09333333333333338,0.08044444444444443
184,184,0.7822222222222223,0.7167630057803468,0.765527950310559,0.8872180451127819,0.003555555555555534,0.052888888888888985,0.06666666666666676,0.10222222222222221
185,185,0.7777777777777778,0.7159090909090909,0.7634439359267735,0.8643347499182741,0.0048888888888888316,0.058222222222222175,0.06666666666666665,0.08666666666666678
186,186,0.7688888888888888,0.6976744186046512,0.7508989865969271,0.8617195161817588,0.0039999999999998925,0.05644444444444452,0.08933333333333338,0.09688888888888891
187,187,0.7688888888888888,0.6976744186046512,0.7508989865969271,0.8631088591042824,0.015555555555555545,0.057333333333333125,0.07288888888888889,0.11733333333333318
188,188,0.7777777777777778,0.7126436781609196,0.7617685518143185,0.8580418437397843,0.023111111111111082,0.06844444444444442,0.09333333333333327,0.11644444444444446
189,189,0.7422222222222222,0.6506024096385542,0.7182902909447533,0.863517489375613,0.020444444444444376,0.06666666666666665,0.11599999999999999,0.10311111111111115
190,190,0.7822222222222223,0.7231638418079096,0.7688787185354691,0.8776560967636482,0.0031111111111111756,0.0417777777777778,0.08177777777777784,0.09333333333333338
191,191,0.7777777777777778,0.7126436781609196,0.7617685518143185,0.8693200392285061,0.010666666666666713,0.040444444444444505,0.07511111111111113,0.10311111111111104
192,192,0.7955555555555556,0.7444444444444445,0.785183066361556,0.8781464530892449,-0.027999999999999914,0.040000000000000036,0.053333333333333455,0.06266666666666665
193,193,0.7511111111111111,0.6363636363636364,0.7174321673749591,0.8862373324615889,0.003555555555555423,0.09333333333333327,0.11155555555555541,0.11422222222222211
194,194,0.7022222222222222,0.49624060150375937,0.6492726381170317,0.893837855508336,-0.015111111111111075,0.05644444444444441,0.07155555555555548,0.07511111111111102
195,195,0.7777777777777778,0.7093023255813954,0.7600931677018633,0.8834586466165414,-0.0004444444444443585,0.026666666666666727,0.04533333333333345,0.10444444444444456
196,196,0.7777777777777778,0.7126436781609196,0.7617685518143185,0.8580418437397842,0.008000000000000007,0.047111111111111104,0.08844444444444444,0.10799999999999998
197,197,0.7688888888888888,0.6976744186046512,0.7508989865969271,0.8623733246158876,0.022666666666666724,0.07555555555555549,0.08622222222222209,0.11599999999999999
198,198,0.7822222222222223,0.72,0.767203334423014,0.8691565871199739,0.020444444444444376,0.04977777777777792,0.08933333333333338,0.08977777777777785
199,199,0.7333333333333333,0.5945945945945946,0.6940176528277215,0.8810885910428244,-0.015111111111111186,0.07244444444444442,0.0915555555555555,0.09244444444444444
200,200,0.7688888888888888,0.6976744186046512,0.7508989865969271,0.8687479568486434,0.011111111111111072,0.04711111111111099,0.06133333333333324,0.12844444444444436
201,201,0.6888888888888889,0.5394736842105263,0.6513975155279503,0.8594311866623079,-0.01911111111111108,0.0377777777777778,0.0484444444444444,0.06000000000000005
202,202,0.7911111111111111,0.7344632768361582,0.7780728996404054,0.8685027786858451,0.008000000000000007,0.057777777777777706,0.0755555555555556,0.09733333333333327
203,203,0.7288888888888889,0.6013071895424836,0.6936090225563909,0.8740601503759399,-0.0031111111111109535,0.05155555555555569,0.06577777777777793,0.09155555555555561
204,204,0.7733333333333333,0.7017543859649122,0.7546583850931676,0.8533017325923504,0.02444444444444449,0.04400000000000004,0.09733333333333327,0.10755555555555552
205,205,0.8044444444444444,0.7528089887640449,0.7927018633540373,0.8824779339653481,-0.020888888888888846,0.040888888888888864,0.057333333333333236,0.08977777777777773
206,206,0.7466666666666667,0.6225165562913907,0.7103220006538085,0.8832951945080092,0.004000000000000115,0.04355555555555568,0.06577777777777782,0.09244444444444455
207,207,0.7777777777777778,0.7126436781609196,0.7617685518143185,0.8564890487087283,0.003555555555555534,0.04533333333333345,0.06533333333333335,0.12311111111111106
208,208,0.7911111111111111,0.7344632768361582,0.7780728996404054,0.8586956521739131,0.010666666666666713,0.06088888888888899,0.05955555555555547,0.09200000000000008
209,209,0.8177777777777778,0.7783783783783784,0.8123569794050343,0.8677672441974502,-0.02577777777777779,0.08577777777777784,0.08799999999999997,0.10666666666666669
210,210,0.7422222222222222,0.6813186813186813,0.7316933638443937,0.8174239947695325,0.011111111111111183,0.04355555555555557,0.046222222222222276,0.09777777777777774
211,211,0.7911111111111111,0.7344632768361582,0.7780728996404054,0.8628636809414841,0.008000000000000007,0.03244444444444439,0.09955555555555551,0.07644444444444443
212,212,0.76,0.6785714285714286,0.7383540372670807,0.8641712978097418,0.046222222222222165,0.06355555555555559,0.11777777777777776,0.12755555555555542
213,213,0.7466666666666667,0.6586826347305389,0.7237250735534488,0.8627002288329519,0.02400000000000002,0.06666666666666676,0.0973333333333335,0.12755555555555553
214,214,0.72,0.5714285714285714,0.6793886891140896,0.8866459627329192,-0.01866666666666672,0.06666666666666665,0.07955555555555549,0.10311111111111115
215,215,0.8044444444444444,0.7555555555555555,0.7943772474664923,0.87741091860085,-0.021333333333333537,0.03600000000000003,0.0768888888888889,0.0835555555555555
216,216,0.7155555555555555,0.5616438356164384,0.6739539065053939,0.8761850277868586,-0.01822222222222225,0.03866666666666663,0.09066666666666667,0.09466666666666668
217,217,0.7066666666666667,0.5769230769230769,0.6731366459627329,0.859431186662308,0.011555555555555541,0.04355555555555568,0.06399999999999995,0.0715555555555556
218,218,0.7955555555555556,0.7415730337078652,0.783507682249101,0.8637626675384114,-0.009777777777777663,0.04266666666666663,0.0835555555555556,0.09733333333333338
219,219,0.7422222222222222,0.6506024096385542,0.7182902909447533,0.8658058188950638,0.03777777777777769,0.06577777777777782,0.08799999999999997,0.07599999999999985
220,220,0.8133333333333334,0.7692307692307693,0.8052468126838837,0.8796992481203008,0.007555555555555538,0.052000000000000046,0.0782222222222223,0.09511111111111126
221,221,0.7955555555555556,0.7444444444444445,0.785183066361556,0.8671951618175875,0.020444444444444487,0.046222222222222165,0.07288888888888889,0.12044444444444458
222,222,0.7333333333333333,0.6296296296296297,0.7057453416149069,0.8581235697940504,-0.0004444444444444695,0.07911111111111113,0.08088888888888879,0.10088888888888892
223,223,0.8044444444444444,0.7555555555555555,0.7943772474664923,0.8813337692056228,-0.041333333333333444,0.05733333333333335,0.08444444444444443,0.0875555555555555
224,224,0.7911111111111111,0.7344632768361582,0.7780728996404054,0.8720169990192874,-0.010222222222222244,0.07022222222222219,0.0835555555555555,0.08266666666666667
225,225,0.7555555555555555,0.6745562130177515,0.7345946387708402,0.8664596273291927,0.039999999999999925,0.05155555555555558,0.1213333333333333,0.09111111111111103
226,226,0.7155555555555555,0.6,0.6856815952925792,0.8509316770186336,0.01200000000000001,0.07511111111111102,0.07199999999999995,0.08533333333333337
227,227,0.7644444444444445,0.6900584795321637,0.7454642039882314,0.8669499836547891,0.021333333333333426,0.05511111111111111,0.11155555555555563,0.10399999999999998
228,228,0.76,0.686046511627907,0.7417048054919908,0.8386727688787186,0.03600000000000003,0.06577777777777782,0.07733333333333337,0.11555555555555552
229,229,0.7911111111111111,0.7344632768361582,0.7780728996404054,0.8743053285387382,-0.022666666666666724,0.046666666666666634,0.04488888888888887,0.06533333333333324
230,230,0.7777777777777778,0.7126436781609196,0.7617685518143185,0.8653971886237333,-0.033333333333333326,0.047111111111111104,0.08133333333333348,0.08177777777777784
231,231,0.8,0.7486033519553073,0.7889424648577967,0.8671134357633213,0.00044444444444458053,0.03600000000000003,0.04488888888888898,0.09511111111111115
232,232,0.7911111111111111,0.7344632768361582,0.7780728996404054,0.8664596273291925,0.007555555555555538,0.03599999999999992,0.0808888888888889,0.08844444444444433
233,233,0.7866666666666666,0.7272727272727273,0.7726381170317097,0.872425629290618,-0.00666666666666671,0.03644444444444439,0.05555555555555558,0.0928888888888888
234,234,0.8044444444444444,0.7528089887640449,0.7927018633540373,0.8754494932984636,-0.01244444444444448,0.0444444444444444,0.06133333333333335,0.08577777777777784
235,235,0.7688888888888888,0.6976744186046512,0.7508989865969271,0.8490519777705133,0.02399999999999991,0.055111111111111,0.12088888888888882,0.09244444444444433
236,236,0.7822222222222223,0.72,0.767203334423014,0.8593494606080418,0.015111111111111186,0.09111111111111114,0.10844444444444445,0.10444444444444445
237,237,0.7555555555555555,0.6745562130177515,0.7345946387708402,0.8592677345537758,0.034222222222222265,0.0782222222222223,0.09511111111111115,0.10133333333333328
238,238,0.76,0.686046511627907,0.7417048054919908,0.8703007518796992,-0.021777777777777785,0.01911111111111119,0.029777777777777903,0.06533333333333324
239,239,0.7777777777777778,0.7126436781609196,0.7617685518143185,0.8614743380189605,0.032888888888888856,0.058666666666666645,0.11155555555555563,0.12355555555555553
240,240,0.7644444444444445,0.6863905325443787,0.7437888198757764,0.8734063419418111,-0.000888888888888939,0.03822222222222227,0.07199999999999995,0.07600000000000007
241,241,0.7733333333333333,0.7052023121387283,0.7563337692056227,0.8615560640732265,-0.028000000000000025,0.03555555555555545,0.07866666666666666,0.06844444444444442
242,242,0.72,0.6037735849056604,0.6894409937888198,0.8617195161817587,0.0040000000000000036,0.06533333333333324,0.07422222222222219,0.08133333333333326
243,243,0.8044444444444444,0.7555555555555555,0.7943772474664923,0.8674403399803857,0.007555555555555538,0.03600000000000003,0.10711111111111116,0.10044444444444445
244,244,0.7466666666666667,0.6586826347305389,0.7237250735534488,0.8676855181431841,0.01822222222222225,0.05022222222222228,0.11777777777777776,0.0955555555555555
245,245,0.7911111111111111,0.7374301675977654,0.7797482837528604,0.8693200392285061,-0.0311111111111112,0.05111111111111111,0.0795555555555556,0.0848888888888889
246,246,0.7777777777777778,0.7159090909090909,0.7634439359267735,0.8670317097090553,0.03200000000000003,0.07377777777777783,0.09555555555555562,0.09333333333333338
247,247,0.7777777777777778,0.7126436781609196,0.7617685518143185,0.8550179797319386,0.014222222222222247,0.04800000000000004,0.05600000000000005,0.08933333333333338
248,248,0.7955555555555556,0.7444444444444445,0.785183066361556,0.8644164759725401,-0.019999999999999907,0.0755555555555556,0.09555555555555562,0.09955555555555562
249,249,0.8044444444444444,0.75,0.7910264792415822,0.886400784570121,-0.013333333333333308,0.08044444444444443,0.06755555555555548,0.0742222222222223
