,random_seed,accuracy,f1,balanced_acc,auc,feature_importance.right_CO2_vd_scaled,feature_importance.right_CO2_vd_fd1_scaled,feature_importance.right_CO2_vd_fd2_scaled,feature_importance.right_CO2_vd_fd3_scaled
0,0,0.8122448979591836,0.7653061224489796,0.8128374538221086,0.8593350383631714,-0.002448979591836764,0.0791836734693876,0.223265306122449,0.170204081632653
1,1,0.7346938775510204,0.5962732919254659,0.6922421142369992,0.849175902244956,0.002448979591836653,0.027755102040816326,0.021632653061224416,0.023673469387755164
2,2,0.7959183673469388,0.7282608695652174,0.78243108837738,0.8107416879795397,0.004897959183673528,0.06734693877551023,0.07387755102040827,0.08938775510204089
3,3,0.6816326530612244,0.35,0.5912546177891447,0.8701335606706451,-0.005714285714285783,0.0077551020408161975,0.0053061224489795444,0.04653061224489796
4,4,0.8040816326530612,0.7473684210526316,0.7976342710997442,0.7686132423984088,0.013469387755102091,0.056734693877550924,0.11877551020408161,0.06040816326530607
5,5,0.8,0.743455497382199,0.794366297243535,0.7998721227621484,-0.0016326530612245094,0.13877551020408174,0.19020408163265312,0.18163265306122456
6,6,0.6244897959183674,0.0,0.5,0.8560670645069621,0.0,0.0,0.0,0.0
7,7,0.8163265306122449,0.7692307692307693,0.8161054276783177,0.8254475703324808,0.005714285714285894,0.07755102040816331,0.16897959183673472,0.14653061224489794
8,8,0.6244897959183674,0.0,0.5,0.8296391020176187,0.0,0.0,0.0,0.0
9,9,0.6938775510204082,0.4444444444444444,0.6205598181301506,0.8214691673770959,-0.03755102040816327,0.029387755102040725,0.016734693877551,0.06489795918367347
10,10,0.6244897959183674,0.0,0.5,0.8184853651605569,0.0,0.0,0.0,0.0
11,11,0.8204081632653061,0.7684210526315789,0.8150397840295538,0.8551435066780336,0.019183673469387763,0.048979591836734615,0.09551020408163258,0.11061224489795918
12,12,0.8040816326530612,0.7525773195876289,0.8019678886047172,0.7540494458653026,0.010204081632652962,0.16081632653061217,0.15102040816326534,0.223265306122449
13,13,0.7224489795918367,0.5,0.6521028701335607,0.8722648479681727,0.0032653061224490187,0.03714285714285703,0.047755102040816344,0.022448979591836782
14,14,0.7673469387755102,0.6815642458100558,0.7465544188689969,0.8527280477408354,-0.0028571428571428914,0.0955102040816328,0.1155102040816327,0.14897959183673481
15,15,0.6408163265306123,0.12,0.5260727479397557,0.856635407786303,-0.001224489795918382,0.011428571428571455,0.013469387755102091,0.014285714285714346
16,16,0.8040816326530612,0.7473684210526316,0.7976342710997442,0.7694657573174196,0.006938775510204054,0.038775510204081653,0.16653061224489807,0.19346938775510203
17,17,0.763265306122449,0.6506024096385542,0.7281187837453822,0.8631713554987213,-0.012244897959183487,0.03142857142857147,0.07306122448979602,0.12530612244897965
18,18,0.7591836734693878,0.6335403726708074,0.7183503836317136,0.8545751633986929,0.005714285714285783,0.02693877551020396,0.03469387755102038,0.02122448979591829
19,19,0.6244897959183674,0.0,0.5,0.7524154589371981,0.0,0.0,0.0,0.0
20,20,0.6244897959183674,0.0,0.5,0.8556408070474567,0.0,0.0,0.0,0.0
21,21,0.7142857142857143,0.5454545454545454,0.6629013924410344,0.796817277635692,-0.011836734693877582,0.03510204081632662,0.056734693877551035,0.09061224489795927
22,22,0.6244897959183674,0.0,0.5,0.8449843705598181,0.0,0.0,0.0,0.0
23,23,0.6612244897959184,0.1782178217821782,0.5489130434782609,0.783958510940608,0.0028571428571428914,0.028571428571428692,0.03510204081632662,0.0302040816326532
24,24,0.6489795918367347,0.2833333333333333,0.5564435919295254,0.8599033816425121,-0.029387755102040725,0.026938775510204183,0.0008163265306122547,0.025306122448979673
25,25,0.7387755102040816,0.5949367088607594,0.6933432793407218,0.7799090650753056,0.020408163265306145,0.03265306122448974,0.06040816326530618,0.04367346938775518
26,26,0.6244897959183674,0.0,0.5,0.8513782324524012,0.0,0.0,0.0,0.0
27,27,0.763265306122449,0.6547619047619048,0.7302855924978687,0.8714833759590793,-0.009387755102040818,0.043265306122449054,0.07346938775510203,0.08979591836734702
28,28,0.8204081632653061,0.7731958762886598,0.8193734015345269,0.8546462063086103,0.010612244897958978,0.10571428571428565,0.18612244897959196,0.1461224489795918
29,29,0.6244897959183674,0.0,0.5,0.8656578573458369,0.0,0.0,0.0,0.0
30,30,0.6244897959183674,0.0,0.5,0.8699204319408923,0.0,-0.0004081632653060163,-0.0008163265306122547,0.00040816326530612734
31,31,0.746938775510204,0.6436781609195402,0.7193805058255187,0.7782750781472009,-0.030612244897959107,0.04653061224489785,0.06612244897959174,0.07346938775510192
32,32,0.8,0.7487179487179487,0.7986999147485081,0.7686842853083263,0.004897959183673528,0.10857142857142854,0.2448979591836734,0.18775510204081636
33,33,0.8081632653061225,0.7564766839378239,0.8052358624609264,0.7926257459505541,0.0016326530612246204,0.055510204081632764,0.07346938775510214,0.2097959183673469
34,34,0.7591836734693878,0.6666666666666666,0.7356848536516056,0.8730463199772662,-0.004489795918367401,0.0424489795918368,0.03061224489795933,0.058367346938775544
35,35,0.7959183673469388,0.7222222222222222,0.7780974708724069,0.8546462063086104,-0.002448979591836764,0.04897959183673484,0.03673469387755102,0.06734693877551023
36,36,0.746938775510204,0.6477272727272727,0.7215473145780051,0.7789144643364593,-0.020408163265306145,0.04938775510204085,0.12122448979591838,0.10653061224489802
37,37,0.6244897959183674,0.0,0.5,0.8518044899119068,0.0,0.0,0.0,0.0
38,38,0.7224489795918367,0.6,0.6889386189258312,0.8407217959647627,-0.02857142857142847,-0.00448979591836729,0.010204081632653073,0.05795918367346942
39,39,0.6244897959183674,0.0,0.5,0.8742540494458653,0.0,0.0,0.0,0.0
40,40,0.7224489795918367,0.5802469135802469,0.6802713839158852,0.735080988917306,-0.0028571428571428914,0.05102040816326536,0.03755102040816327,0.066938775510204
41,41,0.7428571428571429,0.6440677966101694,0.718279340721796,0.8121625461778914,-0.025306122448979673,0.15102040816326534,0.07591836734693891,0.12408163265306127
42,42,0.8122448979591836,0.7628865979381443,0.810670645069622,0.7649900539926116,0.0008163265306122547,0.13428571428571434,0.2036734693877551,0.12367346938775503
43,43,0.7714285714285715,0.6818181818181818,0.7476555839727195,0.8655157715260017,0.003673469387755257,0.020408163265306256,0.04081632653061229,0.03306122448979587
44,44,0.6285714285714286,0.021505376344086023,0.5054347826086957,0.8620346689400398,-0.004081632653061162,0.004081632653061162,0.003673469387755146,0.0032653061224489077
45,45,0.6979591836734694,0.5256410256410257,0.6476626882637113,0.7509235578289286,-0.010204081632653073,0.002448979591836653,-0.0028571428571427804,0.03224489795918373
46,46,0.8081632653061225,0.7564766839378239,0.8052358624609264,0.853651605569764,-0.003673469387755035,0.07877551020408169,0.2036734693877552,0.18040816326530618
47,47,0.8081632653061225,0.7486631016042781,0.7987354362034669,0.8641659562375675,-0.0020408163265305257,0.1322448979591837,0.14979591836734696,0.12326530612244901
48,48,0.8081632653061225,0.7539267015706806,0.80306905370844,0.7747229326513214,0.0032653061224489077,0.12693877551020405,0.15632653061224488,0.15265306122448985
49,49,0.763265306122449,0.6777777777777778,0.7432864450127876,0.7740125035521455,-0.0028571428571428914,0.037142857142857255,0.11755102040816334,0.14000000000000012
50,50,0.6244897959183674,0.0,0.5,0.8861182154021029,0.0,0.0,0.0,0.0
51,51,0.7387755102040816,0.627906976744186,0.7085109406081274,0.8313441318556408,0.008163265306122436,0.044489795918367325,0.053469387755102016,0.03918367346938767
52,52,0.6938775510204082,0.5222929936305732,0.6443947144075022,0.8475419153168514,-0.023673469387755053,0.007346938775510181,0.01959183673469389,-0.008163265306122547
53,53,0.6244897959183674,0.0,0.5,0.8714123330491617,0.0,0.0,0.0,0.0
54,54,0.7020408163265306,0.546583850931677,0.65743108837738,0.8557828928672918,-0.00897959183673469,0.005714285714285672,0.06734693877551012,0.026530612244898055
55,55,0.8,0.73224043715847,0.7856990622335891,0.8660130718954249,0.001224489795918271,0.06408163265306122,0.14653061224489783,0.10612244897959189
56,56,0.8204081632653061,0.7777777777777778,0.8237070190394999,0.8314151747655584,0.0032653061224490187,0.11632653061224496,0.22734693877551015,0.2081632653061224
57,57,0.7510204081632653,0.6163522012578616,0.7074808184143222,0.7924836601307189,-0.007346938775510181,0.04693877551020409,0.055102040816326525,0.08571428571428574
58,58,0.8081632653061225,0.7403314917127072,0.7922350099460074,0.8560670645069621,0.0008163265306122547,0.03510204081632662,0.13183673469387758,0.11469387755102045
59,59,0.7755102040816326,0.6892655367231638,0.7530903665814151,0.8753196930946292,0.018775510204081636,0.04408163265306109,0.10775510204081618,0.09346938775510183
60,60,0.7061224489795919,0.5068493150684932,0.6455314009661836,0.8621057118499573,-0.004897959183673306,0.004489795918367401,-0.0020408163265306367,0.033877551020408125
61,61,0.6244897959183674,0.0,0.5,0.8242398408638818,0.0,0.0,0.0,0.0
62,62,0.7877551020408163,0.7204301075268817,0.7758951406649617,0.7631429383347541,0.013469387755102091,0.10367346938775512,0.12326530612244901,0.14979591836734696
63,63,0.7510204081632653,0.6473988439306358,0.7226484796817279,0.7621483375959079,-0.004897959183673417,0.1065306122448979,0.11020408163265316,0.14204081632653054
64,64,0.7224489795918367,0.5277777777777778,0.6607701051435066,0.8569906223358909,-0.0016326530612245094,0.0008163265306122547,0.005714285714285783,0.04122448979591842
65,65,0.8,0.743455497382199,0.794366297243535,0.7898550724637682,0.0020408163265305257,0.14857142857142858,0.16448979591836732,0.19265306122448989
66,66,0.8081632653061225,0.7539267015706806,0.80306905370844,0.8137254901960784,0.02612244897959204,0.09224489795918367,0.12530612244897965,0.1718367346938776
67,67,0.7673469387755102,0.6742857142857143,0.7422208013640239,0.7526285876669508,-0.0008163265306122547,0.09836734693877547,0.061224489795918435,0.036326530612245
68,68,0.7551020408163265,0.6666666666666666,0.7345836885478829,0.7477976697925548,-0.01836734693877551,0.019183673469387763,0.10816326530612252,0.17265306122448965
69,69,0.763265306122449,0.6463414634146342,0.7259519749928958,0.8588377379937482,-0.011020408163265216,0.0424489795918368,0.1444897959183673,0.05265306122448976
70,70,0.710204081632653,0.5170068027210885,0.6509661835748792,0.8643080420574026,-0.017551020408163365,0.01346938775510187,0.009795918367347056,0.06653061224489787
71,71,0.6244897959183674,0.0,0.5,0.868925831202046,0.0,0.0,0.0,0.0
72,72,0.7877551020408163,0.7142857142857143,0.7715615231599886,0.8513071895424836,0.009387755102040929,0.07551020408163267,0.1383673469387755,0.16326530612244905
73,73,0.7755102040816326,0.6927374301675978,0.7552571753339017,0.7703893151463483,0.0,0.08122448979591834,0.08408163265306123,0.12693877551020405
74,74,0.7755102040816326,0.6961325966850829,0.7574239840863882,0.8535095197499291,-0.012653061224489837,0.04122448979591842,0.05265306122448987,0.07346938775510192
75,75,0.8081632653061225,0.7539267015706806,0.80306905370844,0.7487212276214833,0.0008163265306122547,0.041632653061224545,0.04122448979591842,0.08040816326530631
76,76,0.6122448979591837,0.020618556701030927,0.49236288718385907,0.7817561807331629,-0.007346938775510181,-0.016326530612244983,-0.01224489795918371,-0.01224489795918371
77,77,0.6244897959183674,0.0,0.5,0.847612958226769,0.0,0.0,0.0,0.0
78,78,0.8,0.7379679144385026,0.7900326797385622,0.8645922136970731,0.006938775510204165,0.0424489795918368,0.10081632653061234,0.11346938775510207
79,79,0.7591836734693878,0.6740331491712708,0.7400184711565785,0.7612247797669793,-0.0065306122448980375,0.03591836734693876,0.11183673469387756,0.19183673469387763
80,80,0.7387755102040816,0.6144578313253012,0.7020105143506679,0.8712702472293266,-0.020816326530612272,0.019183673469387652,0.014285714285714235,0.06775510204081625
81,81,0.7755102040816326,0.7027027027027027,0.7617576015913612,0.8308468314862176,-0.028163265306122565,0.0636734693877552,0.15755102040816316,0.04816326530612247
82,82,0.6244897959183674,0.0,0.5,0.8508098891730604,0.0,0.0,0.0,0.0
83,83,0.6244897959183674,0.0,0.5,0.7779198635976129,0.0,0.0,0.0,0.0
84,84,0.7387755102040816,0.627906976744186,0.7085109406081274,0.7330207445296959,0.010204081632652962,0.11061224489795918,0.14693877551020407,0.10571428571428565
85,85,0.8163265306122449,0.7668393782383419,0.8139386189258312,0.7806194941744814,0.0106122448979592,0.14489795918367343,0.17387755102040814,0.1914285714285714
86,86,0.6244897959183674,0.0,0.5,0.8493179880647911,0.0,0.0,0.0,0.0
87,87,0.7306122448979592,0.5769230769230769,0.6824737141233305,0.7624325092355783,-0.010612244897959089,0.030612244897959218,0.11836734693877549,0.056326530612244796
88,88,0.7673469387755102,0.6850828729281768,0.7487212276214834,0.8093918726911056,-0.011428571428571455,0.0620408163265308,0.07469387755102042,0.09306122448979604
89,89,0.8081632653061225,0.7589743589743589,0.8074026712134129,0.8174197215117931,0.004081632653061162,0.024489795918367308,0.19673469387755105,0.06897959183673474
90,90,0.7714285714285715,0.6888888888888889,0.7519892014776925,0.8544330775788576,-0.017551020408163254,0.10979591836734703,0.09224489795918378,0.13918367346938776
91,91,0.7795918367346939,0.7032967032967034,0.7628587666950839,0.7950412048877522,0.0008163265306123657,0.10244897959183685,0.14204081632653076,0.156734693877551
92,92,0.8122448979591836,0.7628865979381443,0.810670645069622,0.8061238988348962,0.0065306122448979265,0.22163265306122448,0.13755102040816325,0.11469387755102045
93,93,0.7183673469387755,0.5490196078431373,0.6661693662972435,0.8663682864450128,-0.004897959183673528,0.033469387755102,0.022040816326530654,0.017551020408163254
94,94,0.6653061224489796,0.2807017543859649,0.5673486786018755,0.8674339300937767,-0.033877551020408236,0.005714285714285672,0.014693877551020362,0.02734693877551031
95,95,0.726530612244898,0.6081871345029239,0.6943734015345269,0.7495737425404944,0.006122448979591799,0.028571428571428692,0.046122448979591946,0.05102040816326525
96,96,0.7714285714285715,0.6781609195402298,0.745488775220233,0.8715544188689968,0.005714285714285672,0.017551020408163365,0.01959183673469389,0.0881632653061225
97,97,0.6244897959183674,0.0,0.5,0.4903381642512078,0.0,0.0,0.0,0.0
98,98,0.7795918367346939,0.7032967032967034,0.7628587666950839,0.8125177607274793,-0.0065306122448978154,0.11346938775510207,0.15142857142857147,0.19428571428571428
99,99,0.6244897959183674,0.0,0.5,0.8566354077863029,0.0,0.0,0.0,0.0
100,100,0.6244897959183674,0.0,0.5,0.866510372264848,0.0,0.0,0.0,0.0
101,101,0.7755102040816326,0.6783625730994152,0.7465899403239558,0.8746092639954532,-0.002448979591836764,0.08081632653061221,0.09795918367346934,0.06204081632653058
102,102,0.8204081632653061,0.7731958762886598,0.8193734015345269,0.7877948280761581,0.012653061224489837,0.09224489795918367,0.1489795918367346,0.16163265306122432
103,103,0.7551020408163265,0.6629213483146067,0.7324168797953964,0.7504973003694231,0.0106122448979592,0.037142857142857144,0.1126530612244897,0.11755102040816334
104,104,0.8040816326530612,0.75,0.7998010798522308,0.7860897982381357,0.002448979591836653,0.136734693877551,0.1791836734693878,0.22163265306122437
105,105,0.6244897959183674,0.0,0.5,0.8395851094060813,0.0,0.0,0.0,0.0
106,106,0.7755102040816326,0.7058823529411765,0.7639244103438476,0.7511366865586815,-0.007346938775510181,0.12530612244897954,0.13428571428571423,0.1489795918367347
107,107,0.8204081632653061,0.7684210526315789,0.8150397840295538,0.8591929525433363,0.015918367346938744,0.11959183673469387,0.0653061224489796,0.17918367346938768
108,108,0.8204081632653061,0.7755102040816326,0.8215402102870133,0.8339727195225917,0.014285714285714235,0.0053061224489796555,0.09061224489795916,0.012653061224489726
109,109,0.6244897959183674,0.0,0.5,0.8570616652458085,0.0,0.0,0.0,0.0
110,110,0.6244897959183674,0.0,0.5,0.7342995169082125,0.0,0.0,0.0,0.0
111,111,0.6244897959183674,0.0,0.5,0.7789855072463768,0.0,0.0,0.0,0.0
112,112,0.6244897959183674,0.0,0.5,0.8464052287581699,-0.004897959183673417,-0.0004081632653060163,0.0,-0.0004081632653060163
113,113,0.8081632653061225,0.7539267015706806,0.80306905370844,0.8402955385052572,0.010204081632653073,0.032653061224489854,0.12979591836734705,0.14285714285714302
114,114,0.6244897959183674,0.0,0.5,0.8778772378516624,0.0,0.0,0.0,0.0
115,115,0.8122448979591836,0.7676767676767676,0.815004262574595,0.8670787155441887,-0.004081632653061051,0.10897959183673467,0.21469387755102054,0.2416326530612245
116,116,0.7387755102040816,0.5897435897435898,0.6911764705882353,0.8619636260301222,0.004081632653061162,0.020408163265306145,0.04326530612244883,0.02571428571428569
117,117,0.7142857142857143,0.5454545454545454,0.6629013924410344,0.8450554134697358,0.002448979591836764,0.030612244897959218,0.0379591836734694,0.027755102040816326
118,118,0.8,0.7351351351351352,0.7878658709860755,0.8043478260869567,0.015510204081632839,0.07224489795918376,0.0987755102040817,0.1004081632653061
119,119,0.7959183673469388,0.7448979591836735,0.795431940892299,0.8343279340721795,0.007346938775510292,0.0008163265306122547,0.07959183673469383,0.0020408163265307477
120,120,0.8244897959183674,0.7772020725388601,0.822641375390736,0.862176754759875,0.0028571428571428914,0.09428571428571442,0.20408163265306123,0.2081632653061224
121,121,0.6244897959183674,0.0,0.5,0.7591645353793692,0.0,0.0,0.0,0.0
122,122,0.6285714285714286,0.021505376344086023,0.5054347826086957,0.7728047740835464,0.004081632653061162,-0.00040816326530612734,0.003673469387755146,0.004081632653061162
123,123,0.6244897959183674,0.0,0.5,0.8383063370275646,0.0,0.0,0.0,0.0
124,124,0.8040816326530612,0.7446808510638298,0.7954674623472577,0.8671497584541062,0.002448979591836653,0.06367346938775509,0.08326530612244898,0.11469387755102045
125,125,0.6244897959183674,0.0,0.5,0.8680733162830351,0.0,0.0,0.0,0.0
126,126,0.7959183673469388,0.7252747252747253,0.7802642796248934,0.8608269394714407,-0.003673469387755035,0.083673469387755,0.05877551020408156,0.11795918367346936
127,127,0.7755102040816326,0.6961325966850829,0.7574239840863882,0.84256891162262,0.01959183673469389,0.07836734693877545,0.07061224489795914,0.0636734693877552
128,128,0.6244897959183674,0.0,0.5,0.8592639954532537,0.0,0.0,0.0,0.0
129,129,0.7877551020408163,0.723404255319149,0.7780619494174481,0.8561736288718387,0.00897959183673469,0.08612244897959187,0.1383673469387755,0.11673469387755109
130,130,0.7142857142857143,0.527027027027027,0.6564009661835748,0.8464762716680877,-0.005714285714285672,0.016734693877551,0.018775510204081636,0.0910204081632654
131,131,0.8,0.72,0.7770318272236432,0.8520886615515771,-0.0028571428571427804,0.043265306122449054,0.07020408163265313,0.07183673469387752
132,132,0.7346938775510204,0.5962732919254659,0.6922421142369992,0.8341148053424269,0.004897959183673528,0.0440816326530612,0.029795918367346963,0.0318367346938776
133,133,0.6244897959183674,0.0,0.5,0.44096334185848257,0.0,0.0,0.0,0.0
134,134,0.7836734693877551,0.7253886010362695,0.779127593066212,0.7321327081557262,0.023265306122448814,0.03183673469387749,0.16693877551020397,0.21020408163265303
135,135,0.7836734693877551,0.7039106145251397,0.7639599317988065,0.8749644785450412,-0.006938775510204054,0.03591836734693887,0.053469387755101905,0.1065306122448979
136,136,0.7510204081632653,0.6473988439306358,0.7226484796817279,0.8614663256606991,-0.036734693877550906,0.021632653061224416,0.12408163265306127,0.13183673469387758
137,137,0.6244897959183674,0.0,0.5,0.8553566354077863,0.0,0.0,0.0,0.0
138,138,0.6244897959183674,0.0,0.5,0.8493179880647911,0.0,0.0,0.0,0.0
139,139,0.746938775510204,0.6666666666666666,0.7323813583404376,0.7485791418016483,-0.014693877551020473,0.09224489795918367,0.17224489795918363,0.1612244897959184
140,140,0.6244897959183674,0.0,0.5,0.8715544188689968,0.0,0.0,0.0,0.0
141,141,0.7591836734693878,0.6810810810810811,0.7443520886615516,0.8381642512077294,-0.02285714285714291,0.06653061224489798,0.13714285714285712,0.14
142,142,0.7755102040816326,0.6745562130177515,0.7444231315714691,0.7877948280761581,0.014693877551020473,0.02244897959183667,0.03591836734693887,0.08653061224489789
143,143,0.6244897959183674,0.0,0.5,0.8498863313441318,0.0,0.0,0.0,0.0
144,144,0.6244897959183674,0.0,0.5,0.8701335606706451,0.0,0.0,0.0,0.0
145,145,0.6979591836734694,0.45588235294117646,0.6259946007388463,0.7915601023017903,-0.0032653061224489077,0.02408163265306118,0.017142857142857237,0.047755102040816455
146,146,0.6244897959183674,0.0,0.5,0.871554418868997,0.0,0.0,0.0,0.0
147,147,0.6244897959183674,0.0,0.5,0.865089514066496,0.0,0.0,0.0,0.0
148,148,0.7510204081632653,0.6257668711656442,0.7118144359192953,0.8720517192384201,0.004081632653061162,0.05551020408163254,0.10122448979591836,0.05306122448979589
149,149,0.8326530612244898,0.7897435897435897,0.8335109406081274,0.8555697641375392,0.0077551020408163085,0.03183673469387749,0.153469387755102,0.20571428571428574
150,150,0.7020408163265306,0.48226950354609927,0.6357630008525149,0.8613242398408639,-0.022040816326530654,0.011020408163265216,0.026530612244898055,0.04122448979591831
151,151,0.8204081632653061,0.7731958762886598,0.8193734015345269,0.8014350667803352,0.003673469387755146,0.12857142857142856,0.1567346938775509,0.16081632653061206
152,152,0.7836734693877551,0.7071823204419889,0.766126740551293,0.7656294401818698,-0.0032653061224489077,0.0714285714285714,0.06448979591836734,0.03510204081632651
153,153,0.8040816326530612,0.7419354838709677,0.7933006535947713,0.8684995737425406,0.0,0.03673469387755102,0.050612244897959124,0.02857142857142847
154,154,0.746938775510204,0.5921052631578947,0.6955456095481671,0.8805058255186131,0.013877551020408108,0.019183673469387652,0.04081632653061218,0.0395918367346938
155,155,0.8122448979591836,0.7526881720430108,0.802003410059676,0.8820687695368002,-0.0016326530612243983,0.05591836734693878,0.07510204081632654,0.08612244897959187
156,156,0.6408163265306123,0.3125,0.5564080704745666,0.7977408354646207,-0.032653061224489854,-0.04040816326530616,-0.026122448979591817,0.017959183673469603
157,157,0.8122448979591836,0.7628865979381443,0.810670645069622,0.8554987212276215,-0.0020408163265307477,0.10163265306122449,0.1779591836734694,0.24448979591836728
158,158,0.8244897959183674,0.7772020725388601,0.822641375390736,0.8668655868144359,0.008163265306122436,0.06489795918367347,0.08163265306122447,0.09142857142857141
159,159,0.7591836734693878,0.6703910614525139,0.7378516624040921,0.7741545893719807,-0.012653061224489726,0.04571428571428571,0.06285714285714283,0.1306122448979592
160,160,0.7959183673469388,0.7126436781609196,0.7715970446149474,0.8591929525433363,-0.014285714285714235,0.07714285714285718,0.12857142857142856,0.08897959183673454
161,161,0.6816326530612244,0.4583333333333333,0.6172563228189827,0.7589514066496164,-0.020408163265306034,0.008571428571428563,0.02081632653061216,0.0714285714285714
162,162,0.8204081632653061,0.7755102040816326,0.8215402102870133,0.8745382210855357,0.0028571428571427804,0.09959183673469385,0.22571428571428565,0.04734693877551022
163,163,0.689795918367347,0.43283582089552236,0.6151250355214549,0.8652315998863312,-0.011836734693877471,0.011020408163265327,-0.006938775510204054,0.08285714285714296
164,164,0.6244897959183674,0.0,0.5,0.8097470872406934,0.0,0.0,0.0,0.0
165,165,0.7142857142857143,0.5569620253164557,0.6672350099460074,0.7806194941744813,0.0008163265306122547,0.014693877551020473,0.025306122448979562,0.02897959183673482
166,166,0.6571428571428571,0.25,0.5564791133844842,0.8549303779482808,-0.013877551020408108,0.029387755102040725,0.029795918367346963,0.006938775510204054
167,167,0.8122448979591836,0.7653061224489796,0.8128374538221086,0.8415743108837738,0.008163265306122325,0.06653061224489798,0.1477551020408162,0.25346938775510197
168,168,0.6244897959183674,0.0,0.5,0.8093918726911054,0.0,0.0,0.0,0.0
169,169,0.7795918367346939,0.7032967032967034,0.7628587666950839,0.8303495311167945,0.0016326530612245094,0.0257142857142858,0.0987755102040817,0.09673469387755107
170,170,0.7020408163265306,0.48951048951048953,0.6379298096050015,0.8557828928672918,-0.011020408163265327,-0.0077551020408164195,0.0020408163265305257,0.023265306122449037
171,171,0.7510204081632653,0.6737967914438503,0.7378161409491333,0.7461636828644502,-0.022040816326530543,0.07714285714285707,0.1351020408163266,0.14
172,172,0.6244897959183674,0.0,0.5,0.7990196078431373,0.0,0.0,0.0,0.0
173,173,0.6244897959183674,0.0,0.5,0.8691389599317988,0.0,0.0,0.0,0.0
174,174,0.7591836734693878,0.6666666666666666,0.7356848536516056,0.8437055981813014,-0.017142857142857126,0.026122448979591817,0.08163265306122436,0.0714285714285714
175,175,0.7795918367346939,0.7157894736842105,0.7715260017050298,0.7643506678033533,0.005714285714285672,0.03306122448979598,0.2020408163265307,0.11959183673469398
176,176,0.6244897959183674,0.0,0.5,0.7654163114521171,0.0,0.0,0.0,0.0
177,177,0.746938775510204,0.6309523809523809,0.7128800795680591,0.8437766410912191,-0.015510204081632728,0.02244897959183656,0.11673469387755098,0.03428571428571425
178,178,0.7836734693877551,0.7195767195767195,0.774793975561239,0.7624325092355784,0.002448979591836653,0.08857142857142852,0.086530612244898,0.15428571428571425
179,179,0.7551020408163265,0.6428571428571429,0.7215828360329639,0.802358624609264,0.015510204081632617,0.023673469387754942,0.04367346938775507,0.08163265306122447
180,180,0.6244897959183674,0.0,0.5,0.7980250071042909,0.0,0.0,0.0,0.0
181,181,0.8122448979591836,0.7628865979381443,0.810670645069622,0.7635691957942596,0.01346938775510198,0.01795918367346938,0.14857142857142858,0.17551020408163254
182,182,0.8204081632653061,0.7708333333333334,0.8172065927820404,0.8121625461778914,0.003673469387755146,0.09020408163265303,0.1338775510204081,0.0836734693877551
183,183,0.7510204081632653,0.6473988439306358,0.7226484796817279,0.7735152031827223,-0.00897959183673469,0.05346938775510213,0.05346938775510213,0.05142857142857149
184,184,0.6244897959183674,0.0,0.5,0.8848394430235862,0.0,0.0,0.0,0.0
185,185,0.8040816326530612,0.7551020408163265,0.8041346973572038,0.8040636544472862,-0.0016326530612246204,0.04367346938775507,0.15265306122448974,0.13183673469387747
186,186,0.6857142857142857,0.40310077519379844,0.6053566354077863,0.7573884626314293,-0.008163265306122547,-0.014285714285714235,-0.011020408163265216,0.07387755102040816
187,187,0.7755102040816326,0.6994535519125683,0.7595907928388747,0.8496732026143791,0.012244897959183598,0.0804081632653062,0.12122448979591838,0.11265306122448981
188,188,0.6244897959183674,0.0,0.5,0.8292128445581132,0.0,0.0,0.0,0.0
189,189,0.6244897959183674,0.0,0.5,0.7755754475703325,0.0,0.0,0.0,0.0
190,190,0.8040816326530612,0.7473684210526316,0.7976342710997442,0.7801221938050583,0.0016326530612243983,0.18326530612244896,0.04857142857142849,0.12489795918367341
191,191,0.7877551020408163,0.7291666666666666,0.7823955669224212,0.7924126172208014,-0.0020408163265305257,0.06612244897959185,0.1930612244897959,0.13469387755102036
192,192,0.7918367346938775,0.7272727272727273,0.7813299232736572,0.844487070190395,-0.004081632653061273,0.06204081632653047,0.18530612244897948,0.20816326530612228
193,193,0.7387755102040816,0.5897435897435898,0.6911764705882353,0.8672918442739415,-0.0077551020408164195,0.04979591836734687,0.017959183673469492,0.023673469387755053
194,194,0.7836734693877551,0.7195767195767195,0.774793975561239,0.8338306337027565,-0.017551020408163254,0.061224489795918324,0.16693877551020397,0.16530612244897946
195,195,0.7714285714285715,0.6888888888888889,0.7519892014776925,0.7615799943165673,0.00897959183673469,0.06489795918367347,0.1579591836734694,0.12326530612244901
196,196,0.8244897959183674,0.7839195979899497,0.8291418016481955,0.8591929525433363,-0.0016326530612243983,0.08000000000000007,0.1640816326530612,0.19551020408163267
197,197,0.6244897959183674,0.0,0.5,0.7504262574595056,0.004081632653061162,0.0,-0.0008163265306122547,-0.0008163265306121437
198,198,0.7428571428571429,0.6272189349112426,0.70961210571185,0.8202614379084967,0.004897959183673528,0.04653061224489807,0.038775510204081765,0.08938775510204078
199,199,0.7918367346938775,0.7213114754098361,0.7769963057686843,0.8581273088945723,-0.0016326530612245094,0.04938775510204074,0.061224489795918324,0.1110204081632653
200,200,0.763265306122449,0.6741573033707865,0.7411196362603012,0.8541489059391874,-0.014285714285714235,0.05428571428571427,0.13591836734693885,0.055102040816326636
201,201,0.6530612244897959,0.23423423423423423,0.5510443307757886,0.8736857061665246,-0.004489795918367401,-0.00040816326530612734,-0.009795918367346945,0.016734693877551
202,202,0.7183673469387755,0.5369127516778524,0.6618357487922705,0.8733304916169365,-0.008163265306122547,0.02408163265306118,0.07061224489795925,0.056734693877550924
203,203,0.7183673469387755,0.5174825174825175,0.6553353225348111,0.8388746803069054,-0.017551020408163254,0.0273469387755102,0.09020408163265303,0.08693877551020401
204,204,0.7428571428571429,0.6134969325153374,0.7031116794543905,0.8616794543904518,-0.012653061224489726,0.11755102040816312,0.02408163265306129,0.012244897959183598
205,205,0.6244897959183674,0.0,0.5,0.7562517760727478,0.0,0.0,0.0,0.0
206,206,0.636734693877551,0.21238938053097345,0.5358056265984654,0.7464478545041205,-0.030612244897959218,-0.004897959183673528,0.0020408163265305257,0.014285714285714346
207,207,0.8040816326530612,0.7446808510638298,0.7954674623472577,0.7620062517760728,0.004897959183673417,0.153469387755102,0.1840816326530612,0.06816326530612238
208,208,0.7877551020408163,0.717391304347826,0.7737283319124751,0.8143648763853366,0.004081632653061162,0.029795918367346963,0.10081632653061223,0.10081632653061234
209,209,0.8122448979591836,0.7604166666666666,0.8085038363171355,0.8539357772094345,0.004897959183673417,0.07469387755102042,0.13428571428571423,0.10367346938775512
210,210,0.8,0.7379679144385026,0.7900326797385622,0.7899261153736857,-0.0077551020408163085,0.09918367346938783,0.1457142857142858,0.10040816326530622
211,211,0.7428571428571429,0.6480446927374302,0.7204461494742824,0.7355072463768116,0.00612244897959191,0.07183673469387764,0.08326530612244898,0.11428571428571432
212,212,0.8,0.7407407407407407,0.7921994884910486,0.8746092639954531,0.0008163265306122547,0.08000000000000007,0.13061224489795908,0.1763265306122449
213,213,0.7877551020408163,0.7142857142857143,0.7715615231599886,0.8648053424268258,-0.0008163265306121437,0.08040816326530609,0.11428571428571432,0.11061224489795929
214,214,0.7346938775510204,0.6242774566473989,0.7052429667519182,0.7314578005115089,-0.006938775510204054,0.033877551020408236,0.09918367346938783,0.05183673469387762
215,215,0.7183673469387755,0.543046357615894,0.664002557544757,0.8278630292696789,0.01346938775510198,0.04775510204081623,0.07999999999999985,0.04081632653061218
216,216,0.7918367346938775,0.7437185929648241,0.7943307757885762,0.8689968741119636,-0.001224489795918271,0.07183673469387752,0.09510204081632656,0.04938775510204074
217,217,0.7551020408163265,0.6629213483146067,0.7324168797953964,0.7462347257743678,0.0,0.06408163265306122,0.06816326530612238,0.06734693877551023
218,218,0.7877551020408163,0.7045454545454546,0.7650610969025291,0.8549303779482808,-0.001224489795918271,0.037142857142857144,0.17714285714285716,0.10408163265306125
219,219,0.726530612244898,0.588957055214724,0.6857061665245808,0.8108127308894573,0.010612244897959311,0.052244897959183745,0.028163265306122565,0.07836734693877556
220,220,0.7306122448979592,0.5217391304347826,0.662972435350952,0.8880363739698778,0.0008163265306121437,0.04816326530612247,0.07632653061224492,0.04571428571428571
221,221,0.689795918367347,0.36666666666666664,0.5999573742540495,0.8851236146632566,-0.0020408163265306367,0.017551020408163254,0.04081632653061229,0.04285714285714293
222,222,0.6244897959183674,0.0,0.5,0.8315572605853936,0.0,0.00040816326530612734,0.0,0.0
223,223,0.8,0.7262569832402235,0.781365444728616,0.8655868144359192,0.0,0.09346938775510205,0.0759183673469388,0.13387755102040833
224,224,0.7510204081632653,0.6432748538011696,0.7204816709292412,0.8530122193805058,-0.0077551020408163085,0.03755102040816327,0.06326530612244907,0.17306122448979588
225,225,0.7551020408163265,0.6511627906976745,0.725916453537937,0.783816425120773,-0.0257142857142858,0.07020408163265301,0.05469387755102029,0.1522448979591836
226,226,0.7795918367346939,0.7032967032967034,0.7628587666950839,0.8473287865870986,-0.00040816326530612734,0.0379591836734694,0.12081632653061225,0.09183673469387754
227,227,0.6244897959183674,0.0,0.5,0.8750355214549588,0.0,0.0,0.0,0.0
228,228,0.7836734693877551,0.7039106145251397,0.7639599317988065,0.8564222790565501,-0.002448979591836653,0.10244897959183674,0.12448979591836729,0.1567346938775509
229,229,0.6244897959183674,0.0,0.5,0.8785876669508383,0.0,0.0,0.0,0.0
230,230,0.7020408163265306,0.535031847133758,0.6530974708724069,0.8107416879795396,-0.011020408163265327,0.027755102040816326,0.025306122448979673,0.0546938775510204
231,231,0.7836734693877551,0.7103825136612022,0.7682935493037795,0.7753623188405797,-0.0020408163265305257,0.06489795918367347,0.1383673469387754,0.10857142857142865
232,232,0.7510204081632653,0.6514285714285715,0.7248152884342143,0.8233873259448707,-0.009387755102040818,0.01510204081632649,0.07836734693877556,0.08163265306122447
233,233,0.8326530612244898,0.7918781725888325,0.8356777493606138,0.8702756464904802,0.014285714285714235,0.03591836734693876,0.05102040816326536,0.14530612244897956
234,234,0.6775510204081633,0.3130434782608696,0.581486217675476,0.8777351520318273,0.014693877551020473,0.024897959183673435,0.029795918367346963,0.04122448979591842
235,235,0.7224489795918367,0.5277777777777778,0.6607701051435066,0.8746803069053708,-0.0106122448979592,-0.00040816326530612734,0.023265306122449037,0.05632653061224491
236,236,0.7795918367346939,0.7065217391304348,0.7650255754475703,0.856990622335891,-0.015918367346938744,0.037142857142857144,0.1277551020408163,0.1412244897959184
237,237,0.7306122448979592,0.6162790697674418,0.6998081841432224,0.785024154589372,-0.026530612244897944,0.05387755102040814,0.07061224489795903,0.04326530612244894
238,238,0.7795918367346939,0.7032967032967034,0.7628587666950839,0.7939045183290707,-0.03428571428571414,0.19510204081632643,0.08244897959183684,0.055102040816326525
239,239,0.7183673469387755,0.5548387096774193,0.6683361750497301,0.8216822961068486,-0.0151020408163266,0.0640816326530611,0.06489795918367336,0.07346938775510203
240,240,0.7551020408163265,0.6341463414634146,0.7172492185279908,0.8175262858766695,0.005714285714285783,0.030612244897959218,0.032653061224489854,0.052244897959183634
241,241,0.710204081632653,0.5170068027210885,0.6509661835748792,0.8633844842284739,-0.0008163265306122547,0.024489795918367308,0.02571428571428569,0.04979591836734687
242,242,0.8204081632653061,0.7777777777777778,0.8237070190394999,0.8622477976697925,-0.009795918367347056,0.06979591836734678,0.16979591836734687,0.21387755102040817
243,243,0.6244897959183674,0.0,0.5,0.7708155726058539,0.0,0.0,0.0,0.0
244,244,0.7959183673469388,0.75,0.7997655583972719,0.7605143506678033,-0.004489795918367401,0.12367346938775514,0.25306122448979584,0.13959183673469377
245,245,0.6244897959183674,0.0,0.5,0.7856635407786303,0.0,0.0,0.0,0.0
246,246,0.6244897959183674,0.0,0.5,0.682225063938619,0.0,0.0,0.0,0.0
247,247,0.7918367346938775,0.7243243243243244,0.7791631145211708,0.8025007104290992,-0.012653061224490059,0.07387755102040805,0.17142857142857149,0.10612244897959178
248,248,0.8163265306122449,0.7643979057591623,0.8117718101733447,0.8529411764705883,0.011428571428571344,0.0640816326530611,0.15755102040816338,0.15142857142857147
249,249,0.7877551020408163,0.7142857142857143,0.7715615231599886,0.8733304916169367,-0.001224489795918271,0.046122448979591835,0.05877551020408167,0.11918367346938785
