,random_seed,accuracy,f1_weighted,balanced_acc,auc,model_weights.random_forest,model_weights.bagging_svc,model_weights.bagging_knn,model_weights.gradient_boosting,model_weights.mlp,feature_importance.frontlow_CO2_scaled,feature_importance.frontlow_humidity_scaled,feature_importance.frontlow_temperature_scaled
0,0,0.9506172839506173,0.9504741186970103,0.9426100628930818,0.9881701108116203,1.702871000226582,2.541592025548141,1.294978072251405,0.643752548922854,1.1442666538597228,0.31111111111111117,0.21440329218106996,0.17530864197530863
1,1,0.9506172839506173,0.9508857082448545,0.9509036144578313,0.9860692771084337,2.305782201067997,3.154558467329278,0.15851003007448622,0.4416109200613574,1.284293349652644,0.35802469135802467,0.2806584362139917,0.19218106995884776
2,2,0.9300411522633745,0.9309884265956617,0.9406013923863131,0.9697822544808177,1.455721863210716,3.587276341247096,0.5109227290380742,1.3572169788687574,0.648814438008699,0.3090534979423868,0.2773662551440329,0.1905349794238683
3,3,0.9547325102880658,0.954938861738822,0.9535276073619632,0.9809049079754601,1.8586871486624192,2.8588687306107987,0.2956849592155105,1.4335304121434642,0.8670107948858552,0.33991769547325107,0.2613168724279835,0.21234567901234563
4,4,0.9547325102880658,0.954850882892742,0.9431028337194796,0.9822669755836748,1.2540928652207868,3.0185130277806373,0.5537152390226006,1.8234958467805433,0.8921385441169473,0.33497942386831275,0.29670781893004117,0.202880658436214
5,5,0.9300411522633745,0.93059114121216,0.9328028293545535,0.9770114942528735,1.186302762977723,3.3747790723351034,0.7664937156521497,1.1323111952808274,1.1675117240536574,0.29259259259259257,0.2288065843621399,0.19794238683127569
6,6,0.9506172839506173,0.9510887677043097,0.9534110467845407,0.9727742137380693,1.2681776589285734,3.575457247921815,0.9777229139544947,0.9494536336934679,0.6786930406788737,0.3695473251028807,0.3041152263374486,0.18436213991769543
7,7,0.9382716049382716,0.9386084051169221,0.9328322405245482,0.9677754677754679,1.4248950844905057,3.1446314577566965,1.434175920005297,0.6766251786334285,0.7235376943486443,0.3061728395061728,0.26090534979423863,0.17325102880658433
8,8,0.9547325102880658,0.9549774244779266,0.9571720414417044,0.9871589085072231,0.9467450842868876,3.4920495482928477,0.8492965241438677,1.4550025898062335,0.46499290858239406,0.3831275720164609,0.24156378600823042,0.1831275720164609
9,9,0.9547325102880658,0.9552139970064971,0.9599067599067599,0.9898989898989898,1.2955182741815816,2.9535588845018403,0.4080352787059832,1.547631904240616,1.0993756618396466,0.39958847736625513,0.2777777777777778,0.19094650205761315
10,10,0.9547325102880658,0.9549021853987913,0.9544511924159385,0.9739297881795289,1.236644569861029,3.104910641695091,0.5071791431591637,0.7236403596035715,1.8356602867970997,0.3580246913580247,0.28559670781893,0.15473251028806584
11,11,0.9711934156378601,0.9712211275997285,0.9706197343995431,0.9925032129087534,1.646899785033466,3.0080127497835596,0.9500572278036943,0.7945433245975791,0.7719811159623162,0.34485596707818933,0.26049382716049385,0.19382716049382717
12,12,0.9382716049382716,0.9384950745271078,0.9366710875331565,0.9798850574712644,1.322252652341041,3.4191696778076497,1.013721325373893,1.1243777252802072,0.7747451519303437,0.322633744855967,0.26790123456790116,0.17119341563786003
13,13,0.9259259259259259,0.9254251920918587,0.9097776073619632,0.9638036809815952,1.9681760438629927,2.8243586902669944,0.6000947062728426,0.8331497647343968,1.4322982292943909,0.322633744855967,0.24032921810699587,0.1530864197530864
14,14,0.9465020576131687,0.946210164125005,0.9329917070880926,0.987012987012987,1.3409626612129792,2.8040312220483234,0.800781865585538,1.3094333095140536,1.315738125820478,0.3436213991769548,0.29012345679012347,0.1691358024691358
15,15,0.9670781893004116,0.9669916299551415,0.9616489832007074,0.9936634246979075,1.6991734070688824,3.0047848763162683,0.16245218171338846,0.9026367745569415,1.4964846685935451,0.38189300411522636,0.24115226337448564,0.1843621399176955
16,16,0.9382716049382716,0.9383358995762097,0.9354664555139649,0.9870429023898646,1.7693622163522837,2.7495951400753165,0.4999324499723187,1.2379785663712475,1.021666160968252,0.27901234567901223,0.16172839506172834,0.1576131687242798
17,17,0.9670781893004116,0.9668992397709201,0.9591069849690539,0.9830533451223106,0.8139039285645195,2.6936419044992066,0.9831241562311543,1.3729073926071385,1.6127848343210969,0.2934156378600824,0.19300411522633748,0.2283950617283951
18,18,0.9588477366255144,0.9587466661839422,0.9533051218444477,0.9931416897709032,1.340382944200656,3.1447361225001105,0.6234733425168191,0.835737574473219,1.5906339292396183,0.3604938271604938,0.28024691358024684,0.15555555555555553
19,19,0.9465020576131687,0.9472111212505813,0.9538461538461538,0.990986790986791,2.283240756393243,3.1998881897186733,0.5479568472978349,-0.5179887180726699,1.9310126680886956,0.3987654320987654,0.3477366255144033,0.2567901234567902
20,20,0.9588477366255144,0.9591259220888851,0.9593050740624015,0.9863693665300978,1.5437791416481812,3.229592785603906,0.6638679089109396,0.733335412703359,1.06298270616206,0.36213991769547327,0.32098765432098764,0.2576131687242798
21,21,0.9588477366255144,0.9586869078766295,0.9476251399328323,0.984167599552215,1.360553838393888,3.0047461409852745,0.7206251319974106,1.0483973340227737,1.3218165658657148,0.34115226337448556,0.26296296296296295,0.19547325102880656
22,22,0.9465020576131687,0.9469381953706942,0.9507110057769219,0.9823729817804769,1.137834015845381,2.9513579085169073,0.6867116581080149,0.9593211419565242,1.7643724978120285,0.40740740740740744,0.24650205761316873,0.21069958847736628
23,23,0.9670781893004116,0.9673007376711079,0.9688780334068705,0.99204223132682,1.064835096060835,2.8376493812325068,1.0125352742104743,1.1219911336368857,1.302520053436429,0.3794238683127572,0.2946502057613169,0.16378600823045272
24,24,0.934156378600823,0.9344798040138541,0.9332691453118056,0.9623759443045474,1.5857908703282277,3.158167233308047,0.39935026672069746,1.362045816683511,0.9289954607904288,0.3008230452674897,0.21316872427983538,0.18065843621399175
25,25,0.9629629629629629,0.963111482409728,0.9632749326145553,0.9914645103324349,1.2801632356893056,3.3880187611630883,0.6269942327103172,0.8045685625439717,1.479075205040101,0.3954732510288065,0.3156378600823045,0.19629629629629625
26,26,0.9629629629629629,0.9630406231084616,0.9569777043765483,0.9909165978530141,0.8917932844394845,3.4569270443079496,0.9435023574639905,0.8866624334737863,1.2485827613789786,0.40246913580246907,0.3316872427983538,0.26790123456790116
27,27,0.934156378600823,0.9346423672349599,0.9294923448831587,0.9760676873489121,1.524251818018979,3.0751892094286513,0.19340762018844987,1.2650106491328577,1.2457221025206633,0.3609053497942386,0.2662551440329218,0.14403292181069957
28,28,0.9794238683127572,0.9795091333013627,0.9814759036144578,0.9867469879518072,1.1416976930329363,3.0270005611320814,0.14470746061224904,1.2800286977850581,1.4145455066047574,0.3720164609053498,0.27283950617283953,0.22510288065843623
29,29,0.9053497942386831,0.904632863610182,0.8940256045519204,0.97574679943101,1.2146364492911808,3.277005006800616,0.8846139692845469,1.5438279795655465,0.6829119759406057,0.2650205761316873,0.20164609053497942,0.14032921810699586
30,30,0.9547325102880658,0.9550872101596739,0.9565268065268066,0.9841491841491842,1.424982745542948,3.1449348430769124,0.3603773935391114,0.8427437033124778,1.728958294092368,0.40329218106995884,0.34032921810699585,0.25925925925925924
31,31,0.9506172839506173,0.9509924125308741,0.9488304093567251,0.982050032488629,1.3575389123977888,3.2568255554508623,0.7139611628656717,1.2503389268718401,0.9319555987563622,0.36213991769547327,0.2938271604938272,0.17818930041152262
32,32,0.9259259259259259,0.9256901840490798,0.9135802469135803,0.9804907788446884,1.6585536991219474,2.824607482071974,0.4866903834189494,0.9588104669881848,1.58641762508902,0.3539094650205762,0.31234567901234567,0.17037037037037037
33,33,0.9506172839506173,0.9509938762812327,0.9538409703504043,0.9928122192273136,1.2549651913040212,3.6475695577418716,0.5012734330105322,1.0538665756221937,0.9113748786899639,0.35432098765432096,0.3308641975308642,0.21275720164609052
34,34,0.9300411522633745,0.929573591042077,0.9181451612903226,0.975733137829912,1.319537958407033,2.8536938728424657,1.3461632515331592,1.0572619399422645,0.8128767561997374,0.2872427983539094,0.24320987654320989,0.18024691358024691
35,35,0.9588477366255144,0.9591404803639512,0.9628943860168864,0.9841504962227818,1.9328358202380342,3.1480996131124805,0.7267707183770801,0.4563322724925481,1.1515996167572065,0.3893004115226337,0.31234567901234567,0.2452674897119341
36,36,0.9300411522633745,0.9304340015125069,0.930425219941349,0.9857038123167156,1.3610537051828797,3.22760267943759,0.9029670198172284,0.7073465184350992,0.7578618261017743,0.29423868312757195,0.21399176954732507,0.16954732510288067
37,37,0.9094650205761317,0.9092269823766392,0.8989832007073386,0.9761273209549071,2.297006400391692,2.9677096058033228,0.5364177057615235,0.680253446577268,1.2104404800529862,0.2962962962962963,0.22716049382716044,0.14650205761316867
38,38,0.9629629629629629,0.9629134564807079,0.9581913790549548,0.990075544363798,1.4073213461938083,3.1307048912385502,0.4651879899199059,1.6216876333867947,0.701761452372024,0.36049382716049383,0.26378600823045256,0.1670781893004115
39,39,0.9629629629629629,0.9631943381139523,0.9660833953834698,0.9874906924795235,1.5583778352159767,2.7947598676891228,0.5340826510432368,1.3795800302042296,1.1184686989669232,0.3135802469135802,0.20370370370370366,0.20658436213991765
40,40,0.9588477366255144,0.9591259220888851,0.9593050740624015,0.9884179010400252,1.7264243983526328,2.9034566181122843,1.1082200877372828,0.9994450633220088,0.531964146365734,0.32304526748971185,0.24032921810699587,0.188477366255144
41,41,0.9547325102880658,0.9548794588019821,0.9549019607843138,0.9772694262890342,1.1670709722544577,3.138625322760812,0.6155455963601885,1.3513137420634116,1.2174047012886486,0.3555555555555555,0.26008230452674896,0.19711934156378597
42,42,0.9629629629629629,0.963024628019885,0.9592074592074592,0.9904428904428904,1.3396280325611876,2.6725722408686474,0.6763519133353091,0.7857686436931153,1.9155412467668171,0.34691358024691354,0.2880658436213991,0.20123456790123453
43,43,0.934156378600823,0.9351005591156868,0.9371345029239766,0.9713287849252762,1.136870390200803,2.9002115382623703,0.9287769818460685,1.1697178503087406,1.2948225204035977,0.3790123456790123,0.30493827160493825,0.17983539094650203
44,44,0.9711934156378601,0.9713988949999687,0.9753086419753085,0.9926078341716201,1.0181444042548358,3.574896955055758,-0.14724492743834716,0.9114240300223805,1.9484699526554679,0.38395061728395063,0.27613168724279835,0.24444444444444446
45,45,0.9588477366255144,0.9588477366255144,0.9534125766871165,0.9873466257668713,1.108519619251955,3.3425827802792614,1.1142924960017142,0.5849739180756088,1.320306589766526,0.3518518518518518,0.33621399176954725,0.22016460905349788
46,46,0.9423868312757202,0.9428879096633448,0.9443251533742332,0.9769171779141104,1.8425243303304275,3.4531535224701844,0.9247372742405341,0.7964951708378706,0.6077789467499144,0.3798353909465021,0.2975308641975309,0.23333333333333334
47,47,0.9506172839506173,0.9508683455043608,0.9511541325390915,0.9851079672375279,1.492531889578326,3.0989697112608083,0.20329715005091525,0.3906797405574659,1.9976652400349377,0.3526748971193416,0.2786008230452675,0.21604938271604937
48,48,0.9629629629629629,0.9633569066416793,0.9693473193473194,0.983993783993784,1.403984722856243,2.646716504862641,0.5465740393408716,1.7963509563854683,0.4503822716272698,0.31851851851851853,0.24526748971193416,0.14609053497942384
49,49,0.9506172839506173,0.9509127872507159,0.9504601226993865,0.9894171779141104,1.1743832211493588,3.224781674440224,1.091312067058916,0.9294032617112248,1.0759298097496177,0.354320987654321,0.2868312757201646,0.15925925925925927
50,50,0.9300411522633745,0.929297036425799,0.9135889798957557,0.9834698436336561,1.603325468368263,2.7564628074524835,0.7667884333977338,1.2573693626035176,0.686304331638282,0.28230452674897116,0.2148148148148148,0.16954732510288065
51,51,0.9547325102880658,0.9549453302110308,0.9533420808891633,0.9803179993825255,1.4205201358039055,3.469197035663573,0.3676351781098622,0.420139310466068,1.6597000997326214,0.39135802469135794,0.34197530864197534,0.23374485596707814
52,52,0.9218106995884774,0.9219222455279078,0.9145331325301205,0.9737198795180722,1.577352775801163,3.19701367590863,0.07097291368795206,1.204857230386858,1.8416220951574398,0.3238683127572017,0.22057613168724285,0.16543209876543213
53,53,0.9465020576131687,0.9469842882744276,0.9530497592295345,0.9808113235079527,1.8964015314581013,2.7838350009639123,0.7102048005637944,1.3570538426979948,0.8010708506528296,0.3329218106995885,0.23827160493827165,0.18271604938271607
54,54,0.9506172839506173,0.950922115531169,0.9502933004013584,0.9821704229700525,1.4057476647116687,3.0598264156703507,0.708115423087343,1.5358390258863281,0.533929288537604,0.33621399176954736,0.2534979423868313,0.1633744855967078
55,55,0.9218106995884774,0.922960350120844,0.9289877300613496,0.9803680981595092,1.5583531583135046,3.4511742130973397,0.40275867704435214,0.6560821188603722,1.5204158422202674,0.3502057613168724,0.2613168724279835,0.1609053497942387
56,56,0.9423868312757202,0.9427424681196972,0.9409154059895029,0.9665791911083669,2.0028788474274317,2.9383346735230114,0.6328269217044956,0.3175625178230984,1.5343646877742716,0.3506172839506173,0.2794238683127573,0.20164609053497945
57,57,0.9423868312757202,0.9427103553588528,0.941561884562945,0.983714588698682,1.9161173862282037,3.3340776730799746,0.4168722685550456,1.0753519053390517,0.41762797931277007,0.31111111111111117,0.2555555555555556,0.17037037037037042
58,58,0.9588477366255144,0.959194369571728,0.962962962962963,0.9896357262612406,1.301635040306627,3.7219340261654805,0.09335267660167987,1.1550942501559351,1.1341620974316882,0.39341563786008227,0.3460905349794238,0.20740740740740735
59,59,0.9382716049382716,0.9383654010522516,0.9320987654320987,0.9772900472488949,0.764552746726517,3.053857719602073,0.3062150095994453,1.6549024437291777,1.5432094664984577,0.34197530864197523,0.3024691358024691,0.19423868312757195
60,60,0.9547325102880658,0.9545261588373096,0.9453313253012048,0.9916415662650603,2.302131515467088,2.8674077739309602,0.9594745822078911,0.38591881186075916,0.8255245567507361,0.2905349794238683,0.2637860082304526,0.16748971193415635
61,61,0.9547325102880658,0.9545064050793522,0.9439800613496933,0.9773773006134969,2.060439133321569,3.3309638052734982,0.32839815888537444,0.3074279765604896,1.1530891265749168,0.3584362139917695,0.2831275720164609,0.19999999999999998
62,62,0.9506172839506173,0.950931606453079,0.95011655011655,0.9892773892773893,1.5744215011003384,3.3057678785236684,0.5286685640789108,1.0426498198858798,0.8069674960937275,0.38847736625514406,0.3238683127572016,0.19341563786008228
63,63,0.9423868312757202,0.9421680062705704,0.9288095238095238,0.9750793650793651,1.7361108959083114,2.922692375313294,0.5903927284659866,1.3727115289163583,0.7781031825319961,0.26995884773662554,0.22880658436213994,0.19176954732510293
64,64,0.9382716049382716,0.9388009976646563,0.9369047619047619,0.9773809523809525,0.956961596470341,3.196407617267492,0.4674654428398881,1.30595070542001,1.4264210174820622,0.3609053497942386,0.23786008230452665,0.1880658436213991
65,65,0.9670781893004116,0.9673378673362215,0.9721009036144579,0.9884036144578314,0.7820245353230537,3.019702634819325,0.8241201931428531,0.7671644294292639,1.5559646215701044,0.34732510288065843,0.26049382716049385,0.2329218106995885
66,66,0.9711934156378601,0.9712245865347514,0.9703585887796414,0.9910352805089647,0.8138505754628816,2.9752906569706865,1.171201497070978,1.2297943281593129,1.0445581762521143,0.3460905349794238,0.28395061728395066,0.1814814814814815
67,67,0.9629629629629629,0.9631065995541794,0.9633655994043187,0.9916604616530156,1.5847238132327306,3.047930493476188,-0.3387947772596988,1.0199253705775013,2.00289559323669,0.36666666666666664,0.3004115226337448,0.2135802469135802
68,68,0.9259259259259259,0.9267578449968387,0.9288726993865031,0.9613496932515339,1.0871453546421646,3.515154897362099,0.6069202122822318,1.2137375974208828,1.5709643914260591,0.3213991769547325,0.2798353909465021,0.19300411522633745
69,69,0.9465020576131687,0.9468596044294549,0.9477786144578313,0.9800451807228916,1.9895601740840776,3.281697339273523,0.33557021581375324,1.1334223094844076,0.7176998231570759,0.35967078189300417,0.2773662551440329,0.19876543209876546
70,70,0.9465020576131687,0.9464156262250878,0.9378450920245398,0.9680981595092024,1.2671524153254825,2.9420833523910153,0.7477854123467937,0.8079614984381693,1.8305505074619657,0.35967078189300417,0.3041152263374486,0.19259259259259262
71,71,0.9382716049382716,0.9385618139241328,0.9345862920654523,0.9776165483173819,2.2781206591588563,3.405883506332919,0.5356776902111419,0.2795450157681919,0.8866626626144546,0.3662551440329218,0.30370370370370364,0.1835390946502057
72,72,0.9218106995884774,0.9224945417014012,0.9234052111410602,0.9504342617550166,1.928935856625167,2.7678636904954828,0.8868664398500629,1.261688819811169,0.6537193213973809,0.3292181069958848,0.20617283950617282,0.1349794238683128
73,73,0.9588477366255144,0.959194369571728,0.962962962962963,0.9827008078036884,1.258891090498938,3.148261352305565,0.502249336945064,1.7475126524924451,0.8515801893334587,0.308230452674897,0.2724279835390946,0.18888888888888883
74,74,0.9629629629629629,0.9630141219561261,0.9604672057502246,0.9911650194669063,1.6906821371010998,2.997928593772023,0.2766868592034782,1.2875557470599972,1.1355348675830348,0.382716049382716,0.2954732510288065,0.17325102880658427
75,75,0.9670781893004116,0.9672630602050587,0.9691713376761097,0.9828056355097712,1.9427286703717004,2.2591863052408345,0.705876684296147,1.027913080450354,1.4727453124569396,0.3637860082304527,0.3218106995884774,0.19670781893004122
76,76,0.9506172839506173,0.9507696997408932,0.9472776073619632,0.979601226993865,1.519683740620941,3.4358641519100397,0.9873839012029334,0.27355190477733216,1.0241403314611903,0.3790123456790124,0.29876543209876544,0.21646090534979426
77,77,0.9423868312757202,0.9429528257485247,0.9475516621743036,0.9812069481880803,1.0502658533836253,3.1317235860788437,0.49564377437231505,1.1896535217339292,1.711616874278192,0.36213991769547327,0.3111111111111111,0.21234567901234574
78,78,0.9506172839506173,0.9506172839506173,0.9447810937736707,0.990380245417361,1.6016891906025117,2.851980382135962,0.6100368994528311,0.8871246503632656,1.2720500888476685,0.3539094650205762,0.2716049382716049,0.1925925925925926
79,79,0.9588477366255144,0.9589787043348734,0.9563908613769682,0.9873417721518987,1.1228634749085096,2.618455130966103,0.6785996133623029,1.4529326993984333,1.4031133109370661,0.3781893004115226,0.31358024691358016,0.19629629629629627
80,80,0.9465020576131687,0.9466564528292922,0.9464516129032259,0.9848028673835125,1.6257012355005138,3.5724443006286335,0.7984097403201383,0.5202976304139642,1.0181438218856227,0.3477366255144033,0.29218106995884774,0.1823045267489712
81,81,0.9382716049382716,0.9386386420127615,0.931583688175565,0.9856698329511955,1.300060027003478,3.2077886661658366,1.0618228178799272,0.878151880161357,1.2507393969656848,0.41769547325102874,0.36584362139917687,0.21028806584362134
82,82,0.9382716049382716,0.9384644888520858,0.9374277038750722,0.9723105841526894,1.9993533696825307,3.022284625795281,0.541374047411991,0.9571360373855391,1.0874153941345035,0.33909465020576135,0.26625514403292183,0.1909465020576131
83,83,0.9506172839506173,0.950738568480504,0.9488284703801946,0.9761273209549072,0.9682919057873121,2.895704753343672,0.7213202058437685,1.6742646107926105,0.982214536162423,0.3559670781893004,0.26584362139917694,0.17983539094650203
84,84,0.9465020576131687,0.9466501750861006,0.9465586177352563,0.9790803941168071,1.487488539386921,3.381608180480945,0.1774324805865996,0.456612380885456,1.9414768698540124,0.3209876543209877,0.25802469135802475,0.17160493827160495
85,85,0.9465020576131687,0.9467773418308888,0.9431531673495115,0.9830601953986764,1.4862938534471626,2.7102203115015917,0.21114263076525264,1.6024245608885923,1.2976447050749325,0.34732510288065843,0.2781893004115227,0.14238683127572016
86,86,0.9506172839506173,0.9509713516436913,0.9493043339197185,0.9837677914600992,2.073651089867503,2.965812363958037,0.4041376904547759,0.29508145306684586,1.6029459979065135,0.3757201646090535,0.29506172839506173,0.2094650205761317
87,87,0.9300411522633745,0.9296594453942374,0.9139805977155375,0.9745736191519324,1.2845981505678958,2.79332167974891,0.467194794150776,1.1289686480104,1.719871500244059,0.30493827160493825,0.22798353909465022,0.19670781893004113
88,88,0.9753086419753086,0.9753086419753086,0.9723905468868352,0.9878806241478564,1.3209609071215362,3.0589457667720086,0.26118376120249376,1.1001998510671491,1.428020744656449,0.39300411522633744,0.34814814814814815,0.2135802469135802
89,89,0.9465020576131687,0.9467692728598301,0.9434360819902988,0.9820059458613675,1.8071773396693882,2.9586983734284096,1.391070148259636,1.399852359880817,-0.005274411294160163,0.2761316872427984,0.205761316872428,0.1563786008230453
90,90,0.9382716049382716,0.9384084549555586,0.925672268907563,0.9815126050420169,2.045564223788104,2.8677387094080538,0.05203438561672824,1.1094357770695653,1.2207286498086045,0.3707818930041152,0.27325102880658436,0.2263374485596707
91,91,0.9629629629629629,0.9631196091677191,0.9658250355618777,0.987624466571835,0.6573636429112846,3.465883737331638,0.6136482365842926,1.069796773303863,1.1492595770144236,0.33909465020576124,0.28724279835390937,0.19053497942386824
92,92,0.9547325102880658,0.9548172521683144,0.9484647369262754,0.9874460259075644,1.6373379706675357,3.1192921806461698,0.4668751981564951,0.8422973334276814,1.3276144851854268,0.37366255144032917,0.234156378600823,0.1423868312757201
93,93,0.9547325102880658,0.9555631233635768,0.9641282225237449,0.9836329715061058,1.4157372341452623,3.258765350778997,0.4817730761361939,1.073048044727464,1.5183520242780448,0.3670781893004115,0.33662551440329214,0.19547325102880658
94,94,0.9506172839506173,0.9509811375402772,0.9538719285182428,0.9819806403574087,1.1841174458933246,3.4249328463493267,0.39256698667625894,0.7842067511873761,1.535408083746606,0.36954732510288063,0.2588477366255144,0.2065843621399177
95,95,0.9588477366255144,0.9589827297710389,0.9561771561771562,0.9908313908313908,1.906946734462438,2.7579835353286253,0.36956714574481414,0.5888729720743738,1.9145605295994834,0.34032921810699585,0.31399176954732505,0.21316872427983533
96,96,0.9259259259259259,0.925636434177933,0.908763793379178,0.9773708619862467,1.1257912849248217,2.6142340343369437,0.9116110112612117,1.2879969729368266,1.4045990828034969,0.2987654320987655,0.2584362139917696,0.1765432098765432
97,97,0.9382716049382716,0.9382022786001893,0.9330176402544823,0.9783111625216889,1.7846248337385933,3.6327022625841243,0.8564726005649038,0.30948859777055343,1.0727091077216917,0.32551440329218106,0.28888888888888886,0.19382716049382714
98,98,0.9629629629629629,0.9631370883544796,0.9627199753010188,0.9918956468045693,0.7187829084804576,3.099164219556487,1.574363465749427,0.6269085942259831,1.26207386444811,0.3732510288065843,0.27325102880658425,0.20576131687242788
99,99,0.9382716049382716,0.9381863399496659,0.9307892777364111,0.9777364110201043,1.9842985160664075,3.142433701778263,-0.19067603851424275,1.1230699931018833,1.3043641951764515,0.3687242798353909,0.2761316872427983,0.18395061728395057
100,100,0.9300411522633745,0.9302682545121543,0.9284313725490196,0.9824981844589687,1.9606505425596086,3.3559897916198724,0.14294371010281642,0.643103030307113,1.5686168185151474,0.4090534979423868,0.3230452674897119,0.23580246913580244
101,101,0.9465020576131687,0.9465965602494287,0.9395682319571383,0.9844784115978569,1.4162977982412488,3.238100612645541,0.5360505663247699,1.4461086302850992,0.8348758687437459,0.34938271604938276,0.2707818930041152,0.16131687242798357
102,102,0.9547325102880658,0.9550658308013795,0.9567101226993865,0.9818251533742332,1.1044351021090817,3.0531458362423183,0.9363332944731276,1.562303645276879,0.73984604345269,0.32139917695473247,0.22016460905349794,0.1691358024691358
103,103,0.9423868312757202,0.9429885648091805,0.9433871741564049,0.981688789381097,1.1123615130933326,2.796330425355141,0.5965510197807078,1.4742651834571092,1.4562042704971432,0.3835390946502058,0.24444444444444446,0.15020576131687244
104,104,0.9382716049382716,0.9385191373495466,0.9359838274932615,0.9773884396525906,0.42377009140725747,3.4931376524556836,0.8712943916583745,1.2445291253797321,1.3000091882531812,0.36584362139917687,0.29999999999999993,0.23333333333333325
105,105,0.9506172839506173,0.9505124185515778,0.9456989247311828,0.982437275985663,1.1404985472085953,3.3013397517549814,0.3016664170711208,1.6208027332092558,1.2711300148208085,0.3534979423868313,0.27325102880658436,0.18024691358024691
106,106,0.9259259259259259,0.9257804856119864,0.9203413940256046,0.9796586059743955,1.7583331811523857,2.6895942512688924,1.0676092675049171,0.9032736384933374,1.0404882553995316,0.28312757201646094,0.11728395061728396,0.1580246913580247
107,107,0.9465020576131687,0.9468959818561756,0.9473926380368098,0.9878834355828221,1.3426214112594739,3.2647661459314623,1.1034162071908118,0.42542134115018443,1.4030033165756115,0.34938271604938276,0.254320987654321,0.21851851851851856
108,108,0.9588477366255144,0.9589595800814465,0.9573225516621743,0.9859988020365379,0.946979839713896,3.2866408867610732,1.182696869771572,0.4377348327050885,1.4578585999625466,0.3592592592592593,0.3098765432098765,0.25267489711934155
109,109,0.9588477366255144,0.9591404803639512,0.9628943860168864,0.9882980299214932,0.8646890839128965,2.957783158158329,0.14077454312862134,2.140008117216259,1.071351446336441,0.37078189300411524,0.27777777777777773,0.191358024691358
110,110,0.9300411522633745,0.9301441786038532,0.9232692016361157,0.9577336767156491,1.5476145917352688,3.2964734945927137,0.026896332121482205,0.6334446344733803,1.96194048591618,0.35596707818930046,0.3102880658436214,0.19135802469135804
111,111,0.934156378600823,0.9343472656056323,0.9293667626117255,0.9683381305862748,1.1635378322092542,2.8098904522026205,0.14280972015676846,1.8331549525245352,1.4394999900371876,0.3193415637860082,0.2666666666666666,0.18559670781893
112,112,0.9382716049382716,0.9382022786001893,0.9330176402544823,0.9835164835164836,0.8925184151210548,2.758927388355482,0.59307572683094,0.9804844804724616,2.181604230076721,0.35144032921810686,0.21646090534979417,0.18888888888888883
113,113,0.9465020576131687,0.9467459275095169,0.9442101226993864,0.9812116564417177,1.3712174602831622,3.707389581483685,0.897250066299049,0.44318783244773846,1.1518136704209039,0.3563786008230453,0.337037037037037,0.22057613168724283
114,114,0.934156378600823,0.9338216298624983,0.9243397052385816,0.9864293010360425,1.6073749896814156,2.965364599658895,0.10464018234519633,1.013830254937613,1.9063514947421578,0.29835390946502055,0.2209876543209876,0.15679012345679005
115,115,0.9218106995884774,0.9221037747797306,0.9184565249592653,0.9663753517997333,1.9358123513849128,2.841974786394735,0.9395530403735722,1.4823924758800386,0.46527724666616865,0.2757201646090535,0.14362139917695477,0.16049382716049382
116,116,0.9382716049382716,0.9381806993437316,0.9299322289156626,0.9865210843373494,1.7050822935345298,2.7848604529189998,0.5715266363785607,1.6070378008631534,0.874419931961149,0.3390946502057613,0.2024691358024691,0.13662551440329213
117,117,0.9547325102880658,0.9551441549508609,0.9559226430298147,0.9879129734085415,1.1026064310663268,3.473829957036453,0.7559863333508463,1.2551740381269407,0.8332086666882367,0.37037037037037035,0.30123456790123454,0.16831275720164612
118,118,0.9506172839506173,0.9510467797114385,0.9536426380368098,0.9884969325153374,1.0267380623729032,3.134867420199388,0.6705193582272585,1.115267348759362,1.0316092842362106,0.37037037037037035,0.3329218106995885,0.21687242798353915
119,119,0.9670781893004116,0.9668992397709201,0.9591069849690539,0.9957264957264957,1.7605010414669608,2.62029176845013,0.13667803728300332,1.6803277585313545,1.0485190077108908,0.3777777777777779,0.2559670781893004,0.17078189300411525
120,120,0.9753086419753086,0.9753848498704466,0.9752300613496933,0.9967791411042944,0.8205614389646573,2.9269657214138975,0.285463470435875,1.3939236585311339,1.7380966386836925,0.3292181069958847,0.26296296296296295,0.19135802469135801
121,121,0.9506172839506173,0.9504552921759878,0.9409125766871165,0.9785276073619632,2.299268310464254,2.539016102532633,0.7614886982608935,0.7959705778467051,1.0331531030023369,0.3304526748971194,0.21152263374485597,0.15390946502057612
122,122,0.9259259259259259,0.9264908144218488,0.9265498652291105,0.979035639412998,2.396894042850053,2.928299089052836,-0.23795066057519138,0.928465271198232,1.629266020340557,0.3432098765432099,0.2806584362139918,0.18847736625514402
123,123,0.9629629629629629,0.9631017880535565,0.9634498592801066,0.976892312250037,2.09233540709986,2.685375594409734,-0.1300435871322611,1.4790087656903523,1.414510276699858,0.31975308641975303,0.2897119341563786,0.1946502057613168
124,124,0.934156378600823,0.934848853362983,0.9383426753522193,0.9680351461899712,1.0651766509756226,3.782367765004395,0.02740879813682418,1.7126939956129235,0.7099440717098279,0.34732510288065843,0.29753086419753083,0.2045267489711934
125,125,0.934156378600823,0.9343412495054704,0.9297063253012048,0.9789156626506025,0.8432469559930771,3.4987904372387266,0.8817537705473546,1.6817956818714745,0.46269408741488677,0.34032921810699585,0.2423868312757201,0.17572016460905346
126,126,0.9629629629629629,0.9630060974664545,0.9612943236538742,0.9889829271851744,1.111296846837058,3.335271459786191,0.6825482566754549,1.0236542331989673,1.4422000723226467,0.37572016460905344,0.3251028806584362,0.21358024691358019
127,127,0.9218106995884774,0.9222660082364437,0.9213085764809903,0.9812849985263778,1.351498895150425,2.798613708384714,0.5584718841391554,1.7193651043543714,1.2535461758866409,0.3004115226337449,0.25020576131687244,0.1946502057613169
128,128,0.9423868312757202,0.94267266719374,0.9451635846372688,0.9703413940256046,1.7147048396758742,3.21870294220124,1.1421349014248934,1.0960972498878514,0.3532965987391336,0.3168724279835392,0.260082304526749,0.18847736625514408
129,129,0.9218106995884774,0.9226167291933993,0.9223911701142329,0.9763815992590306,1.3853937620748384,3.2525148165619684,0.5090203904261287,1.1077708541322495,1.2902733648289746,0.31934156378600825,0.27983539094650206,0.19300411522633745
130,130,0.9135802469135802,0.9139041721249653,0.909457858095097,0.974670419197156,1.2649755760813564,3.239663737574194,0.363058582808997,0.37409103715616265,2.5492186415150715,0.35473251028806574,0.2633744855967078,0.20493827160493822
131,131,0.9629629629629629,0.9631943381139523,0.9660833953834698,0.9820551005212211,1.7194993143757622,3.0210528156996133,0.6724625512389019,1.2403590456682738,1.1258774125507052,0.34403292181069955,0.2958847736625514,0.2218106995884773
132,132,0.9670781893004116,0.9671736328028162,0.9661793667626117,0.9899257688229056,1.9538966066817471,2.9264900148463826,0.5367354890684473,0.9190382785643096,1.014958397132617,0.3213991769547326,0.24979423868312756,0.1950617283950618
133,133,0.9547325102880658,0.9545686325895859,0.9480392156862745,0.9908496732026144,1.3989248327199855,2.8580676002846714,0.5177545411422744,1.67114096824506,1.0431801905451543,0.31810699588477365,0.2082304526748971,0.17489711934156377
134,134,0.9547325102880658,0.9546739916768295,0.9494916003536693,0.9805481874447391,1.3852825598458693,2.8614014534398207,0.4215853476428826,0.8546149444685586,1.6649218447481529,0.38353909465020575,0.3308641975308642,0.19588477366255144
135,135,0.9506172839506173,0.950931606453079,0.95011655011655,0.984071484071484,1.6953456494908512,2.438870586901396,0.8322908168538516,1.142738108583514,0.8919902706761681,0.3308641975308642,0.26584362139917694,0.20329218106995883
136,136,0.9506172839506173,0.9511366400222372,0.9567489774276625,0.9831086199060748,1.077442511578245,2.8888421662286508,0.5495244040114401,1.5541160620719385,1.2938829162161891,0.3995884773662552,0.2740740740740741,0.21234567901234563
137,137,0.9629629629629629,0.9629182690451957,0.9589230993725375,0.9965708448854517,1.2779973213409794,2.8583959697631776,0.37610577968245507,0.7199701615683491,1.6286976207486044,0.29423868312757195,0.23168724279835384,0.1954732510288065
138,138,0.9259259259259259,0.9261339056936542,0.9205572289156627,0.9708584337349399,1.6102590372362298,3.2095851679016913,0.3276433213778169,1.2996086502177593,0.8298645438483719,0.28189300411522633,0.2263374485596708,0.21152263374485597
139,139,0.9588477366255144,0.9591514795218499,0.9588638195004029,0.9872683319903304,1.234121805100693,2.9536355622172445,0.5036053453579973,1.7340833430107687,1.0393979179192934,0.3604938271604938,0.288477366255144,0.17078189300411523
140,140,0.9423868312757202,0.9422550364453051,0.9363071139386929,0.9723105841526893,1.3709955740783561,2.850662845134096,0.4908048543026182,1.0387929866549688,1.4631984263175648,0.3358024691358025,0.23415637860082308,0.19506172839506175
141,141,0.9547325102880658,0.9549262479723398,0.9538706256627784,0.9943190425693077,1.3965524620734566,2.647252040792367,0.94115218358117,1.1407949741785697,1.0332274076528927,0.288477366255144,0.25596707818930037,0.20658436213991765
142,142,0.9423868312757202,0.9433263163055501,0.954036739734486,0.9835597406606977,1.01525850178022,3.4948900303977886,0.5539687496666423,0.7752235048579937,1.4428290624923903,0.38395061728395063,0.29670781893004117,0.23662551440329221
143,143,0.9218106995884774,0.9218709368237497,0.9198232323232323,0.9736952861952861,1.0237322998404625,3.5482028859469508,0.7995544105575761,1.1384729482336065,1.2553689437534408,0.33991769547325107,0.2654320987654321,0.17325102880658438
144,144,0.9588477366255144,0.9587167689161554,0.9506172839506173,0.9910074683737234,1.5732952170644763,2.2759431671532573,0.46022383877800777,1.6934625853811447,1.3762683225044607,0.27119341563786004,0.16502057613168722,0.19053497942386827
145,145,0.9547325102880658,0.9549413939037389,0.9572043010752689,0.984516129032258,1.8217559031227855,2.9612372037821295,0.8807877931837901,0.48619958238159616,1.375418933607975,0.3489711934156378,0.2753086419753086,0.15802469135802472
146,146,0.9547325102880658,0.9552241433835056,0.9626010781671159,0.9850254567235699,1.2430154838278797,3.433580523950183,0.6694976479298251,0.6398795611059278,1.4594397460208663,0.4201646090534979,0.34691358024691354,0.2604938271604938
147,147,0.9506172839506173,0.950956184943113,0.9539124668435013,0.9834954317712938,1.1438837773173225,2.581408436373389,0.601913053384691,1.2092883131233871,1.3554600491168611,0.35720164609053506,0.29465020576131684,0.20617283950617288
148,148,0.9506172839506173,0.950956184943113,0.9539124668435013,0.9786324786324787,2.1736437497275904,3.082446824769351,-0.1985957441319431,1.308425285708744,0.8284853600814813,0.339917695473251,0.25514403292181076,0.20781893004115223
149,149,0.9794238683127572,0.979450467681501,0.9788179528958673,0.9960005925048141,1.8156811281213494,2.8625375550524597,0.3329257619694862,1.0470305063068899,1.2197002347254764,0.34320987654320984,0.28189300411522633,0.21234567901234563
150,150,0.9588477366255144,0.959252716062088,0.9628900094547747,0.9837693034982666,1.3702724908358355,2.8417288721685714,0.8236749112951097,1.055199533335185,0.9398639567372463,0.35102880658436214,0.3028806584362139,0.23415637860082303
151,151,0.9382716049382716,0.9385029800892609,0.9364538586876019,0.9780032587764775,1.6586979245743207,2.988349276086853,1.0214194336003548,0.7983184082374623,1.036458184001211,0.2835390946502057,0.18312757201646085,0.2004115226337448
152,152,0.9382716049382716,0.9388301916818911,0.9415286144578313,0.9753012048192771,1.4438174908001549,3.2284920109254216,0.8422892481518948,0.4658108616089618,1.550174178577883,0.39835390946502053,0.30452674897119336,0.21481481481481474
153,153,0.9465020576131687,0.9470026231559695,0.9506514164520528,0.974928041205878,0.8677341936557416,3.1978685590975666,0.952382471480003,0.7261843811042332,1.2772769877545207,0.40370370370370373,0.33168724279835393,0.2448559670781893
154,154,0.9588477366255144,0.9591832669933109,0.962960157551886,0.9921981517951826,1.6655761077138118,2.935229890144576,-0.4218796868138864,1.062170762794772,1.6995756959729011,0.35967078189300405,0.31646090534979426,0.18641975308641973
155,155,0.9629629629629629,0.9627834516184871,0.9537037037037037,0.9814814814814814,1.3829400167971295,2.838338125394008,0.8177850718436432,1.1055113859709946,1.3437277765991293,0.3460905349794238,0.27448559670781886,0.14691358024691356
156,156,0.9300411522633745,0.9306114862539848,0.9327136720485854,0.9657828469856318,0.9867090268498337,3.4514578708588335,0.17141362794899836,1.8991716210690481,1.1740718536388166,0.3637860082304527,0.2728395061728395,0.202880658436214
157,157,0.934156378600823,0.9349945719407206,0.9377560668137409,0.9834541443428931,1.0092403697554917,3.5161954218003375,0.8117751716479256,1.1124711272897685,1.0960227048288749,0.3666666666666666,0.35061728395061725,0.2045267489711934
158,158,0.9465020576131687,0.9467773418308888,0.9431531673495115,0.9825086668767727,1.1276560806250533,2.3245922389108387,0.14987992302518904,1.92823518428199,1.730593131266569,0.33497942386831286,0.28683127572016465,0.16666666666666669
159,159,0.9300411522633745,0.9299537438730008,0.9230571847507332,0.9719208211143695,1.8402114014790327,2.3753952402507266,-0.13039139815973638,1.758605350657335,1.5240802229656552,0.37201646090534973,0.24115226337448553,0.1267489711934156
160,160,0.9506172839506173,0.9509713516436913,0.9493043339197185,0.9886454501839117,1.396840274602026,2.840478332070078,0.08775123658481321,1.5176896417178152,1.6009048173658869,0.3753086419753086,0.3432098765432099,0.22469135802469137
161,161,0.9218106995884774,0.9226380995928322,0.9288267911863417,0.9722749160951408,1.383341501738258,3.675813918615792,0.5410652148193691,1.603589456672509,0.2801471150180409,0.32263374485596713,0.2711934156378601,0.1975308641975309
162,162,0.9588477366255144,0.9588477366255144,0.955238726790451,0.9830533451223107,1.9864377695452196,2.5095875809793595,1.3675604955737306,1.0598722493035686,0.34006918218624005,0.3049382716049382,0.20576131687242794,0.17078189300411523
163,163,0.9300411522633745,0.9303905875859317,0.9244249726177437,0.9731653888280395,1.4400794518387254,3.013444348799191,0.8764964882480147,0.4861385490742601,1.5299516128684048,0.35432098765432096,0.30246913580246915,0.2144032921810699
164,164,0.9547325102880658,0.9547991743907286,0.9508786547492805,0.9825026511134677,2.053566555875009,2.6835771519484184,1.045760885330516,0.8510169891506134,0.8590918305657275,0.3218106995884774,0.2181069958847736,0.18189300411522633
165,165,0.9259259259259259,0.9257502796828638,0.9183006535947712,0.9769789397240377,1.130963267769657,2.95911456319267,0.8565428378378165,1.0745368226205572,1.3438500015789623,0.3411522633744856,0.2366255144032922,0.20123456790123453
166,166,0.934156378600823,0.9346932271892973,0.9353507044387214,0.9842448113922133,1.728785757231532,2.8944673806429706,0.9374453913337075,0.9897220604005005,0.9304751221351025,0.3213991769547325,0.27283950617283936,0.168312757201646
167,167,0.9588477366255144,0.959252716062088,0.9628900094547747,0.9875512133627482,2.2400864693473874,3.1671383891060887,0.4231034170483787,0.4966813396589931,1.3552884256419109,0.36790123456790125,0.2567901234567901,0.1818930041152263
168,168,0.934156378600823,0.9340057559374917,0.9275231347599768,0.9742625795257375,2.5385260742816724,3.240114040861759,0.9111962306325342,0.9157057676932655,0.06747937257801297,0.2687242798353909,0.22839506172839502,0.15679012345679005
169,169,0.9506172839506173,0.9507881463349146,0.9519203413940256,0.9852773826458037,2.04775244090232,3.1107196530018637,0.6128854426624467,0.9457698235958887,0.6774782949638803,0.3304526748971194,0.26296296296296295,0.18641975308641973
170,170,0.934156378600823,0.9343125085946559,0.9311950146627566,0.9668621700879766,1.4938045333745171,3.6611611751536306,0.7760787381444574,0.9107343809129285,0.9848959783127252,0.3201646090534979,0.294238683127572,0.19547325102880658
171,171,0.9423868312757202,0.9426797364217543,0.9421072226358898,0.9581533879374534,1.2183231460620674,3.378942094630589,0.18421057047137024,0.709288725559246,2.0078152669622726,0.3123456790123458,0.26131687242798357,0.19218106995884776
172,172,0.9465020576131687,0.9467459275095169,0.9442101226993864,0.9785276073619632,1.3486700755819452,3.107908620430715,0.6656449212552997,0.834014183001319,1.3235425296942953,0.3580246913580247,0.26378600823045273,0.16995884773662553
173,173,0.9465020576131687,0.9464441688046564,0.9420889720702563,0.9856752087532392,1.7666021592907544,2.5273789645350626,0.36509489121133626,0.9302659231335237,1.7777331673324956,0.3238683127572016,0.23621399176954733,0.18806584362139916
174,174,0.9547325102880658,0.9548148392206248,0.9488095238095238,0.9788888888888889,1.0399483324796583,2.6365354051096714,1.0175812184563824,1.4089920425374973,1.2800117863360956,0.32716049382716045,0.23045267489711935,0.15555555555555559
175,175,0.9382716049382716,0.9382122221628395,0.9342460881934567,0.9835704125177809,2.161292361263697,3.098407662264969,0.5081186285710556,0.34560799073681825,1.4772018152087814,0.3057613168724279,0.22345679012345676,0.16131687242798348
176,176,0.9423868312757202,0.9423868312757202,0.9395092460881935,0.9911095305832147,2.151021025117208,2.905600194240237,0.5972630316946034,0.9969768465032008,0.6072576424449659,0.2905349794238684,0.19506172839506175,0.16502057613168725
177,177,0.934156378600823,0.9344686385884888,0.9334659593280283,0.9680223990568818,1.9934376007982986,3.0156484661457554,0.4019625581026895,0.8662893117289483,1.1755447781467334,0.32222222222222224,0.2860082304526748,0.1707818930041152
178,178,0.9506172839506173,0.9506172839506173,0.9437326335288669,0.994133991972831,1.1660970926773022,3.4772951235814493,0.007715578595627316,1.375114130813092,1.3693487083833222,0.3666666666666667,0.26296296296296295,0.18189300411522633
179,179,0.9218106995884774,0.9218985129500481,0.9173202614379086,0.9675381263616557,1.6678024507626892,3.6018556423187937,0.18398003566763138,0.7211127731455501,1.3253990409061254,0.3329218106995885,0.2683127572016461,0.18765432098765433
180,180,0.9588477366255144,0.9590498775086589,0.9602651459043106,0.9922233743149164,1.4949395092809747,3.227465692089382,0.22735335207785135,1.4429706259265922,0.9169306221143513,0.3489711934156378,0.2831275720164609,0.2148148148148148
181,181,0.934156378600823,0.9337244005351446,0.9197530864197531,0.9851394604481024,2.063523881134362,3.0687883243610443,0.7400611886620814,0.6083929988513102,0.9612790298189897,0.2962962962962962,0.2518518518518518,0.16172839506172837
182,182,0.9423868312757202,0.941947473556669,0.9313725490196079,0.9780682643427742,1.4162653142982782,3.174246018018763,0.9377124225209057,1.1622049642584722,1.0342762113432793,0.3477366255144033,0.19259259259259265,0.1987654320987655
183,183,0.934156378600823,0.9337244005351446,0.9197530864197531,0.9852918762383783,1.0744448367191273,3.041703530991809,0.7211145547734182,0.6494954882214099,1.5272044095928143,0.348559670781893,0.2814814814814815,0.17201646090534978
184,184,0.9547325102880658,0.9546778843885726,0.9500583685976944,0.9824894206916679,1.5781239463910182,3.005694332291435,0.8546870374504448,0.4387834300904027,1.3409315821164358,0.3790123456790123,0.3061728395061728,0.17489711934156377
185,185,0.9465020576131687,0.9467384121589729,0.9444444444444444,0.9875019051973785,1.9696392365356166,2.9932591353496454,-0.02116637605295097,1.0952760361303464,1.0061666163912701,0.3806584362139918,0.3041152263374486,0.16666666666666669
186,186,0.9629629629629629,0.9633096342912525,0.9656432748538011,0.9874106562703054,0.9002144088545019,3.1805278668085886,1.359294226449852,1.2186068301324076,0.6473998318899827,0.3530864197530864,0.2909465020576131,0.21316872427983533
187,187,0.9711934156378601,0.9713746226440234,0.9711394302848575,0.9886723305014159,1.2659305045826377,2.8993646034561773,0.5825595903744358,1.3360735039967093,1.2166564759976302,0.402880658436214,0.31440329218107,0.20534979423868313
188,188,0.9629629629629629,0.9630923664734375,0.9635997067448681,0.9877565982404692,1.5409286822565933,2.593966462872066,0.8240309055897359,0.9848202403818823,1.0818409364215376,0.30123456790123454,0.27037037037037026,0.20905349794238676
189,189,0.9176954732510288,0.9194658117163982,0.9251857968620975,0.9790255986787779,1.5806869984835104,2.843713311633114,0.6723502694489453,1.39701963922893,0.9355368218658238,0.35267489711934163,0.2641975308641976,0.1666666666666667
190,190,0.9506172839506173,0.9507181733705031,0.9496472790095019,0.9794126115750071,1.460737549889099,2.5116909428842296,0.18080018649252133,1.2021193670651402,1.883456384155551,0.3868312757201646,0.29917695473251027,0.2045267489711934
191,191,0.9506172839506173,0.9509511065066621,0.9497321147179325,0.9842420422313268,1.265818951522096,3.101010145973814,0.7470032448503092,1.7751145887079434,0.6675867760798039,0.35144032921810703,0.24403292181069958,0.17242798353909464
192,192,0.9506172839506173,0.9506172839506173,0.9460079988149903,0.9809657828469857,1.303168061114947,2.7302705183097795,0.8450228020065543,1.6432242089648477,0.6413845771238031,0.3300411522633745,0.24691358024691357,0.1522633744855967
193,193,0.9547325102880658,0.9547871361875591,0.9522360703812317,0.98475073313783,1.804790844498293,3.293489880667518,0.20696942479867383,0.7492080997639121,1.1490117290996438,0.36666666666666664,0.3168724279835391,0.2090534979423868
194,194,0.9382716049382716,0.938678925062795,0.9435586734693877,0.9800878684807257,1.1782733176963205,3.205226953647203,0.3527192734303383,1.9379794207439036,0.4690144919973405,0.3238683127572016,0.21769547325102873,0.13497942386831271
195,195,0.9382716049382716,0.938726132910972,0.9380751533742331,0.9745398773006135,1.4737138078077505,2.639140028935576,0.7240615609399518,1.2589438718232504,1.2734761534319827,0.3345679012345678,0.27777777777777773,0.21769547325102873
196,196,0.9588477366255144,0.9590788252563235,0.9599681866383881,0.9905317376155128,1.16147364458967,3.4110659357019375,0.8487907594953177,0.9745591779425694,1.195816269829323,0.3670781893004115,0.31111111111111106,0.21604938271604932
197,197,0.9423868312757202,0.9423868312757202,0.9392760245609024,0.9840782521776381,1.1418364934259764,2.9977847239238313,0.6956452142709789,1.4883024048969962,1.0667358729026453,0.3279835390946502,0.21769547325102886,0.1806584362139918
198,198,0.9547325102880658,0.954797089516157,0.9511295180722892,0.9880271084337349,1.9459845368467041,2.7396505951600023,0.7217014764718739,0.43140277414279543,1.320613720565836,0.3753086419753086,0.29218106995884774,0.18518518518518517
199,199,0.9506172839506173,0.9506172839506173,0.9465542521994135,0.9906158357771261,1.778058903201033,2.7135674208312093,0.5372879215348242,1.021483919743052,1.1878786281142688,0.3234567901234568,0.2905349794238683,0.1868312757201646
200,200,0.9629629629629629,0.9630060974664545,0.9612943236538742,0.9830731066686124,1.2477207869843367,2.9967595371663367,0.1475305815009037,1.5973073905474187,1.1976351861146128,0.294238683127572,0.2600823045267489,0.18312757201646085
201,201,0.9423868312757202,0.9427399442453206,0.9450980392156862,0.986637618010167,1.7141550077605892,3.089536626703354,-0.01753428203593406,1.249374793461464,1.0351699125498675,0.3255144032921812,0.2613168724279836,0.2024691358024692
202,202,0.9465020576131687,0.9467095326893702,0.9452717795979151,0.979746835443038,1.1451375404224844,4.028481988233643,0.18823681418630356,0.9529112148752532,1.4087116261063,0.357201646090535,0.30329218106995887,0.22139917695473255
203,203,0.9629629629629629,0.9632981150091345,0.9689759036144578,0.9861445783132531,0.5986821368609982,3.1562936223698026,1.1108484863989163,1.163051627434994,1.249444717622579,0.45967078189300403,0.39135802469135794,0.26584362139917694
204,204,0.934156378600823,0.934502615981903,0.9328391734052112,0.97911051212938,1.5133065242767751,3.3040339150259626,1.095413567462332,0.7705990226847547,0.8924243510275637,0.3288065843621399,0.27366255144032914,0.19218106995884768
205,205,0.9423868312757202,0.9425332838487372,0.939638572063398,0.9918530588061027,1.469819786754021,3.352258414641879,0.6526447351547107,0.1617331205780669,1.4601846744705909,0.2818930041152264,0.22592592592592595,0.17201646090534983
206,206,0.9465020576131687,0.9463015324823113,0.9388224135415146,0.9824894206916679,2.0695430599771765,2.6669210560024834,0.5119189461679523,0.8542855439032684,1.3383312905698357,0.3304526748971194,0.2419753086419753,0.18930041152263377
207,207,0.9300411522633745,0.9302718992657174,0.9315384615384615,0.9751748251748252,2.460728433059206,3.362878652172281,0.27176185048709456,0.7417802472873323,0.7090460249263938,0.3226337448559671,0.22798353909465022,0.17489711934156377
208,208,0.9506172839506173,0.9507471229685224,0.9484363365599404,0.9780342516753537,1.0660338239059268,2.960290922849834,1.0630448953032634,0.9612917596439203,1.264299254952358,0.3814814814814815,0.239917695473251,0.18189300411522633
209,209,0.9670781893004116,0.9670781893004116,0.9627300613496932,0.9845092024539878,1.2948163841239075,3.1855514920064576,0.40804744219327976,1.0961712463516942,1.329989653705837,0.3222222222222223,0.3004115226337448,0.21687242798353915
210,210,0.934156378600823,0.934156378600823,0.9263747916982276,0.9775034085744585,1.2060710706456164,2.9385887546039022,0.6527937276964523,1.4094988602567506,1.328902947267343,0.30823045267489707,0.24814814814814806,0.19753086419753085
211,211,0.9300411522633745,0.9306235444676365,0.9275921840529467,0.9839268830759534,1.6441016895282148,3.1243957051723945,0.3314221732718999,0.7025933786027138,1.6714724426012073,0.39588477366255137,0.3131687242798354,0.22427983539094645
212,212,0.9670781893004116,0.9670781893004116,0.9656828131619828,0.9937861883914701,1.0802443471142185,2.913826310870263,0.7237344706885692,1.2249581750026455,1.2364063884759744,0.3580246913580247,0.3028806584362141,0.14320987654320988
213,213,0.9423868312757202,0.9427399442453206,0.9450980392156862,0.9766884531590414,1.945356126000216,3.061321508650127,0.6455554339007549,1.11778225895496,0.45826770039352066,0.320164609053498,0.23868312757201648,0.168724279835391
214,214,0.9465020576131687,0.9468201564110599,0.9415329184408778,0.9805928594824763,1.5067758463306749,3.5502086681596543,0.46306007035604985,1.472009309454383,0.8951327929617298,0.37530864197530867,0.2979423868312757,0.19629629629629627
215,215,0.9629629629629629,0.9629182690451957,0.9589230993725375,0.9937253757478477,1.2769367449417923,2.9167928338347897,0.7234194786937198,1.5335073451845496,0.8876872145584225,0.3440329218106995,0.27078189300411515,0.19917695473251024
216,216,0.9506172839506173,0.9510745313214449,0.9534965034965035,0.9731157731157731,1.308867370100791,3.072180426016069,-0.23223812695126114,1.9867943153442453,1.2769253918895014,0.3382716049382716,0.2720164609053498,0.157201646090535
217,217,0.9588477366255144,0.9588477366255144,0.9547654504839911,0.9949367088607595,1.1624272833313412,2.8204776162567153,0.9540730586789975,1.363745869842012,1.0206609350088869,0.37242798353909456,0.2530864197530863,0.1584362139917695
218,218,0.9382716049382716,0.9385529932802119,0.9348926380368099,0.9776840490797546,1.0233906878862205,3.525858379307664,0.3937951773028757,1.5992963734306658,0.709778635751274,0.3827160493827161,0.2786008230452674,0.2164609053497942
219,219,0.9670781893004116,0.9671507829402567,0.9669934640522876,0.9864197530864197,1.4243404341196393,2.9174919640470733,0.37103674909106515,1.3049895534733114,1.4216207000085985,0.35596707818930046,0.3037037037037037,0.19135802469135804
220,220,0.9547325102880658,0.9548124740572089,0.9491411913016073,0.988811849984242,1.9037557821041409,3.104820557605469,0.8145626016252236,0.8306787079621647,1.0952098761496374,0.31275720164609055,0.2679012345679012,0.19794238683127569
221,221,0.9176954732510288,0.916829879798329,0.9026143790849673,0.981118373275236,0.9093991856361342,2.7052058664633734,0.5638055110975251,1.8353107026541975,1.3118412938335076,0.2987654320987655,0.18724279835390947,0.11440329218107001
222,222,0.9629629629629629,0.9630742469617152,0.9638281025050388,0.9885545637777138,1.987406964570595,2.914585935063697,0.6704918725141227,0.754118739631343,0.9872385509837558,0.3465020576131687,0.2888888888888888,0.15308641975308637
223,223,0.9588477366255144,0.9589559358071019,0.9574832464631422,0.9868205510052123,1.1613488263114313,3.0661941795722583,0.5466794496864806,1.0679265454478402,1.251079844790874,0.35637860082304523,0.3041152263374485,0.21851851851851847
224,224,0.9465020576131687,0.9465735669764261,0.942553983618764,0.9848101265822785,1.6920704401900286,2.7857994704687306,0.6842860743732758,0.8650627213535259,1.1851247466617636,0.29670781893004117,0.23621399176954733,0.2111111111111111
225,225,0.9547325102880658,0.9547991743907286,0.9508786547492805,0.9938645659748523,1.0558528387295163,2.9235580517619932,0.8127452481772381,0.9663299307556189,1.1140732107125586,0.34238683127572017,0.28930041152263375,0.19465020576131686
226,226,0.9506172839506173,0.9506172839506173,0.9454177897574124,0.9888439652590597,1.7921028514484243,3.2037262249279257,1.1831112617870247,0.45266025323129566,0.9541982418373369,0.3526748971193415,0.2736625514403292,0.17489711934156382
227,227,0.9423868312757202,0.9424954193960042,0.9412394687990862,0.970798229330287,1.0729331978892898,3.2175197633003747,0.2831016134689097,0.8623338418254248,1.95458840387469,0.34732510288065843,0.274485596707819,0.16543209876543216
228,228,0.9711934156378601,0.971242825625656,0.9684712877483962,0.9877171021749335,2.002121637545206,2.753108405898918,1.3702109083002056,0.15463788134965956,0.9774811099214908,0.31934156378600825,0.2757201646090535,0.1740740740740741
229,229,0.9506172839506173,0.9508945903075882,0.9507650356006665,0.9775791546735343,1.4116044169449025,2.9815399794049178,0.5872333878485897,0.6066710806314334,1.8247896630989968,0.33662551440329225,0.27613168724279835,0.20164609053497942
230,230,0.9382716049382716,0.9386386420127615,0.931583688175565,0.9903373730756633,1.2730570333842206,2.949786634323466,1.13460529817658,1.2979787748768687,0.51821024078005,0.3329218106995884,0.24650205761316862,0.1736625514403292
231,231,0.934156378600823,0.9338660040414426,0.926236559139785,0.9806451612903226,1.372694488947992,3.061989307565523,0.35956760413700267,1.6196480166065768,1.0133480593776902,0.32510288065843623,0.26131687242798346,0.16913580246913576
232,232,0.9547325102880658,0.9549200932629981,0.9540286144578314,0.9841114457831326,1.2802572674965018,3.595934419259482,0.21840209417246217,0.8522419946967373,1.4267929999227569,0.36296296296296293,0.31234567901234567,0.22757201646090533
233,233,0.9465020576131687,0.9463834542648533,0.9320339830084958,0.990671331001166,1.9707772109950539,3.3106953267910795,0.32462533842105673,0.528745417645085,1.1294438997870428,0.3325102880658436,0.2740740740740741,0.1831275720164609
234,234,0.9382716049382716,0.9385029800892609,0.9364538586876019,0.9824470448822397,1.2038036878457108,3.1322627254536424,0.6215771890492046,1.0237747802766197,1.4265609866007376,0.3502057613168724,0.33086419753086416,0.20617283950617277
235,235,0.9423868312757202,0.9425758216794544,0.9372960372960373,0.9859362859362859,1.3563318150658101,2.890759275770704,0.871511281458149,0.6805863189094271,1.7075626375606017,0.3506172839506173,0.28847736625514414,0.1917695473251029
236,236,0.9176954732510288,0.9178906357433199,0.9133797653958944,0.9601906158357771,1.4941006001531647,4.108238170544114,0.281369302843229,0.566785829463594,0.9590125220451745,0.3320987654320988,0.2987654320987655,0.22798353909465024
237,237,0.9547325102880658,0.9547910288993021,0.9518219523033624,0.9916308695008147,1.1460049531841652,2.6297508115394006,0.7509996731743339,0.6828118064416917,2.119285895351333,0.39218106995884766,0.3164609053497942,0.20699588477366251
238,238,0.9423868312757202,0.9426797364217543,0.9421072226358898,0.9807148175725986,2.3342971421484173,2.687366340084582,0.6859406011142284,0.5479420106625179,0.9184573918620365,0.33950617283950624,0.2674897119341564,0.17572016460905354
239,239,0.9588477366255144,0.9588477366255144,0.9542545180722892,0.9891566265060241,2.048502279718615,3.5131668574259836,0.6317427633127018,0.6007045758252447,0.7657613236630357,0.3502057613168724,0.3098765432098765,0.22016460905349788
240,240,0.9753086419753086,0.9755166217430369,0.9814814814814814,0.9878829446730681,0.924764509948164,2.7930013026653646,0.7570510826337175,1.4717776314267852,1.4039296592641817,0.3683127572016461,0.3008230452674897,0.24650205761316868
241,241,0.9588477366255144,0.9591514795218499,0.9588638195004029,0.9767123287671232,0.8996692728297478,3.327939084245748,1.4486088217138349,1.4487546726552272,0.4345249237225033,0.33456790123456787,0.2506172839506172,0.16584362139917694
242,242,0.9465020576131687,0.9464019081183296,0.9354761904761905,0.9889682539682539,1.1367922007507327,2.82883817190342,0.3176970368137598,1.8139766209563033,1.353992699205515,0.3604938271604939,0.2650205761316872,0.17160493827160495
243,243,0.9300411522633745,0.9309683893276832,0.9349650349650349,0.9814296814296815,0.5666489631550193,2.87651513663398,0.8766211179999402,1.1536942691071153,2.0168072355996047,0.3362139917695473,0.31440329218107,0.20823045267489712
244,244,0.9465020576131687,0.9466692236718077,0.9462116830537883,0.9798293811451707,1.4560489838747894,3.119542265721473,0.6084630714621775,0.883726419840937,1.3067184646633665,0.34938271604938276,0.27736625514403296,0.2094650205761317
245,245,0.9465020576131687,0.9469212483705238,0.9470862470862471,0.981041181041181,0.8677538865351645,3.3379318960811566,-0.0214832606271423,1.6582638688470244,1.4603395131331387,0.3831275720164609,0.28683127572016465,0.2288065843621399
246,246,0.9506172839506173,0.9504601226993865,0.941358024691358,0.9877305288827922,1.7607724487658134,2.853091316830025,1.3998890414324452,0.8729212724652183,0.1912359080417538,0.28683127572016465,0.23168724279835393,0.21604938271604937
247,247,0.9506172839506173,0.9506172839506173,0.9433566433566434,0.9758352758352759,1.39733158793387,2.927085323121445,0.6870099237949835,1.4840423905497333,0.9903836398397029,0.3432098765432099,0.22304526748971193,0.16995884773662548
248,248,0.9218106995884774,0.9217130078580597,0.914149560117302,0.9826979472140762,1.424301377844053,2.9184313673176594,0.2223445947879396,2.0618832391311344,0.49506074069628886,0.2995884773662552,0.2329218106995885,0.1255144032921811
249,249,0.9547325102880658,0.955015302139275,0.957036485480268,0.986373790022338,1.3466999358153826,3.044587361369134,0.7570263319155595,1.001287008888834,1.210407060024023,0.3917695473251029,0.27366255144032925,0.20123456790123453
