,random_seed,accuracy,f1_weighted,balanced_acc,auc,model_weights.random_forest,model_weights.bagging_svc,model_weights.bagging_knn,model_weights.gradient_boosting,model_weights.mlp,feature_importance.lefttop_CO2_scaled,feature_importance.lefttop_CO2_fd3_scaled,feature_importance.lefttop_CO2_fd2_scaled,feature_importance.lefttop_CO2_fd1_scaled
0,0,0.9672727272727273,0.9671536553334305,0.9438211796702363,0.992775794662587,3.134781121612626,2.1131488910673304,1.0870435896490018,0.40446779862654814,0.3753271231950263,0.152,0.038909090909090914,0.037090909090909105,0.024363636363636375
1,1,0.9563636363636364,0.9563636363636364,0.9308697838109603,0.9911178146472264,2.7600987563557986,2.030011776611669,0.714143323307864,1.1412713540783532,0.9294070520616284,0.17454545454545461,0.06327272727272733,0.05309090909090913,0.019636363636363695
2,2,0.9527272727272728,0.9525798399701402,0.926789077212806,0.9924670433145009,2.6917721868433033,1.6718345848151563,0.991024243388209,1.0439600051745765,1.054535680904413,0.19781818181818184,0.03345454545454548,0.01563636363636368,0.00945454545454547
3,3,0.9345454545454546,0.9326651522877939,0.8744970223724449,0.976259455979398,2.7678447648603695,2.0973356140111887,1.0262521088096832,1.2412503917021407,0.3489699756825738,0.128,1.1102230246251566e-17,0.01054545454545457,0.04981818181818185
4,4,0.9745454545454545,0.9741771170319751,0.9507553317535544,0.9989632701421801,2.6418838641742095,1.6080978521710958,1.1757474314338747,1.1167395951173003,0.6122179504073632,0.19599999999999995,0.028727272727272667,0.014181818181818129,0.01236363636363631
5,5,0.9490909090909091,0.9490909090909091,0.9181964983851776,0.985041645419004,2.8932084951927903,1.9735948580907061,1.0499747350154511,0.8895424754920223,1.0530705318604598,0.14400000000000004,0.0330909090909091,0.07818181818181819,0.04872727272727273
6,6,0.9672727272727273,0.9671868680427772,0.9525518341307815,0.9959402638828476,2.9185200272960046,1.008305270301625,1.2205309686313137,1.3269244340077737,0.9489692778443783,0.21927272727272729,-0.0014545454545454417,0.008000000000000007,0.0301818181818182
7,7,0.9454545454545454,0.9452274041747726,0.9012481644640236,0.9881607929515419,2.593591843075114,1.6578266220956652,0.32056878749074585,1.937145583408175,1.1620224440637832,0.12799999999999997,0.017454545454545424,0.021454545454545438,0.044727272727272706
8,8,0.96,0.9598582308390118,0.9331322272498743,0.9865091335679571,3.469167870067745,1.3724997948631918,0.9562179632400013,1.3888398113127387,0.3586795385679358,0.1585454545454545,0.006181818181818122,0.031272727272727216,0.013818181818181775
9,9,0.9636363636363636,0.9636363636363636,0.9335748792270531,0.9879227053140097,3.600685414626247,1.1407463879425506,1.2250247526562832,0.8686670280306568,0.45686298698383454,0.14618181818181814,0.023999999999999976,0.012363636363636354,0.014181818181818151
10,10,0.9563636363636364,0.9555964733902531,0.9225784952606635,0.9920023696682465,2.787290659942346,1.8256982626953802,0.8923648593302447,1.6819614434637826,0.2997687017457546,0.18436363636363642,0.041090909090909136,0.01563636363636368,0.033454545454545515
11,11,0.9672727272727273,0.9678234540193539,0.9653663097059324,0.9943906170321265,3.1688301622884354,1.4572554692402,0.9022747615863402,1.1765921661239902,0.9902546230150668,0.17745454545454545,0.03527272727272727,0.048363636363636386,0.024363636363636375
12,12,0.9454545454545454,0.9460345102040424,0.9221283201103829,0.9892204208347707,2.913722580783522,1.31573618383524,0.512474964226519,1.097696691965907,1.5248321779668363,0.16545454545454547,0.025818181818181796,0.041818181818181796,0.018909090909090896
13,13,0.9818181818181818,0.9818809703475496,0.9746941511647393,0.9984079101726161,2.330911514607559,1.670630343729628,0.8351228764255488,1.1541138459567788,1.3251498731805038,0.18,0.02981818181818181,0.05818181818181819,0.018181818181818167
14,14,0.9709090909090909,0.9705595489781536,0.9469180675450553,0.9914432833560503,3.1219310559232265,2.064443008759846,1.1412335956139639,1.0954863432749087,0.12356516829200519,0.21490909090909094,0.03672727272727276,0.014181818181818217,0.033090909090909115
15,15,0.9236363636363636,0.9226099139770906,0.8837543053960965,0.9760332950631458,3.0203293051235267,1.8110404713992627,1.545038397897858,1.1007542025039918,0.3911994357891142,0.18472727272727268,0.020363636363636316,0.029818181818181765,0.004363636363636325
16,16,0.9563636363636364,0.9560418953244065,0.9227010028896822,0.9888662247152813,3.087983399130818,1.6634208486946163,1.1877620086545517,0.7081935007153504,0.7835407430655332,0.15200000000000005,0.013454545454545497,0.014181818181818217,0.03272727272727279
17,17,0.9636363636363636,0.9628529043623383,0.9240052185257664,0.9818166992824526,3.2648841819306065,1.1990634919709935,0.8308715407174196,1.1066847820318917,1.1116233635682549,0.172,0.028727272727272702,0.04290909090909091,0.029090909090909077
18,18,0.9345454545454546,0.932719921587846,0.8873969877806195,0.98820687695368,2.3243306109151547,1.5707337660611396,1.447667467939289,0.5723430789837626,1.3729292262148827,0.17054545454545458,0.014909090909090927,0.03272727272727275,0.018545454545454566
19,19,0.9563636363636364,0.9561583782071585,0.9384493233913284,0.9895747031206849,2.625993359450112,2.476148726125897,0.6249751452416533,1.1307532256118946,0.3294789740045288,0.22290909090909095,0.03272727272727279,0.09563636363636369,0.03381818181818187
20,20,0.9490909090909091,0.9486487046274401,0.9017357222844344,0.9861888764464353,2.1985904638894063,1.6418369949777991,1.0974297638920392,0.6872946962739063,1.759589856363613,0.12981818181818183,0.0629090909090909,0.042181818181818195,0.05345454545454546
21,21,0.9563636363636364,0.9557201542851768,0.9168761521702697,0.987766046589576,2.605636811331537,1.7843582617144433,0.5649126580404096,1.7545421492585438,0.8858183716809962,0.14400000000000002,0.016727272727272778,0.05490909090909096,0.001090909090909109
22,22,0.96,0.9595746925170355,0.9272727272727272,0.9924793388429752,2.939821562154062,1.484511612882796,0.6867496231558012,0.6380708288720911,1.7083230066731556,0.18218181818181817,0.026545454545454518,0.017818181818181778,0.041454545454545424
23,23,0.9490909090909091,0.9472628374515166,0.8919434292070555,0.986969648816145,2.541527012240298,1.345454570948698,1.246857409651939,1.3983556339479686,1.07139079050515,0.16618181818181818,0.013454545454545464,0.05018181818181818,0.005818181818181811
24,24,0.9309090909090909,0.9302291090979048,0.8867392340696012,0.9856189416812331,2.1069317856869736,1.866458773985598,1.8307927724865214,0.4992972800315771,1.002836884479697,0.12836363636363637,0.016000000000000004,0.01636363636363637,0.007636363636363663
25,25,0.9345454545454546,0.9329725158562369,0.8865891587677726,0.9869668246445498,2.6740652173533532,1.518218976899121,0.9362943676779845,1.0084835796746816,1.2257018271323032,0.16800000000000004,0.000727272727272732,0.012363636363636387,0.04436363636363638
26,26,0.9454545454545454,0.9449038187079191,0.9072911636890391,0.9824561403508772,2.209584241715762,1.9580175305120904,0.7663086842584393,1.054417403854715,1.67586022869903,0.16799999999999998,0.0338181818181818,0.05636363636363635,0.028727272727272712
27,27,0.9490909090909091,0.9472140863620685,0.8901496861419604,0.9897794946080798,2.7924079530354446,2.2107311551881677,1.3206689375462217,0.5397413183408397,0.5947272882055328,0.1632727272727273,0.04109090909090912,0.012727272727272709,0.009454545454545448
28,28,0.9563636363636364,0.9563636363636364,0.9298827129015809,0.9868264490906,2.7246708856264408,2.1220509275530324,0.9028636927325405,1.5407078544397503,0.09940023990176118,0.14654545454545462,0.01745454545454551,0.008727272727272773,0.037090909090909154
29,29,0.9563636363636364,0.9567123647528197,0.9324981644640236,0.9866923641703378,2.176782337300377,1.9337248598292724,0.93455010072049,1.6757614755152277,0.6715412813770153,0.15200000000000008,0.025454545454545507,0.09200000000000005,0.0069090909090909645
30,30,0.9454545454545454,0.9452844307347771,0.9159996861268047,0.9794413057124922,2.6856045631140533,1.7953166853004685,0.7024112410733331,1.625072581786445,0.8312323123308198,0.1956363636363636,0.0367272727272727,0.058909090909090876,-0.0043636363636363916
31,31,0.9672727272727273,0.9671706584408661,0.9483678593848086,0.9937225360954174,2.1572255074394637,2.1522703291485006,0.7655910476532765,1.2033949243721325,0.8224635852616491,0.18400000000000002,0.04290909090909091,0.045818181818181834,0.02072727272727274
32,32,0.96,0.9603936736801604,0.9477272727272728,0.9939669421487604,3.3071992783211908,1.7481824254382834,0.7474439213977685,0.9182065348089875,0.7992375675289942,0.1610909090909091,0.058545454545454526,0.07636363636363631,0.012363636363636321
33,33,0.96,0.9601312245600535,0.9416585127201565,0.9958414872798435,2.9275554927916967,2.0060033733374554,0.9130290887821543,-0.07718819867941557,1.2626038075484052,0.1578181818181818,0.04109090909090905,0.04945454545454543,0.043636363636363605
34,34,0.9745454545454545,0.974267620020429,0.9491788168258757,0.9932126696832579,2.512750983747534,1.6059853123712373,1.243349453247374,1.4824486558188588,0.5659573727030213,0.1832727272727272,0.03854545454545448,0.034545454545454504,0.017818181818181754
35,35,0.9490909090909091,0.9483199643493762,0.9038330783613803,0.985721570627231,2.860762960542706,1.697090025212961,0.8478984192445044,2.0817331666255923,0.4760570234468548,0.16072727272727275,0.010181818181818191,0.07054545454545455,0.011636363636363634
36,36,0.9490909090909091,0.9471635472370766,0.8882909328114807,0.990296803652968,2.565445401485865,2.2866398547528246,0.8472431025676134,0.5067716151315441,1.030543643583112,0.14618181818181816,0.030181818181818178,0.0036363636363636264,0.006545454545454532
37,37,0.9745454545454545,0.9746248414146798,0.9649213411727315,0.9953917050691243,2.238129380569081,1.489307046182209,0.3829169426345457,1.163289938934259,2.173664615565402,0.18836363636363632,0.049454545454545404,0.06763636363636359,0.0225454545454545
38,38,0.9490909090909091,0.9487773212349484,0.9193798449612403,0.9847286821705427,2.660140535109076,2.1389597429341483,0.5985476593175839,0.946605713326943,1.168574341835835,0.15672727272727274,0.045818181818181834,0.03672727272727274,0.03963636363636366
39,39,0.96,0.9598783364854061,0.9383720930232557,0.9924031007751938,2.6080628279147224,1.856119432671992,1.0483311871098162,1.1180687579974478,0.6619573573814715,0.18763636363636366,0.018909090909090855,0.01927272727272724,0.022545454545454514
40,40,0.9563636363636364,0.9563636363636364,0.9298827129015809,0.9926908040115587,2.5763472251019164,1.376332405516877,0.3177624930930213,0.5534187936233014,2.3097102483366085,0.17418181818181827,0.09054545454545458,0.0665454545454546,0.06727272727272733
41,41,0.9490909090909091,0.9478975444656461,0.9082417582417583,0.9897435897435898,2.2068728282445393,1.9618223404036095,0.4724104635964988,1.160670886638465,1.5545404228137372,0.14763636363636365,0.02400000000000001,0.042181818181818195,0.03345454545454547
42,42,0.9527272727272728,0.9529545167040423,0.9135499693439607,0.9866135295319844,2.289248247437415,1.9052959409956483,0.5699005348676889,2.042469272733104,0.8530765577451606,0.12981818181818186,0.022909090909090945,0.01818181818181821,0.018545454545454577
43,43,0.9563636363636364,0.9560418953244065,0.9227010028896822,0.9847866734659187,2.7130289358457618,1.7329018386201858,0.24021495054688713,1.0375482929692075,1.487996370487848,0.16181818181818183,0.030909090909090962,0.0476363636363637,0.06981818181818186
44,44,0.96,0.9601417691609883,0.9393166751657318,0.9884412714601394,1.8432994394627806,1.4089757858986223,0.6778278880630809,1.6858581928465066,1.7781799890885686,0.16727272727272724,0.0338181818181818,0.06363636363636359,0.03890909090909088
45,45,0.9381818181818182,0.9379984203124699,0.9075379194116746,0.983759767121189,2.45613334227677,2.535148951431552,0.757913943281668,0.9940855798438692,0.7402177459767655,0.16218181818181823,0.03490909090909096,0.07127272727272731,0.029090909090909157
46,46,0.9745454545454545,0.9742524541986493,0.9474387719903414,0.9946533287340462,2.9442767396421536,1.507877864421629,1.0352729304509083,0.7396418716077061,1.2071171051410379,0.17272727272727267,0.04654545454545448,0.031636363636363574,0.005454545454545423
47,47,0.9527272727272728,0.9520083519592185,0.9180296834772073,0.9926548538543086,2.0361838326429873,1.8136387300499077,1.147211732791571,1.5569518775772844,0.8028447364290826,0.16945454545454547,0.026181818181818205,0.05854545454545457,0.0010909090909091202
48,48,0.9563636363636364,0.9553454545454546,0.9083375828658848,0.9917559068502465,2.5266428562677965,1.4905442934458097,1.1040470547584742,1.4482115837194764,0.9591102743013188,0.16581818181818184,0.016727272727272792,0.02181818181818187,0.010909090909090969
49,49,0.9527272727272728,0.9525506712396657,0.9192393928941014,0.9884442911348741,2.4907680966315664,1.9386181364310975,0.8941393348834126,1.632251256324941,0.460126872139315,0.14181818181818184,0.034181818181818216,0.06254545454545458,0.022545454545454556
50,50,0.96,0.9601576743040158,0.9357052555535488,0.9873577749683945,3.037775587319781,2.0354496736434844,1.1993608209168825,0.6378341741800592,0.41438698907256616,0.14872727272727268,0.04872727272727271,0.06872727272727269,0.013454545454545419
51,51,0.9636363636363636,0.9633610262286733,0.9333390824422214,0.9948258020006898,2.7315298406254342,1.8889103917668209,0.5878113596641783,1.68830711185473,0.6613388615709748,0.15854545454545454,0.005090909090909079,0.026181818181818185,0.014545454545454528
52,52,0.9418181818181818,0.9397289570874477,0.8810185920864453,0.9922135706340378,3.0186437977452485,1.7509510370510244,1.318527941906817,0.8962979637204678,0.5387591675626231,0.15490909090909089,0.014181818181818129,0.002909090909090861,-4.4408920985006264e-17
53,53,0.9636363636363636,0.9629296343444098,0.9286821705426357,0.9934108527131783,3.1251883704439565,1.7182774952513216,0.794521831371724,1.0021995241078656,0.5881670917592361,0.16363636363636366,0.04036363636363636,0.01854545454545453,0.016000000000000004
54,54,0.9527272727272728,0.9531480090157776,0.9391086001255493,0.9795197740112995,2.4663236326707048,2.086389915568436,0.680731630725229,0.980812805353184,1.4947976846933702,0.15890909090909094,0.03381818181818186,0.06545454545454547,0.06763636363636366
55,55,0.9490909090909091,0.9490909090909091,0.9169972404277338,0.98637461193515,2.834634283864181,1.6951680393440192,0.68851333223546,1.1318983790913169,1.0638300398175151,0.15527272727272728,0.017818181818181834,0.027272727272727282,0.014545454545454539
56,56,0.96,0.9595002891844996,0.9197218710493047,0.9889832039010295,2.5059309183731115,1.8279468859496104,1.3932113732194173,1.182496555718283,0.45238546295716137,0.15599999999999997,0.02981818181818179,0.004363636363636314,0.017090909090909046
57,57,0.9636363636363636,0.9636363636363636,0.9431818181818181,0.9920661157024793,2.5599744123806216,1.5787222774853975,0.8895927617894281,1.7627247881243366,0.6081615508132043,0.17563636363636365,0.023272727272727244,0.023999999999999966,0.03927272727272726
58,58,0.9418181818181818,0.9418181818181818,0.9114759375502978,0.9855142443264124,2.171278401235515,2.006856417074026,1.0140149878707532,1.72159432498576,0.6599354771778642,0.16109090909090903,0.02072727272727267,0.05527272727272724,0.0007272727272726875
59,59,0.9672727272727273,0.9669059395676975,0.9366394696583376,0.9942206357300697,3.1555520835322426,1.631575774526382,0.820231525048466,0.581026092185444,1.231551495526678,0.18654545454545457,0.03636363636363636,0.05345454545454546,0.038909090909090935
60,60,0.9527272727272728,0.9529187691760234,0.9220814977973568,0.989262114537445,2.7469398577704514,2.024327869705946,0.4903228698010417,1.2329791339271945,0.9567763049397532,0.15127272727272728,0.03127272727272732,0.05490909090909093,0.02072727272727275
61,61,0.9672727272727273,0.9673982988499296,0.9488888888888889,0.9929777777777777,2.5695280583903584,1.4589022860374876,0.9620068927766339,1.5010360281458663,0.7930362950123739,0.15527272727272728,0.018545454545454566,0.02072727272727274,0.02400000000000001
62,62,0.9709090909090909,0.9709090909090909,0.9518557422969187,0.9935224089635855,2.764665414105281,1.3306052920792506,0.8428851007149063,1.4752244867447797,0.9821921542174105,0.17454545454545456,0.022181818181818212,0.023272727272727313,0.02072727272727275
63,63,0.96,0.9598423256959843,0.9288888888888889,0.9899555555555556,2.8120710083492635,1.7767777373697111,1.534017992927654,0.8512090528715784,0.2953611685996437,0.1618181818181818,0.030181818181818143,0.02109090909090905,0.011636363636363601
64,64,0.9709090909090909,0.9707001684360175,0.9469163733869617,0.9885201944025473,2.9697068257764188,1.8607386571373674,1.1998676874068754,1.346592132344047,-0.11450665208512123,0.15490909090909094,0.03345454545454547,0.038909090909090935,0.015272727272727294
65,65,0.96,0.9598618652353907,0.9340909090909091,0.9940495867768595,2.9666405033980086,1.5354934962228577,0.6800369727055695,0.9137765010835048,1.1942175232688437,0.16799999999999998,0.02799999999999996,0.011636363636363589,0.019636363636363608
66,66,0.9490909090909091,0.9490909090909091,0.9225414453565105,0.9832609045549654,3.117789514475936,2.2095263726816534,1.0626498121894188,1.1295489787506434,-0.07487809347711581,0.17963636363636365,0.01890909090909092,0.018181818181818188,0.03600000000000001
67,67,0.9781818181818182,0.9781818181818182,0.9601449275362319,0.9966183574879227,3.0844288738338643,1.4402822785159244,1.2132998643537458,1.173930864959855,0.4729269213675306,0.15127272727272728,0.04254545454545451,0.019999999999999952,0.015636363636363605
68,68,0.9490909090909091,0.9490909090909091,0.9169972404277338,0.9837012763021731,2.716397263044162,1.6985097512539657,1.0886078274527995,0.2901445701328424,1.7122886941505384,0.16836363636363635,0.046545454545454557,0.06436363636363637,0.061818181818181814
69,69,0.9709090909090909,0.9704441197235129,0.9367121848739496,0.9943977591036415,2.8620835653553973,1.7466909032921736,1.1457422154674906,0.8329150032863601,0.9512752009169174,0.15309090909090914,0.012727272727272754,0.026545454545454573,0.020363636363636396
70,70,0.96,0.9598618652353907,0.9340909090909091,0.9913223140495868,1.9212724891119,2.0988281023404136,0.805205561737094,2.2665815852860254,0.3803738551924607,0.17636363636363633,0.045090909090909057,0.05381818181818181,0.03236363636363632
71,71,0.9490909090909091,0.9477376504773763,0.9013565891472868,0.9899224806201551,2.8186223804118655,1.7075118096349808,1.4527236938468715,0.8553155924806557,0.8259641821751023,0.14909090909090908,0.022909090909090924,0.058545454545454546,0.013090909090909065
72,72,0.9563636363636364,0.9560418953244065,0.9227010028896822,0.9917559068502465,2.271713043637866,1.2974989600772726,0.6265481844835724,1.268888905477308,2.0958537097215024,0.1676363636363637,0.03709090909090914,0.03672727272727279,0.03600000000000005
73,73,0.9527272727272728,0.9535026905821341,0.9426009720127367,0.9864253393665158,2.8913242754956623,1.8304141203518085,0.8056469439824856,1.2754136633760442,0.7696886015687762,0.1490909090909091,0.03709090909090912,0.07054545454545456,0.018545454545454577
74,74,0.9309090909090909,0.9292813874135059,0.8759416195856874,0.9869742623979912,2.602529093453145,1.4328847820606991,1.208003624354189,0.813538743995181,1.568315358585226,0.16145454545454546,-0.0007272727272727208,0.033090909090909094,0.0036363636363636377
75,75,0.9672727272727273,0.967147155695525,0.9420518207282913,0.9937850140056023,3.0072033691556643,1.3420316970218842,1.2279919575536953,0.8227735317415733,0.8484646468674925,0.16981818181818184,0.021090909090909105,0.014181818181818184,0.009454545454545448
76,76,0.9418181818181818,0.9410247933884296,0.8985192338644777,0.9781104136488008,3.065492444809905,1.965803782975203,1.0249181792681592,1.261618766522614,0.28264254434474423,0.1796363636363636,0.023999999999999955,0.014181818181818151,0.027272727272727237
77,77,0.9672727272727273,0.9676815815763182,0.9542908676666034,0.9936396430605657,3.030147934826222,1.742921012715868,0.9734135358493492,0.9276696463013985,0.6363182105726485,0.15745454545454549,0.04327272727272728,0.06618181818181822,0.02400000000000001
78,78,0.9672727272727273,0.9679935750523985,0.96165797914996,0.9903769045709704,2.8986068920905232,1.8912458898500586,0.9071477345399501,0.9415409842085669,0.8611570212955252,0.15527272727272728,0.0661818181818182,0.07200000000000001,0.05272727272727275
79,79,0.9672727272727273,0.967372270148304,0.9545276208411801,0.9880728185812931,2.7191523215962357,1.2767708359720957,1.0867340724880141,1.047316088731994,1.1925709109086344,0.2018181818181818,0.059636363636363654,0.031272727272727285,0.02763636363636366
80,80,0.96,0.9596611764705884,0.935833827014218,0.9900770142180095,2.5746686543963055,1.6891694014599754,1.0027045614147503,0.9691035247076453,1.150039727364505,0.19127272727272726,0.0407272727272727,0.09199999999999997,0.018909090909090875
81,81,0.9563636363636364,0.9566536203522504,0.9386363636363636,0.9890082644628099,2.614794290903539,2.2361068940618445,1.1907718804510483,1.3396179615818893,0.42951451218294384,0.15600000000000006,0.027272727272727337,0.06581818181818186,0.03600000000000007
82,82,0.9490909090909091,0.9482310224303505,0.8971013184034675,0.9854614412136535,2.285159271729175,1.6366472506697907,0.7566227880439893,1.0223198016883424,1.6527221264053864,0.14981818181818182,0.02981818181818182,0.06836363636363638,0.027272727272727282
83,83,0.9490909090909091,0.9494471106235811,0.9253782083970763,0.982236953935067,2.9710622016741572,2.2615248525488916,0.8966877347014085,0.9792611263595056,0.5723049623536048,0.15163636363636365,0.054181818181818185,0.07890909090909091,0.05527272727272727
84,84,0.9636363636363636,0.9638442581195876,0.9531944231653133,0.9894285276543588,3.115206217223566,1.9605713346916769,0.9731901263229965,0.8885480743170423,0.3119687227174833,0.20690909090909088,0.039636363636363636,0.07854545454545454,0.02727272727272727
85,85,0.9381818181818182,0.9375413751822663,0.8947325505544683,0.9828767123287672,2.873399062207671,1.9298070917107,0.7238685114343842,1.5137375816541554,0.4678901935325886,0.14218181818181824,0.02181818181818187,0.042909090909090966,0.016727272727272778
86,86,0.9563636363636364,0.9556152162240305,0.9236263736263737,0.9921611721611722,2.9064029494025556,2.1190714313156493,1.1089050523588866,0.6095570508584097,0.5532480039674373,0.2043636363636364,0.02436363636363641,0.02436363636363642,0.016363636363636413
87,87,0.9418181818181818,0.9424672602031093,0.9274551861498391,0.9905776007354068,2.8330925896731944,1.9081345321466159,0.6121559556902648,1.576559291516721,0.8275372492072949,0.16509090909090907,0.02181818181818178,0.06509090909090905,0.020363636363636316
88,88,0.9563636363636364,0.9554710743801653,0.9155013507071349,0.9889559828380741,2.93580168825751,1.6449889501274872,1.0177078349076847,0.3536928994297437,1.4098307803204764,0.16472727272727278,0.03236363636363639,0.030181818181818254,0.009454545454545516
89,89,0.9563636363636364,0.9566392672955522,0.9400853050056333,0.9894575889264445,2.5185106336412835,2.0193592349648766,0.7367121179157275,1.2954578351858885,0.8002145409460989,0.18545454545454554,0.06400000000000006,0.0654545454545455,0.013454545454545507
90,90,0.9418181818181818,0.9405312176612626,0.8886363636363637,0.9847107438016529,2.6724114639094054,2.129435673279605,1.2658710768587937,1.467080969125035,0.15825547633146,0.13745454545454538,0.009818181818181771,0.06945454545454541,0.010181818181818125
91,91,0.9527272727272728,0.9523896635843283,0.9314070698702016,0.9891604529135598,2.5588734806164215,1.6451554903189964,1.0721484146972038,1.2418850385853224,1.1568233657609743,0.23200000000000007,0.007272727272727308,0.026181818181818216,0.03963636363636367
92,92,0.9636363636363636,0.9631994362226919,0.9365061335756475,0.9912161138876269,2.8041019082913397,1.764154005576675,0.9011801014108325,0.6913860926057473,1.2421435095142948,0.15527272727272723,0.033090909090909074,0.0858181818181818,0.041454545454545445
93,93,0.9709090909090909,0.9706945968829376,0.9460734319224886,0.9939656637769846,2.9452940525087947,1.4328138751176078,0.6328904857016168,1.03484858975805,1.553663521190801,0.17090909090909095,0.019636363636363664,0.04072727272727276,0.008363636363636396
94,94,0.9709090909090909,0.9707157682500147,0.9492596169322388,0.9925156929019797,3.2282717134150776,1.4885938929012152,1.111269219757608,1.0139601198243036,0.6215025526618275,0.18654545454545457,0.012000000000000044,0.03454545454545457,0.023636363636363667
95,95,0.9636363636363636,0.9631140574536802,0.9295454545454545,0.9902479338842975,1.786420156282415,1.6460189356148298,0.9745590627836164,1.380132835725035,1.5628089450466973,0.18363636363636363,0.04472727272727271,0.016363636363636358,0.037090909090909084
96,96,0.9345454545454546,0.932713560948855,0.8764102971555696,0.987049102177022,3.381369462930662,1.472128851222059,1.3054125092293696,0.32675833285585326,1.1656499680750327,0.1352727272727273,0.017090909090909122,0.01236363636363641,0.036
97,97,0.9418181818181818,0.9418181818181818,0.9006682318945277,0.9836554090662813,3.4821922474245586,1.2628057522834122,0.7556411430136162,0.6567809284687641,1.4580119393907638,0.1356363636363636,0.02072727272727267,0.019272727272727254,0.018181818181818143
98,98,0.9709090909090909,0.9707545787545787,0.9549441786283892,0.9936929099608526,2.7295342538875107,1.7239115142159718,0.6596191354097438,1.4878249893573698,0.5829505228556064,0.21454545454545454,0.014909090909090905,0.03781818181818185,0.02400000000000002
99,99,0.9236363636363636,0.923398203028688,0.883631512868801,0.9744193345888261,2.5658258828745284,2.01205081112826,1.1481000737612481,1.7964101316525263,0.19661450706270653,0.13090909090909084,0.0425454545454545,0.0047272727272726685,0.011272727272727235
100,100,0.9490909090909091,0.9490909090909091,0.9181964983851776,0.9892911779704232,2.8624659039466143,1.8954913349517482,0.3670374445454711,1.0215759670938966,1.1975532029643468,0.15199999999999997,0.029090909090909077,0.04581818181818183,0.0370909090909091
101,101,0.9781818181818182,0.977876502582385,0.9530740378343118,0.9971461187214612,3.0020652820681124,1.8600097123780241,1.3798815951246275,0.16393595904400796,0.9179384747941907,0.1778181818181818,0.03418181818181816,0.024727272727272688,0.03236363636363632
102,102,0.9672727272727273,0.967391799212024,0.950327699206623,0.992152466367713,2.936649732574957,2.0972619387583977,1.3668221748094544,0.4948356923707164,0.25432780432876817,0.1632727272727273,0.018545454545454552,0.047272727272727286,0.01018181818181818
103,103,0.9490909090909091,0.9476661029602207,0.89825997139679,0.9895121563642142,3.2614985313325384,2.197801700645731,0.8411070197958217,0.5696179865032519,0.35407374844776635,0.1501818181818182,0.06,0.02981818181818182,0.0170909090909091
104,104,0.9709090909090909,0.971107438016529,0.960910005027652,0.9948885537120832,2.5149840503549266,1.9605675325305938,0.7678945168888227,1.4348320705714255,0.6500905481342613,0.17890909090909096,0.056363636363636394,0.013090909090909108,0.02072727272727276
105,105,0.9490909090909091,0.9475894509078365,0.8949363992172211,0.9891552511415526,2.0042094967595636,1.595756394094949,0.7555222323320758,1.59779762831972,1.576081868188913,0.17090909090909093,-0.0021818181818181958,0.018181818181818167,0.02654545454545456
106,106,0.9527272727272728,0.9516688928263141,0.9110234410908534,0.9919564884326643,2.82705430999121,1.653298984955638,1.4893375505822375,1.2039169786736126,0.34538354763130563,0.13381818181818184,0.02072727272727276,0.01309090909090912,0.0112727272727273
107,107,0.9490909090909091,0.948195885621962,0.912396327014218,0.988225710900474,2.35787662599537,1.827926335991279,0.9261412168960227,1.3348438185221942,0.9912097844502866,0.17672727272727273,0.05236363636363639,0.03963636363636365,0.011636363636363634
108,108,0.9672727272727273,0.9671780119121183,0.9502877479933363,0.9918976222928971,3.005645526538914,1.9411106058190293,0.7821247690859265,1.4905579683252907,0.028525535695985066,0.19054545454545457,0.040727272727272744,0.0669090909090909,0.00945454545454546
109,109,0.9709090909090909,0.9709090909090909,0.9557379687751488,0.994608079832609,3.347521926387225,1.804566625978914,0.6083948771705777,1.0404218359595208,0.33289140675281137,0.19381818181818183,0.04327272727272732,0.0352727272727273,0.01309090909090912
110,110,0.9781818181818182,0.9781818181818182,0.964427388754743,0.995256985167299,2.2580125631111176,1.7887890767497308,0.8015099657493387,1.1337850044529896,1.328609323892514,0.18327272727272723,0.04545454545454543,0.05090909090909087,0.03636363636363632
111,111,0.96,0.9601813351531843,0.9301948051948052,0.9882920110192838,3.4114703191616256,1.3646765136948324,0.9719052054173809,1.2220201505286745,0.6549727273634447,0.15709090909090906,0.0225454545454545,0.037818181818181786,0.015272727272727249
112,112,0.96,0.9589319771137953,0.9206959706959708,0.9963369963369964,2.36282420636318,1.9479449775707498,0.3897486480935486,1.3625278499566151,1.143745042174331,0.16618181818181815,0.02109090909090905,0.05890909090909089,0.015636363636363594
113,113,0.9490909090909091,0.9490909090909091,0.9169972404277338,0.9887892376681614,2.39062675104467,2.102309225142001,0.8280087221836484,1.8360808310406866,0.24362908202908848,0.1603636363636364,0.022909090909090924,0.06872727272727273,0.02472727272727273
114,114,0.96,0.9591898227168247,0.9148721988795518,0.9855567226890756,1.7525264585464546,1.792345961115964,0.8987779383812929,1.2764882645129536,1.8996758439242676,0.1636363636363636,0.02981818181818179,0.046545454545454515,0.033454545454545424
115,115,0.9490909090909091,0.948396694214876,0.9095847416706905,0.9872847255754065,2.10076912736491,2.0740328166445745,0.6697456543821999,1.526188965474473,1.1280891314892778,0.18000000000000002,0.0472727272727273,0.023636363636363643,0.014909090909090905
116,116,0.9636363636363636,0.9640732910500351,0.9580088987764183,0.9878436357857936,3.4459982593892997,1.7691185664462459,1.3025716301281178,0.5974785490411493,0.6987731285194265,0.1916363636363636,0.04363636363636364,0.06327272727272727,0.025818181818181796
117,117,0.9563636363636364,0.9563636363636364,0.9327299412915852,0.9908675799086759,2.800204586236522,1.2386075089183128,0.8675764185660151,0.9544397649643104,1.584920468692889,0.19345454545454555,0.03418181818181822,0.012000000000000056,0.017090909090909122
118,118,0.9745454545454545,0.9748724628939212,0.9669082125603865,0.9934299516908213,2.687176683532087,1.7069284431396998,0.8358216540958362,1.8452943790152325,0.6047245669639253,0.1738181818181818,0.019999999999999928,0.018181818181818132,0.021454545454545393
119,119,0.9563636363636364,0.9553150105708245,0.9171356635071091,0.9940017772511848,3.070198134586287,1.8302782789485166,0.9666089381186369,0.7287545727748077,0.4765335730608808,0.16400000000000006,0.012727272727272776,0.016727272727272768,0.0527272727272728
120,120,0.9418181818181818,0.9414597956970839,0.9087209302325581,0.9875968992248062,2.637816536689115,2.354205178860166,0.9830687712906342,1.061780091096595,0.37171250073561896,0.16509090909090904,0.04218181818181812,0.05345454545454542,0.05272727272727268
121,121,0.9527272727272728,0.952183129226063,0.9118661607450845,0.9887030010348397,2.9506722042407683,2.1199622528729813,0.9206076271865138,0.8485603186520517,0.5546126911449283,0.1563636363636364,0.03745454545454548,0.06109090909090914,0.04545454545454547
122,122,0.9781818181818182,0.9780251263270131,0.958438076085135,0.9960616725322607,2.693614188497054,1.903198874187163,0.3117406427630036,1.53814114226852,0.6974322332136211,0.192,0.020363636363636316,0.06836363636363635,0.006909090909090898
123,123,0.9636363636363636,0.9633884297520662,0.9372961513372473,0.9935583822570124,2.8764851759398704,1.4884335559089252,0.6644100961967333,1.0593521956969048,1.3507087379401301,0.17963636363636365,0.03927272727272726,0.027636363636363615,0.030181818181818153
124,124,0.9345454545454546,0.9336755025796122,0.8890433815350389,0.9839504211028126,2.7184618058678733,2.293935907806001,0.7977509822750205,0.9924828980525583,0.7170571953130284,0.15054545454545457,0.012000000000000044,0.03345454545454548,0.010545454545454558
125,125,0.9454545454545454,0.9474738768588428,0.951111111111111,0.993511111111111,2.985852872949401,2.176952759950222,0.54974225453008,1.2431557370135873,0.5559447288323278,0.1658181818181818,0.03999999999999998,0.015636363636363615,0.026181818181818185
126,126,0.9672727272727273,0.9676597460189479,0.955534140969163,0.9909140969162996,3.161492816896782,1.9456879824091076,0.9547800829763123,1.4017912970326223,0.08836617711630956,0.1621818181818182,0.04036363636363638,0.04109090909090912,0.014545454545454528
127,127,0.9563636363636364,0.9557685950413224,0.9206502494769033,0.9882504426203123,2.422805787982363,1.9709237295831763,0.9916631770227813,0.7240004399294128,1.1766688335240938,0.16036363636363643,0.07127272727272731,0.046181818181818234,0.049454545454545494
128,128,0.9563636363636364,0.9554710743801653,0.9155013507071349,0.9922135706340378,2.831545251633191,2.2988343998421135,1.3732083745108867,0.4572410325195648,0.1810048947973548,0.1498181818181819,0.025454545454545497,0.012727272727272787,0.020363636363636407
129,129,0.9454545454545454,0.9444622792937399,0.8977272727272727,0.9878512396694215,2.5890017980126316,1.7681565045717955,1.2415904394040937,0.6764211251745286,1.1636869820072868,0.14545454545454545,0.04363636363636362,0.020727272727272726,0.035272727272727254
130,130,0.9709090909090909,0.9701923186668949,0.9365079365079365,0.9927373465109314,2.2001251204825443,1.8933226584491791,1.0305789529113984,1.9297006144033033,0.3159679566296382,0.1927272727272728,0.036000000000000046,0.053818181818181855,0.020000000000000018
131,131,0.9709090909090909,0.9707298978485418,0.9513565891472868,0.992248062015504,3.0901732065908147,1.538637703270503,0.9126291282146346,0.22207951107939491,1.570845013727748,0.17963636363636368,0.06290909090909094,0.048727272727272765,0.026181818181818216
132,132,0.9636363636363636,0.9634066711931006,0.9398932831136222,0.9942718141870684,2.283026167053355,2.037460063949787,1.272719851865675,1.0922087387960782,0.5229238983634076,0.15563636363636363,0.026545454545454518,0.06509090909090907,0.03563636363636363
133,133,0.9672727272727273,0.9666415875965214,0.9378946613088404,0.9925373134328358,2.9184780282147798,1.4699330179094612,1.2247689809998674,0.8788209255076279,1.176349242775546,0.2272727272727273,0.0483636363636364,0.02072727272727274,0.048
134,134,0.9672727272727273,0.9671504647043841,0.942954467057606,0.9886167644015178,2.7965575939975267,1.9065925272916702,1.0856043365762023,1.2352602811596733,0.49020221724082064,0.1701818181818182,0.028727272727272747,0.041818181818181845,0.006909090909090909
135,135,0.9454545454545454,0.9450355778261874,0.9193307757885762,0.9828786587098608,2.1778109916538306,1.6840116235530378,0.8364830032848699,1.5251596871003914,1.1705611819412607,0.1898181818181818,0.02799999999999999,0.028363636363636348,0.013818181818181808
136,136,0.9418181818181818,0.9407695560253699,0.900905959868224,0.9837526205450733,2.730879315128396,1.3861379101267688,1.1791918250826734,0.69419885032837,1.406888046257987,0.17818181818181816,0.028727272727272702,0.05636363636363632,0.03636363636363632
137,137,0.96,0.9598870588235294,0.9405884995507636,0.9916891284815813,3.087049324303867,1.8795390503854077,1.2542987224581552,1.5029022852471612,-0.5184352271568446,0.19781818181818175,0.025090909090909042,0.025454545454545417,0.006909090909090865
138,138,0.9672727272727273,0.9671597079198653,0.9454545454545454,0.9959504132231405,2.814473317471606,1.5733839386477895,0.9714281190938083,1.0288016800967523,1.1491864463405939,0.17381818181818187,0.009818181818181837,0.019272727272727285,0.03563636363636367
139,139,0.9381818181818182,0.9364023442824042,0.8857716189610783,0.9867484476752991,2.563403722228303,2.1297664727686296,0.9844320501870778,1.5818311290179428,0.3508709872827371,0.16218181818181826,0.028363636363636424,0.047636363636363685,0.006545454545454599
140,140,0.9563636363636364,0.9560418953244065,0.9227010028896822,0.9878463369029407,2.6841254491249087,1.4092127540456227,1.0172621576134848,0.856255568312837,1.516997885518419,0.17127272727272733,0.0574545454545455,0.030181818181818244,0.03127272727272733
141,141,0.9745454545454545,0.9746380660537964,0.9621852362883753,0.9937047257675061,3.0801880797443384,1.7938565974163405,0.7943418382761208,1.0443704013713924,0.7044667739317725,0.1785454545454545,0.04981818181818175,0.07672727272727267,0.02799999999999995
142,142,0.9527272727272728,0.9530816599732262,0.9429824561403508,0.9874583152095113,2.755676522610067,2.2025777774265016,0.64835306785736,1.1663982775953796,0.8635950026073373,0.20800000000000002,0.04800000000000003,0.08145454545454549,0.06109090909090912
143,143,0.9563636363636364,0.956613109743505,0.942661253255707,0.9919564884326644,2.62569818553638,1.879651573589101,0.36853778844901336,1.7941026454556017,0.5580560929428704,0.1636363636363637,0.053818181818181876,0.03709090909090913,0.056000000000000036
144,144,0.9563636363636364,0.9570610931420034,0.9399029488615155,0.9898282941396044,2.193479934523607,1.6962595319704594,1.0336645329325234,1.9014042131970386,0.6147454352880569,0.17090909090909095,0.01418181818181824,0.06181818181818188,0.039272727272727334
145,145,0.9781818181818182,0.9780074539872264,0.9555555555555556,0.994311111111111,3.2232081418853933,1.7392718646704537,0.45891038187816935,0.8442938682102833,1.107786377053182,0.15345454545454543,0.039272727272727216,0.08399999999999995,0.029090909090909056
146,146,0.9709090909090909,0.9709090909090909,0.9557379687751488,0.9944471269917914,2.555360483910771,1.5837511984469281,0.6906825712222191,1.3014038144682414,1.383648168995481,0.1887272727272728,0.05672727272727278,0.021090909090909105,0.020000000000000018
147,147,0.9672727272727273,0.9667076305084168,0.9340093352647674,0.9922742636407532,2.9619555777091744,1.4090654385112593,0.5820216592632974,1.2897597557712965,1.1285405906218768,0.17163636363636364,0.027272727272727292,0.03200000000000003,0.0330909090909091
148,148,0.9490909090909091,0.9487611020879971,0.917209597965994,0.991339583664389,2.649066068738582,1.6403042244021975,0.9444018783652695,1.7474399561780514,0.3345289438148944,0.1752727272727273,0.010545454545454558,0.04763636363636363,0.005454545454545445
149,149,0.9818181818181818,0.9819082442286179,0.9691994996873046,0.9938503231186158,2.65876940247196,1.5293214215906192,1.1133914891202599,1.323902191740928,0.79827780535217,0.13345454545454544,0.04763636363636363,0.02545454545454544,0.014181818181818195
150,150,0.9345454545454546,0.9336755025796122,0.8890433815350389,0.9824408072461466,2.4066253437252305,2.0015949952548455,0.5454989375156909,1.8013415008997096,0.8418462610591563,0.16254545454545458,0.026181818181818216,0.028727272727272758,0.0061818181818182215
151,151,0.9454545454545454,0.9438195037122122,0.8811111111111112,0.9904888888888889,2.906436530103511,1.4928453773409236,1.4479358392958162,1.251649127356304,0.4408686108975415,0.14509090909090908,0.019272727272727254,0.0010909090909090868,-0.004000000000000026
152,152,0.9672727272727273,0.967380092821862,0.952870189171559,0.9915198956294846,2.2203743919339165,2.171645849749009,0.5291755948585347,0.6593057458946087,1.701687068432472,0.15418181818181817,0.06872727272727275,0.0632727272727273,0.04581818181818185
153,153,0.9381818181818182,0.937989021499414,0.9052102950408034,0.980775266792216,2.8985324192576982,1.9512635254927564,1.524216975510553,0.8459141860555636,0.28023797041291193,0.15709090909090917,0.04181818181818188,0.013818181818181863,0.026545454545454605
154,154,0.9527272727272728,0.9528710568808835,0.9329488386691777,0.9896421845574388,3.058438901276081,1.441336710090013,1.2147877132544367,0.4584747047493321,1.3000740553818435,0.18981818181818183,0.007636363636363675,0.04472727272727275,0.013454545454545474
155,155,0.9563636363636364,0.9561141629837677,0.9326519916142557,0.9910901467505241,1.9555077837746684,1.711094769474754,1.062855288124041,1.4086598587372008,1.186504043544664,0.18145454545454553,0.04109090909090916,0.04000000000000005,0.007636363636363686
156,156,0.9563636363636364,0.9556661795852692,0.9126400560224089,0.9906337535014005,2.822742186964032,1.0787027060643197,1.0906107162763632,0.545272003198302,2.045867388561298,0.1421818181818182,0.02763636363636369,0.043636363636363674,0.041818181818181886
157,157,0.9454545454545454,0.9461877237825975,0.9362032409510828,0.9906860517946389,2.1331024100044362,1.5447771397408971,0.5935882040864989,1.061436176456941,2.131378658371092,0.16618181818181815,0.011999999999999966,0.03745454545454545,0.05636363636363634
158,158,0.96,0.9598813307904216,0.9391374291404934,0.9891221081660795,2.6482756728496835,1.8977513542441933,0.7637997377510006,1.1833713245301232,0.9123447573947797,0.17163636363636356,0.05636363636363636,0.04399999999999997,0.01854545454545451
159,159,0.9672727272727273,0.967670450666286,0.9549272116461367,0.9931877566256067,2.7514801330124357,1.5129970648414224,0.9483272675603328,1.4978095774360913,0.6426924718076501,0.14727272727272728,0.014545454545454539,0.04400000000000002,0.016000000000000004
160,160,0.9636363636363636,0.9636363636363636,0.9431818181818181,0.99,2.467490715902732,1.8998035274450114,0.533836865940208,1.366365760941636,0.9101949087727769,0.17345454545454544,0.060363636363636376,0.06363636363636363,0.030909090909090886
161,161,0.9672727272727273,0.9668960125411206,0.9355812349085891,0.9965505346671266,2.8372822524918506,1.3682596317003046,1.4348547425580653,0.12347537461127975,1.391122824719777,0.15309090909090908,0.0370909090909091,0.006545454545454554,0.001818181818181841
162,162,0.9709090909090909,0.9707055471761354,0.9477272727272728,0.9903305785123966,2.5851775320524166,2.04894467556265,0.614008501762813,1.46556810142126,0.6407407195865773,0.1807272727272728,0.05018181818181823,0.05236363636363641,0.013454545454545464
163,163,0.9527272727272728,0.9525552799260665,0.9204487506374299,0.9860615332313446,3.0693549070662733,2.256105250757285,0.008364350548171876,0.506621968234847,1.4146703618984973,0.14690909090909093,0.0821818181818182,0.06690909090909095,0.057454545454545494
164,164,0.96,0.9606731104680991,0.9536800951895292,0.9881013088560258,2.457876980625879,2.2841592247552964,1.0256382166856814,1.463764383053784,-0.08674200504034833,0.18799999999999994,0.0716363636363636,0.0974545454545454,0.02763636363636359
165,165,0.9418181818181818,0.9425172656800563,0.9252343874145876,0.9863340219291276,3.877463618487856,2.2989611244917665,0.4732372137846714,0.6369198183177983,0.06763007782079683,0.16472727272727267,0.042909090909090876,0.06836363636363632,0.0425454545454545
166,166,0.9490909090909091,0.9490909090909091,0.9262678106327562,0.9859813084112149,2.465409595194761,1.812278872457197,0.9841395208060987,2.2298942847242733,0.21413602924943245,0.20472727272727273,0.02218181818181819,0.05200000000000001,0.005454545454545457
167,167,0.9381818181818182,0.9373302805234452,0.9023125996810207,0.980426272292301,3.1088436615188773,1.9529346846866893,0.9029284754209317,1.1207028344189234,0.6957822353662699,0.1476363636363637,0.05563636363636367,0.04581818181818187,0.012727272727272799
168,168,0.9527272727272728,0.9522499762135298,0.9183566714952519,0.990101400289715,1.8973070911482175,1.7199215320027903,1.0207303000891006,1.4527178066316568,1.2838857249559381,0.1512727272727273,0.036000000000000046,0.0512727272727273,0.01745454545454548
169,169,0.9490909090909091,0.94829898989899,0.9022507761296998,0.9843049327354261,2.6892985036569628,2.0460844688677438,1.0672570576219185,1.29918270197859,0.3970682941636668,0.15272727272727274,0.04800000000000001,0.018181818181818177,0.015272727272727271
170,170,0.96,0.9592116284799211,0.9163504656778199,0.9883580545015522,2.787043610944742,1.8108221964698665,0.9602632114425137,0.6206770909472457,1.3341158780167681,0.17163636363636364,0.035272727272727254,0.05818181818181815,0.017090909090909056
171,171,0.96,0.9601381347646092,0.9401290430702196,0.9904474610356964,2.913304440442684,1.9020594346265465,1.105419129486548,0.8747495843432118,0.45073869125162214,0.18618181818181814,0.0367272727272727,0.021454545454545414,0.05454545454545453
172,172,0.9381818181818182,0.936309347243288,0.8823643410852713,0.9872868217054264,2.3618308167103574,1.741901996201102,0.5609352289641698,1.5637171569246884,1.3883530417453658,0.17309090909090918,0.02618181818181823,0.04581818181818185,0.01236363636363641
173,173,0.9709090909090909,0.97108828396964,0.9626171937072938,0.9949149849038614,2.642185577629737,1.7976970417035871,0.921156358880479,1.2532046857545693,0.6893421584982261,0.15890909090909094,0.040000000000000036,0.07345454545454547,0.001818181818181852
174,174,0.9636363636363636,0.9631994362226919,0.9365061335756475,0.9898530970770862,2.8764805012569443,1.36021272897907,1.106870275134702,1.1484161896513632,1.0490735208590236,0.192,0.022545454545454535,0.03927272727272727,0.012727272727272698
175,175,0.9636363636363636,0.9624415965825659,0.9112193859951707,0.9961193515005174,2.6471695682201037,1.9631083168148145,0.8294912645764747,0.7098233748998258,1.3247072550854462,0.1509090909090909,0.025090909090909087,0.04981818181818183,0.013090909090909065
176,176,0.9636363636363636,0.9636363636363636,0.9453758143969491,0.9935642777689497,2.6054016306596726,1.654573183851305,0.6283427115989014,1.2095560056541748,1.1762495744625776,0.1749090909090909,0.026909090909090893,0.06254545454545454,0.010545454545454514
177,177,0.9563636363636364,0.9560242424242426,0.9202118347338936,0.9888830532212884,3.126272790002354,1.2903397009393638,1.1200135362092933,1.1570359833891024,0.8558982155066164,0.1414545454545455,0.010181818181818247,0.07454545454545461,0.008727272727272783
178,178,0.9563636363636364,0.9566940412528647,0.9344444444444444,0.9832000000000001,2.6063211994870357,1.665019131367689,0.9798926018357071,1.6012614309912314,0.6021361483815131,0.17236363636363644,0.018545454545454587,0.05672727272727278,0.021818181818181858
179,179,0.9490909090909091,0.9480667841643452,0.8845729751403368,0.9847634322373697,2.8292771046613785,1.873908476232247,0.7256741445924726,1.4470971933355505,0.5668363294499408,0.11236363636363637,0.010545454545454535,0.06145454545454546,0.019636363636363653
180,180,0.9490909090909091,0.9494565234187875,0.9243704725767505,0.989047947568127,2.48924675444033,1.7283463781288666,0.8772545066191019,1.882956766216194,0.5451099193391066,0.15963636363636366,0.016727272727272723,0.026909090909090938,0.007636363636363652
181,181,0.9672727272727273,0.9674017335214675,0.9481217265667329,0.9948528083799892,2.553404246597454,2.0360841046174554,1.1182295300981393,1.832351818438818,-0.33926557517118267,0.14,0.023636363636363643,0.04945454545454547,0.01890909090909092
182,182,0.96,0.9598544676297485,0.9321349651538331,0.987676355600884,2.5537123595165334,0.9051618390137895,1.150516288365388,1.358958789677783,1.4814243801378792,0.17236363636363633,0.017818181818181778,0.006181818181818122,0.01090909090909089
183,183,0.9490909090909091,0.9479344919786098,0.8983576336517513,0.9876822523881348,3.1061255106070007,1.123256867347708,0.973880749443808,0.7520702604713847,1.0987727041314208,0.148,0.026909090909090928,0.011272727272727278,0.007636363636363641
184,184,0.96,0.9598334297281665,0.9264867841409692,0.9930249632892805,2.5824667715195875,1.3934638175264498,0.3467856975473103,1.3120469464529256,1.9169776244464256,0.13381818181818178,0.048363636363636345,0.05163636363636361,0.02763636363636359
185,185,0.9490909090909091,0.9485088045378821,0.9178391587677726,0.9848193127962085,2.4239579860606715,2.34515648904602,0.6365974929038782,1.0508650960031491,0.8277619371741668,0.17600000000000002,0.04836363636363637,0.012363636363636377,0.040727272727272744
186,186,0.9709090909090909,0.971097552053612,0.9617987606001304,0.9933137638617091,2.627193548085379,2.375049455321624,1.1691763449912829,1.1249478020844175,-0.006622490609439029,0.18654545454545457,0.04763636363636368,0.045818181818181855,0.03272727272727276
187,187,0.9672727272727273,0.9674168968286614,0.9446859903381642,0.993816425120773,2.8905596908048974,1.9632010577894285,1.0291361370189185,0.5735146505455146,1.0310896401233665,0.14400000000000004,0.05636363636363638,0.05963636363636367,0.03272727272727274
188,188,0.96,0.9593003123605534,0.9317177575255454,0.9907484120408726,2.112094892877982,1.8654202515935068,1.1454641725775654,1.3512676902611065,0.6851712587354449,0.2145454545454545,0.0407272727272727,0.04836363636363633,0.0247272727272727
189,189,0.9636363636363636,0.9631140574536802,0.9295454545454545,0.9946280991735538,3.125700073549659,1.9180086295648697,0.6839307651048979,0.42479499853380004,1.1101928789624966,0.19090909090909092,0.026909090909090903,0.053454545454545456,0.02981818181818181
190,190,0.9490909090909091,0.9487925679345934,0.9213993639254885,0.9906860517946389,2.384249815574574,1.8419695748674823,1.099264868773117,1.3324380726793006,0.7272128752385666,0.18436363636363637,0.040363636363636365,0.009090909090909104,0.016727272727272747
191,191,0.9309090909090909,0.9270374429115551,0.8513025737602009,0.9890144381669805,2.824169881270759,2.0607297688087765,0.9779335676360684,1.3040109301079068,0.2980819503282763,0.10472727272727274,0.00945454545454546,0.0301818181818182,0.018545454545454552
192,192,0.9527272727272728,0.9533891683649633,0.9233088085019415,0.9858982219497241,2.2213602842060687,0.9347784563794262,0.7766724146265278,1.8564345871535193,1.8888600953269006,0.1432727272727273,0.03200000000000004,0.024000000000000042,0.02945454545454549
193,193,0.9672727272727273,0.966644869386716,0.9294577596464388,0.9932007479177289,2.47695822734064,2.228518407955809,0.600829558738553,1.0989623531426231,0.6286343367050756,0.18581818181818183,0.031272727272727285,0.06763636363636365,0.02581818181818185
194,194,0.9454545454545454,0.9452452594925417,0.9059436274509804,0.9747899159663866,2.7395781960336714,2.289962493631455,1.2322536171002636,0.7060911614476524,1.0368527595426926,0.13636363636363638,0.06545454545454545,0.0676363636363636,0.05745454545454544
195,195,0.9636363636363636,0.9641725987017468,0.9544444444444444,0.9891555555555556,2.921035736670189,1.413249016428106,0.722675888090317,1.4674423290852703,1.087395711939794,0.1407272727272727,0.016000000000000004,0.01272727272727272,0.02727272727272727
196,196,0.9527272727272728,0.9525798399701402,0.926789077212806,0.9860326428123039,2.609270419438725,2.2654274303712643,1.227937155314943,1.4560314409485693,-0.13729983289271125,0.18872727272727274,0.023636363636363678,0.026181818181818205,0.013818181818181851
197,197,0.9527272727272728,0.9509555707450443,0.8897464642980337,0.9854260089686098,2.961495943925588,1.3118796046946506,1.0458756345119051,0.865200135042397,1.2743303063222111,0.13527272727272727,0.03200000000000003,0.03018181818181821,0.03672727272727276
198,198,0.9636363636363636,0.9633535353535353,0.9322478991596639,0.9895833333333334,2.3089495999178746,1.658929259479506,0.7306313048376023,1.834081096107107,0.9069930728936273,0.1629090909090909,0.023272727272727257,0.05309090909090909,0.004727272727272714
199,199,0.9709090909090909,0.971097552053612,0.9617987606001304,0.9951891715590345,3.0978761879522754,1.7843364038801883,0.8379060677182014,0.37602058422188245,1.1861782865243635,0.1621818181818182,0.03927272727272731,0.059272727272727324,0.06218181818181824
200,200,0.9490909090909091,0.9490909090909091,0.9294871794871795,0.9841758241758242,2.4747045007604838,1.5751956195634556,1.063657141441406,0.8909026519899208,1.681185753047643,0.1752727272727273,0.01963636363636363,0.025090909090909098,0.0312727272727273
201,201,0.9636363636363636,0.9630551496543911,0.9246761204481793,0.9908963585434174,2.5439119368213703,1.4364321189810838,1.412346635358099,1.4264515349474332,0.6525200939005376,0.1461818181818182,0.023272727272727244,0.044,0.020727272727272716
202,202,0.9563636363636364,0.9557982529300735,0.9229441305712492,0.9858757062146892,2.7631844660938847,1.7975451442242287,0.8851244020332837,0.941078422506013,1.1236625040031853,0.16036363636363643,0.02763636363636368,0.03418181818181824,0.049818181818181886
203,203,0.9745454545454545,0.9746380660537964,0.9621852362883753,0.9924111762676785,2.8801241015344776,1.4534160056868828,0.6789187722515987,0.6519659577579394,1.618539366083782,0.17818181818181814,0.06654545454545449,0.07345454545454543,0.08109090909090905
204,204,0.9563636363636364,0.9558521943813809,0.9270739742437856,0.9918388739143457,3.0880243460973813,1.7903959891214347,1.1127923841208964,0.9257371682506095,0.20275697442637117,0.17890909090909096,-0.0018181818181817744,0.06545454545454552,0.0007272727272727763
205,205,0.9636363636363636,0.9631001285709807,0.9283978548684431,0.9906988436400201,2.0838966730209174,1.5190601127670453,0.6305720426962965,1.3813196499326617,1.6912840881406115,0.18072727272727274,0.029454545454545445,0.023999999999999987,0.04290909090909091
206,206,0.9745454545454545,0.9744503614367431,0.9548120041393584,0.9968954812004139,2.9501838998471626,1.351276035507107,0.4539047333448738,1.3165225594553376,1.2241133244686233,0.16945454545454544,0.025454545454545376,0.03199999999999993,0.005818181818181767
207,207,0.9527272727272728,0.9528710568808835,0.9329488386691777,0.9858757062146892,2.341307291268856,1.9449702494955095,1.4304807528852699,1.5370825877308858,-0.10209203582032288,0.16000000000000006,0.022909090909090934,0.0061818181818182215,0.03600000000000003
208,208,0.9490909090909091,0.9493819613674224,0.9321280833461008,0.9819978550635821,2.8207077433723637,2.342783900514491,0.8687938355282786,1.1764019362915306,0.4123615167997074,0.20254545454545453,0.03854545454545456,0.09890909090909092,0.019272727272727275
209,209,0.9381818181818182,0.9374095378305906,0.8824724580097525,0.9835651074589128,2.959080544661421,1.99994620169936,1.1346459418429218,0.31473219864930263,0.7915012162164812,0.13345454545454555,0.032727272727272785,0.01490909090909096,0.020000000000000028
210,210,0.9527272727272728,0.9517697904835202,0.9028361344537814,0.9888830532212886,2.3216401056873823,1.2045508202122128,1.3030760342755499,1.6694181830749515,1.1838126024194195,0.13781818181818184,0.005090909090909113,0.04690909090909094,0.0010909090909090979
211,211,0.9636363636363636,0.9641452229687523,0.9554587788892721,0.9931010693342532,3.3708404524979425,2.029658471707191,1.226150191426061,0.19902796094594166,0.4903002461707913,0.1647272727272727,0.05963636363636363,0.046545454545454536,0.013090909090909065
212,212,0.9527272727272728,0.9525357762785222,0.9152970922882426,0.9848293299620734,2.645577313507488,1.6149914148543014,0.9329190052136067,1.500917030670413,0.9652652817178184,0.18800000000000003,0.03127272727272732,0.05927272727272729,0.016727272727272736
213,213,0.9527272727272728,0.9529355176414,0.9181159420289855,0.987536231884058,2.8361744699685536,0.7487206097369886,1.5171843605561948,0.9446460519165238,1.502374131542487,0.13200000000000003,0.014181818181818217,0.005454545454545467,-0.0007272727272727208
214,214,0.9527272727272728,0.9528483078199096,0.937799043062201,0.9873133246338988,2.6051537804378504,1.7478810897167507,0.9878042384287817,1.4888862279846065,0.39602089464111806,0.19854545454545458,0.040727272727272765,0.06254545454545457,0.0232727272727273
215,215,0.9381818181818182,0.936113538433724,0.8851648351648351,0.9852014652014652,2.5581330414865007,2.2403767767546863,1.1751902980994353,1.0623465487089343,0.5066104949738679,0.17818181818181822,0.033090909090909136,0.0061818181818182215,0.03127272727272732
216,216,0.96,0.959850567972025,0.9310969299758538,0.9919799931010693,2.990448716564054,1.3127763016184797,1.3030573138214099,1.4084576429796989,0.5508389403775266,0.15309090909090908,0.02363636363636361,0.03636363636363632,0.007999999999999974
217,217,0.9709090909090909,0.9709090909090909,0.9477881146762863,0.9937345737611544,3.003520130718417,1.905652217684465,0.7465423697769825,1.1016620732943418,0.7951355206823584,0.1472727272727273,0.04218181818181822,0.03163636363636367,0.016000000000000035
218,218,0.9818181818181818,0.9817502581691023,0.9666695412211107,0.9931873059675751,3.191111343463276,1.6609515269391448,0.9765610643321471,0.49597803026366083,0.9542145397687347,0.16509090909090904,0.03781818181818182,0.050909090909090904,0.014545454545454528
219,219,0.96,0.9606906738230462,0.9532166264229045,0.9951707485339771,2.7224389450689888,1.914785472412167,0.035561596460383954,1.6967486264525615,0.799126174086949,0.17418181818181816,0.046909090909090866,0.04763636363636362,0.0236363636363636
220,220,0.9490909090909091,0.9496730136439359,0.9374031007751937,0.9896899224806202,2.3392574621017364,1.4989640562540314,0.7870448306556603,1.1784958971225996,1.7664026463925253,0.152,0.04109090909090909,0.06872727272727273,0.03454545454545456
221,221,0.9563636363636364,0.956601141749246,0.9438080263551961,0.99303683737646,3.1844003716526004,1.4137539426763104,0.7050168662329305,0.16049313387943637,1.7632850880735855,0.22472727272727275,0.042909090909090966,0.030545454545454598,0.047636363636363685
222,222,0.9563636363636364,0.9558393234672303,0.9260941996062395,0.9919733454490383,2.4092005421393643,2.429014808805883,0.573181991112725,1.0105834529481363,0.7733544412432655,0.16981818181818187,0.021454545454545504,0.039636363636363706,0.03854545454545462
223,223,0.9490909090909091,0.9486086607858862,0.8961038961038961,0.9820936639118457,2.722541509353043,1.45424077188834,1.2740095828418714,1.1749374188189758,0.8570069213977718,0.12254545454545455,0.018181818181818188,0.020363636363636372,0.041818181818181845
224,224,0.9490909090909091,0.9475992033093305,0.9043062200956937,0.992315499492533,2.5435771505003357,2.3374840144669937,0.5880484502659887,0.04898495388484106,1.6209111013966848,0.14945454545454545,0.05854545454545455,0.061818181818181814,0.03345454545454548
225,225,0.9527272727272728,0.9522620220143558,0.9195137454314317,0.9863340219291276,2.9697797959999512,1.2397769068256317,1.2652754659001735,1.1384245015246692,1.0225647776046998,0.1916363636363637,0.02763636363636368,0.03454545454545457,0.025454545454545497
226,226,0.96,0.9592723381487428,0.9204545454545454,0.9868595041322313,2.363827689053804,1.811693138852756,0.5798584791107494,1.7782515320932657,0.7888236878845,0.14545454545454542,0.025454545454545417,0.07963636363636359,0.044727272727272685
227,227,0.9454545454545454,0.9449311707782472,0.9098399246704332,0.9888575015693659,3.1101292284284106,1.9460836606670433,1.359326997142303,0.5546953734905118,0.2818255913071649,0.1578181818181818,0.014545454545454528,0.03563636363636362,0.023272727272727257
228,228,0.9454545454545454,0.94455983254509,0.9036801632140615,0.9876020087884495,2.8548756795763945,1.869252812436981,1.0455086348431895,0.6691133431690607,1.1721914976200862,0.17745454545454545,0.017454545454545434,0.023272727272727257,0.03236363636363633
229,229,0.9309090909090909,0.9290554651336539,0.8886983998924297,0.9877638832862713,1.6262708637576366,1.6491744509536104,0.7484697982569888,1.4478081149348037,2.065919141051007,0.20618181818181816,0.030545454545454532,0.046909090909090914,0.0032727272727272826
230,230,0.9527272727272728,0.9523268449197861,0.9256516587677726,0.9875592417061612,2.926368618633606,2.43728920583886,1.036913447467251,0.23370088311308315,0.8436325384316162,0.18436363636363637,0.05418181818181822,0.03490909090909096,0.035636363636363674
231,231,0.9418181818181818,0.941400336872035,0.9008295625942685,0.9815652756829227,2.20449544428708,2.0741251986645177,1.1946669789381232,1.2415028447799703,0.8619898160858298,0.15127272727272728,0.03563636363636361,0.015636363636363615,0.038545454545454515
232,232,0.9709090909090909,0.9709090909090909,0.9578673203615751,0.9941780297226903,3.044611988773667,1.5912870160653156,0.7106707126084778,1.3133406205781357,0.672244803556887,0.20909090909090913,0.023272727272727313,0.03890909090909095,0.016363636363636393
233,233,0.9454545454545454,0.9455942013306647,0.9278309409888357,0.9864433811802233,2.088089087009787,2.2464124105888374,0.7370375384858276,1.9169628616765,0.08879366849405457,0.21018181818181816,0.048,0.018181818181818167,0.013818181818181795
234,234,0.9309090909090909,0.9325367944046761,0.913159710244912,0.9799068644360124,3.046935875462934,1.4893402447684774,0.8890424472112944,1.6746250945854801,0.784305678859706,0.14145454545454544,0.039636363636363636,0.0021818181818181737,0.01709090909090909
235,235,0.9709090909090909,0.9704685510567862,0.9388917219105899,0.9961754207037226,2.702697523954071,1.8431134873064996,0.9436191741757083,1.0790157276520267,0.8982512171251176,0.18872727272727277,0.028000000000000035,0.02254545454545458,0.011272727272727313
236,236,0.9527272727272728,0.9525190278131455,0.9108126067970381,0.9868995633187773,3.242131318938282,1.5927780874662318,1.3209695481410149,1.815992676059169,-0.48097920975944364,0.1363636363636364,0.01309090909090912,0.028727272727272758,0.003272727272727294
237,237,0.9272727272727272,0.9262809917355372,0.8763882182520522,0.9835828102366007,2.3540269768952333,1.5840152119327686,0.9832357875167956,2.0034533754898765,0.5882591128768074,0.148,0.0021818181818181737,0.026909090909090893,0.017090909090909066
238,238,0.96,0.9601534763721361,0.9366666666666668,0.9924444444444445,2.6553530488773744,2.311726469909237,0.2862383585506334,1.1851252201042513,0.8299541495696107,0.14399999999999996,0.018181818181818143,0.03927272727272726,0.022181818181818146
239,239,0.9490909090909091,0.9486487046274401,0.9017357222844344,0.9908547965658828,3.6199459859628975,2.256495645250103,0.8289586323848872,0.0058803435944024054,0.6064097126049802,0.14763636363636365,0.04727272727272728,0.03345454545454546,0.027636363636363646
240,240,0.9454545454545454,0.9449442012952407,0.911046511627907,0.9877519379844961,2.524006833279913,2.1409864702282575,0.9798942548424062,0.4286865367474779,1.4411961707097458,0.1418181818181818,0.04727272727272723,0.0538181818181818,0.0538181818181818
241,241,0.9345454545454546,0.9333051153518338,0.88762065267351,0.9829171135284205,2.869034492050157,1.7527414808164845,1.0044398128669272,1.105155147580455,0.9377721004765812,0.1603636363636364,0.02072727272727276,0.03709090909090912,0.027272727272727303
242,242,0.9563636363636364,0.955493684397794,0.9167843691148776,0.9940364092906466,3.1697934720133474,1.6925505960142893,0.5072495830085296,0.5882418455709182,1.405899431385511,0.14400000000000004,0.020363636363636407,0.042909090909090966,0.04727272727272734
243,243,0.96,0.9592911541950592,0.9217221135029354,0.9942922374429224,2.47616392679677,1.867887642547409,1.0687110162250106,0.7404335367955897,0.9149257987604728,0.15127272727272723,0.021454545454545428,0.05490909090909087,0.014909090909090872
244,244,0.9527272727272728,0.9528575078985533,0.9358715184186882,0.9792602575621443,2.8031223217372587,1.0810102588168442,0.9832583357949378,0.6945410492864357,2.0816243780230956,0.19781818181818184,0.042545454545454574,0.05527272727272729,0.041090909090909136
245,245,0.9709090909090909,0.9707206297645697,0.9499841093278245,0.9930875576036866,3.1352190804962894,2.0313617479923267,0.8985523188655183,0.483015186577432,0.8358964803686711,0.17418181818181822,0.048363636363636386,0.030909090909090952,0.041090909090909136
246,246,0.9636363636363636,0.9636363636363636,0.9398196778711485,0.9921218487394958,2.058134581495658,2.022780894677332,1.1228675969263675,1.5037634582062662,0.8464549610645207,0.17345454545454547,0.02472727272727271,0.028000000000000004,0.018181818181818188
247,247,0.9563636363636364,0.9560948467728128,0.9300387596899224,0.9917829457364341,2.66527632883665,2.1769516092243983,0.8270724549115659,1.1581333845777233,0.3779764078691221,0.18509090909090914,0.04800000000000004,0.0345454545454546,0.033090909090909136
248,248,0.9454545454545454,0.9448432326128293,0.901580826109128,0.9851266360700324,2.416856958366051,2.416460756823337,0.9770216518968258,1.1649144231731745,0.37661738600936884,0.16254545454545452,0.027272727272727247,0.0367272727272727,0.03854545454545453
249,249,0.96,0.9603936736801604,0.9477272727272728,0.9904132231404958,3.1728531174907615,2.0093564426756876,1.386272436412206,0.6651683637067692,0.18532440438970743,0.16509090909090907,0.044727272727272706,0.06727272727272722,0.01854545454545451
