,random_seed,accuracy,f1_weighted,balanced_acc,auc,model_weights.random_forest,model_weights.bagging_svc,model_weights.bagging_knn,model_weights.gradient_boosting,model_weights.mlp,feature_importance.backtop_temperature_scaled,feature_importance.backtop_humidity_scaled,feature_importance.backtop_temperature_fd3_scaled,feature_importance.backtop_humidity_fd3_scaled,feature_importance.backtop_temperature_fd2_scaled,feature_importance.backtop_temperature_fd1_scaled,feature_importance.backtop_humidity_fd1_scaled,feature_importance.backtop_humidity_fd2_scaled
0,0,0.9094650205761317,0.9089232645259511,0.8943171608265947,0.9803833483078767,1.3430320874503174,0.5628519538837263,1.328893303155485,2.807943011307402,0.5048346983382289,0.19711934156378597,0.029629629629629606,0.023868312757201617,-0.0004115226337448874,-0.0016460905349794386,-0.0024691358024691466,-0.002469135802469169,-0.007818930041152305
1,1,0.9300411522633745,0.9308278277767381,0.9352786144578313,0.96875,2.3853368583775825,0.9119662679090499,0.6274424082277572,3.311684176343997,-0.467248851845033,0.23004115226337446,0.06913580246913578,0.04320987654320986,0.020987654320987658,0.0024691358024691245,0.012345679012345656,0.00781893004115224,0.0028806584362139785
2,2,0.9012345679012346,0.9023234724989112,0.9051621981928604,0.9603762405569546,2.6473371096899645,0.5091678476288377,0.7526997336709722,2.577665121979127,0.02766789058671061,0.22674897119341564,0.04773662551440331,0.04609053497942387,0.01440329218106996,0.004115226337448552,0.01028806584362143,0.0057613168724279795,-0.0028806584362139898
3,3,0.9423868312757202,0.9427315851258352,0.9411426380368098,0.9855061349693252,1.365059147210316,-0.052697957909331725,1.476479364948317,2.9570130247614497,1.041012789208086,0.24855967078189298,0.05720164609053503,0.08312757201646095,0.017283950617283984,0.006584362139917743,0.0032921810699588993,0.020164609053497984,0.004526748971193473
4,4,0.9300411522633745,0.9320574091847361,0.9424345036535378,0.9846729638210658,2.2282520475729473,0.7408408787660921,0.7838797034040198,2.453532835660192,0.5079523665012063,0.23868312757201643,0.042798353909465,0.0530864197530864,0.00987654320987653,0.006995884773662531,0.008230452674897092,-0.0008230452674897303,-0.00864197530864197
5,5,0.9218106995884774,0.9219083913188951,0.9162245800176835,0.9676539935160625,1.1679125854751535,1.360623596242445,2.2360417083684543,2.0045070248977273,-0.039783467935814255,0.25761316872427986,0.0497942386831276,0.0497942386831276,0.027160493827160525,0.007818930041152305,0.012345679012345723,0.027160493827160525,0.016460905349794275
6,6,0.9135802469135802,0.9149801930694973,0.9193396964481302,0.972461273666093,2.3217198996953545,-0.32040581024747605,1.2458113167687594,3.219345570359202,0.4415126345932523,0.20370370370370364,0.0222222222222222,0.013580246913580197,-0.0032921810699588884,-0.00905349794238688,-0.006995884773662609,-0.0004115226337448874,-0.0032921810699588993
7,7,0.934156378600823,0.934844074067635,0.9336718375179913,0.9818487126179434,1.6393682969892638,0.5897588303312103,1.6087737683711643,2.560488373774285,0.028106721360985715,0.21728395061728395,0.042798353909464994,0.044855967078189285,0.00905349794238679,0.009876543209876498,0.0024691358024691245,0.013168724279835365,0.0012345679012345401
8,8,0.9053497942386831,0.9062029715624487,0.9087261053553188,0.9709616226470159,1.5281015963589644,0.34126915100569427,1.389457760062939,2.8546785730996347,0.6401727733054975,0.25349794238683127,0.033333333333333326,0.044032921810699586,0.02016460905349793,0.007818930041152227,0.0,0.007407407407407385,-0.00781893004115226
9,9,0.9176954732510288,0.9186804842513574,0.9191142191142192,0.9689199689199689,2.641401981888893,0.8641676707070278,0.7925935143395274,2.213904093266566,0.1848499519850543,0.22962962962962968,0.06131687242798358,0.0592592592592593,0.002057613168724326,0.007407407407407451,0.005761316872428058,0.008230452674897193,-0.001646090534979372
10,10,0.934156378600823,0.9339774290713316,0.9253814249740779,0.9900014812620352,1.8516428414918609,0.7769786107003325,1.576931624942233,2.970740171135594,-0.19761640452034193,0.2193415637860082,0.01975308641975305,0.018106995884773647,0.02139917695473249,-0.006584362139917732,-0.011934156378600857,0.002057613168724259,-0.0016460905349794496
11,11,0.9135802469135802,0.9133102094342405,0.9059688704840783,0.9782236184492361,1.7946773017509297,1.3429709010110642,0.3103000758175141,2.9028643014064714,0.3157429001239158,0.21604938271604932,0.036625514403292134,0.04279835390946498,0.0008230452674896748,-0.006584362139917732,-0.0028806584362140453,-0.016049382716049422,-0.01111111111111116
12,12,0.9300411522633745,0.9297606155305959,0.9200928381962865,0.9840848806366047,2.294981289600999,0.48463082128609253,1.5641635802467653,2.5153797349373503,-0.07375410563908384,0.22716049382716047,0.024691358024691336,0.03580246913580246,0.01152263374485597,0.00781893004115225,-0.0012345679012345622,-0.0016460905349794386,-0.004115226337448552
13,13,0.9012345679012346,0.9012345679012346,0.8881901840490798,0.963036809815951,1.990364382452926,0.6978507295720866,1.5609513089296816,2.663661660118249,-0.1826243317189828,0.1876543209876543,0.04403292181069962,0.042798353909465035,0.006584362139917699,0.00864197530864197,0.004115226337448541,0.004526748971193406,0.006172839506172823
14,14,0.9423868312757202,0.9430981049636742,0.9473869503989986,0.9831012361132844,2.486542312769583,0.6232246896649878,1.4808693897081082,2.729420883178756,-0.5225213807670323,0.22674897119341572,0.0415637860082305,0.038683127572016515,0.010288065843621463,0.005349794238683192,0.0032921810699589106,0.0061728395061728895,-0.0024691358024691024
15,15,0.9259259259259259,0.9259259259259259,0.9194297082228117,0.9820218096080165,1.9828303717806166,0.3082565931732209,0.797622217230753,2.8668096367396187,0.4270512448636536,0.22469135802469134,0.03827160493827161,0.038683127572016474,0.006584362139917699,0.0032921810699588438,0.0012345679012345622,0.025514403292181086,-0.0037037037037036978
16,16,0.9218106995884774,0.9218921394631989,0.9179743737402821,0.9791246760725597,2.4428984691580573,0.7387240334308489,1.2078856814480883,2.3879477165338194,-0.10252615800277678,0.22139917695473255,0.018106995884773693,0.025514403292181076,0.004526748971193461,-0.012345679012345656,-0.01563786008230449,0.002469135802469169,0.0024691358024691466
17,17,0.9382716049382716,0.9384950745271078,0.9366710875331565,0.9725169466548776,1.6227838853020176,0.6775851099929057,1.5887741716881878,2.573540654993202,0.3090421580311465,0.24938271604938267,0.042798353909464994,0.05555555555555551,0.020164609053497894,0.011111111111111061,0.0032921810699588216,0.007407407407407374,-0.0008230452674897415
18,18,0.9218106995884774,0.9217163457620798,0.914599445498322,0.9774551291405225,1.5980594878344194,1.3840363824340196,0.9098948715311325,2.9547537138474995,-0.10179246494949125,0.24567901234567904,0.025102880658436234,0.03662551440329222,0.0016460905349794496,-0.000411522633744843,-0.006172839506172823,0.021399176954732535,0.0024691358024691466
19,19,0.9382716049382716,0.9390897552891322,0.9444055944055945,0.9672105672105672,2.762407220618668,0.3190178915479782,1.645576664113934,2.3513382865246,-0.3437029916613499,0.2436213991769547,0.0502057613168724,0.0473251028806584,0.027983539094650157,0.003292181069958833,0.0024691358024691024,0.02263374485596704,0.005349794238683103
20,20,0.9300411522633745,0.9301647326338686,0.9204223132682005,0.9771509612354239,1.4505640303852143,0.0665064354437728,1.1180243936271894,2.9174296972360674,1.1529417330887128,0.2502057613168724,0.050617283950617264,0.06790123456790123,0.02716049382716047,-0.0020576131687242817,-0.0012345679012345622,-1.1102230246251566e-17,-0.0032921810699588438
21,21,0.9300411522633745,0.9299063811401687,0.9155205501359347,0.9880857188549497,2.503377136422879,0.2336303206368627,1.5153986874748189,2.794250810790825,-0.32054626664409763,0.21111111111111108,0.028395061728395055,0.026748971193415627,0.009465020576131678,0.005349794238683103,-0.0037037037037036978,-0.004938271604938283,-0.011111111111111117
22,22,0.9300411522633745,0.9307482809118127,0.9353429121611614,0.9660790993926825,1.9657458723911674,0.07509326421909987,1.055969376685147,2.594514746360424,1.085804411318685,0.24115226337448553,0.06543209876543209,0.06419753086419752,0.023868312757201637,0.01358024691358024,0.003292181069958833,0.030041152263374483,0.016872427983539086
23,23,0.9382716049382716,0.9387854804126204,0.9371651433974157,0.9803813425780019,2.263417176018357,0.967232675818105,0.7365919111189877,2.4744274196110507,0.19793780557812837,0.2024691358024691,0.04444444444444441,0.0444444444444444,0.016049382716049332,0.013991769547325039,0.0020576131687242262,0.020164609053497883,0.006584362139917666
24,24,0.9053497942386831,0.9054721513349044,0.8978299511183528,0.9688194341579026,2.2990547105612182,0.3772384191715999,1.2921936440575577,2.7616484017710508,0.009606099528180805,0.20123456790123456,0.04732510288065842,0.03703703703703705,0.017695473251028805,0.0,-0.004526748971193406,0.016049382716049367,0.0057613168724279795
25,25,0.9053497942386831,0.9052147649435831,0.893980233602875,0.9728212039532794,2.0711692251065403,1.2544333543350092,1.110741516673397,2.784551125140951,-0.7086649024672239,0.20164609053497942,0.028395061728395045,0.030452674897119326,0.006172839506172823,-0.0008230452674897082,0.0028806584362139898,-0.0012345679012345733,-0.005761316872428002
26,26,0.9300411522633745,0.9304690438477287,0.9210982658959538,0.9725020644095789,1.5057310463482,0.2627577306411615,1.1986838219547908,3.363165279270951,0.7395909275849429,0.19176954732510287,0.05226337448559669,0.03662551440329216,0.015226337448559646,0.0020576131687242705,0.003292181069958833,0.00781893004115226,0.007407407407407374
27,27,0.9176954732510288,0.9183029590436999,0.909911361804996,0.9562449637389202,1.6928358380133548,1.0492091600831084,1.4871250535568474,3.1503203233906203,-0.7845692487169451,0.22716049382716053,0.057613168724279885,0.06090534979423873,0.017283950617283984,0.01193415637860088,0.018518518518518566,0.008641975308642025,0.01316872427983543
28,28,0.9423868312757202,0.9426999929523301,0.9417545180722892,0.986144578313253,2.2988751595636394,0.9426952103604049,1.140402100131572,2.1666325538891105,-0.0779635835530749,0.23251028806584367,0.035802469135802505,0.03127572016460909,0.008641975308642014,-0.005349794238683092,0.0004115226337448763,-0.002057613168724259,-0.005349794238683103
29,29,0.9259259259259259,0.9259259259259259,0.922226173541963,0.9803698435277381,1.6711463529485862,0.653608940410897,0.7848615046684926,2.8859707722885237,0.48891885712655864,0.22263374485596707,0.04403292181069961,0.04650205761316874,0.007407407407407418,0.012345679012345689,0.006995884773662542,0.014403292181069982,-0.0020576131687242705
30,30,0.9423868312757202,0.9430763389759502,0.9474358974358974,0.9774669774669775,1.61688915894629,0.7003776668655127,0.8570296148492852,3.1603786096767466,0.21072075580130684,0.24156378600823047,0.07901234567901237,0.07366255144032927,0.03497942386831282,0.015226337448559713,0.005761316872428058,0.020164609053497973,0.013168724279835443
31,31,0.9300411522633745,0.9304454656329919,0.9221491228070176,0.9725471085120209,1.6989184745579047,0.5921421724867905,1.0511760034992885,3.1139423908088584,0.06390932248450544,0.21769547325102873,0.03209876543209876,0.02880658436213992,0.011522633744855949,-0.004526748971193417,-0.009876543209876553,0.000411522633744843,0.0028806584362139785
32,32,0.9094650205761317,0.909735898601222,0.9012345679012346,0.9796524919981711,1.7270626528295974,0.7089934223235772,1.0701732218482487,2.770781084952613,0.28088433186745126,0.2090534979423868,0.013168724279835375,0.041975308641975274,0.0020576131687242484,0.0004115226337448319,-0.010288065843621418,0.008641975308641947,-0.004526748971193451
33,33,0.9506172839506173,0.9508769619864272,0.9510332434860737,0.990491165019467,1.4691794817050792,0.45234691177894676,0.8783637234365976,2.8286516977753724,0.7308442188961052,0.2353909465020576,0.03909465020576132,0.03497942386831278,0.013580246913580275,-0.0024691358024691245,-0.0012345679012345622,0.01152263374485597,0.004938271604938283
34,34,0.897119341563786,0.8974787957595488,0.8923387096774194,0.9675219941348974,2.0356781895833307,0.8628106488397939,0.7632481463773577,2.612996559719,0.6265073648274627,0.24814814814814815,0.04444444444444447,0.030864197530864234,0.016460905349794285,-0.004938271604938249,-0.00781893004115224,0.005761316872428002,0.0016460905349794496
35,35,0.9053497942386831,0.9049575752910973,0.892571470893201,0.9768182491482744,1.7756913031870631,0.6867377903204119,0.9146101423358183,2.8629205497162333,0.6413686664685108,0.20946502057613164,0.03868312757201645,0.020576131687242795,-0.0037037037037036978,0.0008230452674896971,-0.004526748971193406,-0.0004115226337448763,0.013168724279835365
36,36,0.9218106995884774,0.9222497663963312,0.9215175953079179,0.9703079178885631,2.44689791334844,0.9051565895009811,0.4641923894689952,2.4230784645737855,0.38552457902969284,0.2423868312757202,0.03292181069958853,0.05390946502057613,0.012757201646090588,0.009053497942386867,0.01316872427983542,0.011111111111111138,-0.0028806584362139785
37,37,0.9218106995884774,0.9225721600696803,0.926392572944297,0.966254052460949,1.2499993319494573,0.10420134035220349,1.6212908182627677,3.6921633248757053,0.3939136407591938,0.245679012345679,0.03950617283950619,0.03991769547325106,0.018518518518518545,0.006995884773662575,0.0057613168724280125,0.012345679012345711,0.008230452674897148
38,38,0.934156378600823,0.9344798040138541,0.9332691453118056,0.986594578580951,1.9169059890946636,0.5702005867204302,1.286861778252328,2.666636826086483,0.28875924025218636,0.23497942386831272,0.03950617283950616,0.04609053497942386,0.003703703703703687,0.003703703703703687,0.0028806584362139785,0.006584362139917666,0.0020576131687242705
39,39,0.9259259259259259,0.9259259259259259,0.918577810871184,0.9652271034996278,2.415561652244091,-0.19466545616688863,1.217267336127597,2.7733337206701534,0.5938561305563143,0.22674897119341564,0.037037037037037056,0.037860082304526754,0.010699588477366273,0.0008230452674897082,0.0032921810699588438,0.008230452674897104,-0.0057613168724279466
40,40,0.9176954732510288,0.9185054321241759,0.9150252127324299,0.9777024897573274,1.101513276938612,0.1460385041982307,1.6012465620668046,3.2760790737700263,0.5871414815417785,0.19876543209876546,0.021810699588477412,0.04485596707818936,4.4408920985006264e-17,-0.0008230452674896748,-0.0032921810699588216,0.007407407407407451,-0.004115226337448518
41,41,0.934156378600823,0.934156378600823,0.9294117647058824,0.9846042120551926,2.6008243300981726,0.004868454115285324,0.6059120155503712,2.8099350197654287,0.40001561982228817,0.2337448559670782,0.05555555555555551,0.042798353909465,0.02139917695473247,0.012345679012345645,-0.004115226337448574,0.005349794238683115,0.006584362139917666
42,42,0.9465020576131687,0.946410296207262,0.936946386946387,0.981973581973582,2.137886416969451,0.6313681513258064,1.1833849991422818,3.1978197280865497,-0.2280160858506293,0.22633744855967075,0.04938271604938273,0.048148148148148176,0.030864197530864213,0.003292181069958877,0.004115226337448574,0.019753086419753107,0.012345679012345734
43,43,0.9218106995884774,0.9228061312276,0.9203216374269005,0.9688921377517868,2.0607508693848504,0.870906044719574,1.2586654859500714,2.489123672304282,-0.16950383665032187,0.20617283950617282,0.03662551440329222,0.03744855967078192,0.004938271604938293,-0.0016460905349794165,0.0028806584362139785,0.005349794238683148,-0.004115226337448541
44,44,0.934156378600823,0.9345381526104418,0.9320987654320987,0.9781283340954122,1.842771067817396,1.0792431221540788,1.0024492306984245,3.0537631978189506,-0.46040532729783645,0.2436213991769547,0.035390946502057596,0.04814814814814812,0.01563786008230449,-0.006584362139917721,0.0012345679012345512,0.003292181069958833,-0.00534979423868317
45,45,0.9218106995884774,0.9225915211644902,0.9226226993865031,0.9750000000000001,1.852208369276087,0.6409857540507283,0.5687313526485778,2.8818911483712832,0.6536740556547754,0.21975308641975308,0.03744855967078191,0.04897119341563788,0.009053497942386857,0.00658436213991771,0.006995884773662575,0.009053497942386857,0.01316872427983543
46,46,0.9176954732510288,0.9186198277742653,0.9195552147239264,0.9603527607361964,1.9892000766652147,-0.12437371420897253,0.9714851576086266,3.617143093355115,0.4103415808000607,0.22757201646090536,0.05925925925925931,0.02551440329218113,0.027572016460905402,0.002880658436214034,0.0024691358024691913,0.016049382716049443,0.00823045267489717
47,47,0.9259259259259259,0.9261206844527835,0.9212956068503351,0.9742367833209233,1.3551788906312963,0.5037859457351835,1.6956237719776948,3.4694952333359894,-0.5814463672588089,0.23539094650205766,0.042386831275720196,0.03909465020576132,0.0028806584362139898,-0.0024691358024691245,0.0065843621399176875,-0.01358024691358024,0.004526748971193417
48,48,0.9300411522633745,0.9311389991409263,0.9383449883449884,0.9744366744366744,1.8953496211019851,0.7731424216573914,0.8962952020239783,2.325166971170954,0.6415452573436564,0.2662551440329218,0.03950617283950616,0.03950617283950616,0.00864197530864197,0.0016460905349794165,-0.005761316872427968,0.013168724279835375,-0.009053497942386824
49,49,0.9218106995884774,0.9221671248216018,0.9162576687116564,0.9734662576687116,1.183027174290294,1.3561889714353499,1.718926532781058,1.8337963062476705,0.49252496235658244,0.2102880658436214,0.015637860082304566,0.03045267489711937,0.015637860082304545,-0.000411522633744843,-0.0020576131687242705,0.002469135802469158,0.006172839506172878
50,50,0.9259259259259259,0.9259259259259259,0.918577810871184,0.9695457930007446,1.7343446549825334,0.7398618517488947,0.847890411660879,2.863015496113768,0.5853479885404783,0.242798353909465,0.05267489711934155,0.05514403292181073,0.01728395061728396,0.0041152263374485635,0.0004115226337448541,0.023868312757201658,0.013168724279835398
51,51,0.9218106995884774,0.9226167291933993,0.9223911701142329,0.973680148193887,2.2492454795587364,0.5712214925844695,0.8991397906044524,2.465690234178415,0.3209310722818047,0.21522633744855968,0.03168724279835394,0.04691358024691361,0.014403292181069982,0.010699588477366295,0.002880658436214012,1.1102230246251566e-17,0.011934156378600836
52,52,0.9176954732510288,0.917926561881838,0.9114081325301204,0.9811746987951808,1.39288204412194,0.290003943614492,1.4234248952470159,3.1340966278045843,0.4650204389060256,0.2094650205761317,0.04650205761316878,0.0621399176954733,0.00905349794238689,0.008641975308642025,0.009053497942386867,0.012345679012345723,-0.004526748971193384
53,53,0.9218106995884774,0.9226380995928322,0.9288267911863417,0.9643951554063913,2.109678051954313,0.8678361611700929,1.3416529942603734,2.7400814983648427,-0.10520692620414414,0.22592592592592592,0.05102880658436217,0.04115226337448563,0.014403292181069982,0.0008230452674897082,0.004115226337448574,0.01316872427983543,0.011522633744856004
54,54,0.9135802469135802,0.9142368197114409,0.9097329422661316,0.9700524853349799,2.5676734025544117,1.1764848590612107,1.1470155006899307,2.5794805278595194,-0.6983512589237232,0.19259259259259254,0.02839506172839501,0.0275720164609053,0.004526748971193384,-0.004938271604938327,-0.011111111111111172,0.010699588477366207,-0.006172839506172867
55,55,0.9094650205761317,0.9110759988793194,0.9197852760736196,0.9723926380368099,2.583105729142172,0.49014284719103834,0.7137266000095199,2.8561126851794345,0.35438199252219055,0.2238683127572016,0.03744855967078185,0.042798353909464994,0.007407407407407385,0.003703703703703687,0.0008230452674897082,0.004115226337448518,-0.0016460905349794386
56,56,0.9218106995884774,0.9219370223864418,0.9125501698054954,0.9616393948749615,1.4483329596338261,0.7839348137527157,1.503141623271653,3.3106092612636018,-0.4425044992326767,0.20123456790123462,0.05185185185185187,0.04814814814814815,0.006584362139917721,0.011111111111111138,0.0004115226337448652,0.004526748971193451,0.011934156378600857
57,57,0.9465020576131687,0.9467310203309469,0.9446674746250567,0.9821996667171641,2.5582227195525498,0.8039063149153765,0.6340916801993806,2.315653977553224,0.14481147153130355,0.2510288065843621,0.06502057613168727,0.057201646090535005,0.013991769547325127,0.005761316872427991,0.0057613168724280125,0.014403292181069994,0.004526748971193417
58,58,0.9053497942386831,0.9057679599735675,0.8981481481481481,0.9572473708276177,1.8050238893855721,1.0648341808166313,0.9522033097280803,2.5897647609979537,0.1714616451602657,0.2238683127572016,0.045679012345679004,0.05226337448559669,0.008641975308641959,0.0028806584362139898,-0.0024691358024691358,0.006172839506172834,0.01728395061728395
59,59,0.9259259259259259,0.9265498652291104,0.9259259259259259,0.9794238683127572,2.0391933545090235,1.0897997982165024,0.9756530929536041,2.8483716853672436,-0.7371627579538698,0.22633744855967075,0.029629629629629627,0.04362139917695472,0.028395061728395076,0.010288065843621408,0.0028806584362139785,0.018930041152263377,0.010699588477366262
60,60,0.934156378600823,0.934156378600823,0.9268072289156626,0.9814759036144579,1.3633130853058266,0.7566709453144104,1.1225176705482565,2.8043448258463566,0.740580773521066,0.23004115226337443,0.032510288065843586,0.03168724279835389,0.0251028806584362,-0.011522633744856015,-0.01028806584362144,0.016049382716049353,0.0016460905349794165
61,61,0.9094650205761317,0.9102524294709703,0.9070552147239264,0.9743865030674846,1.3522208091204697,0.6985305109150448,1.277946521248464,2.548438580686735,0.6031656344375063,0.2004115226337448,0.01687242798353906,0.04032921810699586,0.004115226337448541,0.005349794238683103,-0.0016460905349794275,0.007407407407407374,-0.0049382716049383045
62,62,0.9135802469135802,0.9144994488305852,0.9127039627039627,0.956954156954157,1.925823549802199,0.9870734108774862,2.0335686442927097,1.6945040069646098,0.21012090623287336,0.21934156378600816,0.043621399176954664,0.03991769547325097,0.02222222222222219,0.011111111111111072,-0.0004115226337448985,0.009053497942386779,0.004938271604938238
63,63,0.9259259259259259,0.9264416975260349,0.920595238095238,0.9773809523809524,1.5980326842219124,1.1146795904082432,1.0401928540636374,2.7357871228603936,0.1923270099961552,0.2362139917695473,0.04444444444444444,0.04814814814814813,0.0012345679012345733,0.009465020576131678,0.010699588477366262,-0.003703703703703687,0.007407407407407407
64,64,0.9135802469135802,0.9134184669603784,0.8969047619047619,0.971984126984127,1.3269896216238717,0.8833685982740406,0.9729241024690835,3.5678565499795467,-0.1117627797750744,0.20699588477366246,0.05349794238683122,0.02139917695473247,0.01769547325102876,0.009465020576131643,0.0008230452674896748,0.0012345679012345067,0.0032921810699588216
65,65,0.934156378600823,0.9349649421334009,0.9413027108433735,0.9654367469879519,1.650564741979311,1.4558190444580361,1.1401667790276646,2.9455004868920547,-0.5645489817173336,0.2423868312757201,0.06255144032921807,0.03127572016460904,0.03004115226337445,0.0012345679012345512,0.0012345679012345512,0.012345679012345633,0.011522633744855936
66,66,0.9218106995884774,0.9218953063086109,0.9176547137073453,0.9783834586466165,3.227916143484804,-0.2587501058741993,1.363513684855392,2.456898727635791,0.31816684960082287,0.24855967078189303,0.035802469135802505,0.029629629629629662,0.006995884773662586,0.0041152263374485635,0.01028806584362143,0.011522633744855992,-0.004526748971193384
67,67,0.9506172839506173,0.9507471229685224,0.9484363365599404,0.990469099032018,1.571949507987329,0.26684977226232653,1.1277932880756003,3.0951000748748054,0.8036116872096313,0.21069958847736628,0.04609053497942386,0.034979423868312765,0.0049382716049382715,0.003292181069958833,-0.0012345679012345622,0.013991769547325127,0.004526748971193406
68,68,0.9259259259259259,0.9267578449968387,0.9288726993865031,0.9721625766871166,2.1999502794562007,0.8428572471232262,1.0088783341676726,2.813189475663854,0.08590898769007428,0.23374485596707814,0.06419753086419755,0.0411522633744856,0.031275720164609055,0.006584362139917699,0.0024691358024691245,0.02016460905349794,0.0008230452674897082
69,69,0.9053497942386831,0.9064141199332338,0.9078313253012048,0.9673192771084338,1.6356008899773031,1.419298994514085,1.3288028411738226,2.7345202264202206,-0.62525795099731,0.20493827160493824,0.0473251028806584,0.02510288065843621,0.012345679012345656,0.0004115226337448541,-0.007407407407407418,-0.01522633744855969,-0.00493827160493826
70,70,0.9300411522633745,0.9309108551471516,0.935122699386503,0.9727760736196318,2.5478962550214375,0.6454869297280256,0.49809773705723254,2.5411962357524924,0.5222502001679172,0.22716049382716047,0.05720164609053496,0.05637860082304528,0.030452674897119336,0.00987654320987651,0.003703703703703687,0.0020576131687242705,-1.1102230246251566e-17
71,71,0.9465020576131687,0.9470535515533786,0.9505248533497993,0.9808582895955542,1.898843070837947,0.47667106026513645,0.8427040226120911,3.062267147821588,0.20869001905385798,0.24526748971193416,0.05226337448559674,0.059670781893004156,0.03251028806584365,0.019753086419753107,0.01028806584362143,0.023868312757201672,0.012345679012345723
72,72,0.9094650205761317,0.9101554398489264,0.9083557951482479,0.9541030248577419,2.3438879261676773,0.8079291586384938,1.1562552672051987,3.0397758538457804,-0.5373460763934,0.22921810699588469,0.03827160493827157,0.06543209876543205,0.02798353909465018,0.00987654320987651,0.004938271604938238,0.016049382716049342,0.005761316872427957
73,73,0.9259259259259259,0.9259259259259259,0.9166666666666666,0.9727175735406188,1.9039352191846264,0.6075874048945944,0.9503711487465357,2.8841688433810906,0.05684529468272176,0.21975308641975308,0.030041152263374494,0.03456790123456792,-0.0012345679012345733,0.006584362139917699,0.0037037037037037203,0.013991769547325094,1.1102230246251566e-17
74,74,0.9259259259259259,0.9261272441466039,0.9209344115004492,0.9770889487870621,1.4460790970745043,1.139207079853419,1.6479548113321933,2.228397179256809,-0.09842059215163165,0.2288065843621399,0.04526748971193416,0.03827160493827162,0.005349794238683125,0.0004115226337448652,0.0,0.0074074074074073955,-0.0004115226337448652
75,75,0.9300411522633745,0.9301441786038532,0.9232692016361157,0.975534009998485,1.8255374141225797,1.0861313375734583,1.7168219781499336,2.6899555511992195,-0.629181214246079,0.22757201646090533,0.04979423868312758,0.03333333333333331,0.027572016460905326,0.01069958847736625,0.006584362139917676,0.00781893004115224,0.005349794238683092
76,76,0.9218106995884774,0.9221671248216018,0.9162576687116564,0.9727760736196319,1.3872459467774068,0.37492253924122454,1.4994525521917093,3.815552217402084,-0.3555436519904851,0.22551440329218106,0.029629629629629662,0.03415637860082308,0.018106995884773703,0.0020576131687242817,0.007407407407407451,0.0008230452674897193,0.002880658436214012
77,77,0.8765432098765432,0.8771924049660682,0.8691599281221922,0.954177897574124,1.7550308861339867,0.9089166472507297,1.577948063680119,2.2630535279512056,0.1566888149411857,0.21111111111111117,0.0345679012345679,0.021810699588477367,-0.00781893004115226,-0.004526748971193395,-0.019753086419753096,-0.008641975308641959,-0.0057613168724279795
78,78,0.9629629629629629,0.9631214756137323,0.9630737767005,0.9915921830025753,2.094216902709364,0.3293056134264753,0.9786773502644702,2.4971058018786008,0.6259625447978714,0.23950617283950612,0.06337448559670777,0.06502057613168719,0.03168724279835385,0.011522633744855914,0.004526748971193395,0.02427983539094645,0.007407407407407385
79,79,0.9423868312757202,0.9427424681196972,0.9409154059895029,0.9746835443037974,1.615071969394546,0.1191065858111547,1.612927815236705,3.190046031458291,0.4332269162817939,0.23004115226337457,0.050617283950617334,0.046502057613168765,0.008641975308642014,0.0016460905349794607,0.004115226337448629,0.0061728395061729,-0.0028806584362139564
80,80,0.9259259259259259,0.9259259259259259,0.9216129032258065,0.9808602150537634,2.307854436645443,0.7821138922266684,0.8238085064502022,2.7955140708138533,-0.0060839083956353715,0.22263374485596707,0.053497942386831275,0.04897119341563786,0.007407407407407407,0.006995884773662542,-0.0024691358024691245,0.013991769547325117,-0.003703703703703687
81,81,0.9094650205761317,0.9108014893200079,0.907099574189322,0.9662626924336717,2.0194266149557647,1.0712163112490445,1.2795629969388838,2.6147541579199722,-0.42470420354672245,0.2053497942386831,0.048971193415637826,0.05432098765432096,0.03004115226337446,0.016049382716049342,0.006172839506172811,0.020164609053497907,0.009876543209876498
82,82,0.9176954732510288,0.9176954732510288,0.9121602082128397,0.9742625795257374,1.6628884640996566,0.8657041520691569,1.3802680114796961,3.0994300376938364,-0.4445983480684742,0.23086419753086423,0.04855967078189306,0.0283950617283951,0.015637860082304566,0.0032921810699588993,0.007407407407407462,0.022222222222222265,-0.00411522633744853
83,83,0.9423868312757202,0.942894986754636,0.9475022104332449,0.9786324786324786,2.1967720661063868,0.9367847597151859,1.3518254040150435,2.5601972849202648,-0.3637963114729542,0.2584362139917696,0.06707818930041157,0.036625514403292224,0.010699588477366306,-0.00041152263374480966,0.00905349794238689,0.008641975308642014,0.009053497942386902
84,84,0.9423868312757202,0.9424954193960042,0.9412394687990862,0.978580608310724,2.417138276957648,0.1089348968944718,0.9936667257290964,2.6171667377504546,0.5591952497802176,0.24567901234567904,0.041563786008230484,0.040329218106995926,0.04197530864197534,0.015637860082304566,-0.00411522633744853,0.02921810699588483,0.014403292181070004
85,85,0.9135802469135802,0.9140249368037433,0.9048613299716357,0.9746296879924362,2.182255096505102,0.5761521182427976,1.3423564527758078,2.535102057164041,-0.24243863594270296,0.2004115226337448,0.04650205761316869,0.03539094650205756,0.01481481481481477,0.0028806584362139785,0.005349794238683103,0.020164609053497894,0.003703703703703665
86,86,0.9300411522633745,0.9306590541158443,0.9269150807612346,0.9739325123940509,1.273481536766899,0.620142257546945,1.8678278233681407,2.4228145844490143,0.30824827641159186,0.21111111111111108,0.04197530864197531,0.031275720164609035,0.010288065843621375,0.0012345679012345622,-0.0008230452674897082,0.01728395061728395,0.004115226337448541
87,87,0.9259259259259259,0.9266331515564643,0.924894382725708,0.9817712408073853,0.4730415645104539,0.7462916216819997,1.5733629467824823,3.29045636935913,0.32455953718876657,0.22345679012345682,0.03497942386831278,0.05020576131687242,0.0028806584362139785,-0.0028806584362139785,-0.005761316872427957,0.0032921810699588438,-0.003703703703703687
88,88,0.9670781893004116,0.9672630602050587,0.9691713376761097,0.9888653234358431,1.2066841876456254,0.3461945135608931,1.4455959801531786,3.0333897310667495,0.5407049706597882,0.24691358024691362,0.057613168724279865,0.07530864197530869,0.017695473251028826,0.019341563786008275,0.006995884773662619,0.018106995884773724,0.013580246913580295
89,89,0.9218106995884774,0.9222012449489825,0.9149194179314661,0.9788765451416055,2.244939861142746,1.1519586101557653,1.312595143955471,2.355480374323538,-0.49808995815732304,0.2078189300411523,0.04115226337448563,0.05555555555555556,0.011934156378600836,-0.0012345679012345512,0.005349794238683159,-0.000823045267489686,-0.009465020576131656
90,90,0.9176954732510288,0.9193037607398786,0.9203781512605043,0.97109243697479,2.076475817246539,0.6082307617729734,1.643116052897598,2.828250274940598,-0.23090314555474353,0.23251028806584367,0.04320987654320992,0.048559670781893036,0.0028806584362140453,0.009876543209876609,0.0037037037037037646,0.0012345679012346288,-0.007818930041152227
91,91,0.9300411522633745,0.9299738517845514,0.9256045519203414,0.980298719772404,1.652240040271743,0.5643944926412079,1.1489670561373302,2.7009219109585696,0.206949673853834,0.245679012345679,0.025514403292181076,0.03004115226337445,0.015226337448559668,0.014403292181069938,0.013168724279835375,0.00781893004115225,-0.004115226337448585
92,92,0.9300411522633745,0.9299063811401687,0.9155205501359347,0.9755317447625139,1.57002789790551,0.6606110696868901,1.5133053693087448,2.5415194369541974,0.5074754151430539,0.19176954732510287,0.031275720164609035,0.02798353909465019,0.02222222222222221,0.00781893004115224,0.004938271604938249,0.009053497942386824,0.003703703703703687
93,93,0.9053497942386831,0.9077201804644798,0.9115502035278155,0.9609056987788331,2.2285810374563533,0.08167633200883094,1.0867122589067126,2.4069813178251103,1.107456839153904,0.21604938271604937,0.054320987654320974,0.026748971193415617,0.012345679012345668,0.006172839506172811,0.006172839506172823,0.009465020576131666,0.0020576131687242817
94,94,0.9053497942386831,0.9057168655273473,0.9000372300819062,0.9687267311988087,2.4366826803752715,1.0754281826115881,1.1732063475691579,2.1139249548786534,-0.35189338069870074,0.20370370370370366,0.03703703703703702,0.04444444444444445,0.0222222222222222,0.004938271604938249,0.0,0.005761316872427957,0.000411522633744843
95,95,0.9506172839506173,0.9507792757252468,0.9467365967365967,0.9852369852369852,2.162572172578779,0.4249791135230607,1.4097373700167928,2.9573961304642675,-0.1984613950887574,0.2497942386831275,0.05308641975308641,0.04855967078189301,0.015637860082304545,-0.004526748971193395,0.0,0.013168724279835398,0.003703703703703687
96,96,0.9135802469135802,0.9140517671636911,0.9036862306093075,0.9691348152886615,1.9108706316156585,0.5554187681182692,1.306644890098838,2.9772999486555594,-0.07435929316333727,0.22962962962962957,0.04855967078189295,0.019341563786008174,0.002469135802469091,0.00041152263374480966,-0.005761316872428046,0.008230452674897082,0.0012345679012345401
97,97,0.9423868312757202,0.9423868312757202,0.9385121457489879,0.9757807981492193,1.9880540366666908,0.37103574851358345,1.037851178273051,2.363880451046779,1.097600647109042,0.22551440329218111,0.044032921810699635,0.06625514403292185,0.01399176954732515,0.0004115226337448985,-0.004938271604938238,0.014403292181070004,0.007818930041152316
98,98,0.9259259259259259,0.9263831732967535,0.922159617165792,0.9773078110527941,2.1840103824329855,0.5385742747371643,1.0711069306970187,2.592925071528986,0.5497413490758898,0.22057613168724285,0.05473251028806584,0.030041152263374483,0.004115226337448552,0.000411522633744843,-0.006584362139917676,0.009876543209876553,-0.0012345679012345512
99,99,0.8765432098765432,0.8765432098765432,0.8642963514519733,0.9571109456440805,1.8370222651813535,0.3878960990108004,1.1782593908527004,3.0033893739771482,0.22888548738332398,0.2123456790123457,0.04032921810699591,0.03209876543209876,0.00781893004115226,0.005761316872427968,-0.0004115226337448541,-0.006584362139917699,-0.003292181069958833
100,100,0.9465020576131687,0.9466757240387063,0.946078431372549,0.9796659404502541,2.017490246162154,0.6839770530411621,0.8422474802746572,3.2325650271525563,-0.21081177985056762,0.22962962962962968,0.04403292181069962,0.061728395061728426,0.02551440329218111,0.011934156378600869,0.006995884773662575,0.01111111111111115,0.004938271604938283
101,101,0.897119341563786,0.8979758006877009,0.8893003466750709,0.9605263157894737,2.398728883756249,0.5324716421477526,0.9336962444064579,2.559568837876155,0.3975841220105181,0.23539094650205766,0.03539094650205765,0.040740740740740765,0.008641975308642002,0.008230452674897148,0.002469135802469158,0.03045267489711937,0.01028806584362144
102,102,0.9259259259259259,0.9265701695671574,0.9256901840490798,0.9710122699386503,1.6591688896746555,0.43869500848021714,0.9810364380306251,2.718082129367103,1.1450831309045295,0.2111111111111111,0.036213991769547337,0.0588477366255144,0.020576131687242805,0.006172839506172834,0.013991769547325127,0.022222222222222233,0.023456790123456785
103,103,0.9423868312757202,0.942599451303155,0.9357908204062051,0.9823284823284824,1.193325819204414,0.8991223102818948,1.036848253254182,3.0714150916780594,0.6607301990561506,0.21687242798353915,0.035802469135802525,0.052674897119341604,0.02716049382716055,0.00905349794238689,0.008641975308642025,0.0218106995884774,-0.0028806584362139676
104,104,0.9259259259259259,0.926653633105246,0.9293575920934412,0.9786612758310872,1.3463255889413894,0.4931721340966128,1.0378880879466066,2.966429187933179,0.703773057079945,0.21604938271604937,0.05102880658436215,0.04979423868312758,0.01810699588477368,0.0024691358024691358,0.004115226337448552,-0.0028806584362139785,0.0037037037037036978
105,105,0.9423868312757202,0.9419914467844752,0.9329032258064516,0.9836559139784946,1.4617399422088462,0.5788160114557321,1.1396313977163854,2.6865765560144235,0.535404765983392,0.23580246913580255,0.055967078189300454,0.06460905349794244,0.011934156378600869,0.018930041152263412,0.00905349794238689,0.02345679012345685,-0.0020576131687242484
106,106,0.9382716049382716,0.9383285731970915,0.936130867709815,0.9790184921763869,2.0261341939502935,0.8144051561883479,1.1793300691351087,2.9509336084536932,-0.33902587252305744,0.23991769547325098,0.03703703703703699,0.04444444444444441,0.006995884773662519,0.0008230452674896748,0.0028806584362139455,0.0057613168724279466,-0.0004115226337448985
107,107,0.9176954732510288,0.9184112995190639,0.9163726993865031,0.9809049079754601,2.348442908194977,0.2631888506801694,0.8400811569881619,2.9620342749283393,0.4732195868467138,0.20329218106995892,0.04238683127572022,0.05226337448559676,0.011522633744856004,-0.003703703703703665,0.0032921810699589106,0.014403292181070015,-0.0020576131687242484
108,108,0.9423868312757202,0.9426897889841651,0.9419362084456424,0.9862982929020665,1.3412928893512448,0.5782788988584517,1.2426501146331645,3.2906710819440157,0.06123462386920302,0.24485596707818935,0.02345679012345684,0.05349794238683131,0.025514403292181097,-0.004938271604938238,-0.00905349794238679,0.008641975308642002,-0.0028806584362139676
109,109,0.9382716049382716,0.938351403044503,0.9338246185750259,0.9844467486298327,1.8975131922074113,1.2949786465984086,0.8186983911636017,2.7043903067462343,-0.5073879120529354,0.23045267489711926,0.05020576131687238,0.06419753086419748,0.008641975308641936,0.005761316872427935,-0.0032921810699589106,0.01687242798353905,0.004938271604938227
110,110,0.8930041152263375,0.8941293867148472,0.8923269201636116,0.9734888653234358,2.2529651274265907,0.5777878933424032,1.0944982715303282,1.9956674855440355,0.8406020070468276,0.19958847736625518,0.03744855967078194,0.037860082304526796,-0.004938271604938238,5.551115123125783e-17,-0.001646090534979383,-0.005761316872427935,-0.01769547325102875
111,111,0.897119341563786,0.8987332885942703,0.9044084229662173,0.947432207241327,2.48530684174793,0.6460573673694678,1.3107157175217554,2.5941677122736118,-0.3330510856926602,0.19753086419753088,0.039506172839506214,0.04526748971193417,0.025925925925925943,0.006584362139917732,-0.004526748971193395,-0.0024691358024691136,-0.007407407407407374
112,112,0.897119341563786,0.8962195493099387,0.8824826489300173,0.9718045112781954,1.8841091405892652,0.4600265731081063,0.8633698577873581,3.3360251259775087,0.4239118569805979,0.20987654320987653,0.035802469135802484,0.011934156378600857,0.016049382716049422,0.0012345679012345846,-0.014403292181069916,0.013168724279835443,-0.000411522633744843
113,113,0.9094650205761317,0.9108932497730865,0.9166027607361964,0.9692484662576687,2.0603348387175804,0.3477504037512723,1.3823210265932262,3.053571408546293,0.3908630223670888,0.23580246913580244,0.0596707818930041,0.06831275720164606,0.012345679012345645,0.005761316872427957,0.0,0.013991769547325084,0.003292181069958833
114,114,0.9506172839506173,0.9507302509481159,0.9491828396322779,0.9871589085072231,2.075693057575971,1.612781124964226,1.7807405529731413,2.127288283367643,-1.1586556358117217,0.2473251028806584,0.03744855967078189,0.062139917695473244,0.021810699588477388,0.0020576131687242705,0.005761316872427991,0.016872427983539107,0.009053497942386834
115,115,0.9135802469135802,0.9139041721249653,0.909457858095097,0.9782254480817657,1.759907928360977,0.740848509099297,0.5657022024324183,2.548983480609748,1.0682546009279754,0.191358024691358,0.05473251028806582,0.05884773662551436,0.02057613168724274,0.008230452674897071,0.0012345679012345512,0.014403292181069904,0.005349794238683092
116,116,0.9259259259259259,0.9261339056936542,0.9205572289156627,0.9734939759036145,1.820228022414867,0.3767416505083697,1.0061754712973354,2.0052796236632946,1.2308410700769492,0.22016460905349797,0.04732510288065844,0.05637860082304528,0.017695473251028816,0.014814814814814826,0.010288065843621408,0.020164609053497963,0.012345679012345678
117,117,0.9300411522633745,0.9304340464354361,0.9226430298146655,0.9697018533440773,2.5037883065664306,-0.10572310375854274,1.441048904215084,3.2967108998328705,-0.1757603433722955,0.22757201646090533,0.06790123456790122,0.04979423868312756,0.006584362139917676,0.003292181069958833,0.0028806584362139785,0.016460905349794254,0.013168724279835387
118,118,0.9012345679012346,0.9025766893724203,0.9041027607361963,0.9645705521472392,2.2837124395382027,0.6638689414280747,1.391805162887504,2.053967594829934,0.3044004927407551,0.22304526748971193,0.012345679012345689,0.03127572016460907,0.004526748971193406,-0.0008230452674897082,-0.004526748971193395,-0.0008230452674896971,-0.01440329218106996
119,119,0.9176954732510288,0.9174790748878539,0.9079354553492485,0.9746536987916298,2.389577382630786,0.43937670442215904,1.7704095661919652,2.247268362888622,-0.23528378506494177,0.21646090534979429,0.028806584362139953,0.028806584362139974,-0.0020576131687242484,0.004115226337448608,4.4408920985006264e-17,0.010699588477366306,-0.002057613168724237
120,120,0.9300411522633745,0.9303600590509068,0.9255751533742331,0.9789877300613496,2.5644254335370245,0.5806162870114706,1.3194881335046076,2.955690164906196,-0.8135276986162754,0.23539094650205766,0.03744855967078188,0.035390946502057596,0.004526748971193395,0.004938271604938249,0.0012345679012345622,0.0020576131687242817,0.0032921810699588438
121,121,0.9382716049382716,0.938726132910972,0.9380751533742331,0.9841257668711657,1.749652146915562,0.4161998641834923,1.5021209695063835,2.6312479403913147,0.12080682533125799,0.21646090534979417,0.04773662551440324,0.03621399176954726,0.008230452674897082,0.004115226337448541,-0.005761316872428046,0.001646090534979372,0.0012345679012345178
122,122,0.9053497942386831,0.9057293439359716,0.8995956873315364,0.9766397124887691,2.1031394967520787,1.0387422395033956,0.9852288151268269,2.6618588926021998,-0.11446821341621118,0.18641975308641973,0.03168724279835391,0.02222222222222222,-0.010699588477366273,0.000411522633744843,-0.0037037037037037203,-0.003703703703703731,-0.0016460905349794165
123,123,0.9670781893004116,0.9673794346270744,0.9745222929936306,0.9780773218782403,2.1542664344101197,0.9837049287591587,0.6576621061648175,2.7677096120838387,-0.44182766750269664,0.23703703703703707,0.060905349794238714,0.04609053497942391,0.03456790123456795,0.012345679012345723,0.005349794238683214,0.020576131687242826,0.015226337448559713
124,124,0.897119341563786,0.8983163131572561,0.8984244811392214,0.9651567944250872,2.280930816856547,0.21376047627089745,0.934601545485358,2.7251606089587574,0.6140982667539403,0.21069958847736628,0.05185185185185189,0.030041152263374515,-0.004938271604938249,0.004526748971193451,-0.003703703703703687,0.008230452674897148,-0.0028806584362139785
125,125,0.9012345679012346,0.9012345679012346,0.890210843373494,0.9707831325301205,1.7486413018428024,0.569111849067705,1.2330981054065417,2.8547552896548205,0.6410519686289987,0.20987654320987653,0.024279835390946514,0.019753086419753096,1.1102230246251566e-17,-0.0016460905349794165,-0.0024691358024691245,0.0012345679012345956,-0.004938271604938249
126,126,0.934156378600823,0.9339946658943075,0.9267109295199183,0.9886181234495841,2.157245268649171,0.4322793040132684,0.9691697432800186,2.526263729526904,0.5793636792446044,0.21893004115226336,0.04526748971193414,0.05267489711934152,0.008230452674897092,0.0028806584362139676,-0.008641975308642025,0.0057613168724279466,-0.008230452674897148
127,127,0.9218106995884774,0.9227065382104142,0.9289345711759505,0.9750221043324492,2.0542385523114763,0.3603375319888467,0.6568244186327186,3.034815998897306,0.4044409812556109,0.24403292181069958,0.050205761316872446,0.058436213991769584,0.012345679012345711,-0.003703703703703687,0.011111111111111138,0.019753086419753117,0.011111111111111138
128,128,0.9094650205761317,0.9097782682806769,0.9087126600284495,0.9633001422475107,2.019542152165753,0.31085114370272765,1.7056112532451928,2.4641120810490067,0.3799790339332519,0.22098765432098766,0.0641975308641975,0.041563786008230394,0.00987654320987652,-0.0016460905349794275,-0.006172839506172867,-0.0016460905349794496,0.000823045267489686
129,129,0.9465020576131687,0.9473149171712089,0.9570855202222909,0.9748379129360913,1.8818107467974239,0.25917694038863387,0.816719367258346,3.3576244688129004,0.38173642987782175,0.2534979423868313,0.058847736625514444,0.057201646090534984,0.026748971193415648,0.0020576131687242705,0.011934156378600869,0.013580246913580285,0.0024691358024691358
130,130,0.9176954732510288,0.9188725164830303,0.9284180121463488,0.9648940897644793,2.321246419168688,0.7110329026202487,0.8301158444975617,2.8495329461555094,0.13508501485148577,0.26625514403292183,0.04362139917695479,0.043621399176954775,0.018930041152263398,0.0004115226337448763,0.006995884773662609,0.005761316872428035,-0.004526748971193395
131,131,0.9176954732510288,0.9186368648968503,0.923119880863738,0.974981384959047,1.685299100671304,0.6621626936962243,1.278946637689215,2.300625705136692,0.9925960480465674,0.21975308641975314,0.032510288065843676,0.036625514403292245,0.005349794238683181,0.004526748971193461,-0.0028806584362139564,0.008641975308642025,-0.0024691358024690802
132,132,0.9465020576131687,0.9470026231559695,0.9506514164520528,0.9797757915467353,2.9009514610113585,0.724919193808163,1.3696011506202979,2.381351155560779,-0.5425645709942285,0.25761316872427986,0.05514403292181073,0.033744855967078234,0.030041152263374504,0.003292181069958866,0.0004115226337448541,0.006584362139917721,0.0004115226337448652
133,133,0.9506172839506173,0.9505001864552426,0.9447712418300653,0.9873638344226581,1.863763885735696,0.68887239705804,0.7086390012672144,2.856198650379441,0.5665923492005,0.245679012345679,0.04156378600823046,0.05102880658436215,0.006172839506172844,0.0049382716049382715,0.006172839506172844,0.013580246913580252,0.01522633744855969
134,134,0.9135802469135802,0.9140834827876482,0.9123563218390804,0.9711170055997642,2.6015507920072642,0.6344112466282179,0.8768352372427543,2.688735505726084,-0.30995048689219146,0.24526748971193407,0.0460905349794238,0.034567901234567856,0.011934156378600791,0.003703703703703665,-0.002880658436214034,-0.005349794238683181,0.0020576131687242484
135,135,0.9176954732510288,0.9188885170310873,0.9224941724941724,0.9735819735819735,2.504577839378987,0.8981374252282908,0.7206071036145242,2.9201761373593658,-0.4823909008633466,0.21934156378600825,0.02921810699588483,0.03415637860082308,0.014403292181070004,-0.006584362139917666,-0.0028806584362139455,0.015226337448559713,0.0012345679012346177
136,136,0.934156378600823,0.9351266548399165,0.9443266171792153,0.9793213149522799,2.0463667917949633,-0.01741075175792745,0.9827394707853718,3.068594204059939,0.8974773967210912,0.22263374485596704,0.04238683127572013,0.05144032921810696,0.018106995884773637,-0.003703703703703731,0.002057613168724259,0.0127572016460905,0.01275720164609051
137,137,0.934156378600823,0.9343070012641544,0.9314533780825915,0.9800087552896541,1.664463613164574,1.0620626997917382,1.816842284981246,2.061736496628135,-0.1620794133434683,0.23950617283950618,0.04855967078189296,0.018106995884773647,0.020164609053497907,-0.0004115226337448541,-0.0008230452674897193,-1.1102230246251566e-17,-0.0024691358024691358
138,138,0.9300411522633745,0.9305087134846719,0.9294804216867469,0.9748493975903614,1.6508208565064584,0.5938140972262163,1.1235167829253536,3.1496057499222174,-0.01256103161377776,0.2168724279835391,0.05390946502057611,0.04773662551440329,0.01563786008230452,0.009465020576131666,0.00781893004115224,0.01358024691358024,0.004938271604938249
139,139,0.9465020576131687,0.9471635760669893,0.9500402900886382,0.9859790491539081,1.6793353521979846,0.6620983495645625,1.656466467954161,2.4078951636040364,0.023812817583641212,0.20246913580246914,0.040740740740740765,0.05144032921810702,0.01111111111111115,-0.0008230452674897082,-0.004938271604938249,0.006172839506172867,-0.003703703703703687
140,140,0.9135802469135802,0.9130588178729622,0.9022556390977443,0.9766483516483516,2.3800032320350715,0.8370178325081207,1.039846005317543,2.8427661103064144,-0.18607755080619223,0.21275720164609044,0.05308641975308638,0.03292181069958842,0.013580246913580197,0.0008230452674896638,0.002057613168724237,0.01769547325102876,0.007818930041152217
141,141,0.9176954732510288,0.9183665339866217,0.9169444023632782,0.974094834116043,1.9023574373266097,0.7569733526175244,1.6339282598904412,2.8910108091007776,-0.44696337903236555,0.24650205761316876,0.046090534979423906,0.059670781893004156,0.03004115226337455,0.008641975308642035,0.007407407407407451,0.015226337448559713,0.013168724279835443
142,142,0.8806584362139918,0.88121950691999,0.8689410311824637,0.9638005557270763,1.9819433691414874,1.4458480487408616,0.752147226646501,2.357713422556297,-0.11474978986667628,0.1835390946502057,0.016049382716049367,0.013168724279835375,-0.0008230452674897303,-0.008230452674897137,-0.011111111111111127,0.003703703703703709,-0.011111111111111105
143,143,0.9094650205761317,0.9094650205761317,0.90625,0.9652076318742986,2.1856333040780656,0.6850298765217231,1.841883266999349,2.71061796613712,-0.6330040248568687,0.23580246913580244,0.01481481481481477,0.0436213991769547,0.009053497942386801,0.013580246913580219,-1.1102230246251566e-17,0.01851851851851848,-2.2204460492503132e-17
144,144,0.9300411522633745,0.9297020752793645,0.9166666666666667,0.9839201341258954,1.7592687275261976,0.7621360439468244,1.4320145923030643,3.0076649022528916,-0.41631942163681207,0.23209876543209873,0.04567901234567899,0.03909465020576132,0.018930041152263377,0.004115226337448552,-0.005349794238683125,-0.002880658436214001,0.00781893004115224
145,145,0.9135802469135802,0.913490234420467,0.9075268817204301,0.9691756272401434,1.6943028465677066,1.2452088442046993,1.4252887746696725,2.6082936112231088,-0.10416129296662424,0.21687242798353906,0.03662551440329213,0.04732510288065839,0.0028806584362139342,-0.007818930041152316,-0.006584362139917754,0.007818930041152227,-0.004938271604938338
146,146,0.9506172839506173,0.9508769619864272,0.9510332434860737,0.9888439652590596,2.211987222112664,1.1367819569745972,1.2628206607924126,2.6439330248891104,-0.457396788890537,0.24403292181069958,0.03539094650205763,0.052263374485596724,0.015637860082304535,0.0057613168724279795,0.0004115226337448541,0.01440329218106996,0.0016460905349794275
147,147,0.9259259259259259,0.9261078527207559,0.921971706454465,0.9771588564692013,1.5450058326561178,1.2659380323505356,1.409604459746773,2.3820032423819115,-0.1114364527895844,0.24444444444444446,0.051028806584362166,0.06337448559670783,0.025102880658436223,0.014814814814814826,0.008641975308641992,0.013168724279835387,0.005349794238683148
148,148,0.9135802469135802,0.9142596450267856,0.9148983200707339,0.9594017094017094,1.2814049194724992,0.8612758124699035,1.4125662155790435,2.9427895679759954,0.40685808886569513,0.24074074074074064,0.05349794238683122,0.04032921810699584,0.013580246913580207,0.005349794238683092,0.0024691358024691136,0.022222222222222178,0.0028806584362139455
149,149,0.9711934156378601,0.9711549105961063,0.9671900459191232,0.9968893497259665,2.0238493408890785,0.31167913485213433,1.1723500347536304,2.995062835890602,0.11579811954643326,0.26131687242798357,0.04362139917695477,0.030041152263374515,-0.0012345679012345512,-0.005349794238683103,-0.0012345679012345622,0.0024691358024691466,-0.006584362139917666
150,150,0.934156378600823,0.9349945719407206,0.9377560668137409,0.9786479672234478,2.339962062730684,0.3356256967969602,1.1173387458985684,2.427404515002673,0.5085185100952917,0.22469135802469128,0.06748971193415634,0.044855967078189285,0.01481481481481478,0.0028806584362139785,0.009465020576131643,0.0020576131687242705,0.00411522633744853
151,151,0.897119341563786,0.8979580680205659,0.8967190045919123,0.9645978373574285,1.7464530176829738,1.0304265737316267,1.0992630216537405,3.2421356683135634,-0.33681948949150636,0.21234567901234574,0.012345679012345689,0.014403292181069994,0.0041152263374485964,0.0012345679012345846,0.0049382716049383045,0.0012345679012345733,-0.0028806584362139785
152,152,0.9012345679012346,0.9015118742582054,0.8931099397590361,0.963027108433735,1.8335799855005461,0.9638621998358747,1.2510651522274663,2.4212030758774357,0.2459574677763462,0.17572016460905351,0.03251028806584361,0.05432098765432101,0.008230452674897137,-0.003292181069958833,0.0016460905349794165,0.007407407407407418,-0.002057613168724259
153,153,0.9135802469135802,0.9149359624191871,0.9228147250416603,0.9669747008029086,1.6230272086834168,1.0119998011655729,1.2576935894906223,2.5171799009512017,0.11961006335874452,0.2028806584362139,0.03868312757201643,0.05637860082304521,0.016049382716049332,0.0004115226337448208,-0.005761316872428046,0.004938271604938238,-0.002057613168724326
154,154,0.9094650205761317,0.9097274902077446,0.9017573094985608,0.9628086653537342,1.369118233961077,0.8018148406792529,1.9805526587047027,2.1132881884246646,0.46845209250108,0.2053497942386831,0.04609053497942385,0.024691358024691336,-0.0004115226337448763,0.007818930041152227,-0.00452674897119344,0.004115226337448552,0.008230452674897082
155,155,0.9547325102880658,0.9546615703137442,0.9475308641975309,0.98079561042524,2.388573196818208,0.5192785358419956,1.5697423782865796,2.1514512975948663,-0.010784118058222495,0.2333333333333333,0.04238683127572015,0.038271604938271586,0.02016460905349795,0.009465020576131656,0.004938271604938249,0.02057613168724277,0.011522633744855949
156,156,0.9012345679012346,0.9019371528734825,0.8999037179677085,0.9517108576507185,2.4126444156340576,0.7331736053061403,1.5608901838246243,2.538071534874177,-0.5147916747629678,0.25473251028806587,0.05514403292181071,0.045679012345679025,0.02304526748971193,0.013580246913580262,0.006995884773662531,0.015226337448559678,0.00781893004115226
157,157,0.9259259259259259,0.927069044352995,0.931768042861645,0.9768358020800504,2.268146841607109,0.8535077318346145,1.3248523483727481,2.8823810885129966,-0.6902192863493624,0.24609053497942388,0.06131687242798356,0.03991769547325104,0.012345679012345711,0.006584362139917699,0.006172839506172811,0.003703703703703709,0.0012345679012345622
158,158,0.934156378600823,0.934156378600823,0.9234163252442483,0.9762054837693035,0.5980622328232971,0.7660649136927388,1.9958411294126068,2.9182101098087454,0.17952297648666357,0.23292181069958842,0.05596707818930039,0.038271604938271586,0.0156378600823045,0.0016460905349793941,0.006172839506172811,0.013168724279835365,-0.0008230452674897303
159,159,0.8888888888888888,0.8892770994203127,0.8834310850439883,0.9564516129032258,2.348434191768234,1.2856118487509942,0.18081203460247836,2.7970791871562852,0.19122386644112813,0.1983539094650205,0.035390946502057576,0.028806584362139863,0.012757201646090477,0.0032921810699588216,-0.008641975308642025,-0.0061728395061729,0.004115226337448518
160,160,0.9423868312757202,0.943165750573158,0.9471853510315049,0.980569326723173,2.4052429145863985,0.6151291281974895,-0.22449270451806902,3.41850343468618,0.26732477738540156,0.24938271604938275,0.06625514403292185,0.07654320987654326,0.032510288065843676,0.004526748971193461,0.017283950617283994,0.011111111111111172,0.013580246913580308
161,161,0.897119341563786,0.898046708220053,0.8998613745804758,0.9619874507514956,2.1541985722084576,0.9442560057072726,1.0798451109811078,1.6670517526625221,0.686578161453212,0.23497942386831278,0.04567901234567904,0.03251028806584364,0.009465020576131734,0.009053497942386867,0.004526748971193428,0.001646090534979472,0.007407407407407441
162,162,0.9012345679012346,0.9009748898654246,0.8900309460654288,0.9719274977895668,1.8302943865730976,0.9322131677756471,1.3972360134024078,2.65835964024771,-0.2774948119650116,0.24362139917695474,0.03333333333333335,0.012345679012345689,0.006172839506172834,-0.009876543209876543,0.0020576131687242926,0.012345679012345689,-0.003703703703703687
163,163,0.9218106995884774,0.9216725803508663,0.9079565013299953,0.9746518541699265,1.9444483315063792,0.19435421122193366,1.0182267047475488,3.2787861473777316,0.31530118389827366,0.21563786008230457,0.04444444444444445,0.04485596707818933,0.007407407407407441,0.008230452674897148,0.0041152263374485964,0.016872427983539127,0.01399176954732514
164,164,0.9547325102880658,0.9547991743907286,0.9508786547492805,0.9920466595970308,1.1843491824215768,0.5412347695667992,1.3881958836907453,3.2869444247965567,0.11262616701932114,0.24773662551440329,0.051851851851851836,0.0588477366255144,0.007818930041152227,0.0065843621399176875,0.005349794238683115,0.006172839506172834,0.003292181069958833
165,165,0.9053497942386831,0.9052395616186492,0.8973856209150327,0.9712418300653595,2.8856041226133677,0.7988835149735861,1.541779107357127,2.2723162064077536,-0.6637062105268854,0.23703703703703702,0.03991769547325101,0.008230452674897115,-0.012345679012345701,-0.00781893004115226,-0.0074074074074073955,-0.0016460905349794386,-0.018518518518518535
166,166,0.934156378600823,0.9345261204101177,0.9323587335252235,0.9787910922587486,1.5480412351055008,0.4830999660624774,0.5997244898138455,3.197191659269492,0.7867723098247881,0.2168724279835391,0.043209876543209846,0.06460905349794237,0.0213991769547325,0.01069958847736623,0.00905349794238679,0.01851851851851848,0.004115226337448541
167,167,0.9094650205761317,0.9108621653203273,0.9126221241727073,0.9663567601638827,2.409074321146721,0.7453179809400642,1.3786791598123869,3.215944566927136,-0.7435204132564598,0.20534979423868313,0.057613168724279795,0.041152263374485555,0.008641975308641947,0.003703703703703687,-0.0004115226337448652,-0.003703703703703731,0.0004115226337448319
168,168,0.9506172839506173,0.9507221493496569,0.9495011567379988,0.9842394447657606,1.9755133529391617,1.0562938575933805,0.8532270202427785,2.7163939931901893,-0.25731160044064405,0.26831275720164605,0.0646090534979424,0.06337448559670783,0.027160493827160504,0.018106995884773668,0.017283950617283973,0.025925925925925943,0.015637860082304545
169,169,0.9176954732510288,0.9181038102767713,0.9192389758179231,0.9677098150782362,1.092389090933744,1.262598994702048,1.31729944287502,3.2079570129445556,-0.11276760220878192,0.2,0.023868312757201682,0.044032921810699656,0.016460905349794285,-0.006995884773662519,-0.007818930041152227,0.009876543209876576,-0.004526748971193395
170,170,0.9176954732510288,0.9180720299093574,0.9158357771260996,0.9667888563049853,1.1902887349598033,1.3236105895806942,1.4627514796431988,3.1615349196176274,-0.5942678339946451,0.22510288065843626,0.05514403292181073,0.04115226337448563,0.00905349794238689,0.0061728395061729,-0.0004115226337448208,0.0012345679012346177,0.0020576131687243147
171,171,0.9259259259259259,0.9263025182565413,0.9240134028294862,0.9755770662695459,2.146508989263346,0.21996185812129326,1.425118266660431,3.2621962987511326,-0.18211758029082117,0.2094650205761317,0.03415637860082306,0.0440329218106996,0.026337448559670785,0.0012345679012345622,-0.004115226337448541,0.005349794238683115,0.0024691358024691245
172,172,0.9135802469135802,0.9139741905922966,0.9069401840490797,0.968941717791411,1.9650827988233142,0.6431510755650817,2.2883324351578653,2.0698194462707735,-0.11773111275102281,0.21028806584362134,0.02057613168724276,0.0395061728395061,0.028806584362139898,0.008230452674897082,0.006584362139917666,0.0028806584362139676,0.012757201646090477
173,173,0.9423868312757202,0.9426130717640705,0.9430247624532104,0.9782608695652174,1.2641578411897667,0.9462541047669739,1.3957790208544587,3.5006527104225476,-0.8006014218519317,0.2555555555555556,0.05843621399176959,0.05514403292181076,0.022222222222222254,0.019753086419753107,0.010288065843621463,0.024279835390946546,0.01399176954732515
174,174,0.9300411522633745,0.9301683878864203,0.9198809523809524,0.9769841269841271,2.6320283657998496,1.34390295856049,0.4907861168501732,2.832407224983744,-0.8436012156857965,0.2337448559670782,0.02016460905349794,0.04074074074074073,0.007407407407407385,0.014814814814814814,0.010288065843621363,0.0,0.005761316872427968
175,175,0.897119341563786,0.8970203702713991,0.8910384068278805,0.9514224751066857,1.2595600359580539,1.190487793322653,2.1126262319586875,2.486870349709958,-0.37221445393468305,0.21152263374485597,0.023045267489711953,0.019341563786008254,0.016049382716049422,-0.011522633744855914,-0.02551440329218104,0.007818930041152283,0.0012345679012346067
176,176,0.9176954732510288,0.9179802438915245,0.9173541963015648,0.9720483641536273,2.0376898245756703,1.0468525483859294,0.6775796060997001,2.5935590979612737,-0.054973835629108014,0.23168724279835393,0.037448559670781936,0.013991769547325162,0.0069958847736625975,0.007407407407407474,0.002880658436214034,0.002880658436214034,-0.003703703703703687
177,177,0.9176954732510288,0.9182603082385217,0.9181034482758621,0.9721485411140585,1.736598241054123,0.5756872228141839,1.5344135176480105,2.5089721659759254,0.4135598391902171,0.2292181069958848,0.037860082304526824,0.03868312757201651,0.02345679012345684,-0.002469135802469091,0.009876543209876599,0.0061728395061728895,0.0028806584362140565
178,178,0.9506172839506173,0.9506172839506173,0.9437326335288669,0.9840228465575795,2.2133780282469195,-0.012707012154838522,1.3787391689079813,2.982634550753169,0.17447880667239074,0.24032921810699587,0.06213991769547326,0.06502057613168723,0.010699588477366273,0.007407407407407418,0.004115226337448552,0.008230452674897137,0.011522633744855959
179,179,0.9259259259259259,0.9260892616155774,0.9228758169934641,0.9843137254901961,2.007248019006734,0.8040603725391418,0.47001528991005526,2.244740734179231,0.8940257506466464,0.1950617283950617,0.032098765432098754,0.03827160493827163,0.020576131687242805,-0.0020576131687242705,0.0008230452674897082,0.006172839506172823,-0.006584362139917666
180,180,0.9300411522633745,0.9301315901171033,0.9248259517108577,0.9828914234928159,1.8940020952622207,1.4824721876626357,1.4211669505473163,1.8918343780023033,-0.1958075841421655,0.22716049382716047,0.04238683127572016,0.05390946502057612,0.018930041152263367,0.004526748971193417,-0.006584362139917676,0.006172839506172823,0.01069958847736625
181,181,0.9382716049382716,0.9387119178570758,0.9382716049382716,0.9768327998780674,2.590513621473673,1.2143305631394592,1.263928611968781,2.1583719806578703,-0.4061735974765303,0.23333333333333325,0.06378600823045263,0.0378600823045267,0.016049382716049353,0.013168724279835332,0.005349794238683103,0.008641975308641936,0.006995884773662519
182,182,0.9300411522633745,0.9297878867293601,0.9215686274509804,0.981045751633987,1.333148787899708,1.4869519106691425,0.7743369486935778,3.3855956708054604,-0.6410295001590225,0.19094650205761315,0.03991769547325104,0.04362139917695472,0.019753086419753086,0.0028806584362139785,-0.0028806584362139785,0.009465020576131666,-0.006995884773662531
183,183,0.9259259259259259,0.9259259259259259,0.9166666666666666,0.9777472946197225,2.7287367759847876,0.5272831388209147,1.4350199051854278,2.0910876891031234,0.07997325766993377,0.2189300411522634,0.05267489711934158,0.04773662551440329,0.022633744855967076,0.004115226337448574,0.0028806584362139898,0.005349794238683125,0.013991769547325106
184,184,0.9259259259259259,0.9257439991310958,0.9178461987450751,0.9863563402889246,1.641568176786921,0.6103123191538218,1.2915903951559837,2.573326596518077,0.2698365993953556,0.21810699588477367,0.02962962962962965,0.03539094650205763,0.01563786008230452,0.0012345679012345733,-0.005761316872427957,0.007407407407407429,-0.0012345679012345622
185,185,0.9094650205761317,0.9099899598393575,0.904320987654321,0.9685261393080323,2.2191607345574607,0.47167034040349587,1.0749112011680462,2.3973615609514827,0.4016525431292813,0.18600823045267484,0.029218106995884764,0.026748971193415617,0.017283950617283928,-0.005761316872428002,-0.009053497942386857,-0.014403292181069994,-0.00823045267489717
186,186,0.9547325102880658,0.9551562196893086,0.9557748538011697,0.9873294346978557,2.4080348034808368,0.5701661460899179,1.5745160382756267,1.9552879617407686,0.22522992250395293,0.2563786008230452,0.03950617283950615,0.052674897119341556,0.018106995884773658,0.006584362139917676,0.012345679012345645,0.0012345679012345512,0.00781893004115225
187,187,0.9465020576131687,0.9470474096324436,0.9451524237881059,0.9860069965017491,2.987290330523822,0.4691671220659593,0.9258463297619702,2.6187209466927786,-0.06777478149789655,0.20699588477366254,0.0469135802469136,0.050617283950617306,0.004938271604938293,0.0008230452674897193,0.007818930041152305,0.005761316872428002,0.006584362139917743
188,188,0.9300411522633745,0.930125574108046,0.9255131964809384,0.9832111436950147,1.6630040927000695,0.5865321012607084,0.8495084129004125,2.860260787432431,0.5788867141963395,0.23497942386831272,0.04897119341563786,0.06872427983539094,0.036213991769547316,0.011934156378600813,0.023868312757201648,0.005761316872427968,0.004526748971193406
189,189,0.9012345679012346,0.9039051483495927,0.913625103220479,0.9715937241948803,1.614217354647191,0.3927458272700631,1.43731419660065,3.156712579889624,0.19217945356553076,0.19670781893004116,0.043621399176954734,0.03415637860082306,0.0004115226337448652,-0.008641975308641947,-0.0016460905349794165,0.000411522633744843,-0.00781893004115224
190,190,0.9300411522633745,0.9302513553721283,0.9288439389576735,0.97372588540167,2.1298483294301285,0.9713698373321746,1.486914812467435,2.945688451202117,-0.6801486141980848,0.254320987654321,0.06666666666666662,0.02510288065843621,0.01646090534979424,0.009465020576131678,-0.0041152263374485635,0.00781893004115224,-0.0041152263374485635
191,191,0.9218106995884774,0.9229134937347498,0.925189095493224,0.9736054207374724,2.138373905060865,0.6993492198642386,0.9484967726066167,2.505543935526546,0.4392532247693297,0.2123456790123457,0.04115226337448562,0.042798353909465035,-0.000411522633744843,-0.006172839506172811,-0.009053497942386779,0.007407407407407429,-0.010288065843621363
192,192,0.9259259259259259,0.925724607705248,0.9163827581099097,0.9819286031699008,2.0309735966757136,1.07185996641625,1.0200346020807567,1.874488221459734,0.42839820724129274,0.22345679012345682,0.04074074074074073,0.055967078189300426,0.032098765432098775,0.003292181069958855,0.0008230452674897082,0.008230452674897137,0.016049382716049377
193,193,0.9012345679012346,0.9007152118296147,0.8881964809384164,0.9721407624633431,2.063075787868878,0.8985415390104657,1.0638479096260292,2.395871291658274,-0.043206431094216416,0.208641975308642,0.03333333333333334,0.03292181069958847,0.013168724279835408,0.0057613168724279795,0.0008230452674897082,0.022222222222222233,0.009876543209876553
194,194,0.9218106995884774,0.9221265715624581,0.9227253401360545,0.969812925170068,0.8810333683053411,1.002653486992182,1.9150444783371428,2.3162304597628522,0.3114896225754742,0.23703703703703707,0.0358024691358025,0.027160493827160515,0.009465020576131734,0.003292181069958866,0.0004115226337448763,0.015226337448559701,0.009465020576131722
195,195,0.9218106995884774,0.9227827204585812,0.9258052147239264,0.9723926380368099,2.1316764198498523,-0.19414285303592785,1.2497241234072627,2.5741547074717483,1.1318062108160916,0.2641975308641975,0.03744855967078191,0.05555555555555558,-0.0061728395061728,0.009876543209876576,0.007818930041152305,0.009876543209876576,0.0008230452674897303
196,196,0.9135802469135802,0.9134489323540081,0.9018709286471747,0.9685653688835024,1.5337324345759453,0.6153019812559286,1.3860336372189848,2.4964712540805047,0.6835618529960579,0.20905349794238676,0.03580246913580244,0.03292181069958844,0.02345679012345675,0.007407407407407374,0.005761316872427957,0.02633744855967073,0.0032921810699588216
197,197,0.897119341563786,0.8965627184050119,0.886655718977581,0.9603741253748393,2.211757923004556,0.5012787409250069,0.8162358592282672,2.694511117721182,0.561548647361064,0.22139917695473255,0.041975308641975316,0.016460905349794264,0.01522633744855969,-0.004115226337448541,0.010699588477366295,0.009465020576131711,0.009053497942386846
198,198,0.9094650205761317,0.9094650205761317,0.8993599397590362,0.9770331325301205,2.386720776430738,0.6310117391734764,1.2781661641041402,2.6308921553281173,0.02656831193659938,0.20164609053497937,0.023868312757201617,0.03580246913580245,-0.008230452674897137,-0.006995884773662586,0.004526748971193395,0.005349794238683092,-0.012757201646090566
199,199,0.9053497942386831,0.9052315358281774,0.8963343108504399,0.9728005865102639,2.266195125403544,0.593462868769482,1.3418336029970785,3.0249464463990234,-0.512149122483792,0.2102880658436214,0.05720164609053498,0.03703703703703702,0.0020576131687242705,-0.005349794238683115,-0.0012345679012345622,-0.003292181069958866,-0.006172839506172844
200,200,0.9218106995884774,0.921079103795153,0.907485772654312,0.9859915365533343,1.2795064515643884,1.0073553923736096,1.0299416921033273,2.6979217405900515,0.48156428173910126,0.23950617283950618,0.03168724279835396,0.03827160493827164,0.005761316872428002,0.005349794238683136,0.0016460905349794275,0.00823045267489716,-0.003703703703703687
201,201,0.9259259259259259,0.9260892616155774,0.9228758169934641,0.9760348583877996,2.7353429716376763,0.28644512240826475,2.1813189131708848,2.1645806106394034,-0.8264482473634257,0.22345679012345682,0.0497942386831276,0.03292181069958848,0.00864197530864198,0.0024691358024691358,-0.0008230452674897082,0.008230452674897115,0.0008230452674897082
202,202,0.9218106995884774,0.92247117637326,0.9235666418466121,0.9668652271034996,1.8940731358646479,0.5354551908503726,0.666257430139734,3.3589052186860053,0.21701310562488946,0.2378600823045268,0.05390946502057616,0.04074074074074078,0.005349794238683136,0.0057613168724280125,0.004938271604938293,0.007407407407407441,0.007818930041152295
203,203,0.9218106995884774,0.9223332680122803,0.9203313253012049,0.9677710843373495,3.066902407380684,0.3275613934826047,0.9578951170306869,2.2924271457355734,0.22785649925974782,0.2411522633744856,0.07201646090534981,0.058024691358024696,0.019341563786008265,-0.0016460905349794052,0.004526748971193428,0.002469135802469169,0.009465020576131711
204,204,0.9012345679012346,0.9015029921954718,0.8936433063791555,0.96413596885295,2.0118880860863424,0.3191496824275872,0.5807171635292958,2.9926995643331455,0.8284382250287781,0.22510288065843623,0.04979423868312758,0.034979423868312765,0.009465020576131689,-0.0037037037037036978,0.0,0.0004115226337448763,-0.0020576131687242484
205,205,0.9465020576131687,0.9467025827440261,0.9454525255517701,0.9817804769663754,2.988065724330051,0.7186593068935551,0.8744883754096222,2.3981619629073614,-0.049740624649827786,0.24609053497942388,0.04485596707818934,0.04567901234567904,0.020164609053497973,0.007818930041152305,0.0041152263374485635,0.01028806584362144,0.007407407407407451
206,206,0.9176954732510288,0.9176954732510288,0.9113526922515687,0.9692835254633008,1.5692036869662989,0.37544008312775934,1.0714580178845126,2.604692855582607,1.1332459936398633,0.2238683127572017,0.036625514403292224,0.03703703703703708,0.023045267489711994,0.008230452674897193,0.0037037037037037646,0.008641975308642025,-0.000823045267489686
207,207,0.9135802469135802,0.913760761289294,0.913041958041958,0.9722377622377623,1.7733128182631628,0.967036626939309,1.0208374608795023,2.299057945093055,0.6027594853424881,0.23662551440329213,0.038271604938271565,0.0407407407407407,0.011934156378600768,0.011522633744855914,0.012345679012345623,0.027983539094650133,-0.002057613168724326
208,208,0.9218106995884774,0.9219152132732381,0.9154132539091586,0.9808637379002234,2.2296248408312502,-0.030242840352948632,0.8462543717633224,2.6425924639484446,0.8879603210741936,0.22427983539094654,0.03868312757201649,0.04732510288065846,0.011522633744856004,0.00452674897119344,-0.0020576131687242705,0.017695473251028826,-0.007818930041152227
209,209,0.9218106995884774,0.9219332322713966,0.9130751533742332,0.9826687116564418,1.631672046468155,0.5584328878434247,1.6003204765606338,2.8734423240180953,-0.1689317786772733,0.2312757201646091,0.02921810699588482,0.021399176954732545,-0.004526748971193395,-0.005349794238683103,-0.004115226337448541,0.006172839506172867,-0.00905349794238679
210,210,0.897119341563786,0.8980819676076335,0.8954325102257235,0.968186638388123,2.0963553612972214,1.0852826736558496,1.070222077018378,2.9409888886057063,-0.41645693267723244,0.19794238683127574,0.01028806584362143,0.022222222222222265,0.00246913580246918,-0.002057613168724259,-0.003703703703703687,2.2204460492503132e-17,-0.0012345679012345512
211,211,0.9506172839506173,0.9511032592745055,0.9533170501103057,0.9843996218090135,1.166081826413345,0.9943776955809104,1.2504535073749128,2.6852674342653664,0.1826693189511384,0.24979423868312756,0.05226337448559672,0.059259259259259255,0.025925925925925943,0.012757201646090543,0.009465020576131699,0.019753086419753107,0.0037037037037036978
212,212,0.9382716049382716,0.9381007001618118,0.9330603022172009,0.9839005790142634,2.194677750585389,0.23912299089022288,0.9814563325912811,2.5991449126115604,0.5930375892359752,0.2423868312757201,0.04814814814814809,0.036625514403292134,0.02427983539094646,-0.001646090534979483,-0.004526748971193473,0.004115226337448541,-0.001646090534979472
213,213,0.9135802469135802,0.9136773037868953,0.9084967320261438,0.9657225853304285,2.014254320103527,0.7400567754741245,0.8777510068677782,3.280039319948268,-0.24298040185824007,0.20699588477366246,0.042386831275720106,0.04238683127572013,0.009876543209876487,-0.0032921810699588993,-0.002057613168724326,0.009465020576131643,-0.002469135802469169
214,214,0.9259259259259259,0.9259259259259259,0.9104569276121848,0.9810022928267277,2.4166102564563055,0.5515702856755526,1.6519968685009905,1.994373863226842,0.34650268071902496,0.18559670781893006,0.025514403292181076,0.029218106995884785,0.0028806584362139898,-0.0004115226337448541,0.0004115226337448541,-0.0016460905349794052,-0.00781893004115224
215,215,0.9259259259259259,0.9262525973052288,0.9249598715890851,0.9795709908069459,2.490864502462004,0.5653179050170636,0.9169746449353059,2.5867567939371012,0.2052300150204629,0.2131687242798354,0.0382716049382716,0.04444444444444443,0.013991769547325127,-0.00493827160493826,-0.011111111111111105,0.015226337448559678,-0.0012345679012345622
216,216,0.9423868312757202,0.9425758216794544,0.9372960372960373,0.9794871794871794,1.6428695794853594,0.6685699874337996,1.1057648393503128,3.174061160350747,0.11890751282929658,0.23127572016460904,0.03991769547325108,0.08106995884773667,0.020164609053497984,0.0061728395061729,0.0004115226337448874,0.016460905349794275,0.004526748971193484
217,217,0.9547325102880658,0.9549080661217748,0.9543186895011169,0.9877140729709605,1.4679067716006016,0.9304455074387148,0.8854301256017054,2.85379661983701,0.3229580229655841,0.22427983539094648,0.026748971193415627,0.037860082304526754,0.02057613168724277,-0.0020576131687242705,0.0074074074074073955,0.015226337448559658,0.0028806584362139785
218,218,0.897119341563786,0.896237020353145,0.8755751533742331,0.9580521472392638,1.8510974003167386,0.7524561767096016,0.20797885592464124,3.158489772311152,0.43986594200118184,0.20370370370370372,0.05226337448559674,0.05267489711934158,0.019341563786008244,0.011522633744855992,-0.007818930041152227,0.025514403292181097,0.018518518518518535
219,219,0.9176954732510288,0.9170678193666699,0.9049019607843137,0.985039941902687,2.2863825389316226,-0.024218369563771068,1.0328546849878772,3.4085271767035232,-0.24260897401902032,0.2098765432098766,0.036625514403292224,0.030864197530864234,0.011934156378600869,0.0024691358024691913,-0.0061728395061728,0.00823045267489716,0.002057613168724326
220,220,0.9218106995884774,0.9226949591742288,0.9216041601008509,0.9784115978569177,1.9975607061584921,0.4387111326440974,1.107576343984287,2.9212855883675815,0.4743235050031076,0.21975308641975314,0.025514403292181097,0.03539094650205765,0.011111111111111138,0.005761316872428002,-0.004115226337448541,0.0012345679012345846,-0.015226337448559623
221,221,0.9218106995884774,0.9213222409363889,0.9104575163398694,0.9861292665214234,1.8171078591192775,0.7554021376332926,1.0872892945594632,2.514177157859359,0.47766125416045807,0.23292181069958845,0.023045267489711974,0.040329218106995926,0.002880658436214001,0.0004115226337448763,0.0012345679012346177,-0.011522633744855926,-0.002057613168724259
222,222,0.9300411522633745,0.9298054427138951,0.9224733659660236,0.9788367405701123,2.1777425652096727,0.26858350277032883,1.2425869281611597,3.147315788258704,-0.11731793181730385,0.22469135802469137,0.04115226337448559,0.02510288065843619,0.018106995884773658,0.008641975308641947,0.004526748971193406,0.01728395061728395,0.0037037037037036757
223,223,0.9218106995884774,0.922299158240566,0.9208488458674609,0.9696947133283693,1.715021278516642,0.580998554263496,1.527155187826952,2.4824172678659044,0.42900058193679447,0.22386831275720165,0.039094650205761326,0.03950617283950621,0.002880658436214023,0.004526748971193428,0.006172839506172856,0.013991769547325127,0.006172839506172867
224,224,0.8930041152263375,0.8930041152263375,0.8823901712583768,0.9641846612062547,1.8055842197556748,0.4110282501884585,1.0611330391307445,3.383794498213793,0.13076419014192403,0.23045267489711935,0.029629629629629683,0.037860082304526796,0.0069958847736625975,-0.0024691358024691136,-0.0024691358024691024,0.001646090534979472,0.0016460905349794607
225,225,0.9300411522633745,0.9310026445574855,0.9382290562036055,0.977048931980003,1.985254789051731,1.1606774384092593,0.9200427851775291,2.5121237575303006,-0.034123775753804333,0.23786008230452677,0.042798353909465,0.05390946502057612,0.023868312757201637,-0.0016460905349794165,0.0012345679012345622,0.012345679012345645,0.0012345679012345622
226,226,0.9300411522633745,0.9303216889961529,0.9268867924528301,0.979559748427673,2.0606121089558287,0.9384686356513706,1.4972274396404885,2.4237796424358744,-0.04850571690160483,0.20534979423868313,0.04526748971193413,0.0530864197530864,0.011934156378600813,0.005349794238683103,-0.0037037037037036978,0.0012345679012345733,0.011522633744855959
227,227,0.9176954732510288,0.9167196607895735,0.9034342424675139,0.9805083535627588,2.1333728706934063,0.8406929358248297,0.16047593863982657,3.0732183408230873,0.42748755799424115,0.22222222222222227,0.060905349794238714,0.0592592592592593,0.04032921810699593,0.015226337448559713,-0.00041152263374480966,0.018106995884773693,-0.006584362139917643
228,228,0.9218106995884774,0.920415958705416,0.8940306681270537,0.9754342043498669,1.6313377593935703,1.0824931132935742,0.9329976911141991,2.809748685928494,0.13678513492988292,0.21481481481481485,0.020164609053497963,0.006584362139917721,0.020164609053497963,-0.0028806584362139785,-0.008230452674897082,0.018106995884773693,0.010288065843621418
229,229,0.9218106995884774,0.9225422953818015,0.923041963338888,0.9721254355400697,2.5461945823478263,0.16074572362535974,0.8768721498716309,2.8354953599522683,0.7325821922096784,0.21440329218107,0.03786008230452679,0.04732510288065846,0.017695473251028826,0.0024691358024691466,-0.006995884773662519,0.011522633744856004,-0.000411522633744843
230,230,0.9259259259259259,0.9270194003527336,0.9269980347199476,0.9782181460858173,1.8076224974681572,0.3490513945714396,1.5069596717803415,3.080778801174963,-0.1372592986613332,0.20781893004115223,0.03374485596707819,0.030452674897119347,0.009876543209876566,0.0057613168724279795,0.003292181069958833,0.0016460905349794165,-0.0008230452674896971
231,231,0.934156378600823,0.9344045800186151,0.9344086021505376,0.9767741935483871,1.4157758754271486,0.35492220110953154,1.616298285456224,3.212328492158207,0.22992424008880855,0.22839506172839505,0.05432098765432095,0.03868312757201643,0.017695473251028805,0.004115226337448541,-0.0008230452674897193,0.0032921810699588216,0.0012345679012345401
232,232,0.9382716049382716,0.9386841589570634,0.9386295180722892,0.982906626506024,2.107726422283064,0.30299528315659646,1.1527371737601433,2.2042675515880474,0.9931053563799572,0.2395061728395061,0.03744855967078185,0.056790123456790076,0.01975308641975303,0.004526748971193384,0.009876543209876498,0.011111111111111061,0.0008230452674896748
233,233,0.934156378600823,0.9344363906984331,0.9234132933533233,0.9817591204397802,1.772397643484116,1.0048201659007312,1.1262574801036611,3.0992629303135515,-0.4031314899428255,0.2098765432098765,0.0251028806584362,0.026748971193415606,0.01687242798353906,-0.014814814814814847,-0.0024691358024691466,0.006995884773662519,-0.0020576131687242926
234,234,0.9135802469135802,0.9141016759541983,0.912087098207673,0.9748185454006815,2.3922549329373646,0.7369789241725523,0.5371210639867168,2.4116107745352107,0.3162159208881859,0.245679012345679,0.03703703703703699,0.040329218106995836,0.01193415637860078,0.009465020576131633,0.004938271604938249,-0.006584362139917743,0.002469135802469091
235,235,0.9176954732510288,0.9179654595420779,0.908974358974359,0.9671328671328671,1.5665959661885391,0.8179693981274754,1.0001108013632758,2.4071680564921323,1.0510427391945008,0.22057613168724285,0.04197530864197535,0.037448559670781936,0.020576131687242837,0.004526748971193461,-0.0012345679012345401,0.011111111111111172,0.007407407407407462
236,236,0.8806584362139918,0.8795045167015293,0.8622434017595308,0.9628299120234605,2.497330566799696,1.11894250143488,1.4286293895345243,1.6522603330962538,0.2358108355129933,0.20041152263374484,0.034979423868312744,0.03086419753086418,0.011111111111111105,-0.0041152263374485635,-0.011934156378600846,-0.0020576131687242926,-0.014814814814814826
237,237,0.9218106995884774,0.9222824687204649,0.9210857650718411,0.9757813657235965,1.3733692111166096,1.053334766815029,1.5146952828071563,2.676738568702345,0.10099681279386634,0.22880658436213994,0.03539094650205764,0.045267489711934186,2.2204460492503132e-17,0.0016460905349794607,0.009876543209876576,0.009876543209876586,0.003703703703703731
238,238,0.9300411522633745,0.930632105176075,0.9326135517498139,0.9758004467609829,1.6513357942894684,0.6774504254217785,1.3927862719695019,2.479535575435395,0.3900298940890736,0.22139917695473246,0.06172839506172838,0.06872427983539095,0.02592592592592593,0.01358024691358023,0.009465020576131666,0.023868312757201648,0.012345679012345668
239,239,0.934156378600823,0.9337499364934206,0.9210090361445783,0.9863704819277108,1.500450673608158,0.10526803210100352,1.2595785956640488,3.159018755212479,0.9269412053365872,0.22057613168724277,0.04485596707818927,0.025102880658436178,0.009465020576131656,0.0008230452674897082,-0.01399176954732515,-0.0037037037037037203,-0.011111111111111138
240,240,0.934156378600823,0.9343533808008888,0.9290123456790123,0.9756896814509983,2.7639594221709425,0.5463692197353982,1.1383356145361176,2.0022398508312347,0.36167061162109376,0.22263374485596704,0.03209876543209872,0.02551440329218103,0.023045267489711883,0.0016460905349794052,0.0004115226337448541,0.02427983539094646,-0.002880658436214001
241,241,0.9506172839506173,0.9508048482407456,0.9451651893634165,0.9880741337630943,1.8622222144825413,0.9652701184788588,1.2815188253718186,3.390243966842513,-0.8348755659577903,0.2374485596707819,0.05267489711934158,0.05967078189300411,0.016460905349794264,0.005349794238683115,0.014814814814814847,0.024279835390946504,0.015637860082304555
242,242,0.9382716049382716,0.9376598764807886,0.918452380952381,0.9839682539682539,2.4640491281691697,0.5678099736602833,1.4443472221017801,2.5254099534969536,0.029997161476683683,0.21481481481481474,0.02469135802469131,0.035390946502057555,0.011934156378600768,-0.010699588477366318,-0.0012345679012346288,0.008641975308641936,-0.0004115226337448763
243,243,0.9176954732510288,0.9190820050358834,0.9258741258741259,0.9774669774669774,1.5986304416818236,0.8700454414886571,1.4168504684327206,2.5165027290292348,0.3223292699702414,0.208641975308642,0.03868312757201651,0.0489711934156379,0.016460905349794285,0.001646090534979472,0.0016460905349794607,0.012757201646090588,-0.007818930041152227
244,244,0.934156378600823,0.934425417053852,0.9341382301908618,0.9786726431463274,2.0703571217464325,0.5130221291169115,1.9553437083058485,2.4090472500990385,-0.28740486291451856,0.23292181069958842,0.07860082304526744,0.04156378600823042,0.017283950617283918,0.00987654320987652,0.01193415637860078,0.02057613168724277,-0.003292181069958866
245,245,0.934156378600823,0.9345754752707718,0.9312354312354313,0.9776223776223777,1.9778204569262983,0.7499106244419181,1.2062578833168451,2.7888305446475976,-0.2526334032568703,0.2716049382716049,0.06131687242798349,0.06954732510288061,0.01275720164609052,0.0024691358024691245,0.004938271604938238,0.0032921810699588104,0.006995884773662519
246,246,0.934156378600823,0.9334887334887336,0.9166666666666666,0.98559670781893,1.540700201363798,0.8939623507077893,1.1569774340933119,2.193045181400543,0.5866429955062672,0.2395061728395061,0.0530864197530864,0.06954732510288063,0.020164609053497918,0.014814814814814758,0.010288065843621352,0.014403292181069926,0.01193415637860078
247,247,0.9506172839506173,0.9507792757252468,0.9467365967365967,0.9857808857808857,1.0901865184649213,0.5762602110631508,1.8344990080441617,2.7425189549143054,0.293711967243636,0.22716049382716047,0.042798353909465035,0.05884773662551439,0.01728395061728396,0.017283950617283984,0.015637860082304566,0.011934156378600824,0.0012345679012345733
248,248,0.8888888888888888,0.8897305031049554,0.8883431085043989,0.9565982404692082,1.3646967581915654,1.5470440830917778,1.2202879301130922,3.107510076260994,-0.6569517363462022,0.20946502057613162,0.03168724279835385,0.02345679012345675,0.0164609053497942,-0.0020576131687243147,-0.0037037037037037646,0.00411522633744853,0.005761316872427957
249,249,0.9176954732510288,0.9184761232201931,0.9204020848845867,0.9775874906924795,1.9526150124099968,0.861988437551077,0.7987896156783805,2.250388981395889,0.7950375029393825,0.23827160493827165,0.034567901234567947,0.05679012345679017,0.005349794238683181,0.009876543209876599,-0.005761316872427935,0.0012345679012346067,-0.0032921810699587995
