,random_seed,accuracy,f1_weighted,balanced_acc,auc,model_weights.random_forest,model_weights.bagging_svc,model_weights.bagging_knn,model_weights.gradient_boosting,model_weights.mlp,feature_importance.rightlow_CO2_scaled,feature_importance.rightlow_CO2_fd1_scaled,feature_importance.rightlow_CO2_fd2_scaled,feature_importance.rightlow_CO2_fd3_scaled
0,0,0.9709090909090909,0.9706945968829376,0.9460734319224886,0.9944756076831549,1.8995485200355968,1.1631528989760092,2.0950268823578493,0.7340754092499748,1.8054317478907917,0.19272727272727277,0.056000000000000036,0.022909090909090945,0.02254545454545458
1,1,0.9709090909090909,0.971107438016529,0.960910005027652,0.9893581364169599,2.6033995706758253,1.3386837899245043,1.3473954570043527,1.465317245297849,0.9775341916360404,0.21127272727272728,0.04800000000000002,0.0072727272727273196,0.038909090909090935
2,2,0.9672727272727273,0.967372270148304,0.9545276208411801,0.9959196484620214,2.5987151175873975,1.1352229435612184,2.1276227598636113,0.9707428607086594,0.675923634611402,0.23163636363636364,0.015636363636363636,0.012,0.02654545454545455
3,3,0.9563636363636364,0.955110101525196,0.9076935457910833,0.9884918718815388,1.8435949777884333,1.1288207494421483,2.2982750148966318,0.7773539976313398,1.5845044651011733,0.1792727272727273,0.02581818181818186,0.00981818181818187,0.033454545454545515
4,4,0.9781818181818182,0.9777982366951266,0.953125,0.9964454976303317,2.8180047975295475,0.7030774498414548,2.28828772061053,0.9274337484242364,0.7827351548069003,0.23854545454545453,0.053454545454545435,0.004727272727272714,0.019636363636363598
5,5,0.9490909090909091,0.9483199643493762,0.9038330783613803,0.9810470848206698,2.520136426631373,1.505574698813437,1.790066954880124,1.430072131088126,0.7486982439379327,0.17090909090909095,0.026545454545454573,0.000727272727272732,0.0036363636363636377
6,6,0.9672727272727273,0.9671868680427772,0.9525518341307815,0.996520226185298,2.877516169565321,0.17496865156433797,1.8498770984527322,1.1699568473648363,1.4963443385957693,0.2389090909090909,0.04581818181818181,-0.005454545454545434,0.0007272727272727431
7,7,0.9527272727272728,0.9521199715086918,0.9056534508076359,0.989262114537445,2.2309918314161057,1.0172361214041108,1.87955800229096,1.1575143147650206,1.5033193395289406,0.16036363636363637,0.039272727272727306,-0.005454545454545434,0.0363636363636364
8,8,0.9672727272727273,0.9673857466255894,0.9516507457683928,0.9950561421149657,3.0048942413398616,0.9815670913402441,1.7469638148091284,0.3028508794747067,1.5800508430753855,0.2101818181818182,0.04290909090909091,0.00945454545454546,0.014545454545454561
9,9,0.96,0.9605138702618762,0.9403381642512076,0.991400966183575,1.906579736980501,1.1642345040345694,2.08646352951504,1.1641307340986298,1.4301403045196799,0.16618181818181818,0.018181818181818143,0.0007272727272727098,0.022545454545454514
10,10,0.9709090909090909,0.9705764597359325,0.9483856635071091,0.9954828199052133,3.0976376228267535,1.2639940628401507,2.2989507426944407,0.6357004519533438,0.21900875362677785,0.24072727272727276,0.057818181818181845,0.0043636363636363916,0.022181818181818202
11,11,0.9709090909090909,0.9711126346420463,0.9604368519462859,0.9930307666156724,2.2870544875267473,0.6971681319989221,1.6339131878837219,2.093353906247199,1.0240341895514438,0.19054545454545457,0.05309090909090913,-0.0014545454545454195,0.029454545454545476
12,12,0.9636363636363636,0.9638975167277055,0.9480855467402554,0.9904277337012763,2.9161639927404517,0.7000587348987284,2.1146889531164152,0.6352524269962604,1.0117210708214193,0.2145454545454545,0.022545454545454535,-0.002909090909090928,0.02218181818181818
13,13,0.9890909090909091,0.9890522447742759,0.9792190380425674,0.9981565275682923,2.211831671987013,1.3621339636868905,1.4087369977067372,1.309309030004216,1.3970679936366106,0.22981818181818187,0.046909090909090935,0.006909090909090953,0.03272727272727276
14,14,0.9709090909090909,0.9705595489781536,0.9469180675450553,0.9959866727245191,2.1381953441186665,0.9457839577885885,1.622026178711631,0.933436628477221,2.0000543507865953,0.22290909090909095,0.03381818181818186,0.012727272727272731,0.03272727272727275
15,15,0.9381818181818182,0.9369896654600961,0.8984285304247991,0.982276119402985,1.9444645452079736,1.8386020465776647,2.8431080116586416,0.163657311212713,1.1281781157937179,0.22836363636363638,0.02690909090909096,0.025090909090909143,0.03309090909090915
16,16,0.9636363636363636,0.9630856888209829,0.9272055073941867,0.9866564677885433,2.804692114500065,0.8491223354444699,2.2773429827727885,1.1613416346393397,0.888654326010293,0.20036363636363635,0.034545454545454525,0.005818181818181789,0.012727272727272698
17,17,0.9563636363636364,0.9560661157024795,0.9260844748858448,0.976761252446184,2.6592864358808446,1.9295851239762756,1.4109028810247524,1.4436758584697187,0.38079948786039275,0.19163636363636372,0.022181818181818237,0.000727272727272732,0.008363636363636417
18,18,0.9345454545454546,0.9331204222317966,0.8923344700198921,0.9872833191247513,2.9296131671458436,0.6500578611922458,2.259344703896583,1.266238060801251,0.5584826181801201,0.21454545454545454,0.008363636363636406,0.0043636363636363916,0.008000000000000018
19,19,0.9527272727272728,0.952150786242089,0.9268157967412316,0.9878486605909969,2.1007633344574437,1.1565919840296264,1.799386383511516,0.6903643620572633,1.9891693170811642,0.25163636363636366,0.03090909090909094,0.016363636363636393,0.045818181818181855
20,20,0.9672727272727273,0.967670450666286,0.9549272116461367,0.9914147069802165,3.517225116682713,0.7319188200459693,2.214706687815493,-0.30069670702731105,1.629933293144652,0.18145454545454548,0.04836363636363637,0.007272727272727287,0.046909090909090914
21,21,0.96,0.9595634028892456,0.926135411429529,0.9932964638846992,2.7004017087417087,1.208047497859485,1.9156040554909677,0.7654083272796577,0.9582181525135798,0.18654545454545451,0.033454545454545424,0.00036363636363633266,0.019999999999999962
22,22,0.96,0.9592723381487428,0.9204545454545454,0.994297520661157,2.3627006776898294,1.5266816122674582,2.1252824748451986,0.07662769206163957,1.357881615326204,0.18727272727272723,0.047272727272727244,0.013090909090909052,0.03599999999999996
23,23,0.9563636363636364,0.9554710743801653,0.9155013507071349,0.9906245034164944,1.9828951235537613,1.6379504007857488,1.9389816922469854,0.7287233290086625,1.3220765298177977,0.18327272727272734,0.04654545454545461,0.008727272727272783,0.04400000000000006
24,24,0.9381818181818182,0.9362099380335283,0.8787144446210075,0.9872080088987764,2.4792513942643497,1.0793532846490597,2.045726303792758,0.7820129137775482,1.3017826132700405,0.19090909090909094,0.010545454545454603,-0.008727272727272672,0.025090909090909153
25,25,0.9636363636363636,0.9629970611585442,0.9327606635071091,0.9884478672985783,2.23684057421131,0.7279610542742789,2.1080511405007667,2.4297543390280896,0.347501279934602,0.22581818181818183,0.03309090909090908,0.002181818181818185,0.013818181818181808
26,26,0.9490909090909091,0.9490909090909091,0.9225414453565105,0.9901818767101238,2.55804136979227,1.4144065264289514,1.5140571077467755,1.3752913106651226,0.744981832002745,0.21345454545454548,0.018181818181818177,-0.0072727272727273196,0.010909090909090924
27,27,0.96,0.9586902086677368,0.9099871237727346,0.9930790278448415,1.9644704526191537,1.7322772641733595,2.0086737328420066,0.745935486909443,1.2139952518472572,0.20109090909090904,0.013090909090909042,0.003272727272727227,0.01672727272727269
28,28,0.96,0.9598544676297485,0.9321349651538331,0.9925208227095019,2.409185249776069,1.1437377928245702,2.3550983529254497,0.755621046756686,0.9240968884658588,0.172,0.03818181818181815,0.00654545454545451,0.027636363636363605
29,29,0.9636363636363636,0.9633292612575929,0.9286894273127753,0.9921989720998531,2.912127100225458,1.7834188958803168,1.7985447842657953,0.09519605801837296,0.9684443278353361,0.18,0.03927272727272727,0.006545454545454532,0.03563636363636362
30,30,0.9454545454545454,0.9456204502471733,0.9221594475831764,0.9851694915254237,2.580376681544856,1.5213484825144026,1.8981733068841018,0.8933495886525296,0.8624953288399895,0.21127272727272722,0.02981818181818181,0.0018181818181818078,0.017090909090909066
31,31,0.9636363636363636,0.9634066711931006,0.9398932831136222,0.9934086629001883,3.1539747240826173,0.47308085337612676,2.10760519323691,1.0220119587585819,0.7082788562617109,0.21490909090909088,0.018181818181818167,-0.004000000000000026,0.003999999999999981
32,32,0.96,0.9598618652353907,0.9340909090909091,0.9953719008264463,2.901210944460126,0.7684189996150362,1.9129718761336676,0.9542940355752575,0.9926365350180838,0.18654545454545451,0.026545454545454504,-0.012363636363636387,0.009454545454545415
33,33,0.9745454545454545,0.9747896960610605,0.9707273320287019,0.9876060013046315,2.532653952868271,1.8467735949258188,1.8446451540895363,0.7513795918140661,0.4841848474307347,0.21163636363636357,0.01999999999999994,0.009454545454545393,0.03709090909090904
34,34,0.9709090909090909,0.9704801028567844,0.9399195575666164,0.9942182001005531,2.3868795419568585,0.24210049009245654,2.56242586603319,1.5580224640836862,0.8496095721223293,0.21854545454545454,0.016727272727272736,-0.0007272727272726875,0.007636363636363686
35,35,0.9527272727272728,0.951820366891923,0.9060853306136325,0.987718850926398,2.6723525762700495,0.26696987667947425,1.7457283619996842,1.4923321166544097,2.030183648966674,0.20218181818181824,0.04472727272727277,-0.005818181818181789,0.01490909090909095
36,36,0.9563636363636364,0.9550766722067171,0.9061480756686235,0.9938845401174168,2.8610453097200095,0.9717423010229725,2.5399897332464056,0.5872317100906659,0.6568319666883564,0.19381818181818186,-0.0018181818181817633,0.01345454545454552,0.008727272727272773
37,37,0.9818181818181818,0.9817600290763708,0.9695296361036072,0.9978547592563165,2.58775102203021,0.7834195206807099,2.0091012273259095,0.17449496183461086,1.9846332005136607,0.22327272727272723,0.04836363636363635,0.032727272727272716,0.047272727272727244
38,38,0.9345454545454546,0.9341422701592195,0.898062015503876,0.9813178294573643,2.610415066816797,0.9138402656773451,1.5604163784402707,0.8740263410450598,1.9537616226186023,0.17781818181818188,0.006545454545454565,-0.007636363636363608,0.019636363636363653
39,39,0.96,0.9596257476165098,0.9323643410852713,0.9938759689922481,2.7207851458002423,1.3764773562665824,1.4440647961331385,0.6988043441077526,1.3712227252374147,0.21527272727272723,0.031272727272727244,0.0014545454545453972,0.03163636363636361
40,40,0.9563636363636364,0.9569586776859504,0.9442461329253782,0.9855515893251743,1.9747835088514043,1.6459977977815963,1.41759631893314,0.5556941067157852,2.1312254841218934,0.18545454545454548,0.07018181818181822,0.007636363636363686,0.060727272727272776
41,41,0.9418181818181818,0.9400704721634954,0.8928571428571429,0.9898901098901098,1.9358312183010666,1.6276070276784143,2.1900833713171797,1.7381582192899783,0.14391262380002418,0.18327272727272725,0.039636363636363595,0.00654545454545451,0.015272727272727249
42,42,0.96,0.9601922833649588,0.9276006539955037,0.9798692008992438,1.8027056824503789,1.4203227266722185,1.6168219311636265,1.9367679769733621,1.3355774505374296,0.1418181818181818,0.02436363636363632,0.007999999999999941,0.051636363636363626
43,43,0.96,0.9595517039160747,0.9249532551419344,0.9798572157062723,2.549247172445491,1.594098596391576,1.8451650329232736,0.22307151082570256,1.6506098567323861,0.18945454545454543,0.05999999999999996,0.012363636363636321,0.06181818181818181
44,44,0.9527272727272728,0.9521974682644522,0.9132670406255312,0.9794322624511305,2.8137454784846714,1.048437189580983,1.9157246073337095,0.7217652275610954,1.4760196014031988,0.17600000000000007,0.022909090909090934,0.004000000000000026,0.028727272727272768
45,45,0.9454545454545454,0.944603971855704,0.9063505438945918,0.9864409376436342,2.332696119820781,1.3819669386986235,2.0296308163082215,1.3527742786748032,0.8274589034447852,0.21999999999999997,0.04909090909090906,0.00436363636363637,0.01709090909090908
46,46,0.9672727272727273,0.9663447060210902,0.9208347706105553,0.9971541911003795,2.73145169615819,1.0153464525442153,2.3668994353572006,0.389816344464924,1.0655885325656134,0.17527272727272725,0.022545454545454556,0.007272727272727275,0.020000000000000007
47,47,0.9672727272727273,0.9669814483037623,0.9445706497046797,0.9940935938209904,2.498448596205224,1.2397591761437803,2.3266475611964093,0.3089534317624784,1.1149665999633132,0.22181818181818183,0.03454545454545458,0.01454545454545455,0.036
48,48,0.9709090909090909,0.9704685510567862,0.9388917219105899,0.9878463369029407,2.9179507920935115,0.876195880055674,1.9360609698780307,0.22762998105710236,1.660522275627427,0.21018181818181825,0.02581818181818185,0.005090909090909123,0.0301818181818182
49,49,0.9636363636363636,0.9630707070707071,0.9259658502932046,0.9878406347016213,2.3142410108872333,1.1188588563255002,1.7550927612456606,0.7959524368948153,1.8588389084424817,0.17709090909090908,0.05345454545454546,0.03236363636363635,0.050545454545454546
50,50,0.96,0.9598379645433649,0.9277135633014267,0.9910601408705075,2.8752123198239197,1.3072559229970537,1.7273140537971863,0.8045796313572873,0.9974484214440562,0.16218181818181812,0.028363636363636334,0.007636363636363575,0.018181818181818143
51,51,0.9745454545454545,0.9742524541986493,0.9474387719903414,0.995860641600552,3.0510257424779335,0.816195384179222,2.1482266713642164,0.8683853725496246,0.7059174254150645,0.20218181818181816,0.018545454545454487,-4.4408920985006264e-17,0.018909090909090855
52,52,0.96,0.9590330566477355,0.9178054981725727,0.9833147942157954,2.8275443097169113,0.6562456876193519,2.0913224103851773,1.2323550557886223,0.9913871405225753,0.21709090909090908,0.027272727272727237,0.009454545454545405,0.009454545454545415
53,53,0.9636363636363636,0.9631769787498375,0.9346899224806202,0.994031007751938,1.8998785351136966,1.5414112239875268,1.951360154715176,1.430547298723275,0.7075031132600105,0.20254545454545453,0.02109090909090907,0.005090909090909079,0.01890909090909091
54,54,0.9527272727272728,0.9522736813411475,0.9206293157564345,0.9856010671688638,2.415402916301832,1.506506106604607,2.081140363879112,1.122981264818997,0.7704027753876962,0.18909090909090912,0.041090909090909136,0.005090909090909123,0.028000000000000025
55,55,0.9454545454545454,0.9448266875685342,0.9000086236633322,0.9859434287685409,3.2195958661907955,0.5965644785654678,1.86492648439779,0.25758341367537496,2.0284739070973785,0.16981818181818178,0.03490909090909089,0.02981818181818179,0.01599999999999998
56,56,0.9781818181818182,0.977813295327293,0.9467672024562037,0.9974715549936789,2.5452815054878215,1.305208758325177,2.100676261800435,0.7247092771394458,0.7790201095661192,0.20327272727272727,0.02109090909090907,0.009090909090909049,0.030545454545454532
57,57,0.9672727272727273,0.966924748423029,0.9386363636363636,0.9929752066115702,2.2187632429736093,0.5344174630299986,2.1552652008439575,1.3607025365917587,1.2363516461165796,0.19672727272727275,0.035272727272727275,0.013090909090909065,0.031272727272727285
58,58,0.9490909090909091,0.9490909090909091,0.9225414453565105,0.9896990181876709,2.886527601957471,1.1203288822179176,1.901983708318612,0.793769338330971,1.0251588528216742,0.1810909090909091,0.010181818181818158,-0.005454545454545457,0.0370909090909091
59,59,0.9636363636363636,0.9630856888209829,0.9272055073941867,0.9906510283868775,2.585695962198462,1.2374039499442502,1.582711685184522,1.4839234763933338,0.8893585765330125,0.192,0.020727272727272695,-0.003272727272727294,0.023272727272727244
60,60,0.9672727272727273,0.9668522879675558,0.9308920704845816,0.9929331864904553,2.075812592330846,1.9322756866784996,1.9404724083615077,0.6113775944368034,1.0795005221600182,0.17490909090909093,0.04945454545454547,0.000363636363636366,0.052363636363636376
61,61,0.9672727272727273,0.9671437210239873,0.9411111111111111,0.9946666666666666,2.680796130221658,0.7410214180424975,1.6286673589084866,1.1911218710835927,1.550770788255251,0.18072727272727276,0.02654545454545454,-0.005454545454545434,0.030545454545454553
62,62,0.9709090909090909,0.9704441197235129,0.9367121848739496,0.9928221288515406,2.1140753596925923,0.9263361632158581,1.87889150008277,1.4190214260849092,1.3330857629486672,0.19490909090909092,0.03381818181818184,0.004000000000000026,0.022909090909090924
63,63,0.96,0.9601534763721361,0.9366666666666668,0.9876444444444444,1.9761638634067347,0.9669967754924409,2.236454154485644,1.3581431043486016,1.266255032763934,0.18399999999999994,0.02618181818181813,-0.0043636363636363916,0.013454545454545419
64,64,0.9672727272727273,0.9666614144310112,0.9306602983073571,0.9927936986760516,2.3093212925269095,1.1831361065975512,1.9648710236255902,0.31517572760858953,1.986454535544698,0.20654545454545453,0.01709090909090908,0.008727272727272728,0.03418181818181819
65,65,0.9672727272727273,0.9671597079198653,0.9454545454545454,0.9924793388429752,2.9558052679451516,0.9849565883515627,1.1145681587589833,1.3714676901810494,1.2635400771646152,0.21200000000000002,0.03236363636363637,-0.0003636363636363549,0.01709090909090908
66,66,0.9454545454545454,0.9449038187079191,0.9072911636890391,0.9885723483019475,3.235259026441738,0.9447221320965845,1.1818912691360355,1.2261350275163858,1.2718091016850184,0.18618181818181817,0.04109090909090908,-0.010181818181818226,0.005090909090909068
67,67,0.9781818181818182,0.9783713343804477,0.9690821256038648,0.9971980676328502,2.665033907967664,1.0831874688228889,2.2176993810269834,0.7349404184451918,0.7415305638955285,0.17745454545454545,0.02109090909090906,-0.005818181818181856,0.025090909090909063
68,68,0.9563636363636364,0.9563636363636364,0.928854777509486,0.987409451535012,1.9206395388675617,1.3512943687665968,1.299253926136256,1.828434387831837,1.7418032694932535,0.19563636363636372,0.039636363636363706,0.00545454545454549,0.030181818181818233
69,69,0.9709090909090909,0.9704441197235129,0.9367121848739496,0.9915091036414566,3.4101034955898486,0.5443922441828408,1.779581918786073,1.0855399934922036,0.9287103608791694,0.18472727272727277,0.0243636363636364,0.0007272727272727541,0.003636363636363671
70,70,0.9709090909090909,0.9707055471761354,0.9477272727272728,0.993801652892562,2.9251646836462886,1.2174144777118328,1.9819957678209852,0.5044550994545578,1.052692898647645,0.22363636363636372,0.03600000000000003,0.0021818181818181958,0.021818181818181848
71,71,0.9563636363636364,0.955812374499805,0.924031007751938,0.9889922480620155,2.7691557148970762,1.3894960654237867,2.2182331435104383,0.8347906117321489,0.6691701672913687,0.2043636363636364,0.002181818181818218,0.004727272727272758,0.01927272727272732
72,72,0.9563636363636364,0.9560418953244065,0.9227010028896822,0.9932857385687573,2.3790789432534356,1.4408697747894463,2.209343030486165,0.7306799184710131,0.7323720242365622,0.19418181818181823,0.013454545454545497,0.004000000000000059,0.009090909090909139
73,73,0.9454545454545454,0.946005272201172,0.9240824534942182,0.9865929277693984,2.862923778088942,1.5386535539164432,1.2965852431683023,1.8579853555987293,0.24617006865184438,0.1829090909090909,0.049090909090909074,-0.000363636363636366,0.005090909090909079
74,74,0.9672727272727273,0.9669587024669483,0.942208097928437,0.9933301946013811,2.8387874482643287,0.7747474466524904,2.44966910396036,0.08649909176771199,1.497073838371773,0.20181818181818184,0.017818181818181834,0.0018181818181818299,0.02145454545454546
75,75,0.9672727272727273,0.9668857085265067,0.9344800420168067,0.9915966386554621,2.263155222591632,0.5566686180579952,1.8383071335969499,1.4119729804772225,1.8729607439351137,0.20545454545454547,0.03272727272727274,-0.0010909090909090868,0.01890909090909092
76,76,0.9563636363636364,0.9554476895653367,0.9141718976339932,0.9847094801223242,2.66099997199328,0.23508217599165504,2.2381312936919318,0.8401357173971253,1.831087857735034,0.2043636363636364,0.024727272727272775,0.0010909090909091202,0.02254545454545459
77,77,0.9709090909090909,0.9709090909090909,0.9477881146762863,0.9920258211505601,2.8056099826630376,0.27950308887744246,2.358623023286276,0.8631315517979031,1.3143952411176174,0.1770909090909091,0.028727272727272747,0.0018181818181818299,0.016000000000000014
78,78,0.9781818181818182,0.9781818181818182,0.9586507618283882,0.9944867682437851,2.527997883771664,1.2485475755578044,2.3610659922868664,0.6192084463932819,0.7222802953868472,0.1818181818181818,0.03854545454545451,0.011999999999999966,0.04727272727272726
79,79,0.9672727272727273,0.967372270148304,0.9545276208411801,0.9914469554300063,2.4463336935511366,1.394948140918029,2.5257051986464383,0.6629529287436393,0.6567432055854593,0.2316363636363637,0.035272727272727275,0.007999999999999997,0.05745454545454548
80,80,0.96,0.9591693155329519,0.9249481635071091,0.9923726303317535,2.517360728923964,0.9091601241582148,1.6328352322946034,1.553715040170836,1.1506293039757056,0.21418181818181817,0.06218181818181816,-0.006909090909090953,0.03527272727272722
81,81,0.9636363636363636,0.9633819339701694,0.9363636363636363,0.9921487603305784,2.3461746321746166,1.5924738485635608,2.090084688935162,0.7808593541725616,0.921708386262999,0.18872727272727272,0.030909090909090907,0.018181818181818188,0.05490909090909091
82,82,0.9527272727272728,0.9521367053998632,0.9073054000361207,0.9876286797905003,2.0593577380534027,1.1451577088571556,2.733140603076544,0.5578370741596786,0.9596483778836181,0.1672727272727273,0.033454545454545494,0.01381818181818183,0.04327272727272731
83,83,0.9454545454545454,0.9456478670377111,0.9159442461329255,0.9872514023457419,2.531210555908403,1.431755210841159,2.1823486947247983,0.610773112538728,1.0855176454949422,0.1712727272727273,0.02036363636363636,0.01781818181818181,0.03309090909090908
84,84,0.9709090909090909,0.9707343199436222,0.9520070476482305,0.9913436494561054,2.400202222710971,1.5567198544898857,2.0806209005250746,0.2876853982780223,1.1106498514975442,0.23600000000000004,0.0694545454545455,0.0018181818181818299,0.051272727272727324
85,85,0.9490909090909091,0.9479940661072735,0.9015818656229615,0.9885029354207435,2.3544272727134166,1.6172376640176223,1.5976052388393978,0.9703209686644202,1.26331600010347,0.18945454545454546,0.04472727272727274,0.015272727272727282,0.007636363636363641
86,86,0.9563636363636364,0.9556152162240305,0.9236263736263737,0.9905494505494505,2.503590500672832,1.6647284296481726,1.8960298318673823,-0.10831924281783699,1.8123754344705603,0.2236363636363637,0.03781818181818188,0.00290909090909095,0.0345454545454546
87,87,0.9781818181818182,0.9781818181818182,0.9684004902711812,0.9941780297226904,2.699029370373691,1.0482907637195673,1.93163311222339,1.532670973614904,0.4976660151239361,0.24218181818181814,0.022181818181818136,-0.00036363636363637706,0.02763636363636359
88,88,0.9527272727272728,0.9515845214927785,0.9068806610519624,0.9903066899729859,2.8304188262153627,1.1182444996275218,2.5883581269915514,-0.18907176244287993,1.0733797952149762,0.20254545454545458,0.013818181818181851,0.000363636363636366,0.028000000000000046
89,89,0.96,0.960127936031984,0.9423788829872848,0.9901014002897152,2.4429742796136438,0.4643477097111348,1.6670400813907562,1.6458677911050277,1.5655962082190258,0.2047272727272727,0.04399999999999997,0.007636363636363585,0.01709090909090908
90,90,0.9454545454545454,0.9440281488238743,0.8909090909090909,0.9886776859504133,2.660092509915571,1.2089964754336457,2.0436281590586547,0.1978568687361364,1.619244135896016,0.18436363636363634,0.02472727272727272,0.025090909090909087,0.02472727272727271
91,91,0.9527272727272728,0.952150786242089,0.9268157967412316,0.9916459541563104,2.1809454372593073,1.3071994621896632,2.535350116360136,0.538600238183874,1.449314364058675,0.26909090909090905,0.05854545454545458,0.013818181818181851,0.026181818181818205
92,92,0.9709090909090909,0.9705595489781536,0.9469180675450553,0.9914432833560504,3.4780025384369293,0.7554088391889374,2.352243624011258,-0.22470252446386557,1.3556954821570966,0.2043636363636364,0.030545454545454577,0.038181818181818206,0.04509090909090911
93,93,0.9745454545454545,0.9742601752193204,0.9483256841747407,0.9920108788033317,2.2124762671609575,0.7878890575118481,2.334250819711705,1.3561628934027703,1.0095186995570953,0.213090909090909,0.02690909090909086,0.006181818181818122,0.01490909090909085
94,94,0.9709090909090909,0.9707157682500147,0.9492596169322388,0.9929985514244326,2.4708657042753512,1.0333714899636524,2.1960293940183515,1.025313088159972,0.7565264817973477,0.21345454545454548,0.01563636363636367,-0.0047272727272726685,0.01890909090909092
95,95,0.9527272727272728,0.9514910623140244,0.9022727272727273,0.9923140495867768,3.0868578999305125,0.844995596352952,2.0750633487946586,0.7284843918937394,1.0659838645985629,0.18181818181818188,0.02690909090909095,-0.0010909090909090868,0.019272727272727296
96,96,0.9490909090909091,0.9476661029602207,0.89825997139679,0.9867312887335133,2.2607822644530464,0.8496131867611046,2.0791617911125635,1.0508640630597388,1.6908353801724605,0.19563636363636366,0.022909090909090914,0.0018181818181818299,0.036727272727272754
97,97,0.96,0.9598379645433649,0.9277135633014267,0.9882607910420805,2.531090906422904,0.8176417377675417,1.3496607383562567,1.6888535315482633,1.2835015245621424,0.17490909090909085,0.048727272727272695,-0.002909090909090939,0.004363636363636303
98,98,0.9672727272727273,0.9666258823529413,0.9370015948963317,0.9957952733072349,1.9977536960867541,1.2463186438578218,2.018428977134275,0.8193341185831866,1.3554406700463522,0.24363636363636365,0.037090909090909105,0.010545454545454525,0.03490909090909091
99,99,0.9418181818181818,0.9414506739089608,0.9075251098556183,0.9808537350910232,2.3796050297329736,1.3456547352599053,2.215357105112948,0.8957828712140536,0.9155767399679796,0.16545454545454544,0.03236363636363634,0.018909090909090886,0.03599999999999996
100,100,0.96,0.9588962798718896,0.910589835118137,0.9898011218765936,2.4523542271281307,1.2839260505168468,2.062581486654281,0.629242973134928,1.0073102663811286,0.17418181818181813,0.018909090909090886,-0.0036363636363636598,0.025454545454545407
101,101,0.9745454545454545,0.9740943708514014,0.9441454664057404,0.9951891715590345,2.6646943615947225,0.9340843141195201,2.1204103975524395,1.1500788854846742,0.6571997900157777,0.2112727272727272,0.047636363636363574,0.003999999999999915,0.021818181818181747
102,102,0.9818181818181818,0.9817502581691023,0.9666695412211107,0.9977578475336324,2.5700902049899303,0.620588141983394,1.6848871915557442,1.8170879315920079,0.7065423595485477,0.19454545454545452,0.014909090909090917,0.0010909090909090979,0.005454545454545467
103,103,0.9527272727272728,0.9519317785377011,0.9131972032416971,0.9856983950421103,1.6551885924910532,1.644508998011459,2.02073196178563,0.48056766266944684,1.8880094261740092,0.17709090909090913,0.07600000000000003,0.00545454545454549,0.061454545454545484
104,104,0.9745454545454545,0.9748024603605471,0.9701692642869113,0.9979889391654098,2.0914088345746804,0.7465595428854311,1.74715213643107,1.321394220747775,1.5842536221860275,0.21745454545454543,0.0174545454545454,0.0014545454545454195,0.018181818181818132
105,105,0.9418181818181818,0.9405646469797414,0.890370189171559,0.9890737116764514,2.1801162009876025,1.6483727275189224,1.76779009165098,1.088451490342501,1.225917819087181,0.1967272727272727,0.005090909090909057,0.013090909090909052,0.0025454545454544953
106,106,0.9527272727272728,0.9513315205885223,0.9051631683775088,0.9900413666309178,2.4632367347808684,0.5844154933809869,1.9188390200788201,1.4306542083402223,1.517212815930176,0.17418181818181822,0.05600000000000001,-0.002181818181818185,0.0232727272727273
107,107,0.9527272727272728,0.9523268449197861,0.9256516587677726,0.9899289099526066,2.1749956779309128,1.1796036650571526,1.8754854380463812,1.121044107711338,1.3335247981672456,0.20509090909090913,0.037454545454545476,0.005090909090909113,0.008363636363636384
108,108,0.9745454545454545,0.9743189042362596,0.9549825836740875,0.9913675601999092,2.5904275200092766,1.518586317635286,1.5767899988940173,0.4481268696658825,1.1547236623195543,0.21527272727272723,0.02254545454545448,0.018909090909090855,0.042545454545454484
109,109,0.9781818181818182,0.9780368261875112,0.9603251247384517,0.9964590375020119,2.9076768895569853,1.1909474161037206,2.7545441471596304,0.47124165494203035,-0.06837913839199103,0.24109090909090908,0.02618181818181814,0.007999999999999974,0.029090909090909056
110,110,0.9745454545454545,0.9744503614367431,0.9548120041393584,0.9924111762676785,2.4232718046464328,1.2570914980368066,1.9320076463278968,0.35694688238438893,1.706085017516206,0.20909090909090905,0.041090909090909046,0.012727272727272665,0.03745454545454539
111,111,0.96,0.9594231499051232,0.9117965367965368,0.9935064935064936,1.8742755949905803,1.3246001202079503,1.496018277273916,1.42985960355518,1.6040483054723507,0.16618181818181815,0.025090909090909063,0.0047272727272726685,0.0225454545454545
112,112,0.9636363636363636,0.963012680186692,0.9336996336996337,0.9958241758241758,1.8424128215736753,1.469752599759827,1.4413361330875554,0.6612925673285569,2.199369094910728,0.22872727272727272,0.057090909090909095,-0.0010909090909090979,0.043272727272727275
113,113,0.96,0.959850567972025,0.9310969299758538,0.9843049327354261,2.284377373888603,2.1025956926983214,1.8747945923283373,0.285129999605496,1.155135850276087,0.1978181818181818,0.02545454545454543,0.030181818181818153,0.0407272727272727
114,114,0.9527272727272728,0.9517697904835202,0.9028361344537814,0.9863445378151261,2.399779551901573,0.6710076240052644,2.0372216876679157,1.2657759041782646,1.293941511081151,0.17454545454545461,0.022181818181818212,0.0021818181818181958,0.012000000000000044
115,115,0.9563636363636364,0.9554476895653367,0.9141718976339932,0.9835828102366008,2.321079308684781,1.3652633108275565,1.631761878443493,0.8877199791719186,1.5328756101943157,0.18181818181818188,0.04945454545454551,0.0072727272727273196,0.02872727272727278
116,116,0.9672727272727273,0.9675713558994574,0.9603130462418561,0.991816303829652,2.6213774187637964,1.795903804596498,1.7884033975453024,0.6243072960620923,0.9967515839550944,0.21890909090909094,0.05890909090909093,0.009090909090909104,0.06472727272727274
117,117,0.96,0.9595855957061723,0.9283675799086758,0.9919275929549902,2.667345081360357,1.5846240135287828,2.2026308127965297,0.822640342189373,0.5316057788481984,0.20109090909090904,0.016363636363636313,0.002909090909090861,0.018909090909090875
118,118,0.9818181818181818,0.9817357567485525,0.9623188405797102,0.9939613526570048,2.3568379673784414,0.9281797358737357,2.6656330465251217,0.4915373727875721,0.767854931898829,0.20290909090909087,0.02218181818181817,0.004727272727272758,0.030909090909090896
119,119,0.9636363636363636,0.9627625088090205,0.9273178317535544,0.995112559241706,2.643906386141378,0.7371009316827037,1.8031093215654144,1.7412156224543278,0.41568768700447617,0.20290909090909087,0.08036363636363636,0.010909090909090879,0.007636363636363585
120,120,0.9454545454545454,0.9438023652146659,0.8930232558139535,0.9864341085271318,2.5277444416195496,1.9615040495174016,1.9427993363841638,0.8353487867292504,0.6012302601540808,0.1818181818181818,0.037090909090909084,0.004363636363636359,0.035272727272727254
121,121,0.96,0.959850567972025,0.9310969299758538,0.992152466367713,2.53051893895195,1.5106618596587706,2.233180126416453,0.6736893790315566,0.6017936757153063,0.17527272727272725,0.040363636363636324,0.006181818181818122,0.02436363636363632
122,122,0.9854545454545455,0.9853500842180086,0.9699597787833082,0.9959778783308195,2.7594335084339523,0.5188592440930473,1.8547914613535537,0.21836254672063232,2.063535092042308,0.22363636363636363,0.053818181818181834,0.019272727272727275,0.03236363636363636
123,123,0.9636363636363636,0.9640957485228897,0.9572325505544683,0.9942922374429223,2.6203599813510983,1.3974699587095398,1.6279465104919786,1.131904612024026,1.0166442629901769,0.2250909090909091,0.049090909090909074,-0.001454545454545464,0.037090909090909084
124,124,0.9454545454545454,0.9445366675435013,0.902272366121087,0.980772286667726,2.537704060896118,0.9590055529902304,1.870513306039861,1.3339412019710026,0.9974802479253391,0.20981818181818182,0.00836363636363634,0.002181818181818185,0.013090909090909075
125,125,0.9636363636363636,0.964419822910389,0.9622222222222222,0.9934222222222222,2.600916007350654,0.7170856338114145,2.2225473646443614,1.207558459402199,0.7522191040193108,0.2210909090909091,0.026909090909090893,0.002181818181818185,0.016363636363636358
126,126,0.9636363636363636,0.9636363636363636,0.9369034508076359,0.9948604992657857,2.3330311481414654,0.9867139959087169,2.389733932629318,1.5192952628107563,0.15678260048265663,0.17418181818181816,0.017454545454545434,-0.012363636363636344,0.005090909090909079
127,127,0.9636363636363636,0.9628730746377805,0.925237405440206,0.9890552068244005,1.2390653119719084,1.8768867670991836,2.146101693292537,1.7209745845031137,0.3506048142947823,0.19418181818181815,0.04472727272727273,0.015999999999999993,0.05672727272727272
128,128,0.9527272727272728,0.9512193643785803,0.9005641188622279,0.9904655966947402,2.045538940353124,1.6520988455939325,2.923920917221047,0.7357358637616765,0.3396090360018013,0.20036363636363638,0.013090909090909108,0.009454545454545493,0.01563636363636367
129,129,0.96,0.9592723381487428,0.9204545454545454,0.9901652892561983,2.675522035244557,0.6192639502641405,2.166920682360033,1.0019341729615716,1.0606806383739087,0.1938181818181818,0.038545454545454515,0.00290909090909085,0.016363636363636323
130,130,0.9709090909090909,0.9703847780126849,0.9420859538784067,0.9946840371368673,2.892019840685872,0.8167944678633784,1.944374073293198,1.2364329356717414,0.7023957888700993,0.2210909090909091,0.029818181818181834,0.008000000000000052,0.01563636363636366
131,131,0.96,0.9598783364854061,0.9383720930232557,0.9907364341085272,3.5203085484967,0.8426340940806609,1.9447352882183908,0.6374288769218825,0.5669824101471646,0.22036363636363632,0.04254545454545453,0.0003636363636363438,0.0236363636363636
132,132,0.9672727272727273,0.9665017098274501,0.9298885750156937,0.9922708725674827,2.1049853981632256,1.3043250528662518,2.14758114252878,1.1810913493090958,1.0465760087968254,0.1938181818181818,0.031272727272727285,0.005818181818181822,0.02145454545454546
133,133,0.9818181818181818,0.9817716298594752,0.9728042479908152,0.9970579793340988,2.892014121174181,1.1783658067759528,2.0398990675188875,0.8729472999348419,0.6971020995515101,0.26290909090909087,0.045454545454545435,0.001454545454545464,0.018909090909090896
134,134,0.9709090909090909,0.9711180133821641,0.9599430838220075,0.995256985167299,2.5638396217170527,1.016293674524666,2.378886885567414,-0.4006458771990649,2.077652659078757,0.18945454545454551,0.056363636363636414,-0.004363636363636292,0.04727272727272731
135,135,0.9527272727272728,0.9518376830225695,0.9192242114236999,0.9894146064222791,1.974463761034014,1.5781203253166478,2.0938798343260436,1.0307787593992281,0.6561084090265229,0.22690909090909095,0.01563636363636365,0.0010909090909090979,0.028000000000000035
136,136,0.9490909090909091,0.9481733615221986,0.9112009583707696,0.9898921832884097,1.9770390696342572,1.1178069895456793,1.7403275811705967,1.4782071760663116,1.3068806615677389,0.2,0.03200000000000001,0.0036363636363636485,0.01636363636363638
137,137,0.9781818181818182,0.978057081491884,0.9635369871218928,0.9972297094938605,3.1351784256886077,1.3814920092641638,2.047512556587015,-0.2710963429838734,1.2017319155438926,0.22654545454545452,0.057454545454545425,0.01781818181818179,0.03309090909090906
138,138,0.9672727272727273,0.9671597079198653,0.9454545454545454,0.9965289256198347,2.475427468169952,0.16487205104684644,2.1158667897428063,1.274675721819901,1.656571236235783,0.1785454545454546,0.042181818181818174,-0.005818181818181789,0.025454545454545462
139,139,0.9490909090909091,0.9478046314086359,0.9042480690595185,0.9831894593366652,2.241039350199129,0.856332577289509,1.6859492085871666,0.7253566807050374,2.509325274720035,0.19090909090909092,0.03309090909090908,0.022909090909090914,0.022909090909090924
140,140,0.9527272727272728,0.9521974682644522,0.9132670406255312,0.9875063742988271,2.535305125537092,1.6518380234816654,2.2157568226072613,0.5559936501074708,0.7556767050038251,0.17418181818181822,0.025090909090909108,0.00618181818181821,0.02581818181818184
141,141,0.9709090909090909,0.9706888209829385,0.9451966195239738,0.9932735426008968,1.7649610583897593,1.504215776601574,1.9643599530690967,0.9661909816832871,1.6276081920440668,0.19781818181818184,0.045454545454545504,0.01709090909090911,0.045818181818181834
142,142,0.9527272727272728,0.9528483078199096,0.937799043062201,0.9885457445266057,2.5660353186450298,0.9896086436757404,1.7941315730499219,1.2573742569872146,1.361390956742548,0.23163636363636364,0.058909090909090946,0.009454545454545493,0.02509090909090912
143,143,0.9636363636363636,0.9636363636363636,0.9473341504519688,0.9944078443389,2.5704971721767857,1.7394189644081175,1.542413198597496,0.3861352677250526,1.4166991281712995,0.19127272727272732,0.05890909090909089,0.007272727272727231,0.0749090909090909
144,144,0.9563636363636364,0.9573818181818183,0.9483482642777156,0.9931877566256065,2.6053843867980664,0.963733623318036,2.341783362988137,0.4114790703363882,1.3582056590291123,0.19418181818181823,0.017090909090909136,-0.0018181818181817633,0.02436363636363642
145,145,0.9672727272727273,0.9665913034334087,0.9255555555555556,0.994488888888889,2.8181239474336737,1.1486525235727347,1.924359534741448,0.1753795249942542,1.5525016399418181,0.18581818181818183,0.048363636363636366,0.02327272727272729,0.02145454545454545
146,146,0.9563636363636364,0.9557685950413224,0.9206502494769033,0.9951714147754708,2.134674672813098,1.3537027340803078,2.2985241667196394,0.7944690845445019,0.9610970841715961,0.19490909090909098,0.03127272727272732,-0.0018181818181817633,0.017090909090909146
147,147,0.9709090909090909,0.9702984597102243,0.9363029132464188,0.9961371318203767,2.685041616151395,-0.018755339297829143,2.0737620407672614,1.9431492698676696,0.9739893310146355,0.2123636363636364,0.02690909090909095,0.002545454545454573,0.006545454545454588
148,148,0.9636363636363636,0.9640732910500351,0.9580088987764183,0.9960273319561418,3.01224778390417,0.8564715930898291,2.004519162771364,-0.16506983191385435,1.8761763698644556,0.22218181818181817,0.03527272727272727,0.0018181818181818078,0.034909090909090904
149,149,0.9818181818181818,0.9819082442286179,0.9691994996873046,0.9960391911611425,2.9430451086340437,1.3446147549460474,2.0426432152794414,0.10979985519830646,1.0247009677495909,0.1578181818181818,0.020727272727272726,0.014181818181818174,0.04763636363636362
150,150,0.96,0.9593268895319009,0.9241220403623073,0.9810901001112347,2.853178422190009,1.8370548773600466,2.085165445192539,-0.7663095135411644,1.7365802917976567,0.1978181818181818,0.06036363636363633,0.01599999999999996,0.08254545454545449
151,151,0.9672727272727273,0.9671437210239873,0.9411111111111111,0.9938666666666667,2.346393362572937,0.740668112567703,1.9631259733591542,1.4566622924687602,1.1798203592191954,0.1850909090909091,0.03745454545454546,-0.003999999999999981,0.013454545454545452
152,152,0.9490909090909091,0.9490909090909091,0.9215182648401826,0.990296803652968,1.888213439879115,1.893038775590378,2.5077155692475004,-0.07289778744961628,1.408541928737664,0.1847272727272727,0.02727272727272727,0.01709090909090908,0.05272727272727275
153,153,0.9490909090909091,0.9490909090909091,0.9244742623979911,0.9784996861268047,2.04264266105891,1.7437787615588383,2.0012603958420114,0.41307408396001644,1.7282773151490933,0.19927272727272727,0.053454545454545456,0.03272727272727273,0.04363636363636364
154,154,0.9745454545454545,0.9744660676762292,0.9591572504708098,0.9894852479598242,2.481505533447267,0.8599518207153471,2.341406448827382,0.8241075621309214,0.8086053940963419,0.24399999999999994,0.01818181818181811,0.011272727272727222,0.036363636363636306
155,155,0.9636363636363636,0.9632101619844842,0.9373689727463312,0.9886942198262954,2.8332127207659634,0.6420257825666789,2.1123816509724036,0.7317500723797846,1.3595520381397574,0.24472727272727274,0.009454545454545415,-0.000363636363636366,0.00509090909090909
156,156,0.9672727272727273,0.9668857085265067,0.9344800420168067,0.9943102240896359,2.2993595578358876,1.0123226687393996,1.855819011438488,0.9033875665430496,1.907197756830393,0.1869090909090909,0.030181818181818188,0.02145454545454547,0.021818181818181837
157,157,0.9527272727272728,0.953595404941212,0.9523322732091474,0.9939421475087081,2.6482833785824367,1.485594235153421,1.0123952620428365,1.1644722428400809,1.2185434517057598,0.22181818181818186,0.042545454545454574,-0.009090909090909061,0.012727272727272776
158,158,0.9636363636363636,0.9638442581195876,0.9531944231653133,0.9916500689443848,2.6269420974701823,1.542206050276734,1.5901565559669741,0.623747956456009,1.379729307752181,0.19054545454545452,0.04254545454545453,0.004727272727272702,0.04072727272727274
159,159,0.9781818181818182,0.9783610332398879,0.9699514744307578,0.9946808510638298,3.0686159601861664,0.9002966054420626,2.3599885491658217,1.0552378934276807,-0.04408692468668661,0.1727272727272727,0.04654545454545452,0.01345454545454543,0.030181818181818143
160,160,0.9563636363636364,0.955398413245947,0.9113636363636364,0.9866115702479339,3.072693569532193,0.9899784260311917,2.2028874588181373,1.223680785408837,0.12519056558793867,0.19490909090909095,0.013090909090909143,-0.00618181818181811,0.002909090909090961
161,161,0.9781818181818182,0.9784871337812514,0.9791738530527768,0.9978440841669541,2.6530357941282636,1.0330226173176846,1.6827698102076232,0.5767931100563976,1.3320446866724027,0.1967272727272727,0.017454545454545424,-0.0010909090909091202,0.04618181818181817
162,162,0.9709090909090909,0.9707055471761354,0.9477272727272728,0.9904132231404958,2.728108076122375,1.4959192980137443,1.7260385160661105,0.496880090978165,1.1939705020274687,0.19236363636363643,0.06254545454545458,0.005454545454545501,0.03454545454545458
163,163,0.9490909090909091,0.9479030303030304,0.8966513683494816,0.98419173890872,2.864757636357339,1.2181103915591602,1.286861192565931,0.7643700864510762,1.783321116550145,0.16763636363636364,0.023272727272727268,0.008000000000000018,0.05381818181818181
164,164,0.9636363636363636,0.9636363636363636,0.941568927417984,0.9909060003399627,2.509028187040817,1.1467958954879605,1.5803709148335845,0.649672115824613,1.765828495789137,0.19381818181818183,0.043999999999999984,0.02218181818181818,0.05818181818181818
165,165,0.9490909090909091,0.9497026074700493,0.9361592245351978,0.989432703003337,3.026404949161432,1.042345828449758,1.5477649627256542,1.0161660362452625,1.054740105113766,0.19818181818181818,0.014909090909090917,-0.0036363636363636598,0.025454545454545462
166,166,0.9636363636363636,0.9636363636363636,0.9473341504519688,0.9928757468975027,2.8851808998872017,1.6513649450388264,1.9121309351174838,0.5153617211053726,0.7608143649532131,0.22654545454545455,0.05818181818181819,0.0007272727272727208,0.016363636363636348
167,167,0.9527272727272728,0.9520760968708698,0.9222488038277512,0.9874583152095114,2.296940486819025,1.2847223460682728,1.9765229203323194,1.419218262682331,0.6542492410772177,0.21454545454545454,0.04618181818181823,0.0043636363636363916,0.02945454545454549
168,168,0.96,0.9590076158730829,0.9164654756156446,0.989699018187671,1.4281304674349071,1.323094915686078,2.246368830223858,2.3924204391228776,0.20871959015168423,0.19636363636363635,0.04109090909090905,0.006181818181818122,0.009818181818181771
169,169,0.9527272727272728,0.9528992655284789,0.9266126250431184,0.9866333218351155,1.8422483639531324,1.0752235862027937,2.3400197389320634,0.17694486368329188,2.325184692954542,0.17236363636363636,0.07200000000000001,-0.0010909090909090758,0.0512727272727273
170,170,0.9672727272727273,0.9666276960290263,0.9282080027595723,0.9894791307347361,2.5305667247399413,0.8597318265716866,2.5157935937620097,0.2008108475058431,1.2797427055631558,0.19709090909090912,0.008363636363636373,0.0,0.02836363636363638
171,171,0.9636363636363636,0.9641196702840539,0.956385118149824,0.9916624769565946,2.7454352813567797,1.4152421723574473,1.6629387935317144,1.0750891454005984,0.6738177214408415,0.21236363636363637,0.04618181818181817,0.002181818181818185,0.03054545454545452
172,172,0.96,0.9593603198400799,0.9263565891472869,0.9924031007751939,1.5291257118018127,1.3021919539836657,1.8106812710740279,1.104958995300215,1.972173685561963,0.1887272727272727,0.04945454545454543,0.03999999999999996,0.058545454545454526
173,173,0.9672727272727273,0.9671680523374677,0.9476799618623868,0.9964245987605276,1.8369857351904022,1.1150185790467027,1.5158826048396348,1.4329347631053244,1.8265933190796768,0.19163636363636366,0.06472727272727274,0.01090909090909089,0.03454545454545456
174,174,0.9672727272727273,0.9665582454497004,0.9331364531273664,0.9950022716946841,2.657808294458598,1.225512014688304,2.092373149296145,1.1345667456310091,0.7486620181215093,0.22872727272727275,0.03890909090909093,-0.0021818181818181958,0.01745454545454548
175,175,0.9709090909090909,0.9699532772660526,0.9230769230769231,0.9940496723007934,3.5741145125741807,0.5605337332867497,2.199581360528193,0.5682550314762131,0.6998516631312779,0.18145454545454548,0.004727272727272758,0.014181818181818184,0.008363636363636406
176,176,0.96,0.9596063263198394,0.9304385825520419,0.9856189416812331,2.997604020849574,0.7799151509618999,1.8447821318559923,0.22591328684480874,1.5684273537529105,0.21381818181818177,0.018909090909090865,0.025454545454545407,0.015272727272727226
177,177,0.9672727272727273,0.967147155695525,0.9420518207282913,0.9956232492997199,3.3478351582462285,1.1817203242847751,1.781745898215613,0.4888730763046287,1.0254565016382144,0.17818181818181816,0.03236363636363636,0.019272727272727275,0.019999999999999983
178,178,0.9563636363636364,0.9563636363636364,0.9266666666666667,0.9832,2.2053806890362218,2.2079178561790913,1.9400052084053359,0.4849594321585762,0.8173306060148094,0.17163636363636367,0.050545454545454595,0.03600000000000007,0.057454545454545515
179,179,0.9636363636363636,0.9632814967578914,0.9216118684843624,0.9898757016840416,2.2967196852985254,1.1333078252016373,2.000465222484817,0.8005823406118676,1.2829744608425253,0.152,0.043636363636363626,0.01527272727272726,0.016727272727272702
180,180,0.9527272727272728,0.9532299088435036,0.9339858571921352,0.9911607450845119,3.254056127500099,0.933531439199305,1.6774154890899708,1.3648693215777092,0.45060078696761474,0.21090909090909093,0.028000000000000035,-0.0069090909090908535,0.001454545454545475
181,181,0.9709090909090909,0.9709090909090909,0.9503341159472638,0.9961170308831497,2.260518700312932,1.328225869429532,1.7143815811537138,1.1483000853265757,0.7495406051010541,0.17454545454545461,0.03200000000000005,-0.0014545454545454195,0.008363636363636396
182,182,0.9636363636363636,0.9636363636363636,0.941568927417984,0.9913309535951046,2.577244819901782,0.8217209176902472,2.3023522153404783,0.7317587712295865,1.0925304635115614,0.19818181818181818,0.004363636363636347,0.011272727272727235,0.037818181818181806
183,183,0.9563636363636364,0.9553724216959512,0.9098793363499247,0.9873470755823697,2.576908717283996,0.5056566243084649,1.8578392125916752,0.7750237054336586,1.9845910969290825,0.18618181818181823,0.020363636363636407,0.0007272727272727653,0.011272727272727334
184,184,0.9745454545454545,0.9746485680178586,0.9599394273127753,0.9944933920704846,3.1372330635102306,0.8703556086387448,1.5579939863009333,0.9709943066277554,1.0906191479237957,0.18072727272727268,0.049818181818181796,0.006545454545454477,0.024727272727272664
185,185,0.9636363636363636,0.9634335266410738,0.943646327014218,0.9873000592417062,2.261648356174908,1.483465742205685,2.29819743128274,0.5994484162104313,1.2089307497183372,0.24872727272727274,0.04472727272727273,0.0025454545454545396,0.030909090909090896
186,186,0.9636363636363636,0.9638719400670148,0.9505870841487281,0.9930691454664058,3.2450595416757606,1.019715506818176,2.3813646479000576,0.17946685686411706,0.8578211643848326,0.22000000000000003,0.02218181818181817,-0.0010909090909090979,0.025818181818181806
187,187,0.9745454545454545,0.9746575864222924,0.9579710144927536,0.9951690821256038,2.867358180541708,1.2798715424087412,1.7961718177395578,0.9507454951006916,0.66319347251517,0.1705454545454545,0.02799999999999995,0.0007272727272727098,0.0323636363636363
188,188,0.9527272727272728,0.952150786242089,0.9268157967412316,0.991714995857498,2.629308018221928,1.6994704343965603,2.403892192679932,-0.07978101178509218,0.992212372434286,0.25381818181818183,0.019636363636363664,0.020363636363636396,0.036000000000000046
189,189,0.9636363636363636,0.9628320110382891,0.9227272727272727,0.9872727272727273,2.4689676807542296,1.4686046751657813,1.9543664396054534,0.48631523384691194,1.3372141678817857,0.2167272727272727,0.026909090909090893,0.008727272727272705,0.03381818181818182
190,190,0.9490909090909091,0.9487925679345934,0.9213993639254885,0.9880357413296986,2.1998263454727205,0.9219522297796416,2.1279733382350012,1.2090219457906495,1.0846491255185091,0.20909090909090913,0.023636363636363667,0.007636363636363641,0.025818181818181796
191,191,0.9527272727272728,0.9516135808618723,0.9083097928436912,0.9872096672944131,2.5422306471357814,1.591733755014291,1.2276512595889133,1.0013736071961927,1.3767314808084563,0.1763636363636364,0.034909090909090945,0.0112727272727273,0.050909090909090945
192,192,0.9563636363636364,0.9563636363636364,0.9156958920907419,0.9916206826078071,2.548871563418908,0.9901273850508855,2.0945519316608054,1.4706641764442434,0.5880588174836384,0.1516363636363637,0.010181818181818236,0.001818181818181852,0.018909090909090966
193,193,0.9745454545454545,0.9742601752193204,0.9483256841747407,0.9924358320584735,1.7986892601115136,1.2036023514593872,2.2092962451648104,0.7695764650308965,1.6751604961208963,0.2134545454545454,0.03818181818181813,0.011272727272727212,0.03599999999999994
194,194,0.9563636363636364,0.9563636363636364,0.9277836134453781,0.9862132352941176,2.831554215816003,1.34421797726906,2.0809768372784014,0.4986119712200319,1.2704761071261628,0.1872727272727273,0.06036363636363643,0.00472727272727278,0.04363636363636368
195,195,0.9672727272727273,0.9671437210239873,0.9411111111111111,0.9945777777777778,2.246907764127309,1.7083456241400552,1.6964116404626934,0.5051086116494106,1.5190642122231421,0.15672727272727274,0.06327272727272729,-0.0010909090909090647,0.033818181818181824
196,196,0.9672727272727273,0.9669587024669483,0.942208097928437,0.9894460138104205,2.856813991531573,1.1468317504371441,1.6431428056968012,0.8368303467150562,1.3975263820480084,0.23454545454545456,0.04109090909090911,0.006909090909090943,0.037090909090909084
197,197,0.9454545454545454,0.9434102739365897,0.8778889272162815,0.9852535357019662,2.0540684021788462,0.95481722576194,1.8993604221824103,1.9759924677712293,0.8862237298808869,0.1632727272727273,0.02109090909090906,0.001454545454545464,0.006181818181818166
198,198,0.9709090909090909,0.9704441197235129,0.9367121848739496,0.9928221288515406,1.9218125625437665,1.6218075696220038,1.7231003963477987,1.5490168529550488,0.7648321031050825,0.20181818181818184,0.021090909090909125,0.006909090909090953,0.022909090909090945
199,199,0.9672727272727273,0.967380092821862,0.952870189171559,0.9967384213959556,3.0608656199858815,0.4676520241523323,2.469012032529737,-0.1677066928783565,1.8238111876169016,0.18836363636363643,0.03163636363636364,0.021090909090909105,0.03672727272727274
200,200,0.9672727272727273,0.9671847458733611,0.952014652014652,0.9936996336996337,2.467859272840785,0.9091530147926901,2.2935525412628,0.19936516807433757,1.9131972166333868,0.22436363636363638,0.04109090909090911,2.2204460492503132e-17,0.045818181818181834
201,201,0.9672727272727273,0.9663187338976813,0.9193364845938375,0.9929096638655462,2.6431635703931513,0.5728209420869813,1.8245427234407743,1.4251926586445949,1.2400889744177819,0.19309090909090906,0.029454545454545476,0.002909090909090928,0.016727272727272747
202,202,0.9672727272727273,0.9665017098274501,0.9298885750156937,0.9945072190834903,2.799878583642663,1.4599781283533384,2.4400378030747856,-0.3140419781774885,1.0101078735139593,0.2,0.04618181818181819,0.028727272727272733,0.04581818181818185
203,203,0.9745454545454545,0.9746380660537964,0.9621852362883753,0.9947395653673681,2.9414181113476894,1.3009451162867671,1.9694628333263617,-0.03079446957653386,1.4248985564622116,0.21309090909090905,0.03236363636363632,0.017090909090909046,0.060727272727272685
204,204,0.9709090909090909,0.9710674278328307,0.9643980233602875,0.9925876010781671,2.4380402316533067,1.5045040310691484,2.138743253146885,-0.06963897339590047,1.8179131094911332,0.22727272727272735,0.033454545454545494,0.02945454545454549,0.04290909090909095
205,205,0.9527272727272728,0.951457604557783,0.9006200770906654,0.9905312552371376,2.336301858857848,0.7419173656559854,2.124283896602038,0.10857433090627758,2.204503582211437,0.19127272727272732,0.03163636363636367,-0.007636363636363585,0.03090909090909094
206,206,0.9854545454545455,0.9853444104914694,0.9689116936874784,0.9981027940669196,2.048081541933087,0.9526769595876279,2.1847767373211404,1.141173490631429,1.0258688945509669,0.20472727272727273,0.037090909090909105,0.0,0.02909090909090911
207,207,0.9563636363636364,0.9560880054317206,0.9291038920276209,0.9870527306967984,2.148844282111459,1.0117480371344278,1.896693303745034,2.003756197375882,0.6077460579665538,0.20909090909090916,0.036727272727272775,-0.009090909090909038,0.0014545454545454972
208,208,0.9527272727272728,0.9522959202664404,0.9227439865175425,0.987130381492263,2.9542464389375684,1.3554614671719738,1.385567030707665,0.9699182408876393,1.5528922052042622,0.2174545454545455,0.0512727272727273,0.020363636363636396,0.04800000000000003
209,209,0.9563636363636364,0.9560052062474969,0.9175094816687737,0.9910601408705075,2.7477827640738086,0.970208308652422,1.7267680780378116,0.93841049492872,1.4220583300325929,0.1683636363636364,0.025454545454545518,0.0072727272727273196,0.019636363636363684
210,210,0.96,0.9591898227168247,0.9148721988795518,0.9900210084033614,1.9114753061800314,1.0591095719276853,2.069018241325739,2.1877422987944355,0.7045804843852164,0.18836363636363634,0.014545454545454518,-0.006545454545454588,0.013454545454545408
211,211,0.9672727272727273,0.967391799212024,0.950327699206623,0.9953432218006208,2.567122975616598,1.0831562069151668,1.733092109136815,0.17122663565607565,2.126123912889848,0.20181818181818184,0.03127272727272727,-0.000363636363636366,0.04327272727272728
212,212,0.9636363636363636,0.963919191919192,0.945909337186202,0.9904280296189272,2.1987836896999413,1.256833856079009,0.8316544291284034,1.6448876592097041,1.7664618016950997,0.20654545454545453,0.046545454545454536,-0.001454545454545464,0.03963636363636362
213,213,0.9636363636363636,0.9629474374863308,0.9157004830917874,0.991207729468599,2.9215294617220557,0.6608336731549475,1.7715299202984225,1.0140882513275775,1.2937829842674504,0.14909090909090908,0.016363636363636348,0.01090909090909089,0.03418181818181818
214,214,0.96,0.9596774015356571,0.9374003189792663,0.989343192692475,1.7066783588212304,1.812857227929254,1.922066658317017,0.30529489313352165,1.580342074922219,0.25127272727272726,0.05163636363636361,0.0003636363636363438,0.03490909090909089
215,215,0.9527272727272728,0.9514650638617581,0.9106227106227107,0.9894505494505494,2.1917995103464603,1.2863368889200875,1.6513431320414957,1.5256396347354755,1.2991843391607456,0.2294545454545455,0.03745454545454548,0.011636363636363656,0.008363636363636384
216,216,0.9745454545454545,0.9744503614367431,0.9548120041393584,0.9933597792342187,3.1323107332656694,0.6994622299313162,1.9615006474784822,1.5050196483040759,0.3177695832918066,0.1854545454545454,0.025090909090909032,0.003999999999999948,0.006909090909090842
217,217,0.9745454545454545,0.9744333226686167,0.9499715207898234,0.9890829694323143,2.63651263110769,0.5084254763607712,1.8098068100126967,0.9755956027813066,1.6551217372308504,0.17381818181818173,0.012727272727272665,-0.0025454545454545617,0.034181818181818126
218,218,0.9854545454545455,0.9853444104914694,0.9689116936874784,0.9976716109003104,2.0800906545085684,1.057777227002123,1.6717999836990785,0.016015812262434752,2.7168749539466237,0.20290909090909093,0.04800000000000002,0.007636363636363686,0.041454545454545466
219,219,0.9745454545454545,0.9748161047618865,0.9695584684373922,0.9954294584339427,3.477337775948243,0.7425523146206428,1.8213639716528107,0.5554649673545565,0.6932702286714045,0.21999999999999997,0.04981818181818176,0.0025454545454544953,0.021454545454545382
220,220,0.9709090909090909,0.9707298978485418,0.9513565891472868,0.9930232558139535,2.5568342416009013,0.9680315413764032,1.8751285173185583,0.9262843844042871,1.2896173163746774,0.19781818181818184,0.04327272727272732,0.01818181818181821,0.04290909090909094
221,221,0.9672727272727273,0.9677020234224775,0.96761755016472,0.9981281820904463,3.1084462063009815,0.5699153085119607,2.1014181199462194,0.9587952213490739,0.6797985407515329,0.25527272727272726,0.050181818181818195,-0.009090909090909038,0.0058181818181818334
222,222,0.9672727272727273,0.9669814483037623,0.9445706497046797,0.9931091927911556,2.73223594255831,1.5570541053328129,1.9556116777596375,0.3090635436383182,1.0043188089754573,0.21309090909090914,0.028727272727272747,0.008727272727272705,0.03963636363636366
223,223,0.96,0.9594231499051232,0.9117965367965368,0.989275875639512,2.3524952914433666,1.9634480990289922,2.222558357540023,1.009129269258289,0.1269368431824896,0.13963636363636361,0.05599999999999997,0.008363636363636318,0.030909090909090876
224,224,0.9490909090909091,0.9475992033093305,0.9043062200956937,0.9925329853559519,1.5844279281733857,1.8509596668983925,2.5406011068856476,0.3696747823381356,1.2761695229890357,0.20036363636363638,0.02218181818181819,0.0010909090909090868,0.03090909090909093
225,225,0.9672727272727273,0.9669506306253235,0.9413634196726521,0.9899888765294772,2.3702975902890975,1.6138062150885522,1.4417148247414973,1.2360421842160196,0.9195431048490293,0.2450909090909091,0.03272727272727274,0.009818181818181814,0.0330909090909091
226,226,0.96,0.9592723381487428,0.9204545454545454,0.9884297520661156,1.4340879550506436,1.7684193548610543,1.919910281820676,0.5479229058762025,1.75825406623954,0.1898181818181818,0.054181818181818144,0.002545454545454506,0.041818181818181796
227,227,0.96,0.9593438771997326,0.925258945386064,0.9910546139359698,2.9300009022832407,1.3681514265573855,3.3125983570238002,0.09494318829759472,-0.26668970979752904,0.1956363636363636,0.02799999999999998,0.024727272727272674,0.03345454545454542
228,228,0.9527272727272728,0.9522736813411475,0.9206293157564345,0.9887790332705587,2.3434198424037875,0.9983533307091463,1.8628368466003833,1.0492416487803875,1.6904952102422968,0.2330909090909091,0.005090909090909102,0.004727272727272758,0.012000000000000021
229,229,0.9490909090909091,0.9483896964675754,0.9224821836762136,0.9869571063600915,2.192474874722431,1.3362419359204003,2.4774737449515922,0.41725830970737876,0.9504575136327625,0.2443636363636364,0.036363636363636376,0.013454545454545452,0.01818181818181821
230,230,0.9490909090909091,0.9485088045378821,0.9178391587677726,0.9898548578199052,2.463118610680699,1.7601947782349483,1.5823405169886684,1.1593233430148486,1.112052582472321,0.21454545454545454,0.03672727272727274,0.013454545454545464,0.02218181818181819
231,231,0.9490909090909091,0.9483401799993728,0.9053544494720965,0.9866767219708396,2.9104428682093815,1.1629303949968735,2.14698576761295,0.5963137070928621,0.8355623689277183,0.17563636363636365,0.05054545454545454,0.009818181818181814,0.01890909090909091
232,232,0.9781818181818182,0.9781818181818182,0.9684004902711812,0.9976252489658343,1.9747729913041627,0.7344386416636253,1.5358110079801435,1.6838489167686292,1.5042811738747932,0.2516363636363636,0.028363636363636334,0.0007272727272727098,0.007999999999999962
233,233,0.9636363636363636,0.9636363636363636,0.9501594896331738,0.9915180513266637,2.1240546003346243,1.2942559210199103,1.124149060834923,1.721150289950094,1.0701571436436248,0.26654545454545453,0.03054545454545452,0.0076363636363635965,0.02618181818181816
234,234,0.9345454545454546,0.9345454545454546,0.893282166264229,0.9794756812694032,3.131592243097968,1.2257967854596485,2.6220894092708216,0.05940539681702725,0.6116269475983632,0.1614545454545455,0.022909090909090945,0.014909090909090917,0.03018181818181822
235,235,0.9636363636363636,0.9630856888209829,0.9272055073941867,0.9924358320584735,2.6676418890473923,0.8143233208135849,1.8467323696121234,1.0855076894209013,1.2520530493092195,0.19745454545454547,0.017454545454545445,0.009090909090909049,0.01527272727272726
236,236,0.9672727272727273,0.9668276318967293,0.9282323903550408,0.9895576229352573,2.1212170849716276,1.0982084380816322,2.0557625873802654,1.4908465348334319,0.8045783402299733,0.1934545454545455,0.016727272727272747,-0.0021818181818181958,0.02836363636363637
237,237,0.9490909090909091,0.947628451779395,0.8966280379848703,0.9914694994366651,1.7154537008803707,0.5693203509159793,1.6294465935343627,2.2695852260659257,1.3346614629577038,0.19818181818181818,0.04945454545454545,-0.01018181818181817,0.022181818181818202
238,238,0.9745454545454545,0.9740154582259846,0.9377777777777778,0.9935999999999999,2.8894096803671903,0.7107389911227588,2.0444063903230036,0.7164859499573186,1.1014295590290375,0.20690909090909088,0.025454545454545386,0.0014545454545454085,0.013454545454545408
239,239,0.9672727272727273,0.966530901646064,0.9211459499813364,0.9900149309443822,1.951678641129558,1.3651171467915304,1.8071190671626884,0.6883057119676853,1.9037442838180947,0.1770909090909091,0.04472727272727275,0.025454545454545473,0.04763636363636366
240,240,0.9563636363636364,0.9560948467728128,0.9300387596899224,0.9882170542635659,2.025830422992754,1.3312425009894797,1.9854325177616396,1.4382306339627624,0.7800651859786968,0.2087272727272728,0.013454545454545497,-0.0032727272727272163,0.018181818181818243
241,241,0.9454545454545454,0.944603971855704,0.9063505438945918,0.989275317910219,2.6439221209804504,1.2674273792999935,1.9189192108900144,0.9969270121096796,0.9477544660138746,0.21600000000000003,0.027636363636363626,0.0018181818181818078,0.014545454545454528
242,242,0.9745454545454545,0.9741279218543754,0.9468377275580666,0.984934086629002,2.4444231259434956,1.4847069069099716,2.002095464312129,1.016954579154554,0.6691365330097271,0.2007272727272727,0.05199999999999997,0.017090909090909046,0.026909090909090848
243,243,0.9709090909090909,0.9702823234898706,0.9352168949771689,0.9959230267449445,2.1634987582694576,1.233604101550592,2.3118735383573252,0.2789426205181724,1.6984341995919248,0.20327272727272733,0.024000000000000042,0.0330909090909091,0.029454545454545476
244,244,0.9490909090909091,0.9484942267782777,0.9167789757412399,0.9863731656184486,3.1091209860263964,0.896606412368819,1.939078832735668,1.1478568446468513,0.4775425873288625,0.22000000000000003,0.028727272727272747,0.012363636363636344,0.0025454545454545617
245,245,0.9636363636363636,0.9634007872057125,0.9390592722072144,0.993246464325441,2.5370766082560157,1.5821636495762945,1.6705578121782065,1.4238247124996342,0.49246329512293857,0.1978181818181818,0.05163636363636361,0.00654545454545451,0.027636363636363636
246,246,0.9709090909090909,0.9706828282828284,0.9442839635854342,0.9928221288515406,2.7024992377009074,1.5206634496645675,1.6184442979935827,0.7105036647704173,1.1668866034127825,0.18690909090909097,0.02254545454545458,0.002181818181818229,0.02109090909090914
247,247,0.9672727272727273,0.9671731843971505,0.9490310077519379,0.988139534883721,2.1570388232812516,1.6115193786406026,1.6709080270164303,0.8412765652259298,1.2594860635072052,0.24072727272727273,0.0330909090909091,0.035636363636363654,0.06472727272727274
248,248,0.9418181818181818,0.9404606060606061,0.8849651538330784,0.9836817950025498,1.8159473606260943,1.43327184028823,2.653367517705806,1.0069548162358457,0.9743368900522937,0.19236363636363632,0.03236363636363634,0.010909090909090868,0.025454545454545407
249,249,0.9709090909090909,0.9709090909090909,0.9545454545454546,0.9895041322314049,2.5936407781798136,1.4045867860814356,1.6969665603912178,0.9313732421767683,1.0983546379912743,0.20945454545454548,0.056363636363636414,0.012727272727272754,0.06109090909090912
