,random_seed,accuracy,f1,balanced_acc,auc,feature_importance.fronttop_CO2_scaled,feature_importance.fronttop_CO2_fd1_scaled,feature_importance.fronttop_CO2_fd2_scaled,feature_importance.fronttop_CO2_fd3_scaled,feature_importance.fronttop_temperature_scaled,feature_importance.fronttop_temperature_fd1_scaled,feature_importance.fronttop_temperature_fd2_scaled,feature_importance.fronttop_temperature_fd3_scaled,feature_importance.fronttop_humidity_scaled,feature_importance.fronttop_humidity_fd1_scaled,feature_importance.fronttop_humidity_fd2_scaled,feature_importance.fronttop_humidity_fd3_scaled
0,0,0.875,0.8255813953488372,0.8554641598119859,0.9338278495887191,0.08166666666666667,-0.006666666666666599,-0.0033333333333332993,0.0004166666666666208,0.050833333333333286,-0.025416666666666643,-0.010000000000000009,-0.01416666666666655,-0.00708333333333333,-0.0029166666666666785,0.005416666666666514,0.0
1,1,0.875,0.8255813953488372,0.8554641598119859,0.9636457109283196,0.07583333333333342,-0.014583333333333393,-0.0024999999999998357,0.0024999999999998357,0.03458333333333319,-0.03833333333333333,-0.02750000000000008,-0.0379166666666666,-0.0008333333333332416,-0.009166666666666656,-0.002083333333333215,0.006249999999999978
2,2,0.8875,0.8457142857142858,0.8717685076380728,0.9336809635722679,0.125,-0.004583333333333495,-0.011250000000000093,-0.009166666666666767,0.07999999999999985,-0.005833333333333357,-0.03125,-0.022083333333333233,-0.008333333333333415,-0.013333333333333308,-0.0012499999999999734,0.012916666666666576
3,3,0.8833333333333333,0.8390804597701149,0.8663337250293772,0.9030552291421858,0.1891666666666666,-0.00666666666666671,0.0008333333333333526,-0.0008333333333333526,0.09458333333333324,0.0029166666666665675,0.0029166666666665675,0.0008333333333333526,-0.0016666666666667052,-0.0033333333333331883,-0.0050000000000001155,-0.002083333333333326
4,4,0.8833333333333333,0.8390804597701149,0.8663337250293772,0.9443301997649823,0.13624999999999987,-0.01666666666666672,-0.017916666666666803,0.015833333333333255,0.07208333333333328,-0.015416666666666745,0.011249999999999982,-0.021250000000000102,-0.02041666666666664,-0.0008333333333333526,0.005416666666666625,0.0050000000000000044
5,5,0.8791666666666667,0.8304093567251462,0.8588425381903643,0.8800675675675678,0.14541666666666675,0.0029166666666665675,-0.00374999999999992,0.002083333333333215,0.1495833333333333,-0.010833333333333361,0.00708333333333333,0.008333333333333415,-0.00374999999999992,-0.01000000000000012,0.0029166666666666785,0.0012499999999999734
6,6,0.8666666666666667,0.8117647058823529,0.8445945945945945,0.9157608695652174,0.07708333333333339,-0.009166666666666545,-0.011666666666666603,0.002083333333333326,0.04583333333333328,-0.012499999999999956,-0.01416666666666666,-0.025833333333333375,-0.008749999999999925,-0.014999999999999902,0.0004166666666667318,-0.0016666666666667052
7,7,0.8833333333333333,0.8390804597701149,0.8663337250293772,0.9207549941245593,0.16166666666666663,0.0004166666666667318,0.0025000000000001688,0.0033333333333331883,0.09666666666666668,0.0033333333333334103,0.00708333333333333,0.02750000000000008,-0.015416666666666634,-0.004583333333333384,-0.004166666666666652,0.002083333333333437
8,8,0.8791666666666667,0.8323699421965318,0.8608989424206815,0.9504259694477085,0.06583333333333341,-0.005833333333333357,-0.005416666666666625,-0.004583333333333162,0.061249999999999916,-0.009583333333333277,-0.007083333333333441,-0.018750000000000155,-0.005833333333333357,-0.002083333333333326,-0.0004166666666667318,0.0016666666666665941
9,9,0.8791666666666667,0.8323699421965318,0.8608989424206815,0.9100323149236194,0.14874999999999994,-0.018333333333333535,-0.011666666666666492,0.004583333333333273,0.12124999999999997,-0.002083333333333326,-0.00374999999999992,-0.004166666666666763,-0.029583333333333184,0.0,0.009166666666666767,0.002083333333333215
10,10,0.875,0.8255813953488372,0.8554641598119859,0.9596797884841363,0.07708333333333339,-0.010833333333333472,-0.012916666666666687,0.0029166666666664565,0.04499999999999993,-0.02124999999999999,-0.032916666666666594,-0.026666666666666727,0.005833333333333135,-0.0033333333333332993,-0.0012499999999999734,-0.002083333333333437
11,11,0.8791666666666667,0.8323699421965318,0.8608989424206815,0.9571092831962398,0.10791666666666677,-0.01375000000000004,-0.01333333333333342,-0.01375000000000004,0.0429166666666666,-0.018750000000000155,-0.026250000000000107,-0.022083333333333455,-0.021666666666666834,-0.007916666666666683,-0.0024999999999999467,0.007499999999999951
12,12,0.8708333333333333,0.8143712574850299,0.8459165687426558,0.9496180963572268,0.016250000000000098,-0.0004166666666667318,-0.002083333333333215,-0.0012499999999999734,0.047083333333333255,0.0,-0.0033333333333334103,1.1102230246251565e-16,0.0,-0.005833333333333246,0.0029166666666666785,0.0
13,13,0.8833333333333333,0.8390804597701149,0.8663337250293772,0.9567420681551115,0.1345833333333334,-0.0033333333333334103,-0.0033333333333334103,0.004166666666666652,0.0429166666666666,-0.015833333333333366,-0.01041666666666674,-0.01333333333333342,-0.007916666666666683,-0.0029166666666667895,-0.003750000000000031,0.0033333333333334103
14,14,0.8958333333333334,0.8587570621468926,0.8826380728554641,0.9367655699177437,0.18041666666666678,0.004166666666666763,0.0012499999999998623,0.004166666666666763,0.09291666666666665,0.007916666666666683,0.004583333333333384,-0.017083333333333228,-0.023749999999999938,0.015000000000000013,0.0062500000000002,0.010833333333333361
15,15,0.8833333333333333,0.8390804597701149,0.8663337250293772,0.9380875440658049,0.10375000000000001,-0.002083333333333326,0.0016666666666667052,0.004166666666666652,0.09291666666666665,-0.009583333333333388,-0.012083333333333446,0.0024999999999999467,-0.005833333333333468,-0.006249999999999867,0.0033333333333334103,0.0050000000000000044
16,16,0.8833333333333333,0.8390804597701149,0.8663337250293772,0.955713866039953,0.07958333333333334,-0.0029166666666665675,-0.004166666666666652,0.005833333333333246,0.06833333333333325,-0.012500000000000067,-0.014166666666666883,-0.011250000000000204,-0.022916666666666696,-0.01333333333333353,-0.004166666666666652,1.1102230246251565e-16
17,17,0.9041666666666667,0.8715083798882681,0.8935076380728555,0.9466803760282021,0.16625,-0.008333333333333304,0.00749999999999984,0.007499999999999951,0.09124999999999983,-0.011249999999999982,0.0029166666666667895,0.0012499999999999734,-0.021250000000000102,0.01041666666666663,0.022500000000000075,0.022500000000000075
18,18,0.8958333333333334,0.8587570621468926,0.8826380728554641,0.9322121034077556,0.1279166666666668,-0.0004166666666666208,0.006666666666666821,0.00374999999999992,0.057916666666666505,-0.0025000000000000577,-0.004999999999999893,-0.015833333333333366,0.0004166666666666208,0.004166666666666763,0.002083333333333326,0.007500000000000062
19,19,0.8666666666666667,0.8095238095238095,0.8425381903642772,0.96012044653349,0.0050000000000000044,-0.0004166666666667318,-0.002083333333333326,-0.0008333333333333526,0.023749999999999938,-0.015416666666666634,-0.004583333333333384,-0.029166666666666674,0.0016666666666667052,-0.008333333333333304,-0.005416666666666625,-0.00708333333333333
20,20,0.8791666666666667,0.8323699421965318,0.8608989424206815,0.8965922444183313,0.21749999999999992,-0.0029166666666666785,-0.015833333333333477,-0.014583333333333504,0.1529166666666666,-0.01666666666666672,0.012083333333333224,-0.0033333333333332993,-0.022500000000000075,-0.0024999999999999467,0.002083333333333215,0.020000000000000018
21,21,0.8833333333333333,0.8390804597701149,0.8663337250293772,0.967024089306698,0.0954166666666667,-0.01041666666666674,-0.004166666666666652,0.004583333333333384,0.047083333333333366,-0.016250000000000098,-0.032916666666666705,-0.03083333333333349,-0.004583333333333384,-0.0033333333333331883,0.0012499999999999734,0.002083333333333326
22,22,0.9083333333333333,0.8777777777777778,0.8989424206815511,0.967024089306698,0.12499999999999989,-0.0029166666666665675,-0.007916666666666461,0.0024999999999999467,0.060833333333333406,-0.0004166666666667318,-1.1102230246251565e-16,-0.0050000000000000044,0.00374999999999992,-0.002083333333333326,0.015833333333333477,0.028750000000000053
23,23,0.8958333333333334,0.8587570621468926,0.8826380728554641,0.9663631022326674,0.13666666666666671,-0.010000000000000009,-0.0033333333333332993,-0.003750000000000031,0.046666666666666634,-0.02458333333333318,-0.014583333333333282,-0.025833333333333153,-0.0004166666666666208,0.006249999999999978,0.002083333333333215,0.012083333333333335
24,24,0.8791666666666667,0.8342857142857143,0.8629553466509988,0.9414659224441833,0.1070833333333332,-0.007083333333333441,-0.010416666666666519,0.003750000000000031,0.07500000000000007,-0.015000000000000124,-0.0012500000000000844,-0.007083333333333441,-0.02041666666666675,0.012499999999999845,-0.00374999999999992,0.004583333333333273
25,25,0.8791666666666667,0.8342857142857143,0.8629553466509988,0.9312573443008225,0.10250000000000004,-0.007083333333333441,-0.01708333333333334,0.006250000000000089,0.0625,-0.018750000000000155,-0.02833333333333332,-0.02458333333333329,-0.010833333333333584,-0.006666666666666599,-0.006250000000000089,-0.0008333333333332416
26,26,0.875,0.8255813953488372,0.8554641598119859,0.9531433607520564,0.13916666666666666,-0.0029166666666666785,-0.008333333333333415,0.0004166666666666208,0.04874999999999985,-0.004583333333333273,-0.02416666666666667,-0.012499999999999956,-0.008333333333333193,-0.0029166666666666785,-0.00374999999999992,0.004166666666666652
27,27,0.8958333333333334,0.8587570621468926,0.8826380728554641,0.9517479435957696,0.13,-0.0008333333333333526,0.007083333333333441,0.011250000000000093,0.0641666666666667,-0.01749999999999996,-0.005833333333333357,-0.011249999999999871,-0.008333333333333193,0.0029166666666664565,0.008333333333333415,0.002083333333333215
28,28,0.8666666666666667,0.8117647058823529,0.8445945945945945,0.962984723854289,0.012083333333333446,-0.002083333333333326,-0.00708333333333333,0.0012499999999999734,0.03416666666666679,-0.004166666666666652,-0.012083333333333224,-0.026666666666666616,0.0016666666666664831,-0.018333333333333313,-0.002083333333333326,0.002083333333333326
29,29,0.875,0.8275862068965517,0.8575205640423031,0.9655552291421856,0.08750000000000002,-0.002083333333333215,-0.0012499999999999734,0.006666666666666599,0.032916666666666705,-0.009583333333333277,-0.023749999999999938,-0.027083333333333237,-0.006666666666666599,-0.011249999999999871,-0.004999999999999893,0.002083333333333437
30,30,0.8833333333333333,0.8390804597701149,0.8663337250293772,0.9721650998824911,0.11791666666666667,-0.008333333333333526,-0.00041666666666650976,-0.006250000000000089,0.03916666666666668,-0.032916666666666705,-0.032500000000000195,-0.03708333333333347,-0.007500000000000173,-0.010000000000000009,-0.0024999999999999467,0.0033333333333334103
31,31,0.8875,0.8457142857142858,0.8717685076380728,0.9579905992949471,0.1891666666666666,-0.017916666666666803,-0.014583333333333393,-0.003750000000000142,0.05499999999999983,-0.01791666666666658,-0.0004166666666667318,-0.025000000000000022,-0.015833333333333366,-0.006666666666666821,-0.009583333333333499,0.005416666666666625
32,32,0.8833333333333333,0.8352941176470589,0.8622209165687427,0.902394242068155,0.07916666666666672,-0.00708333333333333,-0.0012499999999999734,-0.005416666666666625,0.07291666666666674,0.003750000000000031,0.0029166666666665675,-0.0008333333333333526,-0.02083333333333348,0.0012499999999999734,-0.002083333333333326,0.0033333333333334103
33,33,0.8791666666666667,0.8323699421965318,0.8608989424206815,0.9318448883666275,0.11750000000000005,0.007499999999999951,0.004166666666666652,0.00666666666666671,0.08541666666666659,-0.01375000000000004,0.0016666666666665941,-0.018750000000000155,-0.026666666666666727,-0.0008333333333334636,-0.0008333333333334636,0.002083333333333437
34,34,0.8875,0.8457142857142858,0.8717685076380728,0.9610752056404229,0.16749999999999987,-0.006250000000000089,0.0012500000000000844,-0.0062500000000002,0.03541666666666676,-0.010833333333333472,-0.026666666666666616,-0.01333333333333353,0.007500000000000062,0.0008333333333332416,0.0004166666666666208,-0.0012499999999999734
35,35,0.9041666666666667,0.8715083798882681,0.8935076380728555,0.9441098707403056,0.21999999999999997,0.032500000000000195,0.018750000000000044,0.009999999999999898,0.18624999999999992,-0.0016666666666667052,-1.1102230246251565e-16,0.029999999999999916,-0.014999999999999791,0.015416666666666745,0.023749999999999938,0.01416666666666666
36,36,0.8625,0.8070175438596491,0.8412162162162162,0.9436692126909517,0.09291666666666676,-0.007500000000000062,-0.008333333333333304,-0.0033333333333332993,0.036666666666666736,-0.025833333333333264,-0.03749999999999998,-0.04166666666666652,-0.016666666666666607,-0.013749999999999929,-0.009999999999999898,-0.005416666666666625
37,37,0.8833333333333333,0.8409090909090909,0.8683901292596945,0.9399236192714454,0.17500000000000004,-0.0012499999999999734,-0.00041666666666650976,-0.0012499999999999734,0.08416666666666672,-0.009166666666666545,-0.010833333333333472,-0.017916666666666803,-0.011250000000000204,-0.003750000000000031,0.0033333333333334103,0.004166666666666541
38,38,0.8833333333333333,0.8390804597701149,0.8663337250293772,0.9673913043478262,0.0675,-0.004583333333333384,-0.007500000000000062,-0.002083333333333326,0.04874999999999996,-0.019583333333333397,-0.029166666666666674,-0.0050000000000000044,-0.018333333333333424,0.006249999999999867,1.1102230246251565e-16,0.010416666666666519
39,39,0.9166666666666666,0.8901098901098901,0.9098119858989424,0.9726057579318449,0.1779166666666665,-0.0033333333333335213,-0.0025000000000000577,0.012916666666666687,0.04416666666666669,0.0033333333333332993,0.004999999999999893,-0.003749999999999809,0.0029166666666666785,0.004999999999999893,0.012083333333333224,0.007916666666666572
40,40,0.8791666666666667,0.8323699421965318,0.8608989424206815,0.9327996474735605,0.16708333333333336,-0.01041666666666674,0.0029166666666666785,0.011666666666666603,0.08666666666666667,0.0033333333333334103,-0.007083333333333441,-0.009583333333333277,-0.012083333333333446,0.0008333333333333526,0.018749999999999822,0.0012499999999999734
41,41,0.8916666666666667,0.8522727272727273,0.8772032902467685,0.946900705052879,0.16416666666666668,-0.0008333333333333526,-0.0025000000000000577,-0.008333333333333304,0.06916666666666671,-0.017499999999999738,-0.007083333333333219,-0.009583333333333166,-0.0033333333333334103,0.005416666666666847,-0.0004166666666667318,0.01000000000000012
42,42,0.9,0.8651685393258427,0.8880728554641598,0.9352967097532314,0.18958333333333344,-0.008750000000000036,0.0025000000000000577,-0.008750000000000036,0.11416666666666675,0.005833333333333357,0.015416666666666745,0.01749999999999996,-0.023333333333333428,0.02833333333333332,0.02416666666666678,0.02083333333333337
43,43,0.8791666666666667,0.8323699421965318,0.8608989424206815,0.937279670975323,0.1362500000000001,0.0033333333333334103,0.0016666666666665941,-0.0024999999999999467,0.0708333333333333,-0.009166666666666656,-0.011249999999999982,-0.016250000000000098,-0.012916666666666798,0.004166666666666652,-0.0024999999999998357,0.008749999999999925
44,44,0.8833333333333333,0.8390804597701149,0.8663337250293772,0.9485164512338425,0.17874999999999996,-0.014166666666666883,-0.02083333333333326,0.0029166666666667895,0.10458333333333325,-0.011666666666666825,-0.026666666666666616,-0.023749999999999938,-0.026666666666666616,-0.005416666666666625,0.0008333333333332416,-0.0008333333333333526
45,45,0.8791666666666667,0.8304093567251462,0.8588425381903643,0.8639835487661575,0.15916666666666668,0.002083333333333215,0.0025000000000000577,0.0033333333333334103,0.11833333333333329,0.0029166666666666785,0.019583333333333286,-0.0008333333333332416,-0.0004166666666666208,0.0016666666666668162,0.006249999999999867,0.0004166666666667318
46,46,0.8791666666666667,0.8323699421965318,0.8608989424206815,0.9630581668625148,0.07874999999999999,-0.0012500000000000844,0.006250000000000089,-0.0029166666666666785,0.04125000000000001,-0.02833333333333332,-0.012083333333333335,-0.026250000000000107,-0.007083333333333441,-0.0033333333333332993,0.00666666666666671,0.012500000000000067
47,47,0.8791666666666667,0.8323699421965318,0.8608989424206815,0.9414659224441834,0.0837500000000001,-0.015000000000000124,-0.015416666666666856,0.0033333333333334103,0.057499999999999996,-0.027083333333333348,-0.012083333333333446,-0.02749999999999997,-0.004999999999999893,0.0,-0.0004166666666666208,0.003750000000000031
48,48,0.8708333333333333,0.8187134502923976,0.8500293772032903,0.9507931844888367,0.15333333333333332,-0.003750000000000031,-0.012499999999999845,-0.0016666666666665941,0.042916666666666714,-0.019583333333333286,-0.025416666666666643,-0.012499999999999845,-0.016249999999999876,-0.008333333333333304,-0.00708333333333333,0.00374999999999992
49,49,0.875,0.8214285714285714,0.8513513513513513,0.9688601645123384,0.004583333333333273,-0.0029166666666666785,0.0004166666666666208,0.004166666666666652,0.04916666666666669,-0.007916666666666572,-0.009166666666666656,-0.007499999999999951,0.0012499999999999734,-0.0033333333333332993,-0.0012500000000000844,0.0025000000000000577
50,50,0.8875,0.8457142857142858,0.8717685076380728,0.93096357226792,0.16708333333333325,-0.010000000000000009,0.0,-0.006250000000000089,0.08625000000000005,-0.014583333333333393,-0.01625000000000021,-0.02041666666666664,-0.0033333333333335213,0.007083333333333219,0.0024999999999999467,0.002083333333333326
51,51,0.8791666666666667,0.8323699421965318,0.8608989424206815,0.8788924794359576,0.26249999999999984,-0.00749999999999984,0.00708333333333333,0.009583333333333388,0.23541666666666672,0.029166666666666674,0.04499999999999993,0.05208333333333326,-0.022500000000000075,0.0029166666666666785,0.02666666666666684,0.002083333333333215
52,52,0.8958333333333334,0.8587570621468926,0.8826380728554641,0.9690804935370152,0.07208333333333328,0.006666666666666599,0.008750000000000036,0.004583333333333384,0.050416666666666776,-0.016666666666666607,-0.01791666666666658,-0.016249999999999765,0.006666666666666599,0.0004166666666668428,0.019583333333333397,0.01375000000000004
53,53,0.8875,0.8457142857142858,0.8717685076380728,0.9533636897767332,0.20166666666666655,-0.018750000000000044,-0.0004166666666667318,0.006666666666666599,0.04833333333333323,-0.022916666666666696,-0.032916666666666594,0.014583333333333393,-0.01750000000000007,0.0016666666666664831,0.009166666666666656,0.007083333333333219
54,54,0.8583333333333333,0.7926829268292683,0.8296122209165688,0.9715041128084606,0.025416666666666532,-0.005833333333333468,-0.0012500000000000844,0.01041666666666663,0.030416666666666647,-0.007500000000000062,-0.015833333333333255,-0.02124999999999999,0.019999999999999796,0.007916666666666461,0.007916666666666683,0.011666666666666603
55,55,0.8875,0.8457142857142858,0.8717685076380728,0.9061398354876615,0.2616666666666667,-0.002083333333333215,-0.0029166666666666785,-0.002083333333333437,0.1924999999999999,0.036666666666666514,0.009166666666666767,0.022083333333333233,-0.026249999999999996,0.023333333333333428,0.03708333333333336,0.016666666666666607
56,56,0.8583333333333333,0.7901234567901234,0.8275558166862514,0.95593419506463,0.043333333333333224,-0.007500000000000062,-0.0024999999999999467,0.0016666666666665941,0.03874999999999995,-0.01000000000000012,-0.03041666666666687,-0.02833333333333321,0.00666666666666671,0.0004166666666667318,-0.009166666666666767,1.1102230246251565e-16
57,57,0.8791666666666667,0.8323699421965318,0.8608989424206815,0.9716509988249118,0.09999999999999998,-0.0033333333333332993,-0.006250000000000089,-0.0029166666666666785,0.04999999999999982,-0.021666666666666834,-0.022083333333333455,-0.025416666666666754,-0.004999999999999893,0.0016666666666665941,-0.004166666666666541,0.0033333333333334103
58,58,0.8666666666666667,0.8117647058823529,0.8445945945945945,0.9475616921269094,0.04125000000000001,-1.1102230246251565e-16,-0.0008333333333333526,0.004583333333333384,0.03333333333333344,-0.012499999999999956,-0.0050000000000000044,-0.03166666666666673,-1.1102230246251565e-16,-0.012083333333333224,0.0004166666666667318,0.00041666666666650976
59,59,0.8625,0.8070175438596491,0.8412162162162162,0.9569623971797885,0.046250000000000124,-0.0012499999999998623,-0.0012499999999998623,-0.0050000000000000044,0.029166666666666674,-0.00749999999999984,-0.018749999999999933,-0.022499999999999964,-0.004583333333333384,-0.011666666666666714,-0.011249999999999871,-0.002083333333333215
60,60,0.8875,0.8457142857142858,0.8717685076380728,0.9633519388954173,0.0970833333333333,-0.011250000000000093,-0.002083333333333437,-0.003750000000000142,0.05500000000000005,-0.012916666666666687,-0.015416666666666523,-0.01708333333333345,0.0033333333333332993,-0.0004166666666667318,-0.004583333333333495,0.004166666666666541
61,61,0.8791666666666667,0.8323699421965318,0.8608989424206815,0.9526292596944771,0.12291666666666656,-0.010833333333333361,-0.002083333333333326,0.0012499999999999734,0.042916666666666714,-0.02375000000000005,-0.014583333333333393,-0.021666666666666834,0.005416666666666625,0.0008333333333333526,0.0016666666666665941,0.005416666666666625
62,62,0.8791666666666667,0.8323699421965318,0.8608989424206815,0.9386016451233842,0.19541666666666657,-0.018333333333333535,-0.0004166666666666208,0.0033333333333334103,0.12916666666666665,-0.009583333333333277,0.003750000000000031,0.027499999999999858,-0.03208333333333324,0.0,-0.0033333333333332993,-0.005416666666666625
63,63,0.8958333333333334,0.8587570621468926,0.8826380728554641,0.9687132784958872,0.13208333333333333,-0.004999999999999893,-0.0050000000000001155,0.01708333333333345,0.06208333333333338,-0.016249999999999987,-0.012083333333333224,-0.022916666666666474,-0.002083333333333437,0.011666666666666825,0.002083333333333215,0.006666666666666821
64,64,0.8791666666666667,0.8284023668639053,0.8567861339600471,0.9702555816686251,0.0495833333333332,0.0033333333333334103,-0.0008333333333332416,0.0004166666666667318,0.05500000000000016,-0.004583333333333384,0.0008333333333333526,-0.004166666666666541,0.0029166666666666785,-0.007500000000000062,-0.0012500000000000844,0.0016666666666665941
65,65,0.8791666666666667,0.8304093567251462,0.8588425381903643,0.9507197414806111,0.10375000000000001,0.0004166666666667318,0.0,0.005833333333333246,0.04041666666666677,-0.01375000000000004,-0.022916666666666696,-0.02791666666666659,0.0025000000000000577,-0.0029166666666667895,0.0012499999999999734,-0.0012499999999998623
66,66,0.8791666666666667,0.8323699421965318,0.8608989424206815,0.9319183313748531,0.10749999999999993,0.002083333333333437,-0.0008333333333332416,-0.004583333333333384,0.10833333333333339,0.002083333333333215,-0.012083333333333335,-0.009999999999999898,-0.006249999999999978,-0.0050000000000000044,-0.0008333333333332416,-0.0024999999999999467
67,67,0.8833333333333333,0.8390804597701149,0.8663337250293772,0.9675381903642772,0.11541666666666672,-0.007916666666666794,-0.0012499999999998623,-0.0008333333333332416,0.03208333333333335,-0.02791666666666659,-0.02874999999999983,-0.023333333333333317,0.0008333333333333526,-0.009166666666666767,0.002083333333333326,0.008749999999999925
68,68,0.8791666666666667,0.8323699421965318,0.8608989424206815,0.920828437132785,0.13624999999999998,-0.023333333333333428,-0.004166666666666541,0.0,0.10916666666666663,-0.009999999999999898,0.03791666666666671,-0.002083333333333326,-0.02416666666666667,0.03166666666666673,0.012083333333333446,0.013749999999999929
69,69,0.8791666666666667,0.8323699421965318,0.8608989424206815,0.9391891891891893,0.10791666666666666,0.002083333333333437,-0.0012500000000000844,-0.008750000000000036,0.04499999999999993,-0.019583333333333397,-0.018333333333333535,-0.028750000000000053,-0.033333333333333326,-0.007916666666666683,-0.008750000000000036,0.005416666666666625
70,70,0.9041666666666667,0.8715083798882681,0.8935076380728555,0.941539365452409,0.22666666666666668,0.013333333333333197,0.006249999999999867,0.03791666666666671,0.14333333333333342,0.015416666666666523,0.03833333333333333,0.014166666666666439,-0.020000000000000018,0.015000000000000124,0.011666666666666825,0.015416666666666523
71,71,0.8833333333333333,0.8372093023255814,0.86427732079906,0.8832990599294948,0.19166666666666665,0.012916666666666576,0.00749999999999984,0.00374999999999992,0.16708333333333336,0.01416666666666666,0.0033333333333334103,0.01791666666666658,-0.005416666666666625,0.01708333333333334,-0.004583333333333384,0.0024999999999999467
72,72,0.8875,0.8457142857142858,0.8717685076380728,0.8808754406580493,0.2250000000000001,0.020416666666666528,0.005416666666666625,0.009583333333333277,0.1875,0.03916666666666657,0.014583333333333393,0.019166666666666554,-0.0050000000000001155,0.002083333333333326,0.0008333333333334636,0.0029166666666666785
73,73,0.8916666666666667,0.8522727272727273,0.8772032902467685,0.9193595769682726,0.19333333333333325,0.004166666666666763,-0.002083333333333437,-0.003750000000000031,0.13833333333333342,-0.0008333333333333526,0.0004166666666667318,-0.007499999999999951,-1.1102230246251565e-16,-0.003750000000000031,0.0033333333333334103,0.0004166666666666208
74,74,0.8708333333333333,0.8208092485549133,0.8520857814336076,0.9175969447708578,0.09291666666666665,0.00374999999999992,-0.0012499999999999734,-0.0029166666666666785,0.07916666666666672,-0.010833333333333472,-0.01416666666666666,-0.025833333333333375,-0.006250000000000089,-0.004583333333333273,-0.009166666666666545,-0.004166666666666652
75,75,0.9083333333333333,0.8764044943820225,0.8968860164512338,0.9593860164512339,0.21291666666666653,-0.003750000000000031,-0.01666666666666672,-0.0029166666666665675,0.1629166666666667,0.0012500000000000844,0.007083333333333441,0.015000000000000013,0.00374999999999992,0.02791666666666659,0.013749999999999818,0.01083333333333314
76,76,0.8916666666666667,0.8522727272727273,0.8772032902467685,0.9263366627497063,0.20416666666666683,-0.007499999999999951,-0.012916666666666687,0.0050000000000000044,0.09875000000000012,0.020000000000000018,-0.005416666666666625,0.029166666666666674,-0.010000000000000009,0.02708333333333346,0.02083333333333337,0.016250000000000098
77,77,0.8791666666666667,0.8323699421965318,0.8608989424206815,0.9687867215041128,0.08833333333333337,-0.0029166666666666785,0.002083333333333215,-0.010833333333333361,0.03541666666666665,-0.03125,-0.03708333333333336,-0.032083333333333464,-0.009999999999999898,-0.013333333333333197,0.002083333333333215,0.0025000000000000577
78,78,0.8916666666666667,0.8522727272727273,0.8772032902467685,0.9640863689776734,0.16833333333333333,-0.013333333333333308,-0.0033333333333334103,0.004583333333333384,0.04249999999999998,-0.019999999999999796,-0.017499999999999738,-0.019583333333333397,-0.008749999999999925,-0.009166666666666545,-0.006250000000000089,0.009166666666666767
79,79,0.8833333333333333,0.8390804597701149,0.8663337250293772,0.8977673325499413,0.2187499999999999,0.0008333333333333526,0.011666666666666603,-0.009583333333333388,0.1499999999999999,-0.0012499999999998623,0.01791666666666658,0.020000000000000018,-0.019583333333333397,0.02874999999999983,0.018333333333333313,0.0008333333333333526
80,80,0.8708333333333333,0.8165680473372781,0.847972972972973,0.9690070505287895,0.030833333333333268,-0.0033333333333334103,-0.0008333333333333526,0.0024999999999999467,0.046666666666666634,-0.005833333333333246,-0.0245833333333334,-0.009583333333333388,0.00374999999999992,-0.008749999999999925,0.0,0.0033333333333334103
81,81,0.8833333333333333,0.8390804597701149,0.8663337250293772,0.9634253819036429,0.10416666666666674,-0.007083333333333552,-0.01041666666666674,0.0029166666666665675,0.036250000000000115,-0.02416666666666667,-0.03124999999999989,-0.03416666666666657,0.010416666666666519,-0.0029166666666665675,-0.0050000000000000044,0.0016666666666667052
82,82,0.8625,0.8047337278106509,0.839159811985899,0.9629112808460635,0.05875000000000008,-0.0004166666666666208,-0.006666666666666599,-0.0029166666666666785,0.02416666666666678,-0.003750000000000142,-0.025416666666666643,-0.018749999999999933,0.0016666666666668162,-0.007083333333333219,-0.007500000000000062,-0.006666666666666599
83,83,0.8916666666666667,0.8522727272727273,0.8772032902467685,0.9627643948296121,0.12166666666666681,-0.004583333333333495,-0.006250000000000089,0.014583333333333504,0.06125000000000003,-0.01375000000000004,-0.009583333333333388,-0.01666666666666672,-0.0050000000000001155,-0.0008333333333333526,0.005416666666666847,0.008749999999999925
84,84,0.875,0.8255813953488372,0.8554641598119859,0.9568155111633373,0.11999999999999988,-0.004583333333333273,-0.0004166666666666208,-0.009166666666666656,0.040000000000000036,-0.012083333333333335,-0.036250000000000115,-0.03708333333333336,-0.00708333333333333,-0.013333333333333308,-0.0033333333333332993,0.0029166666666666785
85,85,0.875,0.8255813953488372,0.8554641598119859,0.9460193889541716,0.1691666666666667,-0.013749999999999929,-0.004583333333333384,-0.005833333333333357,0.0674999999999999,-0.02083333333333337,-0.012916666666666687,-0.025000000000000022,-0.012083333333333335,-0.011666666666666714,-0.0008333333333332416,-0.002083333333333215
86,86,0.875,0.8255813953488372,0.8554641598119859,0.8816098707403056,0.1579166666666666,0.0050000000000001155,-0.0029166666666666785,-0.0004166666666666208,0.11291666666666678,-0.011666666666666714,0.0,0.0033333333333332993,-0.012083333333333335,0.00374999999999992,-0.005833333333333357,-0.0033333333333332993
87,87,0.8791666666666667,0.8263473053892215,0.8547297297297297,0.9601938895417157,0.006250000000000089,0.0029166666666666785,0.005416666666666625,0.007916666666666572,0.05666666666666664,0.0025000000000000577,-0.010833333333333361,0.0004166666666667318,0.014999999999999902,-0.0029166666666666785,0.015416666666666523,0.014583333333333282
88,88,0.8708333333333333,0.8187134502923976,0.8500293772032903,0.962984723854289,0.08374999999999999,-0.008333333333333304,0.006249999999999978,0.00749999999999984,0.036666666666666625,-0.03500000000000003,-0.03791666666666649,-0.044166666666666465,0.008750000000000036,-0.003750000000000031,0.005833333333333357,0.004166666666666763
89,89,0.8791666666666667,0.8323699421965318,0.8608989424206815,0.9598266745005876,0.10249999999999992,-0.010833333333333361,0.0,-0.004166666666666541,0.043333333333333224,-0.01083333333333325,-0.018750000000000155,-0.01666666666666672,-0.005416666666666514,-0.0050000000000000044,-0.004166666666666541,0.002083333333333215
90,90,0.9,0.8666666666666667,0.8901292596944771,0.9400705052878965,0.16833333333333333,0.012916666666666687,0.006249999999999867,0.005416666666666514,0.12,-0.015416666666666523,-0.012499999999999956,-0.0033333333333332993,-0.007916666666666683,0.01625000000000021,0.02083333333333337,0.025416666666666643
91,91,0.875,0.8275862068965517,0.8575205640423031,0.9316980023501762,0.0658333333333333,0.0025000000000000577,-0.0016666666666665941,0.00374999999999992,0.042916666666666714,-0.01750000000000007,-0.02375000000000005,-0.03416666666666668,-0.0008333333333332416,-0.005416666666666514,-0.0025000000000000577,-0.002083333333333437
92,92,0.8916666666666667,0.8522727272727273,0.8772032902467685,0.9486633372502937,0.15000000000000013,-0.0033333333333334103,-0.004166666666666652,0.007500000000000062,0.052916666666666834,0.007916666666666905,-0.008749999999999925,-0.0066666666666664876,-0.007499999999999951,1.1102230246251565e-16,-0.0033333333333334103,0.0050000000000002265
93,93,0.8625,0.7950310559006211,0.8309341950646298,0.9721650998824912,0.013333333333333308,-0.0016666666666664831,0.007500000000000173,0.00666666666666671,0.03083333333333338,0.008750000000000036,0.0033333333333334103,0.006250000000000089,0.025416666666666643,0.011250000000000093,0.006250000000000089,0.011250000000000093
94,94,0.8666666666666667,0.8095238095238095,0.8425381903642772,0.9602673325499412,0.018333333333333424,-0.0033333333333334103,-0.004583333333333384,-0.005416666666666625,0.04583333333333328,-0.01333333333333342,-0.009583333333333388,-0.014999999999999902,-0.006250000000000089,-0.011666666666666603,-0.009583333333333388,-0.0012499999999999734
95,95,0.8791666666666667,0.8323699421965318,0.8608989424206815,0.9681991774383079,0.10624999999999984,-0.007500000000000062,0.0008333333333333526,-0.0008333333333332416,0.03500000000000003,-0.024583333333333512,-0.015000000000000013,-0.02791666666666659,0.006250000000000089,-0.004166666666666541,-0.01000000000000012,0.0004166666666667318
96,96,0.875,0.8255813953488372,0.8554641598119859,0.9460928319623971,0.05791666666666673,-0.0012499999999999734,-0.0029166666666666785,-0.00374999999999992,0.06291666666666662,-0.006666666666666599,-0.009583333333333499,-0.0033333333333332993,-0.0008333333333332416,-0.011666666666666714,-0.011666666666666492,-0.002083333333333437
97,97,0.825,0.7236842105263158,0.782021151586369,0.9627643948296122,-0.004166666666666652,0.0024999999999999467,0.006249999999999978,0.0029166666666666785,0.007083333333333219,-0.014999999999999902,-0.010000000000000009,-0.016666666666666607,0.005833333333333357,-0.0008333333333333526,0.0016666666666667052,0.006666666666666599
98,98,0.8208333333333333,0.7114093959731543,0.774529964747356,0.9648207990599295,-0.015000000000000124,0.007916666666666683,1.1102230246251565e-16,-0.003750000000000031,0.00708333333333333,0.0050000000000000044,-0.0029166666666665675,-0.01749999999999996,0.006250000000000089,0.004583333333333384,0.006250000000000089,0.004583333333333384
99,99,0.8875,0.8439306358381503,0.8697121034077555,0.9684929494712103,0.06708333333333316,0.0033333333333332993,-0.014583333333333393,0.002083333333333326,0.05249999999999977,-0.022499999999999964,-0.021250000000000102,-0.02375000000000016,-0.008750000000000036,-0.0012500000000001954,0.011249999999999982,0.013333333333333197
100,100,0.8791666666666667,0.8263473053892215,0.8547297297297297,0.9713572267920094,0.03208333333333335,0.002083333333333215,0.00708333333333333,0.012499999999999845,0.05166666666666664,-0.01458333333333317,-0.015000000000000013,-0.012083333333333335,0.009583333333333166,0.009166666666666545,0.021250000000000102,0.023749999999999938
101,101,0.8833333333333333,0.8372093023255814,0.86427732079906,0.954171562867215,0.18041666666666667,-0.01666666666666672,-0.01333333333333342,0.0016666666666667052,0.11499999999999999,-0.02083333333333348,-0.015416666666666745,-0.023749999999999938,-0.03458333333333319,0.0008333333333333526,1.1102230246251565e-16,0.003750000000000031
102,102,0.8833333333333333,0.8390804597701149,0.8663337250293772,0.964159811985899,0.14666666666666672,-0.0024999999999999467,-0.0024999999999999467,-0.004166666666666652,0.05708333333333315,-0.036666666666666625,-0.027916666666666812,-0.03416666666666657,-0.011250000000000204,-0.0016666666666667052,0.0024999999999999467,0.0033333333333334103
103,103,0.8916666666666667,0.8505747126436781,0.8751468860164513,0.9470475910693302,0.07708333333333328,-0.0033333333333334103,0.0004166666666667318,0.005416666666666847,0.057083333333333375,-0.01416666666666666,-0.019583333333333397,-0.0012499999999999734,-0.011666666666666603,-0.006250000000000089,-0.0016666666666668162,0.008750000000000147
104,104,0.8791666666666667,0.8323699421965318,0.8608989424206815,0.9298619271445359,0.15708333333333324,-0.004166666666666541,0.0029166666666666785,-0.002083333333333326,0.07708333333333328,-0.0033333333333332993,-0.015000000000000013,-0.02416666666666667,-0.02375000000000005,-0.009166666666666767,-0.0029166666666666785,0.0012499999999999734
105,105,0.8833333333333333,0.8390804597701149,0.8663337250293772,0.9604142185663924,0.0904166666666667,-0.009166666666666767,0.0008333333333333526,0.00666666666666671,0.04083333333333328,-0.03208333333333335,-0.027083333333333348,-0.026249999999999996,-0.0025000000000001688,0.006249999999999867,0.00666666666666671,0.006250000000000089
106,106,0.8791666666666667,0.8323699421965318,0.8608989424206815,0.9460928319623971,0.08958333333333335,-0.008333333333333304,-0.005833333333333357,0.0004166666666667318,0.05625000000000002,-0.025833333333333375,-0.01666666666666672,-0.01416666666666666,-0.018333333333333535,-0.0008333333333334636,0.0016666666666665941,0.0016666666666665941
107,107,0.8916666666666667,0.8522727272727273,0.8772032902467685,0.9138513513513513,0.19374999999999998,0.0050000000000000044,0.004583333333333384,0.0029166666666667895,0.10958333333333337,0.0050000000000000044,0.0008333333333333526,-0.009583333333333388,-0.009166666666666767,-0.004166666666666652,0.0024999999999999467,0.0025000000000001688
108,108,0.8833333333333333,0.8390804597701149,0.8663337250293772,0.9269976498237368,0.15083333333333326,-0.0004166666666667318,1.1102230246251565e-16,1.1102230246251565e-16,0.10666666666666669,0.0033333333333331883,0.02749999999999997,0.0008333333333333526,-0.006666666666666932,0.004166666666666652,0.012499999999999956,0.007500000000000062
109,109,0.8875,0.8457142857142858,0.8717685076380728,0.9460928319623971,0.12124999999999986,-0.01083333333333325,-0.01291666666666691,-0.0008333333333333526,0.08291666666666675,-0.023333333333333317,-0.008750000000000036,-0.0279166666666667,-0.0062500000000002,0.01083333333333325,0.004166666666666763,0.012499999999999956
110,110,0.8875,0.8457142857142858,0.8717685076380728,0.9637191539365452,0.11916666666666664,0.0033333333333332993,-0.006250000000000089,0.011249999999999982,0.050833333333333286,-0.02000000000000013,-0.003750000000000142,-0.01750000000000007,-0.012916666666666687,0.005416666666666625,-0.0012500000000001954,0.007916666666666683
111,111,0.8875,0.8439306358381503,0.8697121034077555,0.9694477085781434,0.08791666666666664,0.0012500000000000844,0.0016666666666667052,0.006249999999999978,0.043749999999999956,-0.016249999999999987,-0.025000000000000022,-0.03500000000000003,0.00749999999999984,0.004166666666666763,0.0029166666666666785,0.0008333333333334636
112,112,0.875,0.8255813953488372,0.8554641598119859,0.9623237367802585,0.1016666666666668,-0.005833333333333357,-0.0004166666666666208,-0.004583333333333273,0.054583333333333206,-0.016666666666666607,-0.040000000000000036,-0.04166666666666663,-0.01083333333333325,-0.004583333333333384,-0.00374999999999992,0.007916666666666572
113,113,0.875,0.8255813953488372,0.8554641598119859,0.9701821386603995,0.03125,-0.009166666666666545,0.004166666666666652,0.004583333333333273,0.039166666666666794,-0.03583333333333327,-0.03208333333333324,-0.025416666666666865,0.01708333333333345,-0.005416666666666514,-0.0012499999999999734,0.0029166666666666785
114,114,0.8958333333333334,0.8587570621468926,0.8826380728554641,0.9379406580493537,0.1908333333333333,-0.011250000000000093,-0.016249999999999765,-0.002083333333333437,0.11458333333333337,0.017916666666666692,-0.014999999999999902,-0.01041666666666663,-0.025416666666666643,0.0033333333333332993,0.02000000000000013,0.006666666666666821
115,115,0.8791666666666667,0.8323699421965318,0.8608989424206815,0.9469007050528789,0.08583333333333343,-0.004166666666666541,0.0029166666666666785,0.005416666666666625,0.08124999999999993,-0.018750000000000155,-0.015416666666666856,-0.02416666666666667,-0.028749999999999942,0.004583333333333273,0.002083333333333215,0.003750000000000031
116,116,0.8708333333333333,0.8143712574850299,0.8459165687426558,0.972972972972973,-0.003750000000000031,0.0008333333333332416,-0.004999999999999893,0.0016666666666664831,0.03749999999999998,-0.013333333333333308,-0.011249999999999982,-0.013749999999999929,0.016250000000000098,-0.007916666666666572,-0.007916666666666572,-0.0004166666666667318
117,117,0.8875,0.8457142857142858,0.8717685076380728,0.9199471210340775,0.16833333333333322,0.0004166666666666208,-0.0033333333333335213,0.00749999999999984,0.1595833333333333,0.019583333333333286,0.012499999999999956,-0.0029166666666666785,-0.012500000000000067,0.008333333333333304,0.0016666666666667052,0.005833333333333357
118,118,0.8833333333333333,0.8390804597701149,0.8663337250293772,0.879406580493537,0.2466666666666667,0.010833333333333361,0.006666666666666599,0.009166666666666545,0.24083333333333334,0.027083333333333348,0.044166666666666576,0.025416666666666754,-0.01041666666666674,0.005416666666666625,0.01666666666666672,0.006249999999999867
119,119,0.875,0.8255813953488372,0.8554641598119859,0.9615893066980024,0.09749999999999992,-0.010833333333333472,-0.0008333333333334636,0.0012499999999999734,0.04958333333333331,-0.022916666666666807,-0.026250000000000107,-0.02750000000000008,-0.006249999999999867,-0.006249999999999978,-0.005833333333333357,0.0016666666666665941
120,120,0.8708333333333333,0.8143712574850299,0.8459165687426558,0.969153936545241,0.018749999999999933,-0.0008333333333333526,0.0016666666666664831,0.0008333333333332416,0.029583333333333184,-0.009166666666666767,-0.023749999999999938,-0.01791666666666658,0.011249999999999982,-0.004583333333333273,0.002083333333333326,0.005416666666666514
121,121,0.8833333333333333,0.8372093023255814,0.86427732079906,0.9462397179788483,0.16666666666666663,0.0016666666666667052,-0.012916666666666687,1.1102230246251565e-16,0.14416666666666655,-0.020000000000000018,-0.004166666666666541,-0.011250000000000204,-0.03499999999999992,0.0050000000000000044,-0.0004166666666667318,-0.0012499999999998623
122,122,0.8791666666666667,0.8323699421965318,0.8608989424206815,0.9668772032902468,0.06958333333333333,-0.005833333333333468,-0.0008333333333334636,0.0016666666666665941,0.054166666666666696,-0.02458333333333329,-0.020000000000000018,-0.026249999999999885,-0.008333333333333304,-0.005833333333333357,-0.005416666666666625,-0.00374999999999992
123,123,0.9,0.8636363636363636,0.8860164512338425,0.9295681551116335,0.2204166666666667,-0.0008333333333332416,-0.006666666666666599,0.0016666666666665941,0.20666666666666667,0.0016666666666665941,0.05999999999999994,0.07125000000000004,-0.02416666666666667,0.0029166666666665675,0.01333333333333353,0.012500000000000067
124,124,0.9041666666666667,0.8715083798882681,0.8935076380728555,0.9615158636897767,0.1987500000000001,0.0012499999999999734,0.003750000000000031,0.009583333333333166,0.12291666666666679,-0.012499999999999956,-0.006249999999999978,-0.0008333333333333526,-0.011249999999999982,-0.0004166666666667318,0.008749999999999925,-0.0029166666666665675
125,125,0.8916666666666667,0.8522727272727273,0.8772032902467685,0.9587250293772033,0.16541666666666666,-0.011666666666666825,0.007916666666666905,-0.012916666666666576,0.039583333333333304,-0.01041666666666663,-0.02083333333333326,-0.017916666666666803,-0.007499999999999951,-1.1102230246251565e-16,0.002083333333333326,0.008750000000000147
126,126,0.8875,0.8457142857142858,0.8717685076380728,0.9488836662749707,0.15625,-0.008333333333333415,-0.005416666666666736,-0.008333333333333415,0.08500000000000008,-0.005833333333333357,-0.00708333333333333,-0.009583333333333388,-0.008333333333333637,0.0,0.0016666666666667052,0.006249999999999978
127,127,0.8833333333333333,0.8390804597701149,0.8663337250293772,0.9574030552291422,0.14458333333333329,-0.015416666666666745,-0.026249999999999996,0.005416666666666625,0.07999999999999996,-0.019166666666666887,-0.015416666666666745,-0.021666666666666723,-0.017916666666666803,-0.008333333333333526,0.005416666666666625,0.0033333333333331883
128,128,0.8875,0.8457142857142858,0.8717685076380728,0.9327262044653348,0.1254166666666665,-0.007500000000000173,-0.01750000000000007,-0.0016666666666668162,0.07499999999999996,-0.004583333333333273,0.0,-0.013749999999999929,-0.007083333333333552,0.0050000000000000044,0.003750000000000142,0.010833333333333361
129,129,0.8791666666666667,0.8323699421965318,0.8608989424206815,0.8849148061104584,0.12624999999999997,-0.002083333333333326,-0.0004166666666666208,-0.004166666666666763,0.1020833333333333,0.003750000000000031,0.02083333333333348,0.006249999999999867,-0.0029166666666666785,-0.005833333333333357,0.002083333333333215,-0.0012499999999998623
130,130,0.8833333333333333,0.8390804597701149,0.8663337250293772,0.9196533490011751,0.1908333333333333,-1.1102230246251565e-16,0.004583333333333384,0.008749999999999925,0.12749999999999995,-0.01041666666666674,-0.0024999999999999467,-0.010416666666666519,-0.012083333333333446,-0.007916666666666794,-0.006666666666666599,-0.0008333333333333526
131,131,0.8916666666666667,0.8522727272727273,0.8772032902467685,0.950940070505288,0.15208333333333335,-0.012083333333333224,0.012083333333333446,0.0024999999999999467,0.049583333333333424,-0.02458333333333307,-0.019999999999999796,-0.01749999999999996,-0.008333333333333415,0.0033333333333334103,0.004166666666666874,0.019166666666666776
132,132,0.875,0.8275862068965517,0.8575205640423031,0.8632491186839013,0.16666666666666674,-0.0025000000000000577,-0.0029166666666666785,-0.0025000000000000577,0.10750000000000004,0.0008333333333332416,-0.006249999999999978,-0.0050000000000001155,-0.005833333333333357,-0.011666666666666714,-0.008750000000000036,-0.007499999999999951
133,133,0.8791666666666667,0.8323699421965318,0.8608989424206815,0.9419800235017626,0.10916666666666675,-0.012500000000000178,0.0033333333333334103,-0.005833333333333357,0.08041666666666658,-0.028750000000000053,0.0033333333333334103,-0.03166666666666662,-0.025833333333333264,-0.0033333333333332993,0.0024999999999999467,-0.004166666666666541
134,134,0.8791666666666667,0.8323699421965318,0.8608989424206815,0.9581374853113984,0.060416666666666674,-0.010416666666666519,-0.0008333333333332416,-0.0024999999999999467,0.04166666666666663,-0.023333333333333428,-0.028750000000000053,-0.022083333333333455,-0.009583333333333277,0.0008333333333333526,-0.0012500000000000844,0.00708333333333333
135,135,0.8708333333333333,0.8143712574850299,0.8459165687426558,0.9691539365452408,0.0029166666666666785,-0.0016666666666665941,0.0012500000000000844,0.0004166666666666208,0.04541666666666666,-0.0029166666666666785,-0.010000000000000009,-0.003750000000000031,0.0,-0.0025000000000000577,0.0004166666666666208,0.01000000000000012
136,136,0.875,0.8235294117647058,0.8534077555816686,0.9634988249118683,0.07666666666666666,0.005416666666666514,0.006666666666666599,0.0016666666666665941,0.043749999999999845,-0.012083333333333335,-0.017916666666666692,-0.012499999999999956,0.006249999999999978,0.0050000000000001155,0.011250000000000093,0.011666666666666714
137,137,0.8875,0.8457142857142858,0.8717685076380728,0.9493977673325499,0.08083333333333331,-0.011666666666666714,-0.0033333333333334103,-0.010416666666666852,0.07499999999999996,-0.016666666666666607,-0.003750000000000031,-0.021666666666666723,-0.02416666666666656,0.002083333333333326,0.012499999999999956,0.006666666666666599
138,138,0.875,0.8255813953488372,0.8554641598119859,0.9194330199764982,0.15749999999999997,-0.0012499999999999734,-0.005833333333333357,-0.008333333333333193,0.08333333333333337,-0.006666666666666599,-0.010000000000000009,0.0004166666666666208,-0.016249999999999987,-0.0012500000000000844,0.0012499999999999734,-0.002083333333333437
139,139,0.8833333333333333,0.8390804597701149,0.8663337250293772,0.8543625146886017,0.27625,0.003750000000000031,0.03208333333333324,0.004583333333333384,0.26,0.0675,0.023749999999999938,0.0675,-0.010416666666666852,0.0016666666666667052,0.01666666666666672,0.0016666666666667052
140,140,0.8708333333333333,0.8165680473372781,0.847972972972973,0.9715775558166863,0.021666666666666612,0.0012499999999998623,-0.0025000000000000577,0.0008333333333332416,0.03874999999999984,-0.00708333333333333,-0.004583333333333273,-0.029166666666666785,0.0012499999999998623,-0.006250000000000089,-0.007916666666666572,0.0012499999999998623
141,141,0.8666666666666667,0.813953488372093,0.8466509988249119,0.964159811985899,0.04166666666666674,-0.008333333333333304,0.0016666666666667052,-0.0033333333333334103,0.03208333333333335,-0.0245833333333334,-0.009583333333333277,-0.039583333333333304,-0.0012499999999999734,-0.012499999999999956,-0.0024999999999999467,-0.0016666666666667052
142,142,0.8916666666666667,0.8522727272727273,0.8772032902467685,0.9712103407755581,0.07374999999999998,-0.005833333333333468,0.006250000000000089,-0.005833333333333468,0.043333333333333446,-0.011249999999999982,-0.0050000000000001155,-0.022499999999999853,0.005416666666666847,-0.0050000000000000044,0.014583333333333504,0.02041666666666664
143,143,0.8958333333333334,0.8587570621468926,0.8826380728554641,0.9576968272620446,0.1050000000000001,-0.005833333333333357,-0.008333333333333193,0.004999999999999893,0.07291666666666674,-0.01749999999999996,-0.01041666666666663,-0.013333333333333308,-0.016249999999999987,0.011250000000000093,0.012916666666666576,0.013749999999999929
144,144,0.9,0.8651685393258427,0.8880728554641598,0.9408783783783785,0.18541666666666667,0.009166666666666656,-0.002083333333333326,0.01708333333333345,0.09750000000000003,-0.004999999999999893,-0.005416666666666514,0.022083333333333344,-0.022083333333333344,0.0050000000000001155,0.007916666666666572,0.007499999999999951
145,145,0.8875,0.8457142857142858,0.8717685076380728,0.9226645123384253,0.2154166666666667,-0.009583333333333388,0.007500000000000062,-0.012916666666666687,0.1595833333333333,0.015000000000000013,0.04625000000000001,0.025416666666666643,-0.03750000000000009,0.012916666666666576,0.016666666666666607,0.017083333333333228
146,146,0.8625,0.8,0.8350470035252644,0.9634253819036427,0.05208333333333348,0.004583333333333495,0.0029166666666666785,0.0029166666666666785,0.03375000000000006,-0.008750000000000036,-0.0008333333333332416,-0.0050000000000000044,-0.0012499999999998623,0.0008333333333333526,0.0029166666666666785,0.011250000000000093
147,147,0.875,0.8170731707317073,0.8472385428907168,0.9358842538190364,0.007916666666666572,0.0029166666666666785,0.002083333333333215,0.0016666666666665941,0.043749999999999956,0.009583333333333277,0.0029166666666666785,-0.0004166666666666208,0.0008333333333332416,-0.0004166666666666208,0.0025000000000000577,0.005416666666666736
148,148,0.8833333333333333,0.8352941176470589,0.8622209165687427,0.9674647473560518,0.0641666666666667,-0.014583333333333282,-0.00666666666666671,0.008333333333333304,0.04208333333333336,-0.015000000000000124,-0.023749999999999938,-0.03666666666666685,0.002083333333333326,-0.010000000000000009,0.012916666666666576,-0.00041666666666650976
149,149,0.8875,0.8457142857142858,0.8717685076380728,0.9538777908343126,0.11916666666666664,-0.015833333333333366,-0.02041666666666675,-0.0008333333333333526,0.03708333333333336,-0.019583333333333286,-0.027083333333333237,-0.02750000000000008,-0.015416666666666745,-0.015000000000000124,0.0029166666666666785,0.007083333333333441
150,150,0.8708333333333333,0.8165680473372781,0.847972972972973,0.9583578143360753,0.07666666666666666,-0.003750000000000031,0.0008333333333332416,0.0029166666666666785,0.03833333333333322,-0.0008333333333333526,-0.0066666666666664876,-0.01416666666666666,0.0004166666666666208,-0.005416666666666625,-0.0008333333333333526,-0.0008333333333333526
151,151,0.8833333333333333,0.8390804597701149,0.8663337250293772,0.9112074030552291,0.1712499999999999,0.002083333333333326,-0.0033333333333334103,-0.002083333333333326,0.09958333333333336,0.02041666666666664,-0.008333333333333526,0.0008333333333333526,-0.0008333333333332416,-0.005833333333333246,-0.0050000000000000044,-0.0016666666666667052
152,152,0.8916666666666667,0.8522727272727273,0.8772032902467685,0.9609283196239718,0.15041666666666675,-0.0050000000000001155,0.0033333333333334103,0.004583333333333384,0.06291666666666673,-0.016249999999999876,-0.005416666666666625,0.01333333333333342,-0.009166666666666767,-0.006250000000000089,-1.1102230246251565e-16,0.010833333333333361
153,153,0.8708333333333333,0.8187134502923976,0.8500293772032903,0.9408049353701528,0.012083333333333335,0.004166666666666541,-0.002083333333333215,-0.00708333333333333,0.047499999999999876,-0.015416666666666523,-0.0245833333333334,-0.01749999999999996,0.0016666666666667052,-0.014583333333333282,-0.0012499999999999734,0.0012500000000000844
154,154,0.8791666666666667,0.8304093567251462,0.8588425381903643,0.925822561692127,0.12416666666666654,-0.004583333333333384,-0.002083333333333326,-0.0008333333333332416,0.09125000000000005,-0.0029166666666666785,-0.008750000000000036,0.009999999999999787,-0.009166666666666767,-0.006249999999999978,-0.0024999999999999467,-0.0033333333333334103
155,155,0.8833333333333333,0.8390804597701149,0.8663337250293772,0.94286133960047,0.21416666666666662,-0.006250000000000311,-0.01666666666666672,-0.00041666666666650976,0.14041666666666663,0.0016666666666667052,-0.015416666666666745,-0.010416666666666852,-0.0245833333333334,-0.01041666666666674,0.011249999999999982,-0.002083333333333326
156,156,0.8958333333333334,0.8587570621468926,0.8826380728554641,0.9484430082256169,0.17166666666666663,-0.010000000000000009,-0.01791666666666658,0.009999999999999898,0.06208333333333338,-0.015833333333333144,-0.019583333333333286,-0.016249999999999765,-0.025416666666666643,0.0,0.009583333333333277,0.016250000000000098
157,157,0.8875,0.8457142857142858,0.8717685076380728,0.9211222091656874,0.15208333333333324,-0.0050000000000001155,0.011666666666666714,0.0004166666666666208,0.11541666666666672,0.004583333333333384,-0.01666666666666683,-0.01291666666666691,-0.029166666666666674,-0.0016666666666665941,-0.0004166666666667318,0.0008333333333332416
158,158,0.8875,0.8457142857142858,0.8717685076380728,0.9585781433607521,0.22458333333333325,-0.010416666666666852,-0.025000000000000022,-0.01750000000000007,0.07750000000000001,-0.022083333333333344,-0.03125,-0.01416666666666666,-0.030416666666666536,-0.007500000000000173,0.011249999999999871,0.007916666666666683
159,159,0.8916666666666667,0.8505747126436781,0.8751468860164513,0.8976938895417155,0.18208333333333337,0.02041666666666686,0.004166666666666763,0.004583333333333384,0.1379166666666668,0.02083333333333337,0.010833333333333361,0.012083333333333446,0.0004166666666667318,0.004583333333333384,0.0033333333333334103,0.0033333333333334103
160,160,0.8875,0.8457142857142858,0.8717685076380728,0.9555669800235017,0.14541666666666675,0.002083333333333326,0.006249999999999978,0.005416666666666625,0.057499999999999885,-0.022916666666666696,-0.026666666666666616,-0.022499999999999964,-0.002083333333333659,0.0,0.003750000000000142,0.003750000000000142
161,161,0.8916666666666667,0.8505747126436781,0.8751468860164513,0.8851351351351351,0.1937500000000001,0.0033333333333334103,0.005833333333333468,0.0024999999999999467,0.15916666666666668,0.022500000000000075,-0.0012499999999999734,-0.006249999999999867,-0.010833333333333361,-1.1102230246251565e-16,-0.0012499999999999734,0.002083333333333326
162,162,0.8833333333333333,0.8390804597701149,0.8663337250293772,0.9624706227967098,0.17333333333333334,-0.004583333333333384,-1.1102230246251565e-16,0.002083333333333326,0.05374999999999985,-0.008333333333333526,-0.020000000000000018,-0.008333333333333526,-0.02041666666666664,-0.005416666666666625,-0.002083333333333326,-1.1102230246251565e-16
163,163,0.8875,0.8457142857142858,0.8717685076380728,0.9663631022326675,0.0954166666666666,-0.009583333333333388,-0.014166666666666772,0.0016666666666667052,0.040000000000000036,-0.026249999999999996,-0.01749999999999996,-0.022083333333333344,-0.01291666666666691,-0.008750000000000036,0.0,0.009583333333333277
164,164,0.8833333333333333,0.8390804597701149,0.8663337250293772,0.9319183313748531,0.23458333333333337,0.0016666666666667052,-0.006250000000000089,-0.0012499999999999734,0.13708333333333333,-0.0029166666666667895,-0.012916666666666687,-0.004583333333333384,-0.020000000000000018,0.0050000000000000044,0.002083333333333326,-0.0016666666666664831
165,165,0.8625,0.8047337278106509,0.839159811985899,0.9651145710928319,0.004583333333333495,-0.009166666666666656,-0.0016666666666667052,0.0,0.03083333333333338,-0.01791666666666647,-0.02041666666666675,-0.03208333333333324,0.0008333333333333526,-0.007083333333333219,-0.005833333333333357,-0.0012500000000000844
166,166,0.875,0.8192771084337349,0.849294947121034,0.9212690951821387,0.03375000000000006,0.004166666666666652,0.0,0.0025000000000000577,0.04791666666666683,-0.0008333333333332416,-0.006666666666666821,-0.01041666666666674,0.011249999999999871,0.008749999999999813,0.006666666666666599,0.00708333333333333
167,167,0.8791666666666667,0.8323699421965318,0.8608989424206815,0.9496180963572267,0.0854166666666667,-0.0008333333333334636,0.0033333333333334103,0.004583333333333273,0.06333333333333335,-0.006666666666666599,-0.03083333333333349,-0.026250000000000107,0.004166666666666652,0.002083333333333215,0.005416666666666736,-0.0012499999999998623
168,168,0.8875,0.8457142857142858,0.8717685076380728,0.9319183313748532,0.16041666666666654,-0.008750000000000036,-0.015833333333333366,0.0004166666666666208,0.1283333333333334,0.01416666666666666,-0.019166666666666665,0.007916666666666572,-0.03333333333333344,0.003750000000000142,0.005833333333333357,0.006666666666666599
169,169,0.8916666666666667,0.8522727272727273,0.8772032902467685,0.9473413631022326,0.12875000000000003,0.0008333333333332416,-0.008333333333333415,-0.0008333333333333526,0.06458333333333333,-0.029583333333333295,-0.019583333333333175,-0.022083333333333233,-0.01708333333333334,-0.0012499999999999734,0.0016666666666667052,0.0050000000000000044
170,170,0.8875,0.8457142857142858,0.8717685076380728,0.9208284371327851,0.1299999999999999,-0.0008333333333333526,-0.01041666666666663,0.009166666666666656,0.12166666666666659,-0.012916666666666687,0.002083333333333326,-0.0025000000000002798,-0.011666666666666714,0.007500000000000062,0.009583333333333277,0.011666666666666714
171,171,0.8833333333333333,0.8390804597701149,0.8663337250293772,0.9224441833137484,0.16874999999999996,0.0033333333333334103,-0.0012499999999998623,-0.0024999999999999467,0.10166666666666668,0.0012499999999999734,-0.012083333333333224,-0.018750000000000044,-0.0029166666666667895,-0.008750000000000147,-0.007500000000000173,-0.004166666666666652
172,172,0.8958333333333334,0.8587570621468926,0.8826380728554641,0.9654083431257344,0.09666666666666679,-0.0025000000000000577,0.004166666666666541,0.008750000000000036,0.04958333333333331,0.009583333333333499,0.0025000000000000577,-0.007499999999999951,-0.011249999999999871,-0.0033333333333332993,0.009166666666666878,0.010833333333333361
173,173,0.8041666666666667,0.6802721088435374,0.7548472385428907,0.9626909518213866,-0.012499999999999956,-0.004166666666666652,-0.007916666666666683,-0.0029166666666667895,-0.005416666666666625,-0.008749999999999925,-0.023749999999999938,-0.014583333333333282,-0.0012499999999999734,-0.015833333333333255,-0.0033333333333334103,-0.00041666666666650976
174,174,0.8958333333333334,0.8587570621468926,0.8826380728554641,0.9346357226792009,0.20291666666666675,-0.00708333333333333,-0.004166666666666652,0.005416666666666514,0.17666666666666664,0.011250000000000093,0.01000000000000012,0.032916666666666705,-0.0279166666666667,0.012916666666666798,0.015416666666666634,0.01041666666666674
175,175,0.8791666666666667,0.8323699421965318,0.8608989424206815,0.9312573443008225,0.10583333333333345,-0.00374999999999992,-0.005416666666666625,0.008749999999999925,0.06499999999999995,-0.01333333333333342,-0.009999999999999898,-0.022083333333333233,-0.004166666666666541,-0.003750000000000142,-0.0033333333333334103,-0.00374999999999992
176,176,0.8708333333333333,0.8143712574850299,0.8459165687426558,0.9738542890716804,0.015000000000000013,-0.0025000000000000577,-0.0004166666666667318,-0.0016666666666665941,0.03833333333333322,-0.0012499999999999734,-0.01416666666666666,-0.0066666666666664876,-0.0033333333333334103,-0.0029166666666666785,0.0024999999999999467,0.0008333333333332416
177,177,0.8625,0.8,0.8350470035252644,0.963939482961222,0.007500000000000173,-0.0004166666666666208,0.0016666666666668162,0.0008333333333333526,0.04458333333333353,0.007916666666666572,0.012916666666666687,0.011666666666666603,0.006250000000000089,0.005833333333333579,0.007083333333333552,0.005416666666666736
178,178,0.8791666666666667,0.8323699421965318,0.8608989424206815,0.9280258519388954,0.11708333333333332,-0.005416666666666625,0.008333333333333304,0.003750000000000031,0.08166666666666667,-0.0024999999999999467,-0.005416666666666625,-0.012083333333333335,-0.022916666666666696,0.004999999999999893,-0.0008333333333332416,0.0016666666666665941
179,179,0.8875,0.8457142857142858,0.8717685076380728,0.9494712103407755,0.20666666666666655,-0.0025000000000000577,0.002083333333333326,-0.007500000000000173,0.057083333333333264,-0.005833333333333246,-0.02041666666666664,-0.011666666666666714,-0.007500000000000173,-0.007083333333333552,0.0012500000000000844,0.007083333333333219
180,180,0.875,0.8275862068965517,0.8575205640423031,0.9460193889541716,0.10708333333333331,-0.005833333333333135,-0.005416666666666514,-0.009583333333333166,0.05583333333333351,-0.015833333333333366,-0.01083333333333325,0.009166666666666656,-0.03208333333333324,0.008333333333333415,0.005416666666666514,0.008750000000000036
181,181,0.8916666666666667,0.8522727272727273,0.8772032902467685,0.9360311398354877,0.1858333333333334,-0.0012499999999999734,-0.011250000000000093,0.018333333333333424,0.1233333333333334,-0.004583333333333273,-0.014999999999999902,0.007083333333333441,-0.01416666666666666,0.002083333333333326,0.007500000000000062,0.0004166666666666208
182,182,0.8958333333333334,0.8587570621468926,0.8826380728554641,0.9651880141010576,0.08250000000000013,-0.01083333333333325,0.006249999999999978,0.0,0.04875000000000007,-0.017083333333333228,-0.01041666666666663,-0.012083333333333335,0.0008333333333332416,-0.004999999999999893,0.01041666666666663,0.004583333333333273
183,183,0.8791666666666667,0.8323699421965318,0.8608989424206815,0.9612220916568742,0.07500000000000007,0.006250000000000089,0.004166666666666652,0.008749999999999925,0.0491666666666668,-0.012916666666666798,-0.0050000000000000044,-0.015000000000000013,-0.008333333333333304,0.0008333333333333526,-0.0050000000000000044,0.0004166666666667318
184,184,0.8791666666666667,0.8323699421965318,0.8608989424206815,0.9322855464159812,0.17708333333333326,-0.009999999999999898,-0.004583333333333384,0.0008333333333333526,0.07666666666666666,-0.012499999999999956,-0.02749999999999997,-0.015833333333333477,-0.007916666666666683,-0.0029166666666666785,-0.0024999999999999467,-0.0004166666666666208
185,185,0.8833333333333333,0.8372093023255814,0.86427732079906,0.9300822561692127,0.0954166666666667,0.0016666666666667052,0.0033333333333334103,-0.00708333333333333,0.07625000000000004,-0.010833333333333472,-0.01375000000000004,0.00708333333333333,-0.008333333333333526,-0.0050000000000000044,1.1102230246251565e-16,0.0016666666666667052
186,186,0.8791666666666667,0.8304093567251462,0.8588425381903643,0.9781874265569918,0.03333333333333344,0.0029166666666666785,0.0008333333333333526,-0.0008333333333332416,0.03916666666666657,-0.010833333333333584,-0.015416666666666634,-0.011250000000000204,-0.0008333333333332416,-0.007500000000000062,-0.0033333333333332993,-0.0033333333333332993
187,187,0.8875,0.8457142857142858,0.8717685076380728,0.9398501762632198,0.14749999999999996,-0.011666666666666603,-0.002083333333333215,0.002083333333333215,0.057916666666666505,-0.011250000000000093,-0.015416666666666745,-0.02083333333333326,-0.026666666666666616,0.005416666666666625,0.009166666666666656,0.009999999999999898
188,188,0.8833333333333333,0.8390804597701149,0.8663337250293772,0.9173031727379554,0.2254166666666667,-0.004166666666666652,-0.010416666666666852,0.004166666666666652,0.2054166666666667,0.007500000000000062,-0.012500000000000067,0.03416666666666657,-0.021250000000000102,0.0033333333333331883,0.012083333333333224,0.010833333333333361
189,189,0.8791666666666667,0.8323699421965318,0.8608989424206815,0.9021004700352527,0.1345833333333334,0.0004166666666667318,0.0,-0.0004166666666666208,0.11541666666666661,0.0016666666666665941,-0.011666666666666714,-0.0024999999999999467,-0.008333333333333304,-0.004166666666666541,0.016249999999999987,-0.0024999999999999467
190,190,0.9,0.8651685393258427,0.8880728554641598,0.9732667450058754,0.09249999999999992,-0.005416666666666736,-0.004583333333333384,0.0008333333333333526,0.03833333333333333,-0.021666666666666612,-0.018749999999999933,-0.018749999999999933,0.011250000000000093,-0.002083333333333215,-0.0012500000000000844,0.0016666666666665941
191,191,0.8916666666666667,0.8539325842696629,0.8792596944770859,0.9603407755581669,0.13875000000000004,-0.005416666666666736,-0.012500000000000067,0.006250000000000089,0.05291666666666661,-0.005416666666666736,-1.1102230246251565e-16,-0.019166666666666554,0.0008333333333333526,-0.0012499999999999734,0.0008333333333332416,-0.0016666666666665941
192,192,0.8791666666666667,0.8323699421965318,0.8608989424206815,0.9461662749706228,0.11291666666666667,-0.007083333333333219,-0.020000000000000018,-0.0004166666666667318,0.08374999999999999,-0.02791666666666659,-0.02083333333333337,-0.02416666666666689,-0.017500000000000182,-0.012500000000000178,-0.017500000000000182,0.0016666666666665941
193,193,0.8875,0.8457142857142858,0.8717685076380728,0.9408783783783784,0.1612499999999999,0.0033333333333334103,0.0012499999999998623,-0.004166666666666874,0.10833333333333328,0.007083333333333219,-0.003750000000000031,-0.0033333333333334103,0.0,0.007500000000000062,0.004583333333333384,0.004166666666666763
194,194,0.8666666666666667,0.8117647058823529,0.8445945945945945,0.9657755581668626,0.0558333333333334,-0.0029166666666667895,-0.0012499999999999734,-0.0016666666666667052,0.033333333333333326,-0.025416666666666754,-0.036250000000000004,-0.03791666666666671,-0.012499999999999956,-0.013333333333333197,-0.00666666666666671,0.004166666666666652
195,195,0.875,0.8275862068965517,0.8575205640423031,0.9037896592244418,0.20875,-0.0004166666666666208,-0.01000000000000012,-0.011666666666666714,0.15208333333333335,-0.012499999999999956,0.008750000000000036,0.0008333333333332416,-0.02375000000000005,0.009166666666666545,-0.004583333333333273,-0.0025000000000000577
196,196,0.8833333333333333,0.8409090909090909,0.8683901292596945,0.972605757931845,0.07958333333333334,-0.002083333333333437,0.002083333333333326,-0.002083333333333326,0.036250000000000004,-0.018333333333333313,-0.02791666666666659,-0.027083333333333348,0.003750000000000031,-0.0050000000000000044,-0.004166666666666652,0.0024999999999999467
197,197,0.8791666666666667,0.8304093567251462,0.8588425381903643,0.974515276145711,0.007916666666666572,-0.0012500000000000844,-0.007916666666666572,-0.004166666666666763,0.03916666666666657,-0.006666666666666821,-0.007083333333333441,-0.021666666666666834,-0.0004166666666666208,-0.012916666666666576,-0.005416666666666514,0.002083333333333437
198,198,0.8958333333333334,0.8603351955307262,0.8846944770857814,0.931551116333725,0.2383333333333334,0.0050000000000000044,-0.010000000000000009,0.0025000000000000577,0.1791666666666668,0.02749999999999997,0.015000000000000013,0.04208333333333336,0.0008333333333332416,0.01750000000000007,0.015833333333333477,0.019999999999999907
199,199,0.8833333333333333,0.8390804597701149,0.8663337250293772,0.9294947121034076,0.14916666666666667,-0.0012499999999999734,-0.0024999999999999467,-0.0012499999999999734,0.07916666666666672,-0.02416666666666667,-0.022500000000000075,-0.01708333333333334,-0.010000000000000231,-0.0012499999999999734,0.006249999999999867,0.008333333333333304
200,200,0.8791666666666667,0.8323699421965318,0.8608989424206815,0.9269242068155111,0.08958333333333335,-0.00374999999999992,-0.0025000000000001688,-0.00374999999999992,0.09875,0.007499999999999951,0.002083333333333437,-0.019166666666666554,-0.007916666666666683,-0.007916666666666683,-0.009166666666666656,0.0008333333333333526
201,201,0.8708333333333333,0.8187134502923976,0.8500293772032903,0.9445505287896592,0.07958333333333334,-0.002083333333333437,-0.006250000000000089,-0.014999999999999902,0.04958333333333331,-0.0033333333333334103,-0.026249999999999996,-0.03166666666666673,-0.018749999999999822,-0.004583333333333273,0.0004166666666667318,0.0016666666666667052
202,202,0.8791666666666667,0.8323699421965318,0.8608989424206815,0.9374265569917744,0.14708333333333334,-0.007083333333333441,-0.007500000000000062,0.0033333333333334103,0.04791666666666661,-0.016250000000000098,-0.015416666666666856,-0.025000000000000133,-0.030000000000000027,-0.003750000000000142,0.0016666666666665941,0.0029166666666666785
203,203,0.8833333333333333,0.8390804597701149,0.8663337250293772,0.9535840188014102,0.13083333333333336,-0.003750000000000031,-0.0033333333333334103,0.005416666666666625,0.07291666666666674,-0.025833333333333375,-0.033333333333333326,-0.012083333333333224,-0.006250000000000089,-0.0025000000000001688,-0.0008333333333333526,0.0029166666666667895
204,204,0.8666666666666667,0.8095238095238095,0.8425381903642772,0.9623237367802585,0.03166666666666673,-0.005833333333333246,0.0033333333333334103,0.0029166666666665675,0.03833333333333333,-0.020000000000000018,-0.014583333333333282,-0.023749999999999827,0.011249999999999982,-0.011666666666666603,-0.0025000000000001688,0.0033333333333334103
205,205,0.8791666666666667,0.8323699421965318,0.8608989424206815,0.9466069330199766,0.15708333333333335,-0.005416666666666514,-0.009583333333333499,0.0029166666666666785,0.054166666666666696,-0.03374999999999995,-0.029166666666666563,-0.029583333333333406,-0.015833333333333477,0.0016666666666665941,-0.0033333333333332993,0.00666666666666671
206,206,0.8875,0.8457142857142858,0.8717685076380728,0.9711368977673325,0.030833333333333268,-0.005833333333333579,-0.0008333333333333526,-0.0029166666666666785,0.0412499999999999,-0.02124999999999988,-0.01750000000000007,-0.01750000000000007,0.012083333333333335,-0.014166666666666772,-0.0062500000000002,0.0008333333333332416
207,207,0.8708333333333333,0.8143712574850299,0.8459165687426558,0.9687132784958872,0.030833333333333268,0.0,0.0029166666666667895,0.005416666666666625,0.047083333333333255,-0.003750000000000031,-0.023333333333333317,-0.018750000000000044,0.0004166666666666208,0.0012500000000000844,0.007083333333333441,0.002083333333333326
208,208,0.8625,0.8047337278106509,0.839159811985899,0.9681991774383079,0.005833333333333357,-0.006666666666666599,-0.0050000000000000044,-0.0016666666666664831,0.04166666666666685,-0.008333333333333304,-0.02833333333333332,-0.0249999999999998,-0.0033333333333332993,-0.007916666666666683,-0.007083333333333219,-0.004999999999999893
209,209,0.8791666666666667,0.8323699421965318,0.8608989424206815,0.950352526439483,0.12625000000000008,-0.01000000000000012,-0.0016666666666664831,-0.002083333333333326,0.04249999999999998,-0.029583333333333406,-0.02833333333333332,-0.02833333333333332,-0.016250000000000098,-0.006249999999999978,-0.003750000000000142,0.005416666666666736
210,210,0.9,0.8651685393258427,0.8880728554641598,0.9416862514688601,0.18000000000000005,-0.008333333333333415,-0.010833333333333361,0.014166666666666772,0.1150000000000001,-0.006249999999999978,-0.0029166666666666785,0.005416666666666514,-0.009583333333333277,0.028750000000000164,0.016249999999999987,0.015416666666666745
211,211,0.8875,0.8439306358381503,0.8697121034077555,0.9105464159811985,0.18499999999999994,-0.0012499999999999734,-0.0029166666666666785,0.0016666666666667052,0.11208333333333331,-0.0012499999999999734,0.0008333333333332416,-0.004583333333333495,-0.0033333333333335213,-0.0029166666666666785,0.0,0.0004166666666666208
212,212,0.8708333333333333,0.8143712574850299,0.8459165687426558,0.9637191539365453,-0.003750000000000031,0.0024999999999999467,0.0050000000000000044,0.0029166666666666785,0.046666666666666634,-0.01791666666666658,0.0033333333333332993,-0.0183333333333332,0.015416666666666634,0.0024999999999999467,0.0029166666666666785,0.0016666666666664831
213,213,0.8416666666666667,0.7682926829268293,0.8119858989424207,0.9698883666274971,0.026249999999999996,-0.01041666666666674,-0.007083333333333219,-0.0008333333333333526,0.0029166666666667895,-0.032916666666666705,-0.018333333333333313,-0.021666666666666612,-0.0033333333333332993,-0.009166666666666656,-0.005833333333333246,-0.006249999999999978
214,214,0.8791666666666667,0.8323699421965318,0.8608989424206815,0.9657021151586369,0.09749999999999992,-0.02083333333333348,-0.0029166666666666785,-0.002083333333333215,0.036666666666666625,-0.025416666666666754,-0.025416666666666754,-0.02833333333333332,0.00708333333333333,-0.006666666666666599,0.003750000000000031,0.00666666666666671
215,215,0.8833333333333333,0.8390804597701149,0.8663337250293772,0.9608548766157461,0.0774999999999999,-0.0050000000000000044,-0.007916666666666683,0.005833333333333246,0.060833333333333295,-0.003750000000000031,-0.01041666666666674,-0.015833333333333366,-0.017916666666666803,-0.006249999999999867,-0.0029166666666665675,0.0016666666666667052
216,216,0.8791666666666667,0.8323699421965318,0.8608989424206815,0.9460928319623971,0.11958333333333337,-0.006249999999999978,0.002083333333333215,-0.0012499999999998623,0.10458333333333325,-0.0004166666666666208,-0.011249999999999982,0.008750000000000036,-0.007916666666666683,-0.011666666666666825,-0.008333333333333304,0.005416666666666625
217,217,0.8791666666666667,0.8323699421965318,0.8608989424206815,0.9296415981198589,0.1658333333333334,-0.0004166666666666208,-0.0024999999999999467,-0.0033333333333332993,0.15125,0.0024999999999999467,-0.0016666666666667052,0.0033333333333334103,-0.020000000000000018,-0.011666666666666825,-0.005833333333333357,0.0012499999999999734
218,218,0.8708333333333333,0.8187134502923976,0.8500293772032903,0.9618830787309048,0.005416666666666625,-0.0004166666666667318,-0.0012499999999999734,0.0024999999999999467,0.05166666666666675,-0.021666666666666723,-0.02124999999999988,-0.014583333333333393,0.0024999999999999467,-0.005416666666666625,-0.0033333333333334103,-0.0033333333333334103
219,219,0.875,0.8255813953488372,0.8554641598119859,0.9496180963572268,0.13541666666666663,-0.012916666666666687,-0.013333333333333308,-0.013749999999999929,0.0858333333333332,-0.021666666666666723,-0.007499999999999951,-0.011666666666666714,-0.026249999999999885,-0.002083333333333215,-0.0050000000000001155,0.0012499999999999734
220,220,0.8875,0.8439306358381503,0.8697121034077555,0.9696680376028203,0.054166666666666585,0.006666666666666599,-0.0008333333333334636,-0.006666666666666821,0.043749999999999956,-0.01666666666666683,-0.019166666666666665,-0.025000000000000244,0.03166666666666673,-0.008750000000000036,-0.003750000000000031,-0.004166666666666652
221,221,0.8791666666666667,0.8323699421965318,0.8608989424206815,0.8938014101057579,0.09499999999999997,-0.0024999999999999467,-0.002083333333333326,-0.0012499999999998623,0.0641666666666666,-0.01333333333333342,-0.011249999999999982,-0.016250000000000098,0.0016666666666665941,-0.004583333333333384,-0.005833333333333357,0.006250000000000089
222,222,0.8833333333333333,0.8390804597701149,0.8663337250293772,0.9495446533490012,0.14874999999999994,-0.01333333333333342,-0.009166666666666767,0.012499999999999956,0.054166666666666474,-0.017500000000000182,-0.019583333333333397,-0.01749999999999996,-0.010833333333333361,-0.0012499999999999734,0.004583333333333384,0.0050000000000000044
223,223,0.8708333333333333,0.8165680473372781,0.847972972972973,0.9289806110458284,0.16916666666666658,-0.004999999999999893,-0.004999999999999893,-0.0016666666666665941,0.07250000000000012,-0.009166666666666545,0.0050000000000000044,-0.015416666666666745,-0.013749999999999929,-0.005833333333333246,-0.002083333333333215,0.0016666666666667052
224,224,0.8625,0.7975460122699386,0.8329905992949471,0.9658490011750881,0.007083333333333552,0.010416666666666852,0.0004166666666667318,0.004166666666666652,0.03500000000000003,0.0008333333333333526,0.010000000000000009,0.002083333333333437,0.021666666666666723,0.010833333333333472,0.012916666666666687,0.004166666666666652
225,225,0.8833333333333333,0.8390804597701149,0.8663337250293772,0.948810223266745,0.14541666666666664,0.002083333333333326,-0.006250000000000089,-0.0016666666666667052,0.07333333333333336,-0.029166666666666674,-0.0245833333333334,-0.019166666666666776,-0.00666666666666671,-0.0008333333333333526,0.00666666666666671,0.003750000000000031
226,226,0.875,0.8255813953488372,0.8554641598119859,0.9506462984723855,0.06500000000000006,-0.015833333333333477,0.005833333333333357,0.0016666666666665941,0.02833333333333332,-0.01708333333333345,-0.030833333333333157,-0.03416666666666668,0.0029166666666666785,-0.0033333333333332993,0.002083333333333215,0.005416666666666514
227,227,0.8791666666666667,0.8323699421965318,0.8608989424206815,0.9480023501762632,0.14416666666666667,-0.011249999999999982,-0.0008333333333332416,0.0004166666666667318,0.08625000000000016,-0.008750000000000036,-0.01375000000000004,-0.011666666666666825,-0.029166666666666785,-0.0016666666666667052,0.0008333333333333526,0.002083333333333215
228,228,0.8833333333333333,0.8390804597701149,0.8663337250293772,0.9688601645123385,0.057499999999999996,-0.012500000000000067,-0.0008333333333333526,-0.00666666666666671,0.03249999999999997,-0.008333333333333526,-0.025833333333333375,-0.035833333333333384,-0.007083333333333552,-0.005416666666666847,0.0050000000000000044,-0.01041666666666674
229,229,0.9208333333333333,0.8961748633879781,0.915246768507638,0.9740746180963572,0.19833333333333336,-1.1102230246251565e-16,-0.0012500000000001954,0.026249999999999996,0.06291666666666673,-0.003750000000000253,-0.0004166666666666208,0.0029166666666667895,1.1102230246251565e-16,-0.0025000000000001688,0.025833333333333153,0.021666666666666612
230,230,0.8875,0.8457142857142858,0.8717685076380728,0.8745593419506463,0.27249999999999996,0.0412499999999999,0.013749999999999929,0.029583333333333406,0.23875000000000002,0.04500000000000004,0.09749999999999992,0.09458333333333335,-0.0033333333333335213,0.022083333333333233,0.057499999999999885,0.043333333333333335
231,231,0.8708333333333333,0.8187134502923976,0.8500293772032903,0.9612955346650998,0.03125,-0.0012500000000001954,-0.011666666666666603,0.0,0.03499999999999992,-0.01708333333333334,-0.025416666666666865,-0.016249999999999987,-0.005833333333333246,-0.009166666666666767,-0.008749999999999925,-0.00708333333333333
232,232,0.8791666666666667,0.8342857142857143,0.8629553466509988,0.8861633372502938,0.14500000000000002,0.010000000000000009,-0.0016666666666667052,0.0016666666666665941,0.16208333333333336,0.015416666666666745,0.008333333333333304,0.013749999999999929,-0.022499999999999964,-0.012083333333333446,0.0,-0.0029166666666666785
233,233,0.8916666666666667,0.8505747126436781,0.8751468860164513,0.9737074030552292,0.06291666666666673,-0.0012499999999999734,-0.008750000000000147,0.009166666666666656,0.03541666666666676,-0.023749999999999938,-0.02083333333333326,-0.02083333333333326,-0.0029166666666667895,-0.002083333333333437,-0.0025000000000000577,0.005416666666666625
234,234,0.8791666666666667,0.8323699421965318,0.8608989424206815,0.9460928319623972,0.11416666666666664,-0.004583333333333384,-0.014583333333333504,0.004999999999999893,0.09458333333333324,-0.01708333333333334,-0.005416666666666625,-0.005416666666666625,-0.030833333333333268,-0.0012499999999998623,0.004999999999999893,0.002083333333333437
235,235,0.8708333333333333,0.8165680473372781,0.847972972972973,0.9554935370152762,0.015833333333333477,0.0,0.0004166666666666208,0.004999999999999893,0.04166666666666652,-0.008749999999999925,-0.008333333333333304,-0.0216666666666665,0.005833333333333357,-0.007499999999999951,-0.006250000000000089,0.006666666666666821
236,236,0.8666666666666667,0.8072289156626506,0.8404817861339601,0.9696680376028202,0.015416666666666745,0.0025000000000001688,0.0012499999999998623,0.0012499999999999734,0.05166666666666686,-0.006250000000000089,-0.012500000000000067,-0.0024999999999999467,0.004166666666666652,0.002083333333333326,0.002083333333333437,0.011250000000000204
237,237,0.8875,0.8457142857142858,0.8717685076380728,0.9037162162162161,0.2104166666666667,-0.0016666666666665941,-0.006250000000000089,0.0033333333333332993,0.17166666666666663,-0.009166666666666767,-0.009166666666666767,0.04708333333333348,-0.011666666666666714,0.02499999999999991,0.033749999999999836,0.006666666666666821
238,238,0.8875,0.8457142857142858,0.8717685076380728,0.9554935370152762,0.1695833333333333,-0.012916666666666687,-0.006666666666666821,0.0004166666666666208,0.08833333333333326,-0.021250000000000102,-0.011666666666666714,-0.022083333333333344,-0.0004166666666667318,0.0029166666666666785,0.002083333333333215,-0.003750000000000142
239,239,0.8791666666666667,0.8323699421965318,0.8608989424206815,0.9643066980023502,0.09375,-0.004583333333333384,-0.006249999999999978,0.007499999999999951,0.03833333333333311,-0.03499999999999992,-0.01750000000000007,-0.026250000000000107,0.00708333333333333,-0.0029166666666666785,0.0008333333333333526,0.010000000000000009
240,240,0.9,0.8651685393258427,0.8880728554641598,0.9625440658049353,0.12083333333333335,-0.0008333333333334636,-0.00374999999999992,0.013750000000000151,0.04416666666666669,-0.004583333333333384,-0.009999999999999898,-0.008750000000000036,-0.004583333333333273,0.012916666666666687,0.014583333333333393,0.022083333333333344
241,241,0.8791666666666667,0.8323699421965318,0.8608989424206815,0.9634988249118684,0.1004166666666666,0.0,0.003750000000000031,-0.0004166666666666208,0.04583333333333328,-0.005416666666666625,-0.022916666666666585,-0.03708333333333336,-0.00374999999999992,-0.0012500000000000844,-0.005416666666666625,-0.0012500000000000844
242,242,0.875,0.8255813953488372,0.8554641598119859,0.9416128084606346,0.046666666666666634,-0.005416666666666736,-0.0016666666666667052,-0.0024999999999998357,0.0641666666666666,-0.004583333333333384,-0.016666666666666607,-0.020416666666666528,-0.004166666666666652,-0.01666666666666683,0.0,-0.002083333333333437
243,243,0.85,0.7777777777777778,0.8187426556991775,0.9703290246768508,0.018750000000000155,0.0016666666666665941,0.0008333333333332416,0.0004166666666666208,0.018333333333333313,-0.0033333333333331883,-0.029166666666666674,-0.01416666666666655,0.007500000000000062,0.004583333333333273,-0.008750000000000036,0.0050000000000000044
244,244,0.8958333333333334,0.8587570621468926,0.8826380728554641,0.968566392479436,0.11749999999999994,-0.00666666666666671,-0.0025000000000000577,-0.0029166666666666785,0.04208333333333336,-0.023333333333333317,-0.014583333333333282,-0.02083333333333326,-0.019999999999999796,-0.008750000000000036,0.007500000000000062,0.0050000000000002265
245,245,0.9,0.8651685393258427,0.8880728554641598,0.9297884841363103,0.11083333333333334,-0.0016666666666667052,-0.0008333333333334636,0.012916666666666687,0.10041666666666671,-0.009583333333333499,-0.0012499999999998623,-0.0004166666666666208,-0.005416666666666736,0.00708333333333333,0.019999999999999907,0.007499999999999951
246,246,0.9,0.8651685393258427,0.8880728554641598,0.9231051703877792,0.25916666666666666,0.03791666666666671,0.003750000000000031,-0.0008333333333334636,0.1808333333333335,0.04375000000000007,0.03083333333333338,0.03416666666666668,-0.01708333333333345,0.025416666666666643,0.04375000000000007,0.013750000000000151
247,247,0.8625,0.8047337278106509,0.839159811985899,0.9483695652173914,0.029166666666666674,-0.012916666666666576,-0.00374999999999992,-0.010416666666666519,0.025416666666666643,-0.02083333333333337,-0.02416666666666667,-0.04208333333333336,-0.0016666666666664831,-0.012916666666666798,-0.0050000000000000044,-0.0012499999999998623
248,248,0.8833333333333333,0.8390804597701149,0.8663337250293772,0.9264101057579318,0.19166666666666665,-0.005833333333333246,-0.002083333333333326,-0.019583333333333397,0.13791666666666658,-0.0050000000000001155,0.007500000000000062,0.005416666666666625,-0.003750000000000031,0.0016666666666667052,0.009166666666666545,0.0025000000000001688
249,249,0.8791666666666667,0.8323699421965318,0.8608989424206815,0.9283196239717979,0.10125000000000006,0.0024999999999999467,0.003750000000000031,0.01041666666666663,0.05583333333333318,0.01083333333333325,-0.022083333333333233,0.01416666666666666,-0.02749999999999997,0.013750000000000151,0.01708333333333334,0.0025000000000000577
