,random_seed,accuracy,f1,balanced_acc,auc,feature_importance.backlow_temperature_scaled,feature_importance.backlow_temperature_fd1_scaled,feature_importance.backlow_temperature_fd2_scaled,feature_importance.backlow_temperature_fd3_scaled,feature_importance.backlow_humidity_scaled,feature_importance.backlow_humidity_fd1_scaled,feature_importance.backlow_humidity_fd2_scaled,feature_importance.backlow_humidity_fd3_scaled
0,0,0.7534246575342466,0.6351351351351351,0.7200017117425539,0.6989044847654913,0.03378995433789955,-0.023287671232876783,-0.021917808219178103,-0.032420091324200984,0.0009132420091323423,0.0009132420091324533,0.01598173515981738,0.01324200913242013
1,1,0.7397260273972602,0.6068965517241379,0.703697363916467,0.8857411845258473,0.03561643835616435,-0.0022831050228310223,-0.011415525114155223,-0.012785388127853903,0.009589041095890316,-0.010958904109588996,0.022831050228310446,0.0018264840182647957
2,2,0.7625570776255708,0.6623376623376623,0.7338668264293051,0.7919376925710373,0.00410958904109604,-0.041552511415525184,-0.04566210045662089,-0.0474885844748858,-0.015525114155251152,0.05525114155251143,0.04977168949771693,0.03515981735159812
3,3,0.8264840182648402,0.7682926829268293,0.8069582334816844,0.8163300239643958,0.04703196347031968,0.00136986301369868,0.0018264840182647957,-0.005022831050228271,0.05159817351598184,0.04703196347031968,0.010045662100456765,0.030593607305936188
4,4,0.6940639269406392,0.5037037037037037,0.6493495378295104,0.8356727148236905,-0.0004566210045662267,-0.09863013698630152,-0.006849315068493178,-0.09086757990867578,0.0009132420091323423,-0.001369863013698569,-0.006392694063926951,-0.0022831050228311334
5,5,0.7671232876712328,0.6622516556291391,0.7363060595686408,0.7725950017117426,0.046575342465753455,-0.016438356164383605,-0.006392694063926951,-0.002739726027397249,-0.041095890410958846,-0.004109589041095818,0.0031963470319633647,-0.0009132420091323423
6,6,0.7579908675799086,0.6442953020134228,0.7254364943512496,0.9262238959260528,0.034703196347032006,-0.01187214611872145,-0.03287671232876721,-0.03972602739726028,0.04063926940639251,0.02374429223744301,0.06255707762557072,0.025114155251141468
7,7,0.7671232876712328,0.6622516556291391,0.7363060595686408,0.8251454981170833,-0.006849315068493178,-0.05616438356164388,-0.046575342465753455,-0.06712328767123288,-0.011415525114155334,0.03698630136986292,0.04748858447488591,0.04063926940639262
8,8,0.8082191780821918,0.7375,0.7852191030469018,0.856812735364601,0.055707762557077545,-0.024200913242009126,-0.025570776255707695,-0.02100456621004565,0.01963470319634697,0.021461187214611877,0.047945205479452135,0.005479452054794609
9,9,0.776255707762557,0.6918238993710691,0.7516689489900719,0.8525333789798015,-1.1102230246251565e-16,-0.019178082191780743,-0.032420091324200984,-0.05479452054794531,-0.025570776255707695,0.0273972602739726,0.07716894977168953,0.06301369863013695
10,10,0.7397260273972602,0.6122448979591837,0.7051951386511469,0.9322149948647724,0.011415525114155223,-0.00136986301369868,-0.0036529680365295913,-0.0018264840182649067,-0.05022831050228327,0.03150684931506842,0.024200913242009015,0.012785388127853792
11,11,0.6438356164383562,0.5760869565217391,0.6345001711742554,0.7160219103046901,0.2333333333333334,-0.0022831050228309113,0.05388127853881286,0.04611872146118712,-0.1789954337899543,0.12876712328767126,0.059817351598173474,0.1095890410958904
12,12,0.7671232876712328,0.6577181208053692,0.734808284833961,0.8103389250256761,0.043835616438356206,-0.045662100456621,-0.007762557077625631,0.004566210045662045,-0.018721461187214627,0.008675799086757974,-0.004109589041095929,0.004109589041095818
13,13,0.7671232876712328,0.6666666666666666,0.7378038343033209,0.718675111263266,0.10456621004566202,-0.023287671232876783,-0.022831050228310557,-0.012328767123287565,-0.026484018264840148,0.0022831050228309113,0.002739726027397249,-0.0031963470319633647
14,14,0.7534246575342466,0.6351351351351351,0.7200017117425539,0.71730571722013,-0.0004566210045662267,-0.013698630136986245,-0.0036529680365297024,-0.009589041095890427,-0.00045662100456611565,0.005479452054794609,0.036073059360730686,0.0365296803652968
15,15,0.7579908675799086,0.6442953020134228,0.7254364943512496,0.8027216706607326,0.01050228310502277,-0.02100456621004565,-0.04337899543378998,-0.042465753424657526,-0.01689497716894972,-0.00776255707762552,-0.002739726027397249,-0.015525114155251152
16,16,0.771689497716895,0.6794871794871795,0.7447363916466964,0.7749058541595344,0.025570776255707806,-0.045205479452054775,-0.015525114155251152,-0.05890410958904102,-0.04063926940639273,0.015981735159817267,0.0182648401826484,0.006392694063926951
17,17,0.726027397260274,0.5588235294117647,0.6828996918863403,0.8966107497432386,0.01050228310502277,0.0036529680365297024,0.005936073059360725,0.016438356164383605,0.020547945205479423,0.006849315068493178,0.026940639269406486,0.024200913242009126
18,18,0.776255707762557,0.6797385620915033,0.7471756247860322,0.7701129750085586,0.06301369863013695,0.007762557077625631,0.010502283105022658,0.0091324200913242,0.013698630136986245,0.012785388127853792,0.03196347031963476,0.013698630136986245
19,19,0.7671232876712328,0.6622516556291391,0.7363060595686408,0.7235535775419377,0.1041095890410959,0.010045662100456654,0.005479452054794498,0.00136986301369868,-0.041552511415525184,-0.0009132420091325644,0.002739726027397249,0.0031963470319633647
20,20,0.771689497716895,0.7222222222222222,0.7627096884628553,0.8010099281068128,0.22191780821917806,-0.006392694063926951,-0.014611872146118587,-0.010958904109589107,-0.07625570776255708,0.030593607305936077,0.04337899543378987,0.04429223744292232
21,21,0.639269406392694,0.6146341463414634,0.6455409106470387,0.7215850736049297,0.23242009132420088,0.05525114155251132,0.008219178082191747,-0.025570776255707806,-0.21689497716894968,0.11552511415525113,0.03013698630136985,0.0474885844748858
22,22,0.821917808219178,0.7607361963190185,0.8015234508729887,0.7412701129750086,0.10456621004566213,0.04292237442922375,0.022831050228310446,0.057077625570776225,0.024200913242009126,0.08675799086757996,0.08675799086757996,0.045205479452054775
23,23,0.7351598173515982,0.6081081081081081,0.7012581307771312,0.9129578911331736,0.009132420091324311,-0.0018264840182647957,-0.017808219178082174,-0.02876712328767117,-0.017808219178082174,0.0182648401826484,0.0018264840182649067,0.008675799086757974
24,24,0.7671232876712328,0.6622516556291391,0.7363060595686408,0.9130434782608696,0.0420091324200913,-0.028310502283105055,-0.03561643835616435,-0.0365296803652968,0.038356164383561486,0.0383561643835616,0.01187214611872145,0.0
25,25,0.7579908675799086,0.6535947712418301,0.7284320438206093,0.7353646011639849,0.1771689497716894,0.03242009132420087,0.021461187214611877,-0.0009132420091325644,-0.021917808219178103,-0.0018264840182649067,0.022831050228310446,0.012785388127853903
26,26,0.7442922374429224,0.631578947368421,0.7136254707292022,0.8506504621704896,-0.0022831050228309113,-0.010958904109588996,-0.021461187214611877,-0.04429223744292232,-0.026940639269406375,0.021917808219178103,0.018721461187214627,0.0
27,27,0.771689497716895,0.6794871794871795,0.7447363916466964,0.7253509072235536,0.09223744292237446,-0.00045662100456611565,-0.011415525114155112,-0.01324200913242013,-0.03698630136986292,0.0018264840182649067,-0.0009132420091323423,1.1102230246251565e-16
28,28,0.7442922374429224,0.6164383561643836,0.7091321465251627,0.8805203697363916,0.03561643835616446,-0.017808219178082174,-0.004109589041095818,-0.039726027397260166,0.031050228310502304,0.002739726027397249,0.026027397260274032,0.02648401826484026
29,29,0.7671232876712328,0.6666666666666666,0.7378038343033209,0.8466278671687777,0.012328767123287565,-0.04474885844748866,-0.057077625570776225,-0.07534246575342474,-0.024200913242009126,0.04337899543378987,0.04337899543378998,0.036073059360730575
30,30,0.7853881278538812,0.6967741935483871,0.7580451900034235,0.8842006162273194,0.011415525114155223,-0.029223744292237508,-0.03150684931506853,-0.04977168949771693,0.018721461187214627,0.06301369863013695,0.07534246575342474,0.030593607305935966
31,31,0.7899543378995434,0.7012987012987013,0.7619821978774393,0.8860835330366313,0.021461187214611877,-0.04611872146118723,-0.04611872146118723,-0.030593607305935966,-0.017351598173515836,0.05479452054794531,0.03150684931506853,0.01963470319634708
32,32,0.867579908675799,0.8432432432432433,0.8648579253680246,0.8958404655939747,0.1931506849315069,0.025570776255707806,0.10091324200913254,0.031963470319634646,-0.01324200913242013,0.10502283105022825,0.1662100456621004,0.09771689497716884
33,33,0.771689497716895,0.6794871794871795,0.7447363916466964,0.9263094830537487,0.05890410958904113,-0.0018264840182647957,-0.005022831050228382,-0.02100456621004565,0.045662100456621,0.03013698630136985,0.022831050228310557,0.0091324200913242
34,34,0.7214611872146118,0.5673758865248227,0.6819582334816844,0.8657993837726807,0.0004566210045662267,-0.022831050228310446,-0.03561643835616435,-0.1059360730593607,-0.028310502283105055,0.014155251141552472,0.014155251141552472,0.018721461187214627
35,35,0.7534246575342466,0.6351351351351351,0.7200017117425539,0.8010099281068128,0.006392694063926951,-0.05022831050228305,-0.03515981735159812,-0.062100456621004385,-0.03424657534246578,0.028310502283105055,0.015525114155251152,0.024200913242009237
36,36,0.6894977168949772,0.5952380952380952,0.6693769257103732,0.7408421773365286,0.3479452054794521,1.1102230246251565e-16,0.025570776255707806,-0.02602739726027392,-0.15936073059360734,0.1497716894977168,0.08447488584474883,0.09863013698630141
37,37,0.7488584474885844,0.6258503401360545,0.7145669291338583,0.78183841150291,0.061187214611872154,0.012785388127853903,0.010045662100456543,0.015068493150684925,-0.0018264840182649067,0.0018264840182647957,0.004566210045662045,0.005022831050228271
38,38,0.7077625570776256,0.5362318840579711,0.6656538856555974,0.9255391989044847,0.0004566210045662267,-0.026940639269406264,-0.03789954337899548,-0.03698630136986292,0.013698630136986245,0.005022831050228382,-0.005936073059360725,0.004109589041095929
39,39,0.7990867579908676,0.725,0.7758473125641904,0.8869394043135912,0.05799086757990868,0.004566210045662267,-0.0009132420091324533,0.01050228310502277,0.0036529680365297024,0.03378995433789944,0.0182648401826484,-0.006392694063926951
40,40,0.7853881278538812,0.6967741935483871,0.7580451900034235,0.7882574460801096,0.08310502283105015,-0.0031963470319635867,-0.007762557077625631,0.0,-0.023287671232876783,0.01324200913242013,0.002739726027397249,0.005936073059360725
41,41,0.8036529680365296,0.7329192546583851,0.781282095172886,0.7829510441629579,0.12146118721461185,0.015068493150684814,-0.0237442922374429,0.0036529680365297024,-0.06803652968036533,0.04155251141552507,0.025570776255707584,0.0657534246575342
42,42,0.7579908675799086,0.6442953020134228,0.7254364943512496,0.827884286203355,0.05342465753424652,0.016438356164383494,0.012785388127853903,0.01050228310502288,-0.0004566210045662267,0.002739726027397249,-0.004109589041095929,0.0036529680365295913
43,43,0.7579908675799086,0.6442953020134228,0.7254364943512496,0.766090380006847,0.06529680365296808,-0.006392694063927062,-0.015068493150685036,0.002739726027397249,0.03196347031963476,-0.0004566210045662267,0.026940639269406375,0.05205479452054784
44,44,0.7579908675799086,0.6442953020134228,0.7254364943512496,0.9062820951728859,0.06073059360730593,0.0036529680365297024,0.005936073059360725,0.016438356164383494,0.034703196347032006,0.002739726027397249,-0.0009132420091323423,0.002739726027397249
45,45,0.776255707762557,0.6838709677419355,0.7486733995207121,0.6831564532694283,0.25433789954337893,0.05479452054794509,0.02602739726027392,0.017351598173515947,-0.045662100456621,0.027853881278538828,0.0675799086757991,0.046575342465753455
46,46,0.8127853881278538,0.7453416149068323,0.7906538856555974,0.7908250599109895,0.06255707762557083,-0.0004566210045663377,-0.005936073059360836,-1.1102230246251565e-16,0.013698630136986245,0.05388127853881286,0.02465753424657524,0.018721461187214627
47,47,0.771689497716895,0.6710526315789473,0.7417408421773366,0.8032351934269086,0.023287671232876783,-0.03561643835616424,-0.043835616438356206,-0.04474885844748866,-0.0420091324200913,0.05753424657534245,0.061187214611872265,0.02237442922374433
48,48,0.730593607305936,0.5874125874125874,0.6928277986990756,0.8934440260184868,-0.006392694063926951,-0.02511415525114158,-0.04109589041095896,-0.036073059360730686,-0.015068493150685036,0.013242009132420018,0.01963470319634697,0.015068493150684814
49,49,0.7123287671232876,0.5467625899280576,0.671088668264293,0.7395583704210886,0.016438356164383494,0.0022831050228310223,-0.020091324200913308,-0.01598173515981738,-0.0091324200913242,-0.004566210045662267,0.005022831050228271,-0.03515981735159812
50,50,0.7534246575342466,0.6301369863013698,0.7185039370078741,0.7117425539198904,0.09771689497716884,0.005479452054794609,-0.023287671232876672,-0.021917808219178103,-0.07442922374429228,0.04931506849315059,0.01735159817351606,-0.0022831050228310223
51,51,0.8036529680365296,0.7393939393939394,0.7842776446422457,0.7828654570352619,0.054337899543378976,-0.001369863013698569,-0.001369863013698569,-0.0091324200913242,-0.06164383561643838,0.021917808219178103,0.052968036529680296,0.016438356164383494
52,52,0.7214611872146118,0.5611510791366906,0.6804604587470044,0.8965251626155427,0.012785388127853792,-0.04474885844748866,-0.028310502283105055,-0.0730593607305936,-0.01050228310502288,0.016438356164383605,0.009589041095890427,0.0018264840182647957
53,53,0.7488584474885844,0.6540880503144654,0.7235535775419377,0.7862033550154057,0.23881278538812778,0.011872146118721338,-0.008675799086757974,-0.03196347031963476,-0.0639269406392694,0.08310502283105015,0.09634703196347028,0.08630136986301373
54,54,0.7351598173515982,0.6027397260273972,0.6997603560424512,0.9110749743238616,0.031050228310502193,0.0182648401826484,-0.04292237442922375,-0.05205479452054784,0.021917808219178103,0.0091324200913242,0.023287671232876783,0.01963470319634708
55,55,0.7990867579908676,0.7215189873417721,0.7743495378295104,0.9160390277302293,0.050684931506849384,-0.01050228310502288,-0.012328767123287676,-0.014155251141552583,0.011415525114155334,0.0365296803652968,0.02922374429223762,0.005936073059360836
56,56,0.7990867579908676,0.7215189873417721,0.7743495378295104,0.8824888736733996,0.03698630136986303,-0.0018264840182649067,0.0022831050228311334,0.01050228310502288,-0.00502283105022816,0.0091324200913242,0.0022831050228311334,0.010958904109588996
57,57,0.7488584474885844,0.6258503401360545,0.7145669291338583,0.873844573776104,0.04474885844748855,-0.0009132420091324533,0.01050228310502277,0.008219178082191747,0.0004566210045662267,0.008219178082191636,0.002739726027397249,0.005022831050228271
58,58,0.726027397260274,0.6629213483146067,0.7143529613146182,0.7130263608353303,0.3611872146118722,0.05068493150684927,0.027853881278538828,0.02602739726027392,-0.11050228310502286,0.1479452054794521,0.05388127853881275,0.04748858447488591
59,59,0.7534246575342466,0.6447368421052632,0.7229972612119138,0.8155597398151317,0.09908675799086752,0.0036529680365297024,-0.0004566210045662267,0.005479452054794498,-0.04931506849315059,-0.005022831050228271,0.0009132420091324533,0.0031963470319634757
60,60,0.7853881278538812,0.6967741935483871,0.7580451900034235,0.7724238274563505,0.05799086757990857,-0.023287671232876672,-0.008219178082191747,-0.012328767123287676,-0.07488584474885851,0.05662100456621011,0.07031963470319635,0.031963470319634646
61,61,0.7899543378995434,0.7051282051282052,0.7634799726121191,0.860664156110921,0.057077625570776336,0.0018264840182647957,0.0022831050228310223,-0.00776255707762552,-0.018721461187214627,0.020547945205479645,0.008675799086758085,0.0031963470319634757
62,62,0.7442922374429224,0.6164383561643836,0.7091321465251627,0.8182129407737075,0.0009132420091324533,-0.036073059360730575,-0.048858447488584256,-0.05296803652968041,-0.0328767123287671,0.031050228310502304,0.034703196347031895,0.019178082191780854
63,63,0.7442922374429224,0.6164383561643836,0.7091321465251627,0.7789284491612462,0.03013698630136985,-0.04155251141552507,-0.02237442922374422,-0.02511415525114158,-0.07990867579908678,0.035159817351598344,0.024657534246575463,0.046575342465753455
64,64,0.7168949771689498,0.5571428571428572,0.6765234508729887,0.7838069154399178,0.021917808219177992,-0.022831050228310446,-0.024657534246575352,-0.031050228310502193,-0.0009132420091324533,-0.015525114155251152,-0.0036529680365297024,-0.005936073059360725
65,65,0.7123287671232876,0.5594405594405595,0.6740842177336529,0.6935124957206436,0.022831050228310446,-0.012785388127853903,-0.038812785388127935,-0.036073059360730575,-0.054337899543378976,0.004109589041095929,0.0018264840182649067,-0.0091324200913242
66,66,0.7945205479452054,0.7239263803680982,0.7734080794248545,0.7897980143786376,0.1059360730593607,0.006849315068493067,0.008219178082191747,-0.014611872146118698,-0.06849315068493156,0.0767123287671232,0.07442922374429217,0.0009132420091324533
67,67,0.7442922374429224,0.631578947368421,0.7136254707292022,0.8230058199246834,0.12191780821917808,-0.013698630136986245,-0.008219178082191747,0.01689497716894972,-0.10593607305936081,0.08904109589041087,0.05753424657534245,0.010045662100456654
68,68,0.7990867579908676,0.717948717948718,0.7728517630948306,0.9262238959260527,0.07762557077625576,0.006849315068493178,0.0009132420091324533,0.019178082191780854,0.07716894977168953,0.03378995433789955,0.06712328767123288,0.0694063926940639
69,69,0.7945205479452054,0.7133757961783439,0.7689147552208149,0.9097055802807258,0.06712328767123277,-0.020547945205479423,-0.05068493150684927,-0.027853881278538828,0.02374429223744301,0.026027397260274032,0.020547945205479423,0.018721461187214627
70,70,0.776255707762557,0.6754966887417219,0.7456778500513523,0.8623758986648409,0.04703196347031968,-0.001369863013698569,-0.03926940639269416,-0.013698630136986356,0.01872146118721474,0.02465753424657524,0.005936073059360725,-0.0018264840182649067
71,71,0.776255707762557,0.6878980891719745,0.750171174255392,0.8328483396097226,0.01187214611872145,-0.010045662100456654,0.002739726027397249,0.0031963470319634757,0.008219178082191858,0.07351598173515983,0.03196347031963476,0.05890410958904113
72,72,0.8264840182648402,0.7682926829268293,0.8069582334816844,0.8022937350222527,0.14474885844748864,-0.006849315068493067,-0.00776255707762552,0.008675799086757974,-0.02237442922374422,0.022831050228310557,0.03333333333333344,0.008219178082191858
73,73,0.817351598173516,0.7530864197530864,0.796088668264293,0.766261554262239,0.20867579908675804,0.00136986301369868,0.026027397260274032,0.011415525114155334,-0.022831050228310557,0.07397260273972606,0.03698630136986303,0.0365296803652968
74,74,0.7488584474885844,0.6258503401360545,0.7145669291338583,0.8268572406710031,0.025570776255707806,-0.0237442922374429,-0.07260273972602738,-0.037442922374429255,-0.06255707762557083,0.014155251141552472,0.007305936073059294,-0.004109589041095929
75,75,0.771689497716895,0.6710526315789473,0.7417408421773366,0.8521910304690176,0.005936073059360725,-0.037442922374429144,-0.04337899543378987,-0.07260273972602727,0.015068493150684925,0.06757990867579922,0.040182648401826504,0.0273972602739726
76,76,0.8538812785388128,0.8181818181818182,0.844060253337898,0.8473125641903458,0.006392694063926951,0.06438356164383552,0.01187214611872156,0.01963470319634697,0.012785388127854014,0.14885844748858446,0.06894977168949767,0.037442922374429366
77,77,0.7488584474885844,0.6357615894039735,0.7175624786032181,0.9149263950701815,0.01187214611872145,-0.00776255707762552,-0.012328767123287676,-0.04292237442922375,-0.0091324200913242,0.020091324200913196,0.009589041095890316,0.004109589041095818
78,78,0.730593607305936,0.5815602836879432,0.6913300239643958,0.748630605956864,0.03561643835616446,-0.018721461187214627,-0.01598173515981738,-0.022831050228310557,0.001369863013698569,-0.0018264840182647957,-0.019178082191780854,0.015981735159817267
79,79,0.7945205479452054,0.7169811320754716,0.7704125299554947,0.7883430332078055,0.06484018264840186,0.013698630136986356,0.010958904109588996,0.006849315068493067,-0.0009132420091323423,0.0328767123287671,0.04018264840182639,0.023287671232876672
80,80,0.7671232876712328,0.6622516556291391,0.7363060595686408,0.8640020540910647,0.049315068493150704,-0.0036529680365297024,-0.010045662100456765,-0.02785388127853894,-0.009589041095890427,0.012328767123287676,0.010045662100456654,0.045662100456621
81,81,0.7168949771689498,0.5694444444444444,0.6795190003423486,0.889934953782951,0.01050228310502288,-0.0036529680365295913,-0.007305936073059294,-0.019178082191780743,-0.015525114155251152,0.008219178082191858,0.008219178082191858,0.01598173515981738
82,82,0.771689497716895,0.6794871794871795,0.7447363916466964,0.8320780554604587,-0.00045662100456611565,-0.0091324200913242,-0.015525114155251152,-0.013242009132420018,-0.023287671232876672,0.04885844748858459,0.08127853881278535,0.026027397260274032
83,83,0.7808219178082192,0.6883116883116883,0.7526104073947278,0.7743923313933584,0.05936073059360736,-0.008675799086758085,-0.002739726027397249,-0.00776255707762552,-0.0004566210045662267,0.02648401826484026,0.041095890410958846,0.022831050228310446
84,84,0.7625570776255708,0.6533333333333333,0.7308712769599452,0.8341321465251627,0.009589041095890538,-0.029223744292237397,-0.027397260273972712,-0.02237442922374422,0.03789954337899548,0.06392694063926951,0.050684931506849384,0.04977168949771693
85,85,0.7351598173515982,0.5972222222222222,0.6982625813077713,0.8165011982197877,0.0036529680365297024,-0.0474885844748858,-0.09360730593607292,-0.047945205479452024,-0.02100456621004565,0.03150684931506853,-0.017351598173515947,0.018721461187214627
86,86,0.8264840182648402,0.7738095238095238,0.8099537829510441,0.8407223553577542,0.18127853881278533,0.033333333333333326,0.0036529680365297024,-0.015068493150684925,-0.03789954337899537,0.09132420091324212,0.0474885844748858,0.11278538812785388
87,87,0.726027397260274,0.5774647887323944,0.6873930160903801,0.9006333447449504,0.015068493150685036,0.00136986301369868,-0.04885844748858448,-0.055707762557077434,0.008675799086758085,-0.021461187214611765,-0.00502283105022816,-0.004109589041095929
88,88,0.7625570776255708,0.6486486486486487,0.7293735022252653,0.7049811708319067,0.055707762557077545,-0.0004566210045662267,0.0,-0.002739726027397249,-0.054337899543378976,0.0018264840182649067,0.02100456621004565,0.0031963470319635867
89,89,0.730593607305936,0.6040268456375839,0.6973211229031153,0.8060595686408764,0.024200913242009015,-0.04885844748858437,-0.07625570776255708,-0.08401826484018271,-0.12237442922374431,0.017808219178082174,0.03652968036529669,0.01552511415525104
90,90,0.7077625570776256,0.5844155844155844,0.6776360835330366,0.7230400547757617,0.26484018264840187,-0.012785388127853903,-0.03013698630136985,0.017351598173515947,-0.1333333333333332,0.07397260273972595,0.11643835616438358,0.03333333333333344
91,91,0.8036529680365296,0.7295597484276729,0.7797843204382061,0.7188462855186579,0.13835616438356169,0.013242009132420018,0.007305936073059294,0.010958904109588996,-0.05799086757990879,0.011872146118721338,0.07351598173515972,0.045205479452054775
92,92,0.7671232876712328,0.6622516556291391,0.7363060595686408,0.8367853474837385,0.03789954337899537,-0.055707762557077656,-0.054337899543378976,-0.04885844748858448,-0.05388127853881286,0.036073059360730575,0.037442922374429255,0.029223744292237397
93,93,0.7534246575342466,0.6351351351351351,0.7200017117425539,0.7063505648750428,0.04429223744292243,-0.015981735159817267,-0.03424657534246578,-0.037442922374429144,-0.031050228310502304,0.010045662100456543,0.005479452054794498,0.00136986301369868
94,94,0.7351598173515982,0.6329113924050633,0.7087470044505306,0.7710544334132146,0.31095890410958904,-0.001369863013698569,0.006392694063926951,0.031050228310502304,-0.11095890410958897,0.08173515981735158,0.06894977168949767,0.04611872146118723
95,95,0.8082191780821918,0.7407407407407407,0.7867168777815816,0.9304176651831565,0.05114155251141561,0.005022831050228271,0.01324200913242024,0.0091324200913242,0.010958904109589107,0.062100456621004496,0.07260273972602749,0.041095890410958846
96,96,0.7077625570776256,0.5294117647058824,0.6641561109209175,0.8695652173913043,-0.006849315068493178,-0.017351598173515947,-0.08630136986301362,-0.09589041095890405,-0.0036529680365295913,0.00136986301369868,-0.007305936073059405,0.010045662100456654
97,97,0.7899543378995434,0.7294117647058823,0.7739643957548785,0.9009756932557343,0.011415525114155334,-0.01963470319634697,-0.022831050228310446,0.006392694063926951,0.017808219178082285,0.08082191780821923,0.07808219178082199,0.024657534246575352
98,98,0.7214611872146118,0.5673758865248227,0.6819582334816844,0.857925368024649,0.004109589041095818,-0.037442922374429144,0.00045662100456611565,-0.09817351598173507,-0.04566210045662111,0.005936073059360614,0.025570776255707806,0.0036529680365297024
99,99,0.7534246575342466,0.6351351351351351,0.7200017117425539,0.9084217733652858,0.03242009132420087,-0.018721461187214516,-0.05022831050228305,-0.0420091324200913,0.007305936073059405,0.026940639269406375,0.03835616438356171,0.01050228310502288
100,100,0.8356164383561644,0.788235294117647,0.8208233481684355,0.8253166723724752,0.10091324200913254,0.008675799086757974,0.014155251141552583,0.00547945205479472,0.018721461187214627,0.08630136986301373,0.07214611872146115,0.01963470319634708
101,101,0.7990867579908676,0.7215189873417721,0.7743495378295104,0.7432386169120164,0.05388127853881275,0.0009132420091324533,-0.01187214611872145,-0.00776255707762552,0.01598173515981738,0.05525114155251143,0.047945205479452024,0.055707762557077656
102,102,0.7671232876712328,0.6622516556291391,0.7363060595686408,0.8774392331393358,-0.00136986301369868,-0.04977168949771693,-0.04474885844748855,-0.04748858447488591,-1.1102230246251565e-16,0.029223744292237397,0.04337899543378998,0.03242009132420087
103,103,0.7488584474885844,0.6308724832214765,0.7160647038685382,0.7740499828825744,0.04292237442922364,-0.016438356164383605,-0.0022831050228311334,-0.007305936073059405,-0.052968036529680296,0.02100456621004554,0.04155251141552496,0.029223744292237508
104,104,0.7442922374429224,0.6216216216216216,0.7106299212598426,0.9346970215679562,0.021917808219178103,-0.0383561643835616,-0.054337899543378976,-0.020547945205479534,0.033333333333333326,0.028310502283104944,0.029223744292237397,0.02648401826484026
105,105,0.771689497716895,0.6710526315789473,0.7417408421773366,0.6961656966792196,0.2027397260273972,0.012785388127853903,0.017808219178082174,-0.0009132420091323423,-0.07260273972602727,0.018721461187214627,0.004566210045662156,0.010958904109589107
106,106,0.7534246575342466,0.625,0.7170061622731941,0.8150462170489557,0.061187214611872265,0.02237442922374433,0.025570776255707806,0.008675799086758196,-0.03515981735159823,0.004566210045662156,0.013698630136986245,0.005479452054794609
107,107,0.7168949771689498,0.5571428571428572,0.6765234508729887,0.749657651489216,0.015068493150685036,-0.03926940639269405,-0.059817351598173474,-0.054337899543378976,-0.062100456621004496,0.004566210045662156,-0.012328767123287565,-0.005936073059360725
108,108,0.7442922374429224,0.6164383561643836,0.7091321465251627,0.9362375898664841,0.013698630136986356,-0.0511415525114155,-0.03242009132420087,-0.07808219178082187,0.04703196347031979,0.021461187214611988,0.01187214611872145,0.02511415525114158
109,109,0.7442922374429224,0.6164383561643836,0.7091321465251627,0.9331564532694283,0.029680365296803624,-0.03242009132420087,-0.03561643835616435,-0.05114155251141539,0.036073059360730686,0.02511415525114158,0.01689497716894972,0.012785388127853903
110,110,0.7899543378995434,0.7051282051282052,0.7634799726121191,0.7913385826771654,0.3260273972602741,0.01598173515981738,-0.006849315068493067,0.01050228310502277,-0.06027397260273959,0.038812785388127824,0.03378995433789955,0.06301369863013695
111,111,0.821917808219178,0.7607361963190185,0.8015234508729887,0.7792707976720302,0.1917808219178082,0.03378995433789955,0.01963470319634697,0.04611872146118723,-0.013698630136986356,0.034703196347031895,0.04977168949771693,0.031963470319634646
112,112,0.7168949771689498,0.5507246376811594,0.6750256761383088,0.6939404313591235,0.012328767123287676,-0.03972602739726028,-0.04063926940639273,-0.043835616438356095,-0.03789954337899526,-0.04155251141552496,-0.0031963470319634757,0.0004566210045662267
113,113,0.7214611872146118,0.5611510791366906,0.6804604587470044,0.9104758644299897,0.022831050228310446,-0.045205479452054775,-0.037442922374429255,-0.062100456621004496,-0.007762557077625631,0.0004566210045662267,-0.0022831050228310223,0.0
114,114,0.8036529680365296,0.7295597484276729,0.7797843204382061,0.7725950017117426,0.18675799086757983,0.01689497716894972,-0.0022831050228310223,-0.004566210045662045,-0.026027397260274143,0.04840182648401825,0.03287671232876721,0.0273972602739726
115,115,0.771689497716895,0.6710526315789473,0.7417408421773366,0.7891133173570695,0.10776255707762561,0.0004566210045663377,-0.012328767123287565,-0.010045662100456543,-0.01187214611872145,0.021461187214611877,0.01187214611872156,-0.002739726027397249
116,116,0.8082191780821918,0.7439024390243902,0.7882146525162615,0.8307942485450187,0.08675799086757996,-0.004566210045662045,-0.0031963470319634757,-0.0022831050228310223,-0.005022831050228382,0.021461187214611877,0.009589041095890427,0.0022831050228311334
117,117,0.7534246575342466,0.6447368421052632,0.7229972612119138,0.720130092434098,0.20547945205479456,0.037442922374429255,0.03196347031963476,0.054337899543378976,-0.04611872146118723,0.012785388127853903,0.02602739726027392,0.016894977168949832
118,118,0.7671232876712328,0.6622516556291391,0.7363060595686408,0.673827456350565,0.0547945205479452,0.0031963470319633647,-0.004109589041095818,-1.1102230246251565e-16,0.013242009132420018,0.008219178082191636,0.04611872146118712,0.004566210045662045
119,119,0.7077625570776256,0.5428571428571428,0.6671516603902773,0.9275077028414926,0.008219178082191858,-0.03881278538812771,-0.0694063926940639,-0.03881278538812771,0.01187214611872156,-0.001369863013698569,0.001369863013698569,0.0036529680365295913
120,120,0.817351598173516,0.7674418604651163,0.8035775419376925,0.8317357069496747,0.18538812785388126,-0.014155251141552472,-0.025570776255707695,-0.022831050228310334,-0.050684931506849384,0.0639269406392694,0.09726027397260284,0.10365296803652968
121,121,0.7899543378995434,0.7051282051282052,0.7634799726121191,0.8396953098254023,0.04840182648401825,-0.027853881278538828,-0.01826484018264829,-0.02100456621004565,-0.06712328767123288,0.013698630136986245,0.015068493150685036,0.030593607305936077
122,122,0.7990867579908676,0.7283950617283951,0.7773450872988703,0.858524477918521,0.03789954337899548,-0.057077625570776225,-0.0639269406392694,-0.03013698630136985,0.001369863013698569,0.045662100456621,0.031050228310502304,0.06210045662100461
123,123,0.8127853881278538,0.7453416149068323,0.7906538856555974,0.8171858952413557,0.04429223744292232,-0.01050228310502277,-0.007305936073059405,-0.010958904109589107,-0.018264840182648512,0.01598173515981738,0.03515981735159812,0.010958904109588885
124,124,0.7671232876712328,0.6751592356687898,0.7407993837726805,0.7306573091407051,0.15981735159817345,0.03378995433789944,-0.004566210045662156,-0.0004566210045662267,-0.06164383561643827,0.07351598173515972,0.057077625570776336,0.07442922374429228
125,125,0.7808219178082192,0.6962025316455697,0.7556059568640876,0.8690516946251283,0.0009132420091323423,-0.024657534246575352,-0.04429223744292232,-0.04794520547945191,-0.03013698630136974,0.043835616438356206,0.06940639269406401,0.04566210045662111
126,126,0.7625570776255708,0.6623376623376623,0.7338668264293051,0.8992639507018144,-0.0031963470319634757,-0.033333333333333326,-0.025570776255707806,-0.05616438356164388,-0.009589041095890316,0.019178082191780854,0.011415525114155334,-0.004566210045662045
127,127,0.7990867579908676,0.7215189873417721,0.7743495378295104,0.7585587127695995,0.06484018264840197,0.004566210045662156,0.005479452054794609,-0.004109589041095707,-0.023287671232876672,0.05296803652968052,0.07214611872146126,0.02237442922374422
128,128,0.7671232876712328,0.6622516556291391,0.7363060595686408,0.8237761040739472,0.00776255707762552,-0.02100456621004576,-0.015068493150685036,-0.028310502283104944,-0.023287671232876672,0.02876712328767117,0.03972602739726028,0.024200913242009015
129,129,0.7534246575342466,0.6351351351351351,0.7200017117425539,0.8083704210886683,0.05799086757990879,-0.01324200913242013,-0.007305936073059294,-0.008675799086757974,-0.03926940639269405,-0.001369863013698569,-0.007305936073059294,0.0036529680365297024
130,130,0.7808219178082192,0.6883116883116883,0.7526104073947278,0.7015576857240671,0.2187214611872147,0.04703196347031957,0.021461187214611877,0.009132420091324311,-0.03013698630136985,0.07214611872146115,0.06164383561643849,0.015981735159817267
131,131,0.771689497716895,0.6794871794871795,0.7447363916466964,0.6772509414584047,0.18493150684931503,0.020091324200913196,0.0022831050228312444,-0.0036529680365297024,-0.031963470319634646,0.03424657534246578,0.05251141552511418,0.028310502283104944
132,132,0.7990867579908676,0.7215189873417721,0.7743495378295104,0.9393187264635399,0.021917808219178103,-0.062100456621004496,-0.06849315068493167,-0.027853881278538828,0.0652968036529682,0.0365296803652968,0.03515981735159812,0.04337899543378987
133,133,0.7945205479452054,0.7169811320754716,0.7704125299554947,0.8625470729202329,0.00639269406392684,-0.040182648401826504,-0.04383561643835632,-0.046575342465753344,0.01689497716894972,0.0474885844748858,0.03378995433789955,0.0328767123287671
134,134,0.7123287671232876,0.5401459854014599,0.6695908935296131,0.7009585758301952,0.1917808219178082,0.03424657534246578,0.0018264840182649067,-0.037442922374429255,-0.12511415525114156,0.06255707762557083,0.017808219178082174,0.04337899543378987
135,135,0.7808219178082192,0.6883116883116883,0.7526104073947278,0.8730742896268401,0.055707762557077656,0.00136986301369868,0.007305936073059405,-0.0009132420091324533,0.0009132420091324533,0.005936073059360725,0.04109589041095896,0.03470319634703212
136,136,0.7990867579908676,0.7283950617283951,0.7773450872988703,0.7696850393700787,0.06392694063926951,-0.0237442922374429,0.004566210045662156,-0.015068493150684814,-0.010958904109588996,0.010958904109588996,0.027397260273972712,0.015525114155251152
137,137,0.7488584474885844,0.6357615894039735,0.7175624786032181,0.8967819239986305,0.05022831050228305,0.0022831050228311334,-0.0031963470319635867,-0.0022831050228310223,-0.002739726027397249,-0.0036529680365297024,0.0,-0.0009132420091324533
138,138,0.7214611872146118,0.5547445255474452,0.6789626840123245,0.6990756590208833,0.019178082191780854,-0.034703196347031895,-0.03972602739726028,-0.03333333333333344,0.00045662100456611565,-0.029223744292237508,-0.03013698630136996,0.012328767123287565
139,139,0.6940639269406392,0.5109489051094891,0.6508473125641904,0.9105614515576858,0.007305936073059405,-0.02602739726027392,-0.02374429223744301,-0.005936073059360725,-0.0022831050228312444,-0.005936073059360725,-0.006849315068493178,-0.0031963470319634757
140,140,0.7123287671232876,0.5467625899280576,0.671088668264293,0.8248031496062991,0.004109589041095818,-0.02648401826484026,-0.03789954337899548,-0.03242009132420087,-0.037442922374429255,-0.00136986301369868,-0.010045662100456543,0.004566210045662045
141,141,0.7625570776255708,0.6533333333333333,0.7308712769599452,0.8161588497090038,0.1315068493150685,-0.002739726027397138,0.00136986301369868,0.0022831050228311334,-0.06347031963470318,0.07214611872146126,0.05342465753424663,0.0694063926940639
142,142,0.730593607305936,0.593103448275862,0.6943255734337556,0.7843204382060938,-0.0091324200913242,-0.006849315068493178,-0.02237442922374433,-0.006849315068493289,0.023287671232876672,0.045662100456621,0.03561643835616435,0.026940639269406375
143,143,0.7534246575342466,0.64,0.7214994864772338,0.7694282779869908,0.011415525114155112,-0.03150684931506842,-0.03378995433789955,-0.04840182648401814,-0.020547945205479423,0.014611872146118698,0.029680365296803735,0.020547945205479423
144,144,0.7488584474885844,0.6666666666666666,0.7280469017459774,0.7101163984936665,0.27899543378995434,0.015068493150684925,0.040182648401826504,0.029680365296803624,-0.08721461187214619,0.10136986301369866,0.022831050228310446,0.0273972602739726
145,145,0.7488584474885844,0.6308724832214765,0.7160647038685382,0.735450188291681,-0.0022831050228310223,-0.024200913242009126,-0.022831050228310557,-0.05068493150684927,-0.031050228310502304,0.024657534246575352,0.04337899543378987,0.026940639269406486
146,146,0.7397260273972602,0.6225165562913907,0.7081906881205067,0.828911331735707,0.0091324200913242,-0.030593607305935966,-0.05799086757990868,-0.045205479452054775,-0.014155251141552583,0.014155251141552472,0.030593607305936077,0.015525114155251152
147,147,0.7625570776255708,0.6623376623376623,0.7338668264293051,0.8749572064361519,0.005479452054794609,-0.03150684931506842,-0.03150684931506853,-0.05890410958904102,-0.004566210045662045,0.01598173515981749,0.02739726027397249,-0.005479452054794498
148,148,0.7397260273972602,0.6068965517241379,0.703697363916467,0.7781581650119821,0.04977168949771682,0.013698630136986245,0.014611872146118698,0.005479452054794498,-0.001369863013698791,0.012785388127853792,0.02465753424657524,0.004109589041095818
149,149,0.7808219178082192,0.6883116883116883,0.7526104073947278,0.7037829510441629,0.03013698630136985,0.004109589041095929,-0.05525114155251143,-0.0018264840182646847,0.0036529680365297024,0.06849315068493145,0.06301369863013695,0.01963470319634708
150,150,0.7123287671232876,0.5467625899280576,0.671088668264293,0.8503937007874015,0.002739726027397249,-0.052054794520548064,-0.02511415525114158,-0.05251141552511418,0.004109589041095818,0.01689497716894972,0.004566210045662045,-0.010958904109588996
151,151,0.8082191780821918,0.7407407407407407,0.7867168777815816,0.8770112975008558,0.049315068493150815,-0.0022831050228310223,0.0031963470319635867,-0.006849315068493067,0.012785388127853903,0.0022831050228311334,0.005022831050228271,0.0091324200913242
152,152,0.7990867579908676,0.7283950617283951,0.7773450872988703,0.7928791509756933,0.06392694063926951,-0.02511415525114158,-0.015981735159817267,-0.0237442922374429,-0.033333333333333326,0.041552511415525295,0.02922374429223762,0.02374429223744301
153,153,0.7853881278538812,0.7006369426751592,0.7595429647381033,0.7998117083190688,0.05753424657534234,-0.00136986301369868,-0.01050228310502277,-0.008219178082191747,-0.03515981735159812,0.016438356164383605,0.026940639269406375,0.025570776255707806
154,154,0.7808219178082192,0.6923076923076923,0.7541081821294078,0.7883430332078055,0.04703196347031968,-0.010958904109588996,-0.0018264840182647957,-0.027853881278538717,-0.02237442922374433,0.01963470319634708,0.018721461187214627,0.03515981735159823
155,155,0.8127853881278538,0.7453416149068323,0.7906538856555974,0.7571893187264637,0.1748858447488585,0.015068493150684925,0.0031963470319633647,0.015068493150684925,-0.023287671232876783,0.04611872146118712,0.03424657534246578,0.02876712328767117
156,156,0.7214611872146118,0.5734265734265734,0.6834560082163643,0.7543649435124957,0.007305936073059294,-0.020547945205479423,-0.02465753424657524,-0.04200913242009141,-0.05753424657534245,0.005479452054794498,1.1102230246251565e-16,0.006849315068493067
157,157,0.821917808219178,0.7664670658682635,0.8045190003423486,0.781496062992126,0.15159817351598182,0.014155251141552472,0.0009132420091323423,0.009589041095890316,0.0,0.033333333333333326,0.06073059360730593,0.023287671232876672
158,158,0.7534246575342466,0.6493506493506493,0.7244950359465936,0.7245806230742896,0.22191780821917806,-0.0036529680365297024,0.005022831050228382,0.010045662100456654,-0.09178082191780812,0.03972602739726028,0.02100456621004565,0.036073059360730686
159,159,0.7853881278538812,0.7080745341614907,0.7625385142074632,0.8478260869565217,0.001369863013698569,-0.02785388127853894,-0.024200913242009237,-0.03789954337899548,-0.0273972602739726,0.03698630136986303,0.031963470319634646,0.011415525114155334
160,160,0.7534246575342466,0.6351351351351351,0.7200017117425539,0.7721670660732626,0.20958904109589038,0.006392694063927062,0.0031963470319634757,0.004109589041095929,-0.02602739726027392,0.010045662100456654,0.006849315068493067,0.01187214611872156
161,161,0.7031963470319634,0.5323741007194245,0.6617168777815816,0.8352447791852106,0.007305936073059294,-0.01735159817351606,-0.031050228310502304,-0.024200913242009015,-0.031963470319634646,-0.0031963470319634757,-0.010045662100456654,-0.0018264840182647957
162,162,0.7853881278538812,0.6967741935483871,0.7580451900034235,0.9253680246490927,0.03378995433789944,-0.010045662100456654,-0.04611872146118723,-0.07853881278538821,0.07579908675799096,0.0602739726027397,0.04703196347031957,0.07762557077625565
163,163,0.7579908675799086,0.6442953020134228,0.7254364943512496,0.8335330366312905,0.08264840182648403,-0.021917808219177992,-0.023744292237442788,-0.03561643835616446,-0.034703196347031895,0.02785388127853894,0.045205479452054775,0.022831050228310446
164,164,0.7442922374429224,0.6266666666666667,0.7121276959945224,0.7218418349880178,0.06529680365296808,-0.005022831050228271,-0.026027397260274032,-0.040182648401826504,-0.05662100456621011,0.02511415525114158,0.01050228310502288,0.01963470319634708
165,165,0.776255707762557,0.6878980891719745,0.750171174255392,0.8510783978089694,0.022831050228310334,-0.010045662100456654,-0.054337899543378976,-0.06210045662100461,-0.022831050228310557,0.04474885844748855,0.05022831050228305,0.05251141552511418
166,166,0.7853881278538812,0.7044025157232704,0.7610407394727834,0.9067956179390619,0.05479452054794509,0.012785388127853903,0.007305936073059183,-0.007305936073059294,0.001369863013698569,0.01598173515981738,0.015525114155251152,0.013698630136986245
167,167,0.7351598173515982,0.5972222222222222,0.6982625813077713,0.7721670660732625,0.05662100456621,-0.02876712328767117,-0.012328767123287565,-0.038812785388127824,-0.04292237442922375,0.010958904109589107,0.027853881278538717,0.01050228310502288
168,168,0.7671232876712328,0.7017543859649122,0.75128380691544,0.9103046901745977,0.004109589041095818,-0.011415525114155223,-0.04977168949771693,-0.020547945205479423,-0.017808219178082174,0.0657534246575342,0.05616438356164377,0.055707762557077545
169,169,0.771689497716895,0.6710526315789473,0.7417408421773366,0.7410989387196165,0.012328767123287676,-0.031050228310502193,-0.059817351598173474,-0.010958904109588996,-0.012785388127853903,0.025570776255707806,0.018721461187214627,0.031050228310502304
170,170,0.730593607305936,0.5986394557823129,0.6958233481684355,0.8018657993837727,0.020091324200913196,-0.06621004566210043,-0.0694063926940639,-0.06255707762557072,-0.02785388127853894,-0.00776255707762552,0.015981735159817267,-0.01735159817351606
171,171,0.776255707762557,0.6797385620915033,0.7471756247860322,0.8355871276959945,0.014611872146118698,-0.024200913242009126,-0.023287671232876783,-0.04063926940639273,0.025114155251141468,0.014611872146118698,0.01826484018264829,-0.0022831050228310223
172,172,0.6438356164383562,0.5517241379310345,0.6270112975008559,0.75085587127696,0.24566210045662107,-0.042465753424657526,-0.01324200913242013,-0.04840182648401825,-0.19269406392694055,-0.043835616438356095,-0.016438356164383494,-0.031050228310502193
173,173,0.7990867579908676,0.7215189873417721,0.7743495378295104,0.8393529613146182,0.03424657534246578,-0.029223744292237397,-0.018264840182648512,-0.05068493150684927,0.005022831050228271,0.0748858447488584,0.06803652968036522,0.03698630136986303
174,174,0.771689497716895,0.6710526315789473,0.7417408421773366,0.8485107839780895,0.008219178082191858,-0.06712328767123277,-0.033333333333333215,-0.012785388127853903,-0.011415525114155112,0.02374429223744301,0.01050228310502288,0.0182648401826484
175,175,0.8082191780821918,0.7375,0.7852191030469018,0.7366484080794248,0.07442922374429228,0.01050228310502288,0.009589041095890427,0.005936073059360725,-0.00776255707762552,0.032420091324200984,0.047945205479452135,0.036073059360730686
176,176,0.7442922374429224,0.6266666666666667,0.7121276959945224,0.6577370763437179,0.17077625570776245,0.017808219178082174,0.03013698630136985,0.014155251141552583,-0.06118721461187193,0.019178082191780854,-0.004566210045662045,-0.004109589041095818
177,177,0.7625570776255708,0.6623376623376623,0.7338668264293051,0.7939061965080452,0.016438356164383605,0.0031963470319635867,-0.0091324200913242,-0.031050228310502304,-0.0789954337899541,0.034703196347032006,0.030593607305936077,0.026940639269406486
178,178,0.7214611872146118,0.6514285714285715,0.7074204039712427,0.7441800753166724,0.35844748858447484,0.0273972602739726,0.06712328767123277,0.025570776255707806,-0.13470319634703198,0.08356164383561637,0.08721461187214619,0.11826484018264838
179,179,0.7123287671232876,0.5401459854014599,0.6695908935296131,0.8224922971585074,0.015525114155251152,-0.0004566210045662267,0.009589041095890316,0.023287671232876672,-0.016894977168949832,0.008675799086757863,0.010958904109589107,-0.009589041095890316
180,180,0.7625570776255708,0.6623376623376623,0.7338668264293051,0.8032351934269086,-0.007762557077625409,-0.009589041095890316,-0.014155251141552583,-0.021461187214611765,-0.020091324200913196,0.04155251141552507,0.005479452054794609,-0.005022831050228271
181,181,0.7625570776255708,0.6533333333333333,0.7308712769599452,0.7777302293735023,-0.0009132420091324533,-0.027853881278538828,-0.01735159817351606,-0.019178082191780854,-0.03926940639269394,0.050684931506849384,0.025570776255707806,0.0420091324200913
182,182,0.7031963470319634,0.5323741007194245,0.6617168777815816,0.6823005819924683,-0.017808219178082174,-0.0420091324200913,-0.054337899543378976,-0.019178082191780854,-0.04840182648401825,-0.013698630136986356,-0.0022831050228311334,-0.008675799086757974
183,183,0.7488584474885844,0.6258503401360545,0.7145669291338583,0.8509072235535776,0.014611872146118698,-0.028310502283105055,-0.015068493150684925,-0.05159817351598173,0.012785388127853792,0.03378995433789955,0.026484018264840148,0.011415525114155223
184,184,0.7853881278538812,0.7006369426751592,0.7595429647381033,0.766775077028415,0.04474885844748844,-0.006392694063926951,-0.025570776255707806,-0.024657534246575352,0.021461187214611765,0.05205479452054795,0.06484018264840186,0.005479452054794387
185,185,0.7214611872146118,0.5673758865248227,0.6819582334816844,0.8835159192057515,0.0031963470319634757,-0.061187214611872154,-0.05251141552511418,-0.04429223744292232,0.004109589041095929,0.015068493150685036,0.021461187214611877,-0.024200913242009237
186,186,0.8127853881278538,0.7484662576687117,0.7921516603902773,0.7796987333105102,0.042465753424657526,0.005479452054794609,0.013242009132420018,0.0018264840182647957,-0.008675799086757974,0.021917808219177992,0.008675799086757863,0.0022831050228310223
187,187,0.8082191780821918,0.7439024390243902,0.7882146525162615,0.7225265320095857,0.17625570776255717,0.020091324200913308,0.0091324200913242,0.028310502283105055,-0.0273972602739726,0.06347031963470307,0.037442922374429366,0.015525114155251152
188,188,0.7534246575342466,0.6351351351351351,0.7200017117425539,0.8527901403628894,0.05342465753424663,0.0031963470319634757,-0.01689497716894972,-0.0018264840182649067,0.04703196347031968,0.0009132420091323423,0.01461187214611881,0.01187214611872145
189,189,0.7442922374429224,0.6111111111111112,0.7076343717904827,0.7982711400205409,-0.00776255707762552,-0.06666666666666665,-0.07945205479452055,-0.04018264840182639,-0.02237442922374422,0.013242009132420018,0.021917808219178103,0.02876712328767128
190,190,0.7899543378995434,0.7051282051282052,0.7634799726121191,0.7746490927764464,0.1095890410958904,0.005022831050228271,0.013698630136986245,0.004109589041095929,-0.01689497716894972,0.020091324200913308,0.012328767123287676,0.005936073059360836
191,191,0.7899543378995434,0.7125,0.766475522081479,0.9134714138993495,-0.0031963470319634757,-0.03150684931506842,-0.05205479452054784,-0.047945205479452135,0.015068493150685036,0.04200913242009141,0.04383561643835632,0.03013698630136996
192,192,0.7351598173515982,0.5915492957746479,0.6967648065730914,0.8679390619650803,0.029223744292237508,0.004109589041095929,-0.008675799086757752,-0.01963470319634708,-0.0036529680365297024,0.0031963470319634757,-0.010502283105022658,0.018721461187214627
193,193,0.7488584474885844,0.6258503401360545,0.7145669291338583,0.8372988702499145,0.04337899543378987,0.004566210045662156,0.0022831050228310223,0.0022831050228311334,-0.008675799086758085,-0.012328767123287676,0.007762557077625409,0.043835616438356095
194,194,0.7625570776255708,0.6941176470588235,0.7458490243067443,0.7086614173228347,0.23059360730593603,0.10684931506849316,0.13424657534246576,0.05662100456621011,-0.09041095890410955,0.15662100456620998,0.23287671232876717,0.05570776255707777
195,195,0.7671232876712328,0.6622516556291391,0.7363060595686408,0.7866312906538855,0.28995433789954345,0.0031963470319634757,-0.0009132420091325644,0.02602739726027381,-0.08219178082191791,0.016438356164383494,0.008675799086758085,0.014155251141552472
196,196,0.7899543378995434,0.7051282051282052,0.7634799726121191,0.8813762410133517,0.014155251141552472,-0.03652968036529669,-0.05114155251141561,-0.0474885844748858,0.012328767123287676,0.04429223744292232,0.05525114155251143,0.021917808219178103
197,197,0.7945205479452054,0.7204968944099379,0.7719103046901746,0.7885142074631974,0.059817351598173474,-0.02876712328767128,-0.01324200913242013,-0.008675799086758085,-0.06255707762557083,0.0420091324200913,0.06164383561643838,0.030593607305935966
198,198,0.7214611872146118,0.6064516129032258,0.6924426566244437,0.7375898664840808,0.2063926940639269,-0.0009132420091323423,0.05159817351598173,0.030593607305936077,-0.12648401826484024,0.0744292237442924,0.020547945205479423,0.09634703196347039
199,199,0.7579908675799086,0.6535947712418301,0.7284320438206093,0.7155083875385143,0.06849315068493145,-0.054337899543378865,-0.05525114155251154,-0.01050228310502288,-0.041552511415525184,0.03242009132420087,0.03013698630136985,0.026940639269406264
200,200,0.8127853881278538,0.7453416149068323,0.7906538856555974,0.828226634714139,0.043835616438356206,-0.005936073059360836,-0.0009132420091324533,0.006849315068492956,0.025114155251141468,0.0365296803652968,0.024200913242009015,0.03515981735159812
201,201,0.8264840182648402,0.7682926829268293,0.8069582334816844,0.8767545361177679,0.06484018264840186,-0.002739726027397249,0.007305936073059405,0.005936073059360614,-0.00639269406392684,0.05251141552511418,0.028310502283105055,0.04429223744292243
202,202,0.7534246575342466,0.6447368421052632,0.7229972612119138,0.9207463197535091,0.05068493150684927,-0.011415525114155223,-0.0182648401826484,-0.0091324200913242,0.029223744292237508,0.01050228310502288,0.01598173515981738,0.020091324200913308
203,203,0.817351598173516,0.7530864197530864,0.796088668264293,0.7434953782951044,0.09315068493150691,0.0018264840182647957,0.04109589041095896,0.023744292237442788,-0.02374429223744301,0.08264840182648414,0.031050228310502304,0.024657534246575463
204,204,0.7168949771689498,0.5571428571428572,0.6765234508729887,0.7707120849024306,-0.0036529680365295913,-0.0876712328767123,-0.09132420091324189,-0.09726027397260262,-0.04109589041095896,0.0036529680365297024,-0.005936073059360614,0.010958904109589107
205,205,0.684931506849315,0.5714285714285714,0.6594488188976377,0.720215679561794,0.29863013698630136,0.013698630136986245,0.07762557077625576,0.008219178082191747,-0.16301369863013704,0.03013698630136996,-0.010045662100456543,0.05753424657534245
206,206,0.7534246575342466,0.6351351351351351,0.7200017117425539,0.766689489900719,0.05159817351598184,-0.004566210045662045,-0.004109589041095707,0.0022831050228310223,0.02374429223744301,0.005022831050228382,0.021917808219178103,-0.0009132420091324533
207,207,0.8082191780821918,0.7375,0.7852191030469018,0.8132488873673399,0.054337899543378976,-0.00776255707762552,-0.008675799086757974,0.002739726027397249,-0.02876712328767128,0.050684931506849384,0.03926940639269416,0.002739726027397471
208,208,0.7945205479452054,0.7272727272727273,0.7749058541595344,0.7911674084217732,0.2831050228310501,0.008675799086757974,-0.005479452054794498,0.014155251141552472,-0.04337899543378987,0.031963470319634646,0.045662100456621,0.034703196347031895
209,209,0.776255707762557,0.6797385620915033,0.7471756247860322,0.8440602533378979,0.038812785388127824,-0.012785388127854014,-0.014611872146118698,-0.02511415525114158,0.038812785388127824,0.028310502283104944,0.05068493150684927,-0.005936073059360725
210,210,0.7853881278538812,0.7006369426751592,0.7595429647381033,0.8954125299554947,0.052054794520548064,0.0018264840182647957,-0.007305936073059405,-0.0009132420091324533,-0.005022831050228382,-0.0009132420091324533,0.015525114155251152,-0.007305936073059405
211,211,0.7488584474885844,0.6258503401360545,0.7145669291338583,0.7808113659705581,-0.012328767123287676,-0.005936073059360725,-0.023287671232876672,-0.03926940639269405,-0.024200913242009126,0.023287671232876672,0.05251141552511407,0.04611872146118723
212,212,0.8127853881278538,0.7453416149068323,0.7906538856555974,0.9212598425196851,0.06940639269406379,0.0091324200913242,0.005022831050228271,0.00045662100456611565,0.04748858447488591,0.033333333333333326,0.05205479452054795,0.047945205479452135
213,213,0.7214611872146118,0.5673758865248227,0.6819582334816844,0.8093974666210203,0.025570776255707806,-0.0091324200913242,-0.005479452054794609,-0.015068493150684925,0.010045662100456654,0.00776255707762552,0.01963470319634708,-0.005936073059360836
214,214,0.7990867579908676,0.7215189873417721,0.7743495378295104,0.8167579596028757,0.049315068493150704,-0.016894977168949943,-0.03972602739726039,-0.034703196347031895,-0.03013698630136985,0.011415525114155223,0.010045662100456654,0.017808219178082174
215,215,0.7077625570776256,0.5362318840579711,0.6656538856555974,0.8850564875042793,0.012785388127854014,-0.015525114155251152,-0.029223744292237397,-0.029680365296803624,-0.023287671232876672,0.0182648401826484,0.0022831050228311334,0.012785388127853903
216,216,0.7397260273972602,0.6068965517241379,0.703697363916467,0.799041424169805,0.18949771689497708,-0.027397260273972712,-0.029223744292237397,-0.03789954337899548,-0.05890410958904113,0.008675799086757974,-0.015525114155251263,0.03698630136986303
217,217,0.771689497716895,0.6710526315789473,0.7417408421773366,0.7933070866141732,0.013698630136986356,-0.015068493150684925,-0.016438356164383605,-0.031963470319634646,-0.005022831050228271,0.052968036529680296,0.029223744292237508,0.010045662100456654
218,218,0.7579908675799086,0.6442953020134228,0.7254364943512496,0.921516603902773,0.0018264840182647957,-0.01050228310502277,-0.029223744292237508,-0.05296803652968041,0.03972602739726028,0.0383561643835616,0.04018264840182639,0.0328767123287671
219,219,0.7808219178082192,0.6883116883116883,0.7526104073947278,0.7986134885313247,-0.004566210045662156,-0.0182648401826484,-0.022831050228310446,-0.002739726027397138,-0.04840182648401825,0.0744292237442924,0.08493150684931516,0.08493150684931505
220,220,0.821917808219178,0.7664670658682635,0.8045190003423486,0.843889079082506,-0.0022831050228310223,-0.01187214611872145,-0.015525114155251152,-0.008675799086757974,-0.020547945205479534,0.09589041095890405,0.09999999999999998,0.05936073059360736
221,221,0.6986301369863014,0.5147058823529411,0.6547843204382061,0.7063505648750428,0.00045662100456611565,-0.00776255707762552,-0.0182648401826484,-0.08538812785388128,0.001369863013698569,0.0022831050228311334,0.010958904109589107,0.006392694063926951
222,222,0.7945205479452054,0.7204968944099379,0.7719103046901746,0.9156110920917494,0.031050228310502304,-0.0004566210045662267,0.01187214611872145,0.0018264840182647957,0.005022831050228271,0.01689497716894972,0.016438356164383605,-0.002739726027397249
223,223,0.6894977168949772,0.6382978723404256,0.6843546730571721,0.8067442656624444,0.26164383561643845,-0.005936073059360725,-0.021461187214611877,0.0,-0.18127853881278533,0.14703196347031966,0.10456621004566213,0.11643835616438358
224,224,0.7534246575342466,0.6351351351351351,0.7200017117425539,0.8747860321807599,0.05022831050228316,0.01187214611872145,0.010045662100456654,-0.005022831050228271,-0.00136986301369868,0.008675799086757974,0.03515981735159823,0.0022831050228310223
225,225,0.726027397260274,0.5774647887323944,0.6873930160903801,0.8161588497090039,0.0009132420091324533,-0.0876712328767123,-0.09452054794520537,-0.058447488584474794,-0.029223744292237397,-0.01324200913242013,-0.0022831050228310223,0.013698630136986356
226,226,0.7534246575342466,0.6493506493506493,0.7244950359465936,0.9026018486819583,0.012785388127853903,-0.05616438356164377,-0.0602739726027397,-0.055707762557077545,0.002739726027397249,0.05433789954337909,0.04018264840182639,0.024657534246575352
227,227,0.7808219178082192,0.6883116883116883,0.7526104073947278,0.7733652858610065,0.11369863013698633,-0.005022831050228271,0.012785388127854014,0.006849315068493178,-0.009132420091324311,0.013698630136986356,0.00410958904109604,-0.0022831050228310223
228,228,0.7488584474885844,0.6706586826347305,0.7295446764806574,0.6825573433755564,0.29041095890410956,0.08858447488584464,0.021461187214611765,0.059817351598173474,-0.08401826484018282,0.17853881278538808,0.0547945205479452,0.08082191780821923
229,229,0.7488584474885844,0.6153846153846154,0.7115713796644985,0.7904827114002054,0.020091324200913308,-0.026484018264840148,-0.017351598173515836,-0.015068493150685036,-0.029223744292237508,0.007305936073059294,0.013242009132420018,0.012785388127853903
230,230,0.7214611872146118,0.5793103448275863,0.6849537829510441,0.74957206436152,0.01552511415525104,-0.01735159817351606,-0.02100456621004576,-0.04474885844748855,-0.05388127853881275,0.00045662100456611565,0.0009132420091323423,0.00776255707762552
231,231,0.7671232876712328,0.6622516556291391,0.7363060595686408,0.8652002738788086,0.0273972602739726,-0.038812785388127824,-0.04566210045662111,-0.05753424657534256,0.00136986301369868,0.0018264840182647957,0.029680365296803624,0.03287671232876721
232,232,0.730593607305936,0.5986394557823129,0.6958233481684355,0.7555631633002396,0.13789954337899535,0.020547945205479423,0.03789954337899537,0.020547945205479423,-0.05388127853881286,0.12328767123287654,0.07990867579908678,0.07716894977168942
233,233,0.8127853881278538,0.7453416149068323,0.7906538856555974,0.6825573433755564,0.21689497716894968,0.0511415525114155,0.03972602739726028,0.0858447488584474,-0.020547945205479423,0.08493150684931505,0.05616438356164388,0.07305936073059349
234,234,0.776255707762557,0.6797385620915033,0.7471756247860322,0.7646353988360151,0.04611872146118723,-0.007305936073059405,-0.014155251141552583,-0.037442922374429255,-0.047945205479452024,0.008219178082191747,0.031050228310502193,0.02602739726027392
235,235,0.6757990867579908,0.6162162162162163,0.6680503252310852,0.7838925025676139,0.2497716894977169,-0.03835616438356171,-0.02100456621004576,-0.06210045662100461,-0.19315068493150678,0.10730593607305938,0.05159817351598173,0.010958904109589107
236,236,0.7351598173515982,0.5972222222222222,0.6982625813077713,0.9285347483738446,0.0091324200913242,-0.04337899543378998,-0.03698630136986303,-0.05205479452054795,-0.007305936073059405,0.02648401826484026,0.02100456621004565,-0.0365296803652968
237,237,0.7899543378995434,0.7125,0.766475522081479,0.8246319753509073,0.1990867579908676,0.04840182648401825,0.03196347031963476,0.004566210045662156,-0.04200913242009119,0.08264840182648414,0.06438356164383563,0.07579908675799085
238,238,0.7168949771689498,0.5633802816901409,0.6780212256076686,0.8531324888736733,0.011415525114155223,-0.012785388127853903,-0.029680365296803513,-0.042465753424657526,-0.03515981735159812,-0.0018264840182649067,-0.006849315068493067,0.00045662100456611565
239,239,0.7899543378995434,0.7051282051282052,0.7634799726121191,0.8478260869565218,0.015068493150684925,-0.04292237442922364,-0.05433789954337909,-0.06666666666666654,0.010958904109589107,0.0748858447488584,0.07397260273972595,0.05662100456621022
240,240,0.730593607305936,0.5874125874125874,0.6928277986990756,0.8616056145155768,-0.0031963470319635867,-0.06621004566210054,-0.09269406392694068,-0.04292237442922375,0.004109589041095818,0.008675799086757974,0.01415525114155236,0.016438356164383494
241,241,0.7945205479452054,0.7133757961783439,0.7689147552208149,0.8378979801437864,0.027853881278538828,-0.025114155251141468,-0.03378995433789955,-0.025570776255707806,-0.01324200913242013,0.04977168949771682,0.042465753424657526,0.015068493150684925
242,242,0.7945205479452054,0.7204968944099379,0.7719103046901746,0.8016946251283806,0.04611872146118723,0.0018264840182647957,-0.015068493150684925,-0.004566210045662045,-0.0273972602739726,0.034703196347032006,0.045205479452054775,0.021461187214611877
243,243,0.7488584474885844,0.6357615894039735,0.7175624786032181,0.7855186579938377,0.07168949771689492,-0.05936073059360747,-0.03196347031963476,-0.05022831050228316,-0.06575342465753431,0.01689497716894961,0.0237442922374429,0.006849315068493178
244,244,0.7579908675799086,0.6490066225165563,0.7269342690859295,0.8264293050325231,0.004109589041095818,-0.018264840182648512,-0.02876712328767128,-0.005479452054794609,-0.004109589041095929,0.045205479452054775,0.0328767123287671,0.04337899543378987
245,245,0.7808219178082192,0.6962025316455697,0.7556059568640876,0.8166723724751797,0.038812785388127935,-0.034703196347032006,-0.021461187214611877,-0.02602739726027392,0.0237442922374429,0.02876712328767128,-0.006849315068493178,0.03972602739726028
246,246,0.7351598173515982,0.5972222222222222,0.6982625813077713,0.8051181102362205,0.014611872146118698,-0.01826484018264829,-0.07716894977168953,-0.06894977168949779,0.013698630136986245,0.031050228310502193,0.018264840182648512,0.022831050228310557
247,247,0.7853881278538812,0.7044025157232704,0.7610407394727834,0.842262923656282,0.00913242009132409,-0.07214611872146115,-0.047945205479452135,-0.06210045662100472,0.011415525114155223,0.025570776255707806,0.005936073059360725,0.012785388127853903
248,248,0.7031963470319634,0.5323741007194245,0.6617168777815816,0.921858952413557,-0.005479452054794609,0.0018264840182647957,0.005479452054794498,-0.007305936073059405,-0.0036529680365297024,0.013698630136986245,-0.00136986301369868,0.00913242009132409
249,249,0.7351598173515982,0.5915492957746479,0.6967648065730914,0.7404998288257446,0.007762557077625631,-0.01050228310502277,-0.012328767123287676,-0.034703196347031895,-0.00639269406392684,0.019178082191780743,0.01963470319634697,0.0091324200913242
