,random_seed,accuracy,f1,balanced_acc,auc,feature_importance.fronttop_CO2_scaled,feature_importance.fronttop_CO2_fd1_scaled,feature_importance.fronttop_CO2_fd2_scaled,feature_importance.fronttop_CO2_fd3_scaled
0,0,0.8995433789954338,0.8804347826086957,0.8969103046901746,0.9150975693255734,0.30319634703196363,0.012328767123287787,0.04885844748858448,0.01735159817351606
1,1,0.8447488584474886,0.8,0.8301951386511468,0.9392331393358437,0.18858447488584473,0.029680365296803735,-0.00045662100456611565,0.0031963470319634757
2,2,0.8812785388127854,0.8673469387755102,0.8871533721328313,0.9244265662444368,0.4707762557077626,0.03378995433789955,0.09223744292237435,0.026484018264840148
3,3,0.867579908675799,0.8379888268156425,0.8603646011639849,0.9294762067785004,0.2990867579908675,0.013242009132419907,0.004566210045662045,-0.02876712328767117
4,4,0.8127853881278538,0.8056872037914692,0.828098254022595,0.9205751454981171,0.40319634703196344,0.045205479452054775,0.1552511415525113,0.04794520547945191
5,5,0.776255707762557,0.6474820143884892,0.7366912016432728,0.937264635398836,0.03515981735159812,0.015068493150684925,-0.012328767123287787,-0.0009132420091324533
6,6,0.867579908675799,0.8342857142857143,0.8573690516946251,0.9467648065730915,0.4118721461187214,0.042465753424657526,-0.016894977168949832,-0.005022831050228382
7,7,0.8493150684931506,0.8070175438596491,0.8356299212598426,0.9167237247517972,0.12009132420091317,0.01963470319634708,0.020091324200913196,0.012328767123287565
8,8,0.8995433789954338,0.8791208791208791,0.8954125299554947,0.935980828483396,0.263013698630137,0.026027397260274032,0.028310502283105055,0.058447488584475016
9,9,0.8584474885844748,0.8208092485549133,0.8464994864772338,0.9126155426223895,0.3926940639269406,0.010958904109588996,0.021917808219177992,0.09086757990867578
10,10,0.821917808219178,0.7636363636363637,0.8030212256076686,0.9294762067785006,0.1315068493150684,0.008675799086757863,0.012328767123287676,0.007762557077625409
11,11,0.863013698630137,0.8275862068965517,0.8519342690859295,0.9250256761383089,0.2922374429223745,-0.004566210045662045,0.029223744292237508,0.005479452054794609
12,12,0.8447488584474886,0.8,0.8301951386511468,0.9083361862375898,0.252054794520548,0.010045662100456654,-0.002739726027397249,0.037442922374429366
13,13,0.771689497716895,0.6428571428571429,0.7327541937692571,0.9184354673057171,0.045662100456621,0.030593607305935966,0.031963470319634646,0.020547945205479534
14,14,0.8858447488584474,0.8603351955307262,0.8791081821294078,0.9394899007189318,0.36255707762557066,0.024657534246575352,0.020091324200913085,-0.005936073059360614
15,15,0.8493150684931506,0.8070175438596491,0.8356299212598426,0.9314447107155084,0.32785388127853876,0.0022831050228310223,0.028310502283104944,-0.007762557077625631
16,16,0.8036529680365296,0.7152317880794702,0.7737932214994865,0.9233995207120849,0.03698630136986303,0.016438356164383494,0.0474885844748858,0.052968036529680296
17,17,0.8538812785388128,0.813953488372093,0.8410647038685382,0.9141561109209175,0.2863013698630137,0.022831050228310668,-0.00045662100456611565,0.005022831050228382
18,18,0.9223744292237442,0.9090909090909091,0.922586442998973,0.9368366997603559,0.4018264840182648,0.11141552511415531,0.04155251141552507,0.01735159817351606
19,19,0.8584474885844748,0.8187134502923976,0.8450017117425539,0.9335843889079083,0.1168949771689497,0.007305936073059405,0.06484018264840175,0.004566210045662045
20,20,0.8812785388127854,0.8571428571428571,0.8766689489900719,0.9249400890106128,0.34383561643835625,0.009589041095890538,0.045205479452054775,0.04063926940639273
21,21,0.8447488584474886,0.8,0.8301951386511468,0.9249400890106128,0.17579908675799094,0.0237442922374429,0.0036529680365295913,0.0091324200913242
22,22,0.7945205479452054,0.697986577181208,0.7629236562820951,0.9152687435809654,0.06438356164383552,0.04063926940639262,0.05936073059360725,0.047945205479452135
23,23,0.8584474885844748,0.8208092485549133,0.8464994864772338,0.9317870592262923,0.11050228310502286,0.004566210045662045,0.00273972602739736,0.0031963470319634757
24,24,0.8447488584474886,0.8,0.8301951386511468,0.9347826086956522,0.1515981735159816,0.026027397260274143,0.0036529680365298134,-0.0091324200913242
25,25,0.8082191780821918,0.7407407407407407,0.7867168777815816,0.8957548784662787,0.31643835616438354,-0.017808219178082174,-0.029680365296803735,0.029223744292237397
26,26,0.8493150684931506,0.7975460122699386,0.8296388223211228,0.9330708661417323,0.10319634703196345,0.047945205479452024,0.07168949771689492,0.0511415525114155
27,27,0.821917808219178,0.7636363636363637,0.8030212256076686,0.9311879493324204,0.09543378995433782,0.016894977168949832,0.016438356164383494,0.04566210045662089
28,28,0.8538812785388128,0.8024691358024691,0.8335758301951386,0.9432557343375555,0.22237442922374429,0.0237442922374429,0.0031963470319634757,0.004109589041095929
29,29,0.867579908675799,0.8342857142857143,0.8573690516946251,0.9263094830537487,0.16484018264840183,0.010958904109589107,0.015068493150684814,0.013698630136986245
30,30,0.8812785388127854,0.8539325842696629,0.8736733995207121,0.9291338582677166,0.3703196347031963,0.012328767123287787,0.002739726027397249,0.013242009132420018
31,31,0.8584474885844748,0.8208092485549133,0.8464994864772338,0.919205751454981,0.19680365296803648,0.010045662100456543,0.005936073059360614,0.01050228310502288
32,32,0.8584474885844748,0.8208092485549133,0.8464994864772338,0.9289626840123245,0.1077625570776255,0.010958904109588996,-0.0022831050228311334,0.008675799086757974
33,33,0.8447488584474886,0.8,0.8301951386511468,0.9028586100650462,0.27442922374429224,0.0022831050228310223,0.010045662100456654,-0.011415525114155223
34,34,0.8584474885844748,0.845771144278607,0.8674683327627525,0.9327285176309483,0.4785388127853881,0.13561643835616444,0.042465753424657526,0.06712328767123288
35,35,0.8538812785388128,0.813953488372093,0.8410647038685382,0.9321294077370763,0.14520547945205475,0.032420091324200984,0.03196347031963476,0.0022831050228310223
36,36,0.817351598173516,0.7402597402597403,0.7900975693255734,0.9300753166723725,0.06255707762557083,0.026940639269406375,0.0420091324200913,0.013698630136986356
37,37,0.8493150684931506,0.8070175438596491,0.8356299212598426,0.9352961314618281,0.2904109589041096,0.02465753424657524,-0.0091324200913242,0.0018264840182647957
38,38,0.9041095890410958,0.8900523560209425,0.90683841150291,0.9079938377268059,0.4589041095890411,0.00136986301369868,0.0004566210045662267,0.08767123287671241
39,39,0.91324200913242,0.8994708994708994,0.9147124272509415,0.9440260184868197,0.47534246575342465,0.01963470319634708,0.03013698630136985,0.010045662100456543
40,40,0.8538812785388128,0.8072289156626506,0.8365713796644985,0.936494351249572,0.4159817351598174,0.04840182648401825,0.05159817351598173,0.017808219178082174
41,41,0.8767123287671232,0.847457627118644,0.8682386169120164,0.9322149948647723,0.3073059360730592,0.006849315068493178,0.0091324200913242,0.012785388127853792
42,42,0.8538812785388128,0.813953488372093,0.8410647038685382,0.905939746662102,0.306392694063927,0.014611872146118698,0.005936073059360725,0.002739726027397138
43,43,0.9041095890410958,0.8877005347593583,0.9038428620335501,0.9251968503937008,0.454337899543379,0.002739726027397249,0.08767123287671241,0.0894977168949771
44,44,0.8995433789954338,0.8791208791208791,0.8954125299554947,0.937692571037316,0.38812785388127846,0.049315068493150815,0.023287671232876672,0.026940639269406486
45,45,0.8584474885844748,0.8208092485549133,0.8464994864772338,0.9269085929476207,0.13835616438356158,0.010958904109588996,0.01598173515981749,0.0
46,46,0.8721461187214612,0.8409090909090909,0.8628038343033209,0.9363231769941802,0.3397260273972602,0.03561643835616446,-0.0022831050228310223,-0.012785388127853792
47,47,0.867579908675799,0.8342857142857143,0.8573690516946251,0.9230571722013009,0.3100456621004566,-0.010045662100456654,-0.008219178082191747,0.0237442922374429
48,48,0.8584474885844748,0.8208092485549133,0.8464994864772338,0.9305032523108524,0.25114155251141557,0.01324200913242013,0.0036529680365295913,0.013698630136986245
49,49,0.91324200913242,0.8972972972972973,0.9117168777815816,0.9432557343375556,0.4397260273972602,0.061187214611872154,0.043835616438356095,0.06666666666666654
50,50,0.8356164383561644,0.7857142857142857,0.8193255734337556,0.9328996918863403,0.20000000000000007,0.005479452054794498,0.007305936073059405,-0.007305936073059294
51,51,0.8584474885844748,0.8228571428571428,0.8479972612119138,0.9001198219787743,0.12100456621004563,0.015981735159817267,-0.0018264840182649067,0.01415525114155236
52,52,0.8904109589041096,0.8666666666666667,0.8845429647381033,0.9388052036973639,0.3849315068493151,0.054337899543378976,0.05890410958904113,-0.0022831050228311334
53,53,0.8538812785388128,0.813953488372093,0.8410647038685382,0.9146696336870933,0.2205479452054796,-0.0036529680365295913,0.018721461187214627,-0.01689497716894972
54,54,0.867579908675799,0.8465608465608465,0.8678534748373845,0.9330708661417322,0.43926940639269396,0.015981735159817267,0.005936073059360614,0.012328767123287676
55,55,0.8538812785388128,0.813953488372093,0.8410647038685382,0.9274221157137965,0.23333333333333328,0.0,-0.001369863013698569,-0.010958904109589107
56,56,0.8904109589041096,0.8666666666666667,0.8845429647381033,0.9442827798699076,0.17579908675799083,0.059817351598173585,0.045662100456621,0.032420091324200984
57,57,0.8584474885844748,0.8208092485549133,0.8464994864772338,0.9296473810338924,0.09041095890410966,0.0009132420091324533,0.010045662100456543,-0.0004566210045662267
58,58,0.8401826484018264,0.7928994082840237,0.8247603560424512,0.9338411502909962,0.21050228310502272,0.0031963470319635867,0.002739726027397138,-0.00410958904109604
59,59,0.8310502283105022,0.7701863354037267,0.8093974666210202,0.9206607326258132,0.15844748858447477,0.05388127853881264,0.021917808219178103,0.016438356164383494
60,60,0.8584474885844748,0.8208092485549133,0.8464994864772338,0.920917494008901,0.25844748858447497,-0.00410958904109604,0.017808219178082174,0.005022831050228382
61,61,0.9223744292237442,0.9090909090909091,0.922586442998973,0.9501882916809311,0.5077625570776255,0.00776255707762552,0.01689497716894972,0.07168949771689515
62,62,0.8493150684931506,0.8070175438596491,0.8356299212598426,0.9264806573091406,0.10136986301369866,0.001369863013698569,0.0004566210045662267,-0.0009132420091323423
63,63,0.867579908675799,0.8342857142857143,0.8573690516946251,0.9300753166723724,0.18904109589041085,-0.005022831050228271,-0.0091324200913242,0.0018264840182649067
64,64,0.8447488584474886,0.8,0.8301951386511468,0.9410304690174598,0.17945205479452053,0.05662100456621,-0.0009132420091323423,0.007305936073059405
65,65,0.8538812785388128,0.813953488372093,0.8410647038685382,0.9168093118794932,0.2246575342465753,0.010045662100456654,0.004566210045662045,0.006849315068493178
66,66,0.863013698630137,0.8275862068965517,0.8519342690859295,0.9263094830537486,0.17625570776255717,0.0036529680365297024,0.005936073059360725,0.0018264840182647957
67,67,0.8812785388127854,0.8539325842696629,0.8736733995207121,0.9338411502909961,0.2808219178082192,0.020091324200913308,0.004566210045662156,0.005936073059360725
68,68,0.91324200913242,0.8994708994708994,0.9147124272509415,0.9395754878466277,0.36438356164383556,0.06484018264840175,0.011415525114155334,0.010958904109588996
69,69,0.8538812785388128,0.8072289156626506,0.8365713796644985,0.9411160561451558,0.05525114155251143,0.08904109589041098,0.026940639269406375,0.0237442922374429
70,70,0.8584474885844748,0.8208092485549133,0.8464994864772338,0.9118452584731257,0.28767123287671226,0.01826484018264829,0.0022831050228310223,-0.007762557077625631
71,71,0.9041095890410958,0.8852459016393442,0.9008473125641904,0.9421431016775077,0.384931506849315,0.0273972602739726,0.020547945205479423,0.014611872146118587
72,72,0.8538812785388128,0.813953488372093,0.8410647038685382,0.9075659020883258,0.17762557077625574,0.0420091324200913,0.00273972602739736,0.03333333333333344
73,73,0.8538812785388128,0.8160919540229885,0.8425624786032181,0.9100479287915096,0.18858447488584473,0.01415525114155236,-0.001369863013698569,-0.001369863013698569
74,74,0.8264840182648402,0.7564102564102564,0.8009671345429648,0.9303320780554605,0.14018264840182648,0.017808219178082174,0.0036529680365295913,0.008675799086757974
75,75,0.8584474885844748,0.8208092485549133,0.8464994864772338,0.9325573433755562,0.21598173515981745,0.07899543378995433,0.022831050228310446,0.08812785388127864
76,76,0.8493150684931506,0.835820895522388,0.8580965422800411,0.9330708661417324,0.45022831050228307,-0.015525114155251263,0.020547945205479312,-0.0036529680365297024
77,77,0.8538812785388128,0.813953488372093,0.8410647038685382,0.93675111263266,0.08995433789954332,0.0036529680365298134,0.0004566210045663377,0.0036529680365295913
78,78,0.8447488584474886,0.8,0.8301951386511468,0.9209174940089011,0.17077625570776245,0.01324200913242013,0.00502283105022816,0.008675799086757974
79,79,0.867579908675799,0.8342857142857143,0.8573690516946251,0.9165525504964053,0.35707762557077616,0.0009132420091324533,0.004566210045662045,0.01415525114155236
80,80,0.867579908675799,0.8342857142857143,0.8573690516946251,0.9338411502909962,0.24520547945205484,0.05662100456621,-0.005479452054794609,0.02739726027397249
81,81,0.91324200913242,0.8994708994708994,0.9147124272509415,0.9245977404998288,0.397716894977169,0.006849315068493067,0.04337899543378998,0.03424657534246556
82,82,0.8995433789954338,0.8791208791208791,0.8954125299554947,0.9364943512495721,0.365296803652968,0.05022831050228305,0.04429223744292243,0.011415525114155334
83,83,0.91324200913242,0.8972972972972973,0.9117168777815816,0.9311023622047244,0.42146118721461184,0.04337899543378998,0.010045662100456543,0.023744292237442788
84,84,0.8493150684931506,0.8070175438596491,0.8356299212598426,0.9150119821978776,0.12237442922374431,0.01826484018264829,0.029680365296803735,0.01826484018264829
85,85,0.8721461187214612,0.8426966292134831,0.8643016090380007,0.919890448476549,0.24155251141552503,0.020091324200913308,0.004566210045662156,0.06164383561643838
86,86,0.8584474885844748,0.8208092485549133,0.8464994864772338,0.9423998630605958,0.35342465753424657,-0.004566210045662156,0.07168949771689492,0.03561643835616435
87,87,0.9178082191780822,0.9042553191489362,0.9186494351249572,0.9447107155083876,0.3611872146118721,0.03150684931506842,0.021461187214611877,0.018721461187214627
88,88,0.908675799086758,0.8913043478260869,0.906282095172886,0.93846285518658,0.3155251141552511,0.02100456621004565,0.07077625570776247,0.047945205479452024
89,89,0.8538812785388128,0.813953488372093,0.8410647038685382,0.9385484423142759,0.2735159817351599,0.01187214611872156,0.010958904109589107,-0.020091324200913308
90,90,0.8767123287671232,0.847457627118644,0.8682386169120164,0.9229715850736048,0.3214611872146117,0.004566210045662045,0.01735159817351606,0.01963470319634708
91,91,0.91324200913242,0.8983957219251337,0.9132146525162615,0.9249400890106128,0.4757990867579909,0.09680365296803661,0.0365296803652968,0.1369863013698629
92,92,0.8356164383561644,0.8252427184466019,0.8477832933926737,0.9303320780554604,0.42694063926940645,0.057077625570776225,0.08949771689497721,-0.007305936073059294
93,93,0.7031963470319634,0.48,0.6512324546388224,0.9274221157137966,0.01963470319634697,0.03378995433789955,0.022831050228310446,0.07123287671232892
94,94,0.8538812785388128,0.813953488372093,0.8410647038685382,0.9306744265662443,0.21780821917808235,-0.001369863013698569,0.010958904109589107,-0.005022831050228271
95,95,0.7534246575342466,0.6029411764705882,0.7110150633344745,0.9317014720985963,0.004566210045662156,0.02100456621004576,0.0182648401826484,0.01735159817351606
96,96,0.9223744292237442,0.9090909090909091,0.922586442998973,0.9248545018829167,0.4534246575342466,0.020547945205479312,0.04703196347031957,0.06575342465753431
97,97,0.8995433789954338,0.8804347826086957,0.8969103046901746,0.938291680931188,0.4885844748858448,0.11278538812785388,0.10639269406392704,0.019178082191780743
98,98,0.8721461187214612,0.8409090909090909,0.8628038343033209,0.9412016432728517,0.36438356164383556,0.03926940639269416,0.012328767123287676,-0.0018264840182649067
99,99,0.8493150684931506,0.8047337278106509,0.8341321465251625,0.935809654228004,0.15205479452054793,-0.0004566210045662267,0.020091324200913196,0.010958904109588996
100,100,0.9223744292237442,0.9090909090909091,0.922586442998973,0.9367511126326601,0.5383561643835616,0.045205479452054886,0.01187214611872145,0.09726027397260273
101,101,0.7808219178082192,0.6962025316455697,0.7556059568640876,0.8852276617596714,0.19543378995433802,-0.021917808219177992,0.024200913242009126,0.01963470319634708
102,102,0.8538812785388128,0.8160919540229885,0.8425624786032181,0.920917494008901,0.5196347031963471,0.15616438356164386,0.13789954337899535,0.11004566210045663
103,103,0.8949771689497716,0.8729281767955801,0.8899777473467991,0.9376069839096199,0.4,0.034703196347032006,0.012328767123287676,0.009589041095890316
104,104,0.8584474885844748,0.845771144278607,0.8674683327627525,0.9455665867853474,0.43515981735159814,0.07990867579908667,0.004566210045662045,0.02237442922374422
105,105,0.8858447488584474,0.8633879781420765,0.8821037315987675,0.9358952413557001,0.4251141552511416,0.021461187214611877,0.025570776255707695,-0.001369863013698569
106,106,0.8538812785388128,0.813953488372093,0.8410647038685382,0.921944539541253,0.22374429223744285,0.010045662100456432,-0.004109589041095818,0.0009132420091324533
107,107,0.8767123287671232,0.8491620111731844,0.8697363916466964,0.9091064703868538,0.4146118721461187,0.021461187214611877,0.0091324200913242,0.02602739726027381
108,108,0.867579908675799,0.8342857142857143,0.8573690516946251,0.9462512838069155,0.2534246575342466,-0.014611872146118698,0.03013698630136974,-0.010045662100456654
109,109,0.863013698630137,0.8275862068965517,0.8519342690859295,0.9140705237932215,0.13013698630136994,0.010958904109589107,0.01598173515981738,0.024657534246575352
110,110,0.8767123287671232,0.847457627118644,0.8682386169120164,0.920831906881205,0.35844748858447484,0.041095890410958846,-0.007305936073059294,0.007305936073059294
111,111,0.8584474885844748,0.8208092485549133,0.8464994864772338,0.9442827798699075,0.28721461187214614,0.0675799086757991,-0.006392694063927062,-0.01872146118721474
112,112,0.8493150684931506,0.8070175438596491,0.8356299212598426,0.922885997945909,0.1552511415525114,0.006392694063926951,0.0018264840182646847,0.0022831050228310223
113,113,0.863013698630137,0.8275862068965517,0.8519342690859295,0.9240842177336529,0.1511415525114156,-0.0009132420091324533,0.03013698630136996,-0.004566210045662045
114,114,0.8538812785388128,0.8160919540229885,0.8425624786032181,0.905854159534406,0.4082191780821919,0.11598173515981725,0.02100456621004554,0.04155251141552507
115,115,0.7853881278538812,0.7813953488372093,0.8029784320438206,0.8866826429305033,0.4027397260273972,0.04429223744292232,0.00776255707762552,0.06301369863013706
116,116,0.863013698630137,0.8275862068965517,0.8519342690859295,0.9277644642245807,0.27442922374429235,0.044292237442922544,0.0273972602739726,0.016894977168949832
117,117,0.8584474885844748,0.8208092485549133,0.8464994864772338,0.9075659020883259,0.15479452054794518,0.03105022831050208,0.02511415525114158,0.040182648401826504
118,118,0.8995433789954338,0.8791208791208791,0.8954125299554947,0.9281068127353647,0.3155251141552511,0.017808219178082174,1.1102230246251565e-16,0.04337899543378998
119,119,0.8995433789954338,0.8791208791208791,0.8954125299554947,0.9188634029441972,0.4273972602739726,0.04155251141552507,0.009589041095890427,0.0036529680365297024
120,120,0.863013698630137,0.8275862068965517,0.8519342690859295,0.9192913385826772,0.24383561643835616,0.015525114155251152,0.011415525114155223,0.001369863013698569
121,121,0.908675799086758,0.8913043478260869,0.906282095172886,0.9470215679561794,0.40776255707762565,0.037442922374429144,0.011415525114155334,0.020547945205479534
122,122,0.867579908675799,0.8342857142857143,0.8573690516946251,0.907993837726806,0.32100456621004547,0.0036529680365295913,0.00776255707762552,0.019178082191780743
123,123,0.867579908675799,0.8284023668639053,0.8528757274905854,0.9133002396439576,0.4821917808219178,0.09634703196347039,0.043835616438356095,0.01324200913242013
124,124,0.8904109589041096,0.8681318681318682,0.8860407394727834,0.9273365285861006,0.34200913242009134,0.012328767123287787,0.017351598173515947,0.004566210045662156
125,125,0.8812785388127854,0.8488372093023255,0.8691800753166723,0.9362375898664841,0.07168949771689492,0.09589041095890416,0.014155251141552694,0.028310502283105055
126,126,0.8356164383561644,0.775,0.8133344744950359,0.9293050325231085,0.15753424657534243,0.01735159817351606,0.0,0.041552511415525184
127,127,0.8949771689497716,0.8756756756756757,0.8929732968161588,0.922543649435125,0.2484018264840181,0.031050228310502193,0.08356164383561637,0.05753424657534234
128,128,0.8082191780821918,0.8,0.8226634714138994,0.9186066415611092,0.4054794520547945,-0.015525114155251152,0.07716894977168953,-0.041552511415525184
129,129,0.867579908675799,0.8342857142857143,0.8573690516946251,0.9336699760356041,0.39315068493150684,0.258904109589041,0.22739726027397256,0.27305936073059356
130,130,0.8538812785388128,0.813953488372093,0.8410647038685382,0.9178363574118452,0.09726027397260284,0.017808219178082174,0.02237442922374433,0.020091324200913308
131,131,0.8493150684931506,0.8070175438596491,0.8356299212598426,0.9281923998630607,0.2885844748858447,-0.0018264840182650177,0.009589041095890427,0.0036529680365297024
132,132,0.8538812785388128,0.813953488372093,0.8410647038685382,0.9282779869907566,0.10639269406392704,0.032420091324200984,0.009589041095890538,0.011415525114155445
133,133,0.8995433789954338,0.8804347826086957,0.8969103046901746,0.9385484423142759,0.4634703196347032,0.03287671232876699,0.037442922374429255,0.009589041095890427
134,134,0.8447488584474886,0.8,0.8301951386511468,0.9418863402944199,0.271689497716895,0.011415525114155334,-0.00045662100456611565,-0.0031963470319634757
135,135,0.867579908675799,0.8342857142857143,0.8573690516946251,0.9340979116740843,0.2429223744292237,0.012328767123287676,0.03424657534246578,0.0004566210045663377
136,136,0.8310502283105022,0.7672955974842768,0.8078996918863403,0.9352961314618281,0.0328767123287671,0.01689497716894961,1.1102230246251565e-16,-0.020547945205479534
137,137,0.8493150684931506,0.8070175438596491,0.8356299212598426,0.9222868880520368,0.10730593607305938,0.01963470319634686,0.0031963470319634757,0.0036529680365295913
138,138,0.8401826484018264,0.782608695652174,0.8187692571037316,0.9192057514549811,0.13744292237442923,0.01415525114155236,0.022831050228310557,0.010502283105022658
139,139,0.9041095890410958,0.8852459016393442,0.9008473125641904,0.9200616227319411,0.33652968036529674,0.02100456621004565,0.0365296803652968,0.05022831050228305
140,140,0.8767123287671232,0.847457627118644,0.8682386169120164,0.9257959602875727,0.21050228310502284,0.026484018264840037,0.013242009132419907,0.022374429223744108
141,141,0.9041095890410958,0.8852459016393442,0.9008473125641904,0.9293050325231085,0.4036529680365297,0.05799086757990868,0.00913242009132409,0.022831050228310557
142,142,0.8493150684931506,0.8070175438596491,0.8356299212598426,0.922885997945909,0.18904109589041096,0.014611872146118698,0.012328767123287565,0.0018264840182647957
143,143,0.8767123287671232,0.847457627118644,0.8682386169120164,0.9239130434782608,0.4246575342465754,0.028310502283104944,0.013242009132419907,-0.015981735159817267
144,144,0.8584474885844748,0.8208092485549133,0.8464994864772338,0.9310167750770284,0.298173515981735,0.008675799086757974,0.018264840182648512,-0.005936073059360725
145,145,0.7945205479452054,0.697986577181208,0.7629236562820951,0.9350393700787403,0.07945205479452044,0.008675799086757974,-0.028310502283105055,-0.027853881278538828
146,146,0.7579908675799086,0.7253886010362695,0.7583875385142075,0.8954981170831906,0.35022831050228304,0.010958904109589107,0.0009132420091323423,-0.006849315068493178
147,147,0.8904109589041096,0.8666666666666667,0.8845429647381033,0.9349537829510443,0.328310502283105,0.03972602739726028,0.0365296803652968,0.0273972602739726
148,148,0.9041095890410958,0.8900523560209425,0.90683841150291,0.9294762067785005,0.4611872146118721,0.12511415525114156,0.09178082191780812,0.020091324200913308
149,149,0.8767123287671232,0.847457627118644,0.8682386169120164,0.9302464909277645,0.43881278538812785,-0.0018264840182649067,0.08401826484018249,0.031050228310502193
150,150,0.9223744292237442,0.9090909090909091,0.922586442998973,0.9342690859294761,0.4872146118721461,0.09406392694063925,0.007305936073059183,0.014155251141552472
151,151,0.6301369863013698,0.25688073394495414,0.5642759328996919,0.9157822663471415,0.015525114155251152,-0.009589041095890538,0.0273972602739726,0.03926940639269405
152,152,0.8493150684931506,0.8070175438596491,0.8356299212598426,0.937778158165012,0.252054794520548,0.010045662100456543,0.004566210045662045,0.005022831050228382
153,153,0.8447488584474886,0.8,0.8301951386511468,0.9328141047586443,0.2114155251141553,0.012328767123287676,-0.005936073059360725,-0.013698630136986245
154,154,0.8538812785388128,0.8,0.8320780554604588,0.9331564532694283,0.18127853881278544,0.019178082191780854,0.007762557077625631,0.001369863013698791
155,155,0.8904109589041096,0.8666666666666667,0.8845429647381033,0.936579938377268,0.29954337899543393,0.008219178082191858,0.05890410958904113,0.031050228310502304
156,156,0.8447488584474886,0.8,0.8301951386511468,0.9179219445395412,0.1589041095890411,0.006849315068493067,0.023287671232876783,0.024200913242009237
157,157,0.776255707762557,0.6524822695035462,0.7381889763779528,0.9298185552892844,0.05662100456621,0.030593607305936077,0.029223744292237397,0.03698630136986303
158,158,0.8493150684931506,0.8070175438596491,0.8356299212598426,0.923998630605957,0.16118721461187202,0.0022831050228310223,0.010958904109588996,0.009589041095890427
159,159,0.7579908675799086,0.6187050359712231,0.71794762067785,0.9213454296473811,0.04292237442922364,0.07397260273972606,0.05205479452054795,0.12876712328767115
160,160,0.8584474885844748,0.8208092485549133,0.8464994864772338,0.9415439917836358,0.21232876712328763,0.023287671232876672,-0.0022831050228311334,0.0365296803652968
161,161,0.863013698630137,0.85,0.8714053406367682,0.9303320780554605,0.4456621004566211,0.01872146118721474,0.12831050228310503,0.02602739726027392
162,162,0.8356164383561644,0.7857142857142857,0.8193255734337556,0.9302464909277645,0.20045662100456618,-0.005022831050228271,0.007305936073059405,0.005022831050228382
163,163,0.7808219178082192,0.6619718309859155,0.7436237589866485,0.9181787059226292,0.09086757990867578,0.06164383561643838,0.0785388127853881,0.04155251141552507
164,164,0.8127853881278538,0.7248322147651006,0.781667237247518,0.919291338582677,0.12100456621004563,-0.005022831050228382,0.010045662100456654,0.013242009132420018
165,165,0.8584474885844748,0.8208092485549133,0.8464994864772338,0.9279356384799725,0.19132420091324187,0.013698630136986245,0.005936073059360614,0.011415525114155223
166,166,0.867579908675799,0.8342857142857143,0.8573690516946251,0.9416295789113317,0.27442922374429213,0.04337899543378998,0.06666666666666654,0.017351598173515836
167,167,0.7899543378995434,0.7051282051282052,0.7634799726121191,0.9227148236905169,0.057077625570776336,0.033333333333333326,0.046575342465753566,0.0036529680365297024
168,168,0.8995433789954338,0.8804347826086957,0.8969103046901746,0.9358952413557,0.4356164383561645,0.046575342465753455,0.027853881278538828,0.042465753424657526
169,169,0.8493150684931506,0.8070175438596491,0.8356299212598426,0.9262238959260527,0.23105022831050226,-0.0009132420091323423,0.005479452054794498,-0.0036529680365297024
170,170,0.863013698630137,0.8275862068965517,0.8519342690859295,0.9245121533721329,0.3885844748858448,0.024200913242009015,-0.009589041095890427,-0.00502283105022816
171,171,0.9041095890410958,0.8900523560209425,0.90683841150291,0.9239130434782608,0.3940639269406392,0.059817351598173585,0.014155251141552472,0.06666666666666654
172,172,0.9223744292237442,0.9090909090909091,0.922586442998973,0.9367511126326601,0.46073059360730584,0.11598173515981747,0.1515981735159817,0.15844748858447477
173,173,0.8949771689497716,0.8756756756756757,0.8929732968161588,0.9231427593289969,0.33835616438356153,0.05022831050228305,0.01461187214611881,0.008675799086757863
174,174,0.8767123287671232,0.8571428571428571,0.8772252653200958,0.921516603902773,0.4634703196347032,0.05068493150684927,0.19269406392694055,0.05890410958904102
175,175,0.8812785388127854,0.8571428571428571,0.8766689489900719,0.8968675111263266,0.3506849315068493,0.014155251141552472,-0.013242009132420018,-0.013698630136986356
176,176,0.8584474885844748,0.8208092485549133,0.8464994864772338,0.9393187264635399,0.3963470319634703,0.014611872146118698,-0.019178082191780854,-0.031963470319634646
177,177,0.863013698630137,0.8275862068965517,0.8519342690859295,0.907651489216022,0.3484018264840183,0.0,0.011415525114155223,0.01050228310502277
178,178,0.8904109589041096,0.8762886597938144,0.8950273878808628,0.9403457719958918,0.4981735159817352,0.02876712328767117,0.07260273972602738,0.03561643835616457
179,179,0.8904109589041096,0.8695652173913043,0.8875385142074632,0.9018315645326943,0.3132420091324202,0.011415525114155334,0.013698630136986356,0.014611872146118587
180,180,0.8949771689497716,0.8729281767955801,0.8899777473467991,0.9270797672030127,0.3178082191780821,0.06484018264840175,0.037442922374429255,0.012328767123287565
181,181,0.8949771689497716,0.8743169398907104,0.891475522081479,0.9268230058199247,0.4844748858447488,0.0712328767123287,0.12100456621004563,0.1643835616438356
182,182,0.91324200913242,0.8972972972972973,0.9117168777815816,0.9331564532694283,0.4013698630136986,0.016438356164383494,0.005022831050228493,0.01461187214611881
183,183,0.867579908675799,0.8342857142857143,0.8573690516946251,0.9257959602875727,0.3155251141552511,-0.009589041095890538,-0.014155251141552583,0.025570776255707584
184,184,0.8401826484018264,0.7904191616766467,0.8232625813077713,0.9306744265662444,0.12648401826484013,0.00776255707762552,0.022831050228310334,0.005479452054794498
185,185,0.7808219178082192,0.6666666666666666,0.7451215337213283,0.9239986306059568,0.036073059360730686,0.03150684931506853,0.06940639269406401,0.0876712328767123
186,186,0.8538812785388128,0.813953488372093,0.8410647038685382,0.9277644642245806,0.21278538812785386,0.007305936073059294,0.0009132420091324533,0.010958904109588885
187,187,0.821917808219178,0.7636363636363637,0.8030212256076686,0.9201472098596372,0.09999999999999998,0.004566210045662156,0.036073059360730575,0.08630136986301373
188,188,0.8447488584474886,0.7976190476190477,0.828697363916467,0.9384628551865799,0.32968036529680367,-0.01050228310502277,-0.0091324200913242,-0.03652968036529669
189,189,0.8767123287671232,0.8421052631578947,0.8637452927079767,0.9218589524135571,0.1698630136986301,0.0803652968036529,0.04337899543378987,0.027853881278538828
190,190,0.8538812785388128,0.813953488372093,0.8410647038685382,0.920318384115029,0.169406392694064,0.0036529680365295913,0.0036529680365298134,0.0036529680365298134
191,191,0.867579908675799,0.8342857142857143,0.8573690516946251,0.9274221157137966,0.2789954337899543,0.019178082191780743,0.030593607305935966,0.014611872146118698
192,192,0.8401826484018264,0.7928994082840237,0.8247603560424512,0.9340123245463883,0.14748858447488566,0.004109589041095818,0.0365296803652968,0.01552511415525104
193,193,0.8538812785388128,0.813953488372093,0.8410647038685382,0.9340979116740842,0.330593607305936,0.007305936073059294,0.015981735159817267,-0.010958904109589107
194,194,0.8264840182648402,0.75,0.7979715850736049,0.9263950701814447,0.08356164383561648,0.022831050228310557,0.062100456621004496,0.009589041095890427
195,195,0.863013698630137,0.8275862068965517,0.8519342690859295,0.9300753166723724,0.14109589041095894,0.020091324200913308,0.0009132420091324533,0.004109589041095929
196,196,0.8858447488584474,0.8717948717948718,0.891090380006847,0.937863745292708,0.47534246575342465,0.0328767123287671,0.0018264840182647957,0.0091324200913242
197,197,0.867579908675799,0.8342857142857143,0.8573690516946251,0.9301609038000683,0.298173515981735,0.041095890410958735,0.008675799086757974,0.002739726027397138
198,198,0.8401826484018264,0.8275862068965517,0.8502225265320096,0.8885655597398151,0.40730593607305937,0.021917808219178103,0.055707762557077656,0.13105022831050228
199,199,0.8310502283105022,0.7784431137724551,0.8138907908250599,0.9002909962341663,0.2607305936073059,0.014155251141552472,0.030593607305936077,0.049315068493150704
200,200,0.8538812785388128,0.813953488372093,0.8410647038685382,0.9244265662444369,0.22009132420091337,-0.0018264840182646847,0.008675799086758085,0.0
201,201,0.8812785388127854,0.8539325842696629,0.8736733995207121,0.9315302978432044,0.2954337899543378,0.020091324200913308,0.04977168949771704,0.004566210045662156
202,202,0.8584474885844748,0.8208092485549133,0.8464994864772338,0.9400890106128037,0.1899543378995433,0.004109589041095929,0.018721461187214627,-0.027397260273972712
203,203,0.863013698630137,0.8275862068965517,0.8519342690859295,0.9306744265662443,0.20547945205479456,0.01598173515981738,-0.0004566210045663377,0.002739726027397249
204,204,0.8264840182648402,0.7564102564102564,0.8009671345429648,0.934953782951044,0.07534246575342463,0.005936073059360836,0.012785388127853903,-0.017351598173515947
205,205,0.91324200913242,0.8994708994708994,0.9147124272509415,0.9198048613488531,0.46073059360730595,0.07625570776255697,0.11735159817351593,0.051598173515981616
206,206,0.8493150684931506,0.8070175438596491,0.8356299212598426,0.9150975693255735,0.19954337899543384,0.014155251141552472,0.02237442922374422,0.0031963470319634757
207,207,0.863013698630137,0.8275862068965517,0.8519342690859295,0.9311023622047244,0.2648401826484019,0.014155251141552472,0.01324200913242013,0.014155251141552583
208,208,0.8538812785388128,0.84,0.8620335501540568,0.9288770968846284,0.44520547945205485,0.058447488584474905,0.08538812785388128,-0.013242009132419907
209,209,0.7808219178082192,0.6712328767123288,0.7466193084560082,0.919976035604245,0.0876712328767123,0.023287671232876783,0.03424657534246589,0.028310502283105055
210,210,0.8356164383561644,0.7857142857142857,0.8193255734337556,0.921345429647381,0.182648401826484,0.012328767123287676,0.01187214611872145,0.01187214611872145
211,211,0.867579908675799,0.8342857142857143,0.8573690516946251,0.9308456008216364,0.3301369863013697,-0.002739726027397249,0.020547945205479423,-0.0009132420091324533
212,212,0.8447488584474886,0.8,0.8301951386511468,0.9344402601848683,0.15799086757990877,0.0018264840182646847,0.011415525114155334,0.018721461187214627
213,213,0.8584474885844748,0.8208092485549133,0.8464994864772338,0.9191201643272852,0.2940639269406392,0.00502283105022816,0.017351598173515836,-0.006392694063927062
214,214,0.8538812785388128,0.813953488372093,0.8410647038685382,0.9154399178363575,0.15068493150684925,0.005479452054794498,0.008675799086758085,0.010502283105022991
215,215,0.8995433789954338,0.8791208791208791,0.8954125299554947,0.9241698048613488,0.32922374429223755,0.013698630136986356,0.03698630136986292,0.045205479452054886
216,216,0.9178082191780822,0.9032258064516129,0.9171516603902773,0.9098767545361177,0.410958904109589,0.04109589041095896,0.026940639269406375,0.04885844748858459
217,217,0.8584474885844748,0.8442211055276382,0.8659705580280725,0.9237418692228688,0.465296803652968,0.008219178082191636,0.06073059360730593,-0.018721461187214516
218,218,0.821917808219178,0.7636363636363637,0.8030212256076686,0.9261383087983567,0.18173515981735155,0.054337899543378976,0.007762557077625631,0.010045662100456654
219,219,0.863013698630137,0.8235294117647058,0.8489387196165696,0.9293050325231085,0.16118721461187213,0.013698630136986245,0.038812785388127824,0.05205479452054795
220,220,0.8584474885844748,0.8208092485549133,0.8464994864772338,0.9260527216706608,0.17442922374429215,0.010045662100456543,0.012328767123287676,0.00913242009132409
221,221,0.908675799086758,0.8947368421052632,0.9107754193769257,0.922115713796645,0.4963470319634704,0.09999999999999998,0.11826484018264838,0.058447488584474794
222,222,0.8538812785388128,0.813953488372093,0.8410647038685382,0.9169804861348853,0.05114155251141561,0.023287671232876783,0.02602739726027392,0.015068493150684814
223,223,0.8310502283105022,0.7672955974842768,0.8078996918863403,0.9304176651831564,0.08995433789954332,0.020547945205479312,0.029680365296803513,0.024200913242009126
224,224,0.8401826484018264,0.779874213836478,0.8172714823690517,0.9288770968846285,0.09634703196347028,0.010502283105022658,-0.0009132420091323423,0.021461187214611988
225,225,0.8447488584474886,0.8,0.8301951386511468,0.9448818897637795,0.4703196347031964,0.03013698630136985,0.04885844748858459,-0.05388127853881286
226,226,0.8721461187214612,0.8409090909090909,0.8628038343033209,0.9350393700787399,0.37625570776255707,0.03013698630136996,0.014155251141552583,0.017351598173515947
227,227,0.8447488584474886,0.8,0.8301951386511468,0.9359808284833961,0.3511415525114155,0.008219178082191858,-0.008675799086758085,-0.03515981735159812
228,228,0.8538812785388128,0.84,0.8620335501540568,0.919034577199589,0.41963470319634705,-0.018721461187214516,0.02100456621004576,0.05114155251141561
229,229,0.6027397260273972,0.1553398058252427,0.531667237247518,0.9181787059226294,0.014611872146118698,0.009589041095890316,0.01689497716894972,0.015981735159817267
230,230,0.8493150684931506,0.8070175438596491,0.8356299212598426,0.9386340294419718,0.3853881278538812,0.0031963470319634757,-0.00776255707762552,0.0018264840182647957
231,231,0.9041095890410958,0.8852459016393442,0.9008473125641904,0.9234851078397809,0.35114155251141554,0.005936073059360725,0.041095890410958846,0.03242009132420087
232,232,0.9041095890410958,0.8852459016393442,0.9008473125641904,0.9245977404998288,0.4031963470319635,0.026027397260274032,0.06255707762557072,0.05525114155251132
233,233,0.8584474885844748,0.8208092485549133,0.8464994864772338,0.9266518315645327,0.18675799086758005,0.00273972602739736,0.005479452054794498,0.006392694063926729
234,234,0.8721461187214612,0.8426966292134831,0.8643016090380007,0.9253680246490927,0.2552511415525114,0.026027397260274032,-0.006392694063926951,0.008219178082191747
235,235,0.863013698630137,0.8275862068965517,0.8519342690859295,0.922458062307429,0.21187214611872152,0.010958904109589107,-0.001369863013698569,-0.0031963470319634757
236,236,0.8767123287671232,0.850828729281768,0.8712341663813763,0.9178363574118452,0.40684931506849314,0.007762557077625631,0.014155251141552583,0.021461187214611877
237,237,0.867579908675799,0.8342857142857143,0.8573690516946251,0.9290482711400205,0.2191780821917808,0.03515981735159812,0.010958904109588885,0.007305936073059294
238,238,0.867579908675799,0.8342857142857143,0.8573690516946251,0.922543649435125,0.15799086757990866,0.010045662100456654,0.029223744292237286,0.015068493150684814
239,239,0.7168949771689498,0.515625,0.6675368024649093,0.9252824375213967,0.018264840182648512,0.04611872146118723,0.03652968036529669,0.03378995433789955
240,240,0.9041095890410958,0.8864864864864865,0.9023450872988703,0.9204039712427251,0.46438356164383554,0.03424657534246578,0.057077625570776225,0.033333333333333326
241,241,0.8538812785388128,0.813953488372093,0.8410647038685382,0.9250256761383088,0.1278538812785388,0.030593607305936077,-0.005936073059360836,0.0036529680365298134
242,242,0.8356164383561644,0.7857142857142857,0.8193255734337556,0.8954981170831906,0.23150684931506849,-0.0018264840182649067,0.011415525114155223,0.00776255707762552
243,243,0.8447488584474886,0.8,0.8301951386511468,0.9296473810338924,0.2187214611872147,-0.001369863013698569,0.004566210045662267,-0.011415525114155223
244,244,0.8538812785388128,0.813953488372093,0.8410647038685382,0.9367511126326601,0.15433789954337895,0.01598173515981749,0.02374429223744312,-0.008219178082191747
245,245,0.8721461187214612,0.8409090909090909,0.8628038343033209,0.937093461143444,0.36027397260273974,0.007305936073059516,0.00136986301369868,0.01552511415525104
246,246,0.8995433789954338,0.8791208791208791,0.8954125299554947,0.922201300924341,0.38447488584474876,0.06940639269406412,0.03515981735159823,0.017808219178082174
247,247,0.8401826484018264,0.7852760736196319,0.8202670318384115,0.9446251283806916,0.3433789954337899,0.0657534246575342,0.029680365296803624,0.04429223744292232
248,248,0.8493150684931506,0.8070175438596491,0.8356299212598426,0.9186066415611092,0.17671232876712317,0.008219178082191858,0.013242009132420018,0.002739726027397249
249,249,0.8812785388127854,0.8586956521739131,0.8781667237247518,0.9198048613488531,0.4018264840182648,0.06301369863013684,0.01050228310502288,0.037442922374429255
