,random_seed,accuracy,f1,balanced_acc,auc,feature_importance.backlow_CO2_scaled
0,0,0.7111111111111111,0.7004608294930875,0.72883295194508,0.7991173586139261,0.28977777777777786
1,1,0.8266666666666667,0.7958115183246073,0.8265773128473357,0.8743053285387382,0.4097777777777778
2,2,0.8044444444444444,0.7777777777777778,0.8094557044785877,0.8783916312520432,0.3782222222222222
3,3,0.7866666666666666,0.75,0.7860411899313502,0.8372016999019287,0.3604444444444444
4,4,0.8622222222222222,0.8208092485549133,0.8482755802549853,0.8286204642039882,0.4284444444444444
5,5,0.7777777777777778,0.7549019607843137,0.7868993135011442,0.8347499182739458,0.3524444444444444
6,6,0.8622222222222222,0.8208092485549133,0.8482755802549853,0.8322981366459627,0.4266666666666667
7,7,0.7955555555555556,0.7676767676767676,0.8002615233736515,0.8530565544295522,0.36577777777777776
8,8,0.8133333333333334,0.78125,0.8136237332461589,0.861964694344557,0.4026666666666666
9,9,0.8622222222222222,0.8208092485549133,0.8482755802549853,0.8744687806472703,0.44088888888888883
10,10,0.8533333333333334,0.8070175438596491,0.8374060150375939,0.8338509316770186,0.39155555555555566
11,11,0.8266666666666667,0.7914438502673797,0.8232265446224256,0.8679306963059824,0.38711111111111113
12,12,0.8577777777777778,0.8297872340425532,0.8562438705459301,0.8880353056554429,0.44444444444444436
13,13,0.72,0.7123287671232876,0.7397025171624714,0.8367930696305982,0.3035555555555555
14,14,0.8622222222222222,0.8208092485549133,0.8482755802549853,0.8347499182739457,0.43111111111111106
15,15,0.8622222222222222,0.8208092485549133,0.8482755802549853,0.8327067669172933,0.44133333333333336
16,16,0.8044444444444444,0.7777777777777778,0.8094557044785877,0.8351585485452763,0.37688888888888883
17,17,0.84,0.82,0.8479078130107878,0.8694017652827722,0.42933333333333334
18,18,0.8533333333333334,0.8216216216216217,0.8491337038247793,0.8768388362209872,0.4337777777777778
19,19,0.7644444444444445,0.7464114832535885,0.7772965021248774,0.8305818895063746,0.35022222222222227
20,20,0.8622222222222222,0.8208092485549133,0.8482755802549853,0.8349950964367441,0.42888888888888893
21,21,0.8711111111111111,0.8342857142857143,0.8591451454723766,0.8907322654462242,0.44133333333333324
22,22,0.8577777777777778,0.813953488372093,0.8428407976462897,0.832461588754495,0.4293333333333333
23,23,0.8711111111111111,0.8415300546448088,0.8658466819221968,0.8792906178489702,0.44488888888888883
24,24,0.7911111111111111,0.7661691542288557,0.798177508989866,0.853710362863681,0.35688888888888887
25,25,0.7955555555555556,0.77,0.8019369074861066,0.8506047728015691,0.36355555555555563
26,26,0.8666666666666667,0.8275862068965517,0.853710362863681,0.8382641386073881,0.42400000000000004
27,27,0.8577777777777778,0.813953488372093,0.8428407976462897,0.8361392611964694,0.42488888888888887
28,28,0.76,0.7378640776699029,0.7701863354037267,0.82355344883949,0.34844444444444445
29,29,0.8622222222222222,0.8208092485549133,0.8482755802549853,0.8345864661654137,0.4191111111111111
30,30,0.7688888888888888,0.7450980392156863,0.7777051323962079,0.8420235371036286,0.35511111111111104
31,31,0.76,0.7403846153846154,0.7718617195161818,0.8550997057862046,0.32711111111111113
32,32,0.8666666666666667,0.8275862068965517,0.853710362863681,0.834259561948349,0.4315555555555556
33,33,0.8533333333333334,0.8070175438596491,0.8374060150375939,0.8351585485452763,0.41022222222222227
34,34,0.8577777777777778,0.813953488372093,0.8428407976462897,0.8340143837855509,0.4231111111111111
35,35,0.8711111111111111,0.8342857142857143,0.8591451454723766,0.898741418764302,0.44888888888888884
36,36,0.8622222222222222,0.8208092485549133,0.8482755802549853,0.8346681922196797,0.4266666666666667
37,37,0.7644444444444445,0.736318407960199,0.7705949656750573,0.8202026806145799,0.30266666666666664
38,38,0.7911111111111111,0.7772511848341233,0.8065544295521412,0.8572245831971232,0.38311111111111107
39,39,0.8533333333333334,0.8070175438596491,0.8374060150375939,0.869156587119974,0.4088888888888889
40,40,0.8355555555555556,0.8082901554404145,0.8374468780647271,0.8656832298136646,0.42000000000000004
41,41,0.7777777777777778,0.7641509433962265,0.7936008499509644,0.841533180778032,0.3635555555555556
42,42,0.7688888888888888,0.7523809523809524,0.782731284733573,0.8122752533507682,0.3617777777777777
43,43,0.8577777777777778,0.8202247191011236,0.8478669499836547,0.8354854527623408,0.4311111111111111
44,44,0.88,0.8524590163934426,0.875040863027133,0.9018470088264138,0.4657777777777778
45,45,0.8755555555555555,0.8426966292134831,0.8662553121935272,0.8903236351748938,0.4337777777777777
46,46,0.8577777777777778,0.813953488372093,0.8428407976462897,0.8336874795684865,0.42088888888888887
47,47,0.76,0.7428571428571429,0.7735371036286368,0.8331971232428897,0.3288888888888889
48,48,0.8711111111111111,0.8342857142857143,0.8591451454723766,0.904462242562929,0.44133333333333324
49,49,0.7777777777777778,0.7549019607843137,0.7868993135011442,0.8445570447858778,0.3506666666666667
50,50,0.8266666666666667,0.8,0.8299280810722458,0.8759398496240601,0.4142222222222222
51,51,0.7733333333333333,0.751219512195122,0.7831399150049037,0.8351585485452762,0.3551111111111111
52,52,0.8666666666666667,0.8275862068965517,0.853710362863681,0.8368747956848643,0.4177777777777778
53,53,0.7822222222222223,0.7586206896551724,0.7906587119973848,0.8278849297155934,0.35955555555555563
54,54,0.8666666666666667,0.8275862068965517,0.853710362863681,0.8339326577312847,0.4515555555555556
55,55,0.8622222222222222,0.8208092485549133,0.8482755802549853,0.8327476299444263,0.42622222222222217
56,56,0.8577777777777778,0.813953488372093,0.8428407976462897,0.8363027133050016,0.4115555555555555
57,57,0.8044444444444444,0.7904761904761904,0.819508009153318,0.843085975809088,0.3902222222222222
58,58,0.7466666666666667,0.7323943661971831,0.7622589081399149,0.81203007518797,0.320888888888889
59,59,0.8,0.7804878048780488,0.8107224583197123,0.8486433474991828,0.38577777777777783
60,60,0.8622222222222222,0.8208092485549133,0.8482755802549853,0.8363844393592678,0.4208888888888889
61,61,0.7288888888888889,0.7162790697674418,0.7455459300424976,0.8232265446224256,0.30400000000000005
62,62,0.7777777777777778,0.7572815533980582,0.7885746976135992,0.8561621444916641,0.34755555555555556
63,63,0.7777777777777778,0.7572815533980582,0.7885746976135992,0.8320529584831644,0.35555555555555557
64,64,0.6844444444444444,0.6787330316742082,0.7046011768551814,0.7068486433474993,0.24444444444444446
65,65,0.6577777777777778,0.6169154228855721,0.6602647924158221,0.7846518470088264,0.1968888888888889
66,66,0.8666666666666667,0.8275862068965517,0.853710362863681,0.8359758090879373,0.43111111111111117
67,67,0.8755555555555555,0.8409090909090909,0.8645799280810722,0.8973520758417786,0.4488888888888889
68,68,0.8577777777777778,0.813953488372093,0.8428407976462897,0.832379862700229,0.40088888888888885
69,69,0.7066666666666667,0.6972477064220184,0.7250735534488395,0.7694508009153318,0.2817777777777778
70,70,0.8622222222222222,0.8208092485549133,0.8482755802549853,0.8291108205295848,0.4302222222222222
71,71,0.8533333333333334,0.8070175438596491,0.8374060150375939,0.8351585485452762,0.39911111111111114
72,72,0.8622222222222222,0.8208092485549133,0.8482755802549853,0.8361392611964693,0.416
73,73,0.7333333333333333,0.7115384615384616,0.744279176201373,0.7978097417456685,0.28622222222222216
74,74,0.7866666666666666,0.7551020408163265,0.7893919581562603,0.8280483818241255,0.3631111111111111
75,75,0.8444444444444444,0.7928994082840237,0.8265364498202027,0.8700555737169009,0.39955555555555555
76,76,0.8577777777777778,0.813953488372093,0.8428407976462897,0.8314808761033019,0.42800000000000005
77,77,0.8577777777777778,0.813953488372093,0.8428407976462897,0.8355671788166067,0.42088888888888887
78,78,0.68,0.6635514018691588,0.6941402419091206,0.7837528604118993,0.23377777777777786
79,79,0.7688888888888888,0.7425742574257426,0.7760297482837528,0.8363844393592679,0.3368888888888888
80,80,0.8622222222222222,0.8208092485549133,0.8482755802549853,0.8359758090879372,0.43288888888888893
81,81,0.7955555555555556,0.77,0.8019369074861066,0.8493788819875776,0.37244444444444447
82,82,0.7822222222222223,0.7586206896551724,0.7906587119973848,0.839816933638444,0.35244444444444445
83,83,0.8577777777777778,0.8181818181818182,0.8461915658711998,0.9086302713305001,0.41066666666666657
84,84,0.7733333333333333,0.746268656716418,0.7797891467799934,0.8247793396534815,0.3631111111111111
85,85,0.7066666666666667,0.7,0.7267489375612946,0.793314808761033,0.28444444444444444
86,86,0.7288888888888889,0.7162790697674418,0.7455459300424976,0.8059823471722785,0.31155555555555564
87,87,0.8577777777777778,0.813953488372093,0.8428407976462897,0.8348316443282118,0.4111111111111111
88,88,0.8666666666666667,0.8275862068965517,0.853710362863681,0.8376103301732593,0.4311111111111111
89,89,0.7155555555555555,0.7090909090909091,0.7359431186662309,0.8021412226217718,0.299111111111111
90,90,0.8533333333333334,0.8156424581005587,0.8441075514874141,0.8295194508009153,0.4257777777777778
91,91,0.8577777777777778,0.813953488372093,0.8428407976462897,0.8372834259561949,0.41644444444444445
92,92,0.88,0.8540540540540541,0.8767162471395882,0.8890977443609024,0.4524444444444444
93,93,0.7688888888888888,0.74,0.7743543641712978,0.8173422687152664,0.3542222222222222
94,94,0.8311111111111111,0.7978723404255319,0.8286613272311212,0.8318077803203661,0.40800000000000003
95,95,0.8622222222222222,0.8208092485549133,0.8482755802549853,0.8340143837855507,0.41733333333333333
96,96,0.6977777777777778,0.6936936936936937,0.7192301405688133,0.7708401438378556,0.28622222222222227
97,97,0.7022222222222222,0.6995515695067265,0.724664923177509,0.7780320366132724,0.27022222222222225
98,98,0.8266666666666667,0.7958115183246073,0.8265773128473357,0.8543641712978097,0.3906666666666667
99,99,0.7866666666666666,0.7551020408163265,0.7893919581562603,0.8414514547237659,0.3533333333333332
100,100,0.8488888888888889,0.8282828282828283,0.855426610003269,0.870954560313828,0.43733333333333335
101,101,0.8177777777777778,0.7918781725888325,0.8224092840797645,0.8664596273291925,0.38622222222222224
102,102,0.7866666666666666,0.76,0.7927427263811704,0.8449656750572082,0.3644444444444444
103,103,0.8577777777777778,0.813953488372093,0.8428407976462897,0.8313174239947695,0.42799999999999994
104,104,0.8755555555555555,0.8409090909090909,0.8645799280810722,0.8899967309578294,0.4435555555555555
105,105,0.8444444444444444,0.7928994082840237,0.8265364498202027,0.8857469761359921,0.32800000000000007
106,106,0.8577777777777778,0.813953488372093,0.8428407976462897,0.8342595619483493,0.4288888888888889
107,107,0.8622222222222222,0.8208092485549133,0.8482755802549853,0.8345047401111474,0.4208888888888889
108,108,0.8444444444444444,0.8087431693989071,0.838264138607388,0.8327884929715592,0.41733333333333333
109,109,0.7022222222222222,0.6968325791855203,0.722989539065054,0.7713305001634522,0.27422222222222215
110,110,0.7955555555555556,0.7325581395348837,0.7784815299117358,0.8694017652827721,0.3551111111111112
111,111,0.8622222222222222,0.8248587570621468,0.8516263484798954,0.8322981366459627,0.436
112,112,0.8533333333333334,0.8156424581005587,0.8441075514874141,0.8899150049035632,0.4097777777777778
113,113,0.7155555555555555,0.7142857142857143,0.739293886891141,0.7839163125204316,0.295111111111111
114,114,0.8577777777777778,0.813953488372093,0.8428407976462897,0.8324615887544949,0.42488888888888887
115,115,0.84,0.8043478260869565,0.8345047401111474,0.8309905197777052,0.4151111111111111
116,116,0.7733333333333333,0.7437185929648241,0.7781137626675384,0.8288656423667865,0.33422222222222214
117,117,0.7333333333333333,0.719626168224299,0.7493053285387381,0.8116214449166395,0.3222222222222222
118,118,0.8577777777777778,0.813953488372093,0.8428407976462897,0.8354854527623405,0.42399999999999993
119,119,0.7377777777777778,0.7255813953488373,0.7547401111474338,0.7964203988231449,0.32399999999999995
120,120,0.8755555555555555,0.8478260869565217,0.8712814645308924,0.8961261850277871,0.4404444444444444
121,121,0.72,0.7096774193548387,0.7380271330500163,0.8053285387381498,0.3106666666666667
122,122,0.8355555555555556,0.8121827411167513,0.8407976462896372,0.8591042824452436,0.4044444444444445
123,123,0.84,0.8085106382978723,0.8378555083360575,0.8816606734226872,0.40222222222222215
124,124,0.7733333333333333,0.7559808612440191,0.7864906832298137,0.8293559986923831,0.35999999999999993
125,125,0.8711111111111111,0.8342857142857143,0.8591451454723766,0.8373651520104609,0.42977777777777776
126,126,0.76,0.7378640776699029,0.7701863354037267,0.8245341614906831,0.33688888888888885
127,127,0.7911111111111111,0.7638190954773869,0.7965021248774109,0.8559169663288656,0.35111111111111104
128,128,0.8444444444444444,0.8148148148148148,0.8432902909447533,0.8774109186008501,0.4328888888888889
129,129,0.8666666666666667,0.8275862068965517,0.853710362863681,0.8341778358940831,0.4315555555555556
130,130,0.8622222222222222,0.8208092485549133,0.8482755802549853,0.831644328211834,0.4231111111111111
131,131,0.8355555555555556,0.8,0.8307453416149069,0.849624060150376,0.4093333333333334
132,132,0.8577777777777778,0.8202247191011236,0.8478669499836547,0.8332788492971559,0.42444444444444446
133,133,0.8311111111111111,0.8080808080808081,0.8370382477933965,0.8640895717554756,0.4182222222222223
134,134,0.7111111111111111,0.7004608294930875,0.72883295194508,0.8063092513893431,0.2911111111111111
135,135,0.8577777777777778,0.813953488372093,0.8428407976462897,0.8346681922196797,0.41244444444444445
136,136,0.8622222222222222,0.8208092485549133,0.8482755802549853,0.8330336711343578,0.444
137,137,0.7511111111111111,0.7383177570093458,0.7676936907486107,0.8688296829029094,0.3186666666666666
138,138,0.76,0.7452830188679245,0.7752124877410919,0.8327067669172932,0.3417777777777778
139,139,0.7111111111111111,0.644808743169399,0.7003514220333442,0.8221641059169664,0.252
140,140,0.8577777777777778,0.813953488372093,0.8428407976462897,0.8311539718862373,0.41822222222222216
141,141,0.7688888888888888,0.75,0.781055900621118,0.8169336384439361,0.35688888888888876
142,142,0.8577777777777778,0.8181818181818182,0.8461915658711998,0.830908793723439,0.420888888888889
143,143,0.8222222222222222,0.7872340425531915,0.8194671461261851,0.865969271003596,0.38755555555555554
144,144,0.8577777777777778,0.813953488372093,0.8428407976462897,0.8329519450800915,0.4075555555555555
145,145,0.8666666666666667,0.8275862068965517,0.853710362863681,0.834177835894083,0.436888888888889
146,146,0.7955555555555556,0.7722772277227723,0.8036122915985616,0.8609839816933639,0.3706666666666667
147,147,0.7288888888888889,0.7188940092165899,0.7472213141549526,0.7611147433801896,0.29600000000000004
148,148,0.7733333333333333,0.751219512195122,0.7831399150049037,0.8237169009480223,0.34488888888888886
149,149,0.8533333333333334,0.8176795580110497,0.8457829355998692,0.8347499182739457,0.42311111111111116
150,150,0.8266666666666667,0.7936507936507936,0.8249019287348807,0.8500326904217065,0.40533333333333327
151,151,0.8622222222222222,0.8208092485549133,0.8482755802549853,0.8386727688787187,0.40800000000000003
152,152,0.7777777777777778,0.7524752475247525,0.7852239293886891,0.8313991500490356,0.3364444444444445
153,153,0.8666666666666667,0.8275862068965517,0.853710362863681,0.9030728996404054,0.43555555555555553
154,154,0.7911111111111111,0.7684729064039408,0.799852893102321,0.851340307289964,0.36044444444444446
155,155,0.7911111111111111,0.7638190954773869,0.7965021248774109,0.8377737822817914,0.35911111111111105
156,156,0.8711111111111111,0.8342857142857143,0.8591451454723766,0.8886073880353056,0.44577777777777766
157,157,0.76,0.7378640776699029,0.7701863354037267,0.8265773128473357,0.33333333333333337
158,158,0.7644444444444445,0.7439613526570048,0.7756211180124224,0.8319712324288985,0.33422222222222225
159,159,0.7066666666666667,0.7027027027027027,0.7284243216737496,0.7930696305982348,0.28444444444444444
160,160,0.7777777777777778,0.7572815533980582,0.7885746976135992,0.8720987250735535,0.34977777777777774
161,161,0.8666666666666667,0.8275862068965517,0.853710362863681,0.8336874795684864,0.4315555555555555
162,162,0.7866666666666666,0.76,0.7927427263811704,0.8320529584831644,0.3702222222222221
163,163,0.8488888888888889,0.8131868131868132,0.8420235371036286,0.8327067669172933,0.42844444444444446
164,164,0.7911111111111111,0.7684729064039408,0.799852893102321,0.8326250408630271,0.3648888888888889
165,165,0.8133333333333334,0.7878787878787878,0.818649885583524,0.8640895717554756,0.3924444444444445
166,166,0.88,0.847457627118644,0.8700147106897679,0.9029094475318733,0.46355555555555555
167,167,0.7511111111111111,0.7333333333333333,0.7643429225237006,0.8208564890487088,0.32577777777777767
168,168,0.7822222222222223,0.7677725118483413,0.797360248447205,0.8377737822817914,0.3622222222222222
169,169,0.7955555555555556,0.7676767676767676,0.8002615233736515,0.8594311866623079,0.3595555555555555
170,170,0.88,0.8571428571428571,0.8800670153644983,0.9037267080745343,0.4613333333333334
171,171,0.8533333333333334,0.8070175438596491,0.8374060150375939,0.8354854527623408,0.39911111111111114
172,172,0.8666666666666667,0.8275862068965517,0.853710362863681,0.8334423014056882,0.42666666666666664
173,173,0.8577777777777778,0.813953488372093,0.8428407976462897,0.8349950964367441,0.4057777777777778
174,174,0.7244444444444444,0.7129629629629629,0.741786531546257,0.8028767571101666,0.3084444444444444
175,175,0.7822222222222223,0.7537688442211056,0.7873079437724746,0.8312356979405034,0.3511111111111111
176,176,0.88,0.8571428571428571,0.8800670153644983,0.8712814645308924,0.4693333333333334
177,177,0.7955555555555556,0.77,0.8019369074861066,0.8611474338018961,0.3702222222222222
178,178,0.8577777777777778,0.813953488372093,0.8428407976462897,0.834259561948349,0.4173333333333333
179,179,0.7022222222222222,0.6912442396313364,0.7196387708401438,0.7964203988231447,0.27999999999999997
180,180,0.8622222222222222,0.8208092485549133,0.8482755802549853,0.8322164105916966,0.4351111111111111
181,181,0.8711111111111111,0.8361581920903954,0.8608205295848317,0.887218045112782,0.42577777777777776
182,182,0.88,0.8540540540540541,0.8767162471395882,0.9081399150049035,0.46133333333333326
183,183,0.8622222222222222,0.8248587570621468,0.8516263484798954,0.83319712324289,0.43288888888888893
184,184,0.8711111111111111,0.8379888268156425,0.8624959136972867,0.8841941811049363,0.4426666666666666
185,185,0.8222222222222222,0.7916666666666666,0.8228179143510952,0.8649885583524027,0.3897777777777777
186,186,0.8666666666666667,0.8275862068965517,0.853710362863681,0.8349950964367441,0.4315555555555556
187,187,0.8622222222222222,0.8208092485549133,0.8482755802549853,0.8353220006538085,0.4248888888888889
188,188,0.8088888888888889,0.7794871794871795,0.8115397188623733,0.8664596273291926,0.36933333333333335
189,189,0.8622222222222222,0.8208092485549133,0.8482755802549853,0.8324615887544949,0.4346666666666667
190,190,0.8533333333333334,0.8176795580110497,0.8457829355998692,0.8327067669172932,0.4248888888888889
191,191,0.7555555555555555,0.7342995169082126,0.7664269369074861,0.819467146126185,0.3315555555555556
192,192,0.8088888888888889,0.7772020725388601,0.8098643347499183,0.8262504086302713,0.3871111111111111
193,193,0.8711111111111111,0.8342857142857143,0.8591451454723766,0.876675384112455,0.43599999999999994
194,194,0.7466666666666667,0.7323943661971831,0.7622589081399149,0.8160346518470087,0.32222222222222224
195,195,0.8622222222222222,0.8208092485549133,0.8482755802549853,0.8357306309251389,0.4208888888888889
196,196,0.7955555555555556,0.77,0.8019369074861066,0.8511768551814317,0.3711111111111111
197,197,0.8711111111111111,0.8432432432432433,0.8675220660346519,0.8792906178489702,0.4582222222222221
198,198,0.7466666666666667,0.7246376811594203,0.7572327558025498,0.8120300751879699,0.3164444444444445
199,199,0.8266666666666667,0.7868852459016393,0.8198757763975155,0.8605753514220333,0.37955555555555553
200,200,0.8666666666666667,0.8275862068965517,0.853710362863681,0.8342595619483492,0.43822222222222224
201,201,0.8266666666666667,0.7958115183246073,0.8265773128473357,0.864334749918274,0.39288888888888895
202,202,0.8577777777777778,0.8202247191011236,0.8478669499836547,0.8323798627002288,0.4297777777777777
203,203,0.7511111111111111,0.7383177570093458,0.7676936907486107,0.8076168682576005,0.3226666666666666
204,204,0.7688888888888888,0.7425742574257426,0.7760297482837528,0.823471722785224,0.32977777777777767
205,205,0.7466666666666667,0.7323943661971831,0.7622589081399149,0.8030402092186988,0.3253333333333334
206,206,0.8622222222222222,0.8208092485549133,0.8482755802549853,0.8345047401111474,0.4351111111111111
207,207,0.88,0.847457627118644,0.8700147106897679,0.8931023210199411,0.45599999999999996
208,208,0.8577777777777778,0.8202247191011236,0.8478669499836547,0.8331153971886237,0.43244444444444446
209,209,0.8577777777777778,0.813953488372093,0.8428407976462897,0.8337692056227525,0.4235555555555555
210,210,0.8444444444444444,0.8186528497409327,0.8466410591696634,0.8743053285387382,0.41511111111111115
211,211,0.7822222222222223,0.7609756097560976,0.7923340961098397,0.842268715266427,0.36711111111111117
212,212,0.7555555555555555,0.7393364928909952,0.7697777051323962,0.7486106570774763,0.3288888888888888
213,213,0.7466666666666667,0.7323943661971831,0.7622589081399149,0.8081072245831971,0.32977777777777784
214,214,0.8666666666666667,0.8275862068965517,0.853710362863681,0.8354854527623408,0.43644444444444447
215,215,0.8844444444444445,0.8645833333333334,0.8871771820856489,0.892121608368748,0.4706666666666667
216,216,0.7866666666666666,0.7647058823529411,0.7960934946060805,0.8655606407322655,0.35511111111111104
217,217,0.6844444444444444,0.6872246696035242,0.7096273291925466,0.7236024844720497,0.2746666666666666
218,218,0.7333333333333333,0.7222222222222222,0.7509807126511931,0.8244524354364172,0.316
219,219,0.76,0.75,0.778563255966002,0.8072899640405361,0.3484444444444445
220,220,0.7111111111111111,0.7004608294930875,0.72883295194508,0.8070447858777379,0.3
221,221,0.8488888888888889,0.8210526315789474,0.8487250735534488,0.8777378228179145,0.3995555555555556
222,222,0.8666666666666667,0.8275862068965517,0.853710362863681,0.8368747956848643,0.428888888888889
223,223,0.8666666666666667,0.8275862068965517,0.853710362863681,0.8358940830336712,0.42844444444444446
224,224,0.8577777777777778,0.8181818181818182,0.8461915658711998,0.893837855508336,0.42266666666666663
225,225,0.8622222222222222,0.8208092485549133,0.8482755802549853,0.8338509316770185,0.4262222222222223
226,226,0.6977777777777778,0.6909090909090909,0.7175547564563582,0.7830173259235045,0.26888888888888884
227,227,0.7822222222222223,0.7632850241545893,0.7940094802222949,0.8450474011114743,0.3617777777777778
228,228,0.7866666666666666,0.7692307692307693,0.7994442628309906,0.8385093167701863,0.3782222222222222
229,229,0.8577777777777778,0.813953488372093,0.8428407976462897,0.8338509316770186,0.42444444444444446
230,230,0.8222222222222222,0.797979797979798,0.8278440666884603,0.8505230467473031,0.4031111111111111
231,231,0.7466666666666667,0.7323943661971831,0.7622589081399149,0.84807126511932,0.3324444444444445
232,232,0.8488888888888889,0.8131868131868132,0.8420235371036286,0.8327884929715592,0.4155555555555556
233,233,0.8577777777777778,0.813953488372093,0.8428407976462897,0.8346681922196797,0.4231111111111111
234,234,0.7644444444444445,0.7414634146341463,0.7739457338999673,0.8372834259561948,0.33866666666666667
235,235,0.6533333333333333,0.6213592233009708,0.6598561621444916,0.7422360248447204,0.24444444444444446
236,236,0.88,0.850828729281768,0.8733654789146781,0.8979241582216412,0.44355555555555565
237,237,0.8488888888888889,0.8172043010752689,0.8453743053285387,0.8760215756783263,0.4222222222222223
238,238,0.8577777777777778,0.813953488372093,0.8428407976462897,0.835812356979405,0.4151111111111111
239,239,0.7955555555555556,0.77,0.8019369074861066,0.8583687479568487,0.3515555555555555
240,240,0.8266666666666667,0.8,0.8299280810722458,0.8610657077476299,0.40044444444444444
241,241,0.8533333333333334,0.8070175438596491,0.8374060150375939,0.8377737822817914,0.4168888888888889
242,242,0.8622222222222222,0.8208092485549133,0.8482755802549853,0.8346681922196797,0.43377777777777776
243,243,0.8622222222222222,0.8208092485549133,0.8482755802549853,0.8313174239947695,0.42977777777777776
244,244,0.8577777777777778,0.813953488372093,0.8428407976462897,0.8329519450800915,0.41688888888888886
245,245,0.6666666666666666,0.6753246753246753,0.6945897352075842,0.7713305001634521,0.21599999999999997
246,246,0.8222222222222222,0.7916666666666666,0.8228179143510952,0.8617195161817588,0.3857777777777777
247,247,0.8044444444444444,0.7821782178217822,0.8128064727034978,0.8536286368094148,0.39288888888888884
248,248,0.7244444444444444,0.7129629629629629,0.741786531546257,0.79903563255966,0.3
249,249,0.8622222222222222,0.8208092485549133,0.8482755802549853,0.8350768224910101,0.4226666666666667
