,random_seed,accuracy,f1,balanced_acc,auc,feature_importance.frontlow_CO2_scaled,feature_importance.frontlow_temperature_scaled,feature_importance.frontlow_humidity_scaled
0,0,0.875,0.8235294117647058,0.8534077555816686,0.899162749706228,0.17291666666666672,0.07083333333333341,-0.00708333333333333
1,1,0.8833333333333333,0.8372093023255814,0.86427732079906,0.8982814336075204,0.18958333333333321,0.06291666666666673,0.0008333333333333526
2,2,0.9041666666666667,0.8700564971751412,0.8914512338425382,0.9026145710928319,0.19750000000000012,0.07166666666666655,0.03749999999999987
3,3,0.9,0.8636363636363636,0.8860164512338425,0.8970329024676851,0.21041666666666659,0.08875,0.0
4,4,0.9,0.8620689655172413,0.8839600470035253,0.8988689776733254,0.24416666666666664,0.07624999999999993,0.012916666666666687
5,5,0.8875,0.8439306358381503,0.8697121034077555,0.9025411280846064,0.17333333333333334,0.05333333333333323,0.016249999999999876
6,6,0.8625,0.8023952095808383,0.8371034077555817,0.8990158636897767,0.14500000000000002,0.057916666666666616,-0.0012499999999998623
7,7,0.9125,0.8864864864864865,0.9084900117508813,0.8973266745005876,0.2925000000000001,0.09833333333333338,0.009166666666666656
8,8,0.8666666666666667,0.8072289156626506,0.8404817861339601,0.8971063454759106,0.15000000000000013,0.04083333333333339,0.020000000000000018
9,9,0.8875,0.8421052631578947,0.8676556991774383,0.9026880141010576,0.1745833333333332,0.05541666666666645,0.026666666666666505
10,10,0.8875,0.8421052631578947,0.8676556991774383,0.8976204465334899,0.16541666666666643,0.06374999999999986,0.011666666666666714
11,11,0.8791666666666667,0.8304093567251462,0.8588425381903643,0.9023207990599293,0.15333333333333332,0.0641666666666666,0.01708333333333334
12,12,0.8708333333333333,0.8143712574850299,0.8459165687426558,0.8993096357226793,0.16000000000000014,0.05916666666666659,0.0
13,13,0.875,0.8214285714285714,0.8513513513513513,0.899897179788484,0.1675000000000001,0.06833333333333336,-0.0012499999999999734
14,14,0.8875,0.8421052631578947,0.8676556991774383,0.8978407755581668,0.22624999999999995,0.1037499999999999,-0.007916666666666794
15,15,0.9041666666666667,0.8700564971751412,0.8914512338425382,0.8980978260869564,0.245,0.10791666666666677,-0.005833333333333246
16,16,0.8833333333333333,0.8352941176470589,0.8622209165687427,0.8998237367802585,0.16249999999999998,0.05125000000000002,0.032916666666666705
17,17,0.9,0.8651685393258427,0.8880728554641598,0.9007784958871915,0.2008333333333333,0.07791666666666675,0.007499999999999951
18,18,0.875,0.8214285714285714,0.8513513513513513,0.9011457109283196,0.15374999999999983,0.06791666666666674,0.012916666666666687
19,19,0.9,0.8620689655172413,0.8839600470035253,0.9028349001175089,0.2037500000000001,0.07541666666666669,0.010000000000000009
20,20,0.9125,0.8839779005524862,0.9043772032902467,0.9001909518213865,0.24624999999999997,0.09624999999999984,0.011666666666666492
21,21,0.8875,0.8421052631578947,0.8676556991774383,0.899529964747356,0.17666666666666675,0.0641666666666667,0.017083333333333228
22,22,0.8375,0.7547169811320755,0.8024383078730906,0.9054788484136309,0.09500000000000008,0.03333333333333344,0.015416666666666745
23,23,0.8416666666666667,0.7625,0.8078730904817861,0.9011457109283195,0.11166666666666669,0.04208333333333336,0.014583333333333504
24,24,0.8958333333333334,0.8571428571428571,0.8805816686251469,0.898428319623972,0.2170833333333334,0.08666666666666667,-0.007916666666666572
25,25,0.9083333333333333,0.8791208791208791,0.9009988249118683,0.899529964747356,0.24291666666666667,0.09791666666666676,-0.0033333333333331883
26,26,0.9041666666666667,0.8743169398907104,0.89762044653349,0.8990158636897767,0.2583333333333334,0.10333333333333339,-0.005833333333333246
27,27,0.9,0.8651685393258427,0.8880728554641598,0.8975470035252644,0.2170833333333334,0.0920833333333333,-0.0008333333333334636
28,28,0.875,0.8214285714285714,0.8513513513513513,0.8992361927144535,0.1825,0.06208333333333338,-0.0012499999999999734
29,29,0.8833333333333333,0.8352941176470589,0.8622209165687427,0.9065070505287897,0.17749999999999988,0.0641666666666667,0.013333333333333197
30,30,0.9041666666666667,0.8700564971751412,0.8914512338425382,0.9026145710928319,0.2004166666666667,0.06916666666666671,0.018750000000000044
31,31,0.875,0.8214285714285714,0.8513513513513513,0.8973266745005876,0.16749999999999987,0.07166666666666666,0.008750000000000036
32,32,0.9083333333333333,0.8764044943820225,0.8968860164512338,0.8989424206815512,0.25749999999999995,0.11166666666666669,-0.0004166666666667318
33,33,0.9083333333333333,0.8804347826086957,0.9030552291421856,0.8998971797884842,0.21833333333333338,0.07625000000000004,0.013333333333333197
34,34,0.8875,0.8439306358381503,0.8697121034077555,0.9017332549941245,0.18708333333333327,0.06666666666666654,0.008333333333333304
35,35,0.9125,0.8839779005524862,0.9043772032902467,0.8974001175088132,0.23875000000000002,0.10750000000000004,0.004583333333333384
36,36,0.8291666666666667,0.7388535031847133,0.7915687426556992,0.8976938895417157,0.10375000000000012,0.03083333333333349,-0.0033333333333331883
37,37,0.9,0.8636363636363636,0.8860164512338425,0.9087103407755581,0.18666666666666654,0.06666666666666665,0.021250000000000102
38,38,0.9083333333333333,0.8777777777777778,0.8989424206815511,0.9017332549941245,0.23791666666666667,0.08791666666666675,0.010416666666666519
39,39,0.9083333333333333,0.875,0.8948296122209166,0.8965188014101059,0.24083333333333345,0.08999999999999997,0.016249999999999876
40,40,0.8833333333333333,0.8352941176470589,0.8622209165687427,0.9051116333725029,0.16749999999999987,0.05208333333333326,0.01333333333333342
41,41,0.8916666666666667,0.8505747126436781,0.8751468860164513,0.8940217391304349,0.24458333333333349,0.12083333333333335,-0.012916666666666576
42,42,0.9083333333333333,0.8804347826086957,0.9030552291421856,0.9004112808460634,0.2595833333333334,0.09750000000000003,0.0024999999999999467
43,43,0.8583333333333333,0.7926829268292683,0.8296122209165688,0.899897179788484,0.13208333333333322,0.04833333333333334,0.019999999999999796
44,44,0.8833333333333333,0.8372093023255814,0.86427732079906,0.9067273795534665,0.1545833333333333,0.05666666666666653,0.03083333333333349
45,45,0.825,0.7307692307692307,0.7861339600470035,0.8811692126909518,0.13124999999999998,0.05916666666666659,-0.035833333333333495
46,46,0.8791666666666667,0.8284023668639053,0.8567861339600471,0.9068008225616923,0.14666666666666672,0.05874999999999986,0.03249999999999997
47,47,0.8583333333333333,0.7926829268292683,0.8296122209165688,0.9034958871915393,0.13458333333333328,0.04833333333333334,0.03374999999999995
48,48,0.8333333333333334,0.7468354430379747,0.7970035252643948,0.9011457109283196,0.09791666666666676,0.047083333333333255,0.009999999999999898
49,49,0.9041666666666667,0.8685714285714285,0.8893948296122209,0.9023207990599296,0.2545833333333333,0.07916666666666672,0.008333333333333304
50,50,0.9125,0.8864864864864865,0.9084900117508813,0.8965922444183313,0.2666666666666666,0.10666666666666658,0.0
51,51,0.9083333333333333,0.8777777777777778,0.8989424206815511,0.904891304347826,0.22125000000000006,0.09083333333333321,0.012083333333333335
52,52,0.8541666666666666,0.7852760736196319,0.824177438307873,0.8948296122209166,0.14666666666666672,0.05999999999999994,-0.014166666666666772
53,53,0.875,0.8214285714285714,0.8513513513513513,0.9009253819036428,0.16333333333333333,0.05541666666666667,-0.005416666666666514
54,54,0.9083333333333333,0.8804347826086957,0.9030552291421856,0.9029083431257344,0.24458333333333326,0.0820833333333334,0.006249999999999978
55,55,0.8833333333333333,0.8372093023255814,0.86427732079906,0.8965188014101059,0.17166666666666663,0.07000000000000006,-0.00041666666666650976
56,56,0.8875,0.8421052631578947,0.8676556991774383,0.9011457109283195,0.16083333333333338,0.060833333333333184,0.018749999999999933
57,57,0.8791666666666667,0.8304093567251462,0.8588425381903643,0.8944623971797885,0.21791666666666665,0.0970833333333333,-0.013333333333333641
58,58,0.8791666666666667,0.8284023668639053,0.8567861339600471,0.8965922444183314,0.18041666666666667,0.05874999999999986,0.003750000000000031
59,59,0.8666666666666667,0.8048780487804879,0.8384253819036427,0.911427732079906,0.13875000000000004,0.04958333333333331,0.06499999999999995
60,60,0.8958333333333334,0.8571428571428571,0.8805816686251469,0.902027027027027,0.2025,0.07291666666666674,0.010833333333333361
61,61,0.9,0.8636363636363636,0.8860164512338425,0.8987955346650999,0.21666666666666667,0.07125000000000004,0.010000000000000009
62,62,0.8333333333333334,0.7468354430379747,0.7970035252643948,0.8985752056404231,0.10666666666666669,0.0475000000000001,-0.007499999999999951
63,63,0.8708333333333333,0.8143712574850299,0.8459165687426558,0.90180669800235,0.15208333333333335,0.043333333333333335,0.005833333333333357
64,64,0.8666666666666667,0.8072289156626506,0.8404817861339601,0.9001175088131611,0.14249999999999996,0.0491666666666668,0.01708333333333334
65,65,0.8833333333333333,0.8372093023255814,0.86427732079906,0.8993096357226792,0.1679166666666665,0.06499999999999995,0.0008333333333333526
66,66,0.875,0.8235294117647058,0.8534077555816686,0.8999706227967099,0.1579166666666667,0.0658333333333333,0.004166666666666652
67,67,0.8208333333333333,0.7152317880794702,0.7765863689776733,0.8991627497062279,0.0858333333333332,0.021666666666666612,0.022083333333333455
68,68,0.9041666666666667,0.8715083798882681,0.8935076380728555,0.899750293772033,0.24291666666666656,0.07874999999999999,0.007499999999999951
69,69,0.8791666666666667,0.8284023668639053,0.8567861339600471,0.8996768507638072,0.1629166666666667,0.07166666666666677,0.010000000000000009
70,70,0.875,0.8214285714285714,0.8513513513513513,0.9056257344300823,0.15749999999999997,0.040416666666666545,0.011250000000000093
71,71,0.8375,0.7547169811320755,0.8024383078730906,0.9022473560517038,0.11375000000000013,0.029583333333333295,0.00708333333333333
72,72,0.8416666666666667,0.7625,0.8078730904817861,0.8983548766157461,0.1233333333333333,0.039583333333333415,0.0008333333333333526
73,73,0.875,0.8235294117647058,0.8534077555816686,0.8962250293772033,0.17374999999999996,0.06375000000000008,-0.0025000000000000577
74,74,0.8208333333333333,0.7225806451612903,0.7806991774383079,0.8973266745005877,0.10249999999999992,0.025416666666666643,-0.004166666666666652
75,75,0.8875,0.8421052631578947,0.8676556991774383,0.8979142185663924,0.1908333333333333,0.05458333333333343,0.012083333333333335
76,76,0.8916666666666667,0.8488372093023255,0.873090481786134,0.9054054054054054,0.1645833333333333,0.05916666666666681,0.042500000000000204
77,77,0.8875,0.8439306358381503,0.8697121034077555,0.9017332549941246,0.20166666666666666,0.08291666666666653,-0.005833333333333357
78,78,0.85,0.7777777777777778,0.8187426556991775,0.9004847238542891,0.12124999999999997,0.05125000000000002,0.009166666666666656
79,79,0.8375,0.7547169811320755,0.8024383078730906,0.8983548766157462,0.13208333333333344,0.039583333333333304,-0.014166666666666772
80,80,0.8791666666666667,0.8284023668639053,0.8567861339600471,0.8956374853113984,0.16583333333333328,0.0641666666666666,-0.0004166666666666208
81,81,0.8208333333333333,0.7114093959731543,0.774529964747356,0.8985752056404231,0.10124999999999995,0.04083333333333328,-0.00041666666666650976
82,82,0.8875,0.8421052631578947,0.8676556991774383,0.9008519388954171,0.18166666666666664,0.07333333333333336,0.0004166666666667318
83,83,0.85,0.7777777777777778,0.8187426556991775,0.8968860164512339,0.11958333333333337,0.043333333333333335,0.01791666666666647
84,84,0.8791666666666667,0.8304093567251462,0.8588425381903643,0.8992361927144537,0.15375000000000005,0.04874999999999996,0.01708333333333334
85,85,0.9125,0.8852459016393442,0.9064336075205641,0.9009253819036428,0.2437499999999999,0.08333333333333337,0.015416666666666523
86,86,0.8458333333333333,0.7701863354037267,0.8133078730904818,0.8998237367802584,0.12458333333333327,0.037083333333333246,0.00749999999999984
87,87,0.8875,0.8439306358381503,0.8697121034077555,0.8993096357226792,0.1649999999999998,0.061249999999999805,0.012083333333333335
88,88,0.8333333333333334,0.7468354430379747,0.7970035252643948,0.8956374853113984,0.09666666666666679,0.04500000000000004,0.006666666666666821
89,89,0.85,0.7777777777777778,0.8187426556991775,0.8963719153936546,0.13208333333333333,0.057083333333333264,-0.00708333333333333
90,90,0.9041666666666667,0.8700564971751412,0.8914512338425382,0.8962984723854289,0.2187500000000001,0.10041666666666671,0.00749999999999984
91,91,0.9083333333333333,0.8777777777777778,0.8989424206815511,0.9017332549941246,0.21333333333333326,0.07708333333333328,0.02749999999999997
92,92,0.8833333333333333,0.8372093023255814,0.86427732079906,0.8987955346650999,0.19958333333333322,0.08541666666666659,-0.007500000000000173
93,93,0.9125,0.88268156424581,0.9023207990599296,0.8954905992949471,0.26083333333333325,0.10999999999999999,0.01083333333333325
94,94,0.8166666666666667,0.7142857142857143,0.7752643948296123,0.8899089306698003,0.10124999999999995,0.03374999999999995,-0.01666666666666672
95,95,0.8833333333333333,0.8372093023255814,0.86427732079906,0.90180669800235,0.16499999999999992,0.05999999999999983,0.0050000000000000044
96,96,0.9083333333333333,0.8804347826086957,0.9030552291421856,0.8979142185663925,0.22249999999999992,0.07708333333333328,0.009583333333333277
97,97,0.9125,0.8864864864864865,0.9084900117508813,0.8987955346650999,0.2733333333333333,0.1200000000000001,0.002083333333333326
98,98,0.9125,0.8864864864864865,0.9084900117508813,0.9005581668625148,0.2725000000000001,0.08499999999999996,0.01083333333333325
99,99,0.9083333333333333,0.8804347826086957,0.9030552291421856,0.9065070505287897,0.22125000000000006,0.07833333333333325,0.005833333333333246
100,100,0.8833333333333333,0.8372093023255814,0.86427732079906,0.8992361927144535,0.19583333333333341,0.0741666666666666,-0.003750000000000031
101,101,0.8708333333333333,0.8143712574850299,0.8459165687426558,0.9029083431257344,0.1645833333333333,0.05750000000000011,0.0024999999999999467
102,102,0.8875,0.8439306358381503,0.8697121034077555,0.8983548766157462,0.21625000000000005,0.07791666666666663,-0.006250000000000089
103,103,0.875,0.8214285714285714,0.8513513513513513,0.9001909518213866,0.1729166666666666,0.06500000000000006,0.00708333333333333
104,104,0.8541666666666666,0.7852760736196319,0.824177438307873,0.896665687426557,0.1383333333333332,0.054166666666666585,-0.01041666666666674
105,105,0.9083333333333333,0.875,0.8948296122209166,0.9009988249118684,0.22958333333333325,0.07916666666666672,0.014999999999999791
106,106,0.9083333333333333,0.8791208791208791,0.9009988249118683,0.899750293772033,0.22875,0.08791666666666653,0.007083333333333219
107,107,0.8458333333333333,0.7701863354037267,0.8133078730904818,0.8954905992949471,0.11416666666666664,0.053749999999999964,0.012916666666666576
108,108,0.8958333333333334,0.8554913294797688,0.8785252643948296,0.9004847238542891,0.1908333333333333,0.0675,0.02041666666666675
109,109,0.8875,0.8439306358381503,0.8697121034077555,0.900705052878966,0.20833333333333326,0.07791666666666663,-0.004166666666666874
110,110,0.8666666666666667,0.8072289156626506,0.8404817861339601,0.898575205640423,0.17041666666666677,0.04041666666666677,0.003750000000000031
111,111,0.8625,0.8,0.8350470035252644,0.9052585193889541,0.13875000000000004,0.04791666666666683,0.02416666666666656
112,112,0.8708333333333333,0.8143712574850299,0.8459165687426558,0.8993096357226793,0.16500000000000004,0.053750000000000075,0.008333333333333304
113,113,0.8958333333333334,0.8554913294797688,0.8785252643948296,0.8995299647473559,0.17000000000000004,0.06791666666666674,0.019583333333333397
114,114,0.8958333333333334,0.8554913294797688,0.8785252643948296,0.8974001175088131,0.20458333333333323,0.0724999999999999,0.003750000000000142
115,115,0.8875,0.8421052631578947,0.8676556991774383,0.9048178613396004,0.1662499999999999,0.06125000000000003,0.018749999999999933
116,116,0.9083333333333333,0.875,0.8948296122209166,0.898575205640423,0.21833333333333327,0.07583333333333342,0.016249999999999876
117,117,0.85,0.7777777777777778,0.8187426556991775,0.8957843713278495,0.1433333333333333,0.04916666666666669,-0.014583333333333393
118,118,0.8875,0.8421052631578947,0.8676556991774383,0.9003378378378377,0.19333333333333313,0.06374999999999986,0.007083333333333441
119,119,0.9083333333333333,0.8777777777777778,0.8989424206815511,0.9004112808460634,0.2645833333333333,0.09875,0.002083333333333326
120,120,0.9083333333333333,0.8804347826086957,0.9030552291421856,0.8998237367802585,0.2595833333333334,0.09624999999999995,0.0016666666666667052
121,121,0.85,0.7777777777777778,0.8187426556991775,0.9021004700352526,0.12750000000000006,0.0345833333333333,0.008333333333333193
122,122,0.875,0.8214285714285714,0.8513513513513513,0.8982814336075206,0.15374999999999994,0.050416666666666665,0.019166666666666665
123,123,0.8333333333333334,0.7468354430379747,0.7970035252643948,0.8821974148061105,0.11833333333333329,0.06625000000000003,-0.004166666666666652
124,124,0.8791666666666667,0.8284023668639053,0.8567861339600471,0.8998237367802585,0.1891666666666666,0.07291666666666663,0.0
125,125,0.8791666666666667,0.8284023668639053,0.8567861339600471,0.8973266745005875,0.20499999999999996,0.07791666666666675,-0.0050000000000000044
126,126,0.875,0.8214285714285714,0.8513513513513513,0.8978407755581668,0.17541666666666678,0.06666666666666665,-0.009166666666666545
127,127,0.9125,0.8864864864864865,0.9084900117508813,0.894168625146886,0.29666666666666663,0.11791666666666667,-0.0004166666666666208
128,128,0.8916666666666667,0.8488372093023255,0.873090481786134,0.901439482961222,0.19000000000000006,0.06291666666666673,0.021666666666666612
129,129,0.9083333333333333,0.8804347826086957,0.9030552291421856,0.8981345475910694,0.2416666666666667,0.08083333333333342,0.007083333333333219
130,130,0.8833333333333333,0.8352941176470589,0.8622209165687427,0.9005581668625147,0.17000000000000004,0.060833333333333295,0.004166666666666652
131,131,0.9083333333333333,0.8791208791208791,0.9009988249118683,0.8990158636897767,0.25375000000000003,0.0954166666666667,0.0050000000000000044
132,132,0.875,0.8214285714285714,0.8513513513513513,0.8935076380728554,0.20666666666666667,0.07125000000000004,-0.012499999999999956
133,133,0.9083333333333333,0.8791208791208791,0.9009988249118683,0.8966656874265571,0.23583333333333323,0.09374999999999989,0.0050000000000000044
134,134,0.9125,0.8839779005524862,0.9043772032902467,0.8963719153936546,0.24250000000000005,0.11083333333333345,0.007499999999999951
135,135,0.9125,0.88268156424581,0.9023207990599296,0.8976938895417157,0.26874999999999993,0.10583333333333333,0.005833333333333357
136,136,0.8791666666666667,0.8284023668639053,0.8567861339600471,0.9051850763807286,0.15749999999999997,0.05458333333333332,0.02416666666666656
137,137,0.8666666666666667,0.8072289156626506,0.8404817861339601,0.8946827262044654,0.13541666666666674,0.06166666666666676,-0.0004166666666667318
138,138,0.8416666666666667,0.7625,0.8078730904817861,0.9002643948296122,0.1529166666666667,0.04500000000000004,-0.022916666666666696
139,139,0.8791666666666667,0.8284023668639053,0.8567861339600471,0.9070211515863691,0.17999999999999994,0.050416666666666665,0.015416666666666523
140,140,0.9041666666666667,0.8715083798882681,0.8935076380728555,0.8986486486486487,0.22875,0.09666666666666679,0.0004166666666667318
141,141,0.9041666666666667,0.8715083798882681,0.8935076380728555,0.8965188014101059,0.2300000000000001,0.09708333333333341,0.0004166666666667318
142,142,0.8291666666666667,0.7354838709677419,0.7895123384253819,0.8944623971797885,0.08708333333333351,0.04458333333333353,0.012083333333333446
143,143,0.8125,0.6896551724137931,0.7616039952996474,0.9077555816686252,0.08208333333333329,0.03208333333333324,0.032916666666666705
144,144,0.9,0.8620689655172413,0.8839600470035253,0.8976938895417157,0.22416666666666663,0.09458333333333335,0.0008333333333333526
145,145,0.8625,0.8,0.8350470035252644,0.9032755581668624,0.1279166666666668,0.05499999999999994,0.018333333333333424
146,146,0.8958333333333334,0.8571428571428571,0.8805816686251469,0.8976204465334899,0.22833333333333328,0.07958333333333345,-0.0012499999999999734
147,147,0.8875,0.8439306358381503,0.8697121034077555,0.8954171562867215,0.23749999999999982,0.09291666666666654,-0.015000000000000124
148,148,0.8541666666666666,0.7852760736196319,0.824177438307873,0.89762044653349,0.1545833333333333,0.046666666666666745,-0.015833333333333255
149,149,0.875,0.8214285714285714,0.8513513513513513,0.8970329024676851,0.1675000000000001,0.050833333333333286,0.004583333333333273
150,150,0.8875,0.8439306358381503,0.8697121034077555,0.8996768507638073,0.16625000000000012,0.06125000000000003,0.01750000000000007
151,151,0.8541666666666666,0.7852760736196319,0.824177438307873,0.8998237367802585,0.14375000000000004,0.04833333333333323,0.0025000000000000577
152,152,0.9041666666666667,0.8700564971751412,0.8914512338425382,0.9032021151586369,0.19166666666666665,0.07208333333333317,0.021250000000000102
153,153,0.8958333333333334,0.8677248677248677,0.8949764982373678,0.8985017626321975,0.28541666666666676,0.11124999999999996,-0.00666666666666671
154,154,0.8625,0.8,0.8350470035252644,0.9039365452408931,0.13375000000000004,0.0491666666666668,0.03374999999999995
155,155,0.9041666666666667,0.8700564971751412,0.8914512338425382,0.9046709753231493,0.21124999999999994,0.07833333333333337,0.01666666666666672
156,156,0.8833333333333333,0.8372093023255814,0.86427732079906,0.9031286721504113,0.17333333333333334,0.05666666666666653,0.013333333333333197
157,157,0.875,0.8235294117647058,0.8534077555816686,0.8912309048178614,0.15666666666666662,0.09375,-0.00374999999999992
158,158,0.9083333333333333,0.8791208791208791,0.9009988249118683,0.8974001175088132,0.25291666666666657,0.10833333333333328,-0.0024999999999999467
159,159,0.8583333333333333,0.7926829268292683,0.8296122209165688,0.9048913043478262,0.1283333333333332,0.04249999999999998,0.030833333333333268
160,160,0.9,0.8636363636363636,0.8860164512338425,0.8998237367802586,0.20375,0.06958333333333333,0.013749999999999929
161,161,0.8833333333333333,0.8372093023255814,0.86427732079906,0.9000440658049353,0.2041666666666666,0.0787500000000001,-0.0033333333333331883
162,162,0.8416666666666667,0.7625,0.8078730904817861,0.8983548766157463,0.11375000000000013,0.05166666666666675,0.002083333333333326
163,163,0.8375,0.7547169811320755,0.8024383078730906,0.9001909518213865,0.11666666666666659,0.029166666666666674,-0.007499999999999951
164,164,0.8875,0.8421052631578947,0.8676556991774383,0.8979876615746181,0.15500000000000003,0.0625,0.011666666666666714
165,165,0.8708333333333333,0.8143712574850299,0.8459165687426558,0.9020270270270272,0.16416666666666668,0.05874999999999997,0.010416666666666519
166,166,0.8666666666666667,0.8095238095238095,0.8425381903642772,0.8940217391304347,0.16499999999999992,0.05874999999999997,-0.0029166666666667895
167,167,0.8958333333333334,0.8571428571428571,0.8805816686251469,0.8981345475910694,0.22791666666666688,0.09999999999999998,-0.004583333333333273
168,168,0.825,0.72,0.7799647473560518,0.8990893066980025,0.09499999999999997,0.050833333333333286,0.0050000000000000044
169,169,0.9041666666666667,0.8715083798882681,0.8935076380728555,0.8989424206815512,0.22375,0.09499999999999997,0.0066666666666664876
170,170,0.8833333333333333,0.8352941176470589,0.8622209165687427,0.8969594594594595,0.1858333333333333,0.06875000000000009,0.0004166666666667318
171,171,0.8666666666666667,0.8072289156626506,0.8404817861339601,0.9071680376028203,0.1545833333333334,0.04249999999999998,0.029166666666666674
172,172,0.8875,0.8421052631578947,0.8676556991774383,0.9027614571092832,0.1775,0.05583333333333329,0.010833333333333361
173,173,0.9,0.8620689655172413,0.8839600470035253,0.8998237367802585,0.2087500000000001,0.06500000000000006,0.014166666666666772
174,174,0.8666666666666667,0.8072289156626506,0.8404817861339601,0.9013660399529965,0.15583333333333338,0.0429166666666666,0.004583333333333384
175,175,0.8791666666666667,0.8304093567251462,0.8588425381903643,0.8993830787309048,0.17374999999999996,0.0591666666666667,-0.00374999999999992
176,176,0.8666666666666667,0.8072289156626506,0.8404817861339601,0.9018801410105758,0.135,0.04083333333333339,0.023333333333333317
177,177,0.8833333333333333,0.8352941176470589,0.8622209165687427,0.8952702702702703,0.23624999999999996,0.08499999999999996,-0.009583333333333388
178,178,0.8208333333333333,0.7225806451612903,0.7806991774383079,0.8859430082256169,0.09041666666666659,0.0475000000000001,-0.007916666666666683
179,179,0.8291666666666667,0.7284768211920529,0.7853995299647474,0.8986486486486487,0.10333333333333328,0.039583333333333415,0.0008333333333333526
180,180,0.8791666666666667,0.8304093567251462,0.8588425381903643,0.906066392479436,0.15625,0.057083333333333375,0.015416666666666745
181,181,0.9083333333333333,0.8804347826086957,0.9030552291421856,0.9021004700352526,0.21000000000000008,0.07833333333333325,0.013749999999999818
182,182,0.8875,0.8439306358381503,0.8697121034077555,0.901072267920094,0.21583333333333332,0.0724999999999999,-0.004583333333333495
183,183,0.8833333333333333,0.8372093023255814,0.86427732079906,0.8921856639247943,0.20375,0.09333333333333338,-0.0029166666666667895
184,184,0.9083333333333333,0.8777777777777778,0.8989424206815511,0.8977673325499413,0.25916666666666677,0.10166666666666668,0.0024999999999999467
185,185,0.8208333333333333,0.7074829931972789,0.7724735605170387,0.9040099882491187,0.09333333333333327,0.02750000000000008,0.01041666666666674
186,186,0.875,0.8214285714285714,0.8513513513513513,0.901659811985899,0.16208333333333336,0.042916666666666714,0.006666666666666599
187,187,0.9,0.8620689655172413,0.8839600470035253,0.9030552291421856,0.21416666666666673,0.07416666666666671,0.016666666666666607
188,188,0.9125,0.8839779005524862,0.9043772032902467,0.8982814336075206,0.23291666666666655,0.0891666666666665,0.015833333333333255
189,189,0.8833333333333333,0.8372093023255814,0.86427732079906,0.9057726204465335,0.15041666666666675,0.05833333333333335,0.014583333333333282
190,190,0.8875,0.8421052631578947,0.8676556991774383,0.9009988249118683,0.18458333333333332,0.06708333333333316,0.015000000000000013
191,191,0.8708333333333333,0.8143712574850299,0.8459165687426558,0.8979876615746181,0.15916666666666668,0.07916666666666661,-0.002083333333333437
192,192,0.8583333333333333,0.7926829268292683,0.8296122209165688,0.9074618096357228,0.14874999999999994,0.0495833333333332,0.008750000000000147
193,193,0.8583333333333333,0.7926829268292683,0.8296122209165688,0.8980611045828437,0.1399999999999999,0.05374999999999985,0.003749999999999809
194,194,0.8958333333333334,0.8554913294797688,0.8785252643948296,0.895490599294947,0.22958333333333336,0.08208333333333329,-0.0016666666666668162
195,195,0.9083333333333333,0.8804347826086957,0.9030552291421856,0.8986486486486487,0.2633333333333333,0.1020833333333333,-1.1102230246251565e-16
196,196,0.9083333333333333,0.8791208791208791,0.9009988249118683,0.8965922444183313,0.2575000000000002,0.10333333333333328,0.0016666666666667052
197,197,0.8666666666666667,0.8072289156626506,0.8404817861339601,0.8977673325499412,0.14874999999999994,0.05166666666666686,0.005833333333333468
198,198,0.8833333333333333,0.8372093023255814,0.86427732079906,0.9096650998824912,0.16666666666666674,0.05333333333333323,0.02708333333333346
199,199,0.8291666666666667,0.7421383647798742,0.7936251468860165,0.8868977673325499,0.10958333333333337,0.0508333333333334,-0.012916666666666576
200,200,0.8875,0.8421052631578947,0.8676556991774383,0.9051850763807285,0.16166666666666663,0.05958333333333332,0.05208333333333337
201,201,0.8958333333333334,0.8571428571428571,0.8805816686251469,0.8974001175088131,0.22375000000000012,0.09999999999999998,-0.004583333333333273
202,202,0.9041666666666667,0.8715083798882681,0.8935076380728555,0.9035693301997649,0.22375,0.06916666666666671,0.013333333333333308
203,203,0.9,0.8651685393258427,0.8880728554641598,0.8987955346651,0.2100000000000002,0.09583333333333344,0.0024999999999998357
204,204,0.8875,0.8439306358381503,0.8697121034077555,0.9056991774383079,0.19333333333333336,0.0691666666666666,0.0029166666666666785
205,205,0.8958333333333334,0.8571428571428571,0.8805816686251469,0.8990893066980024,0.20750000000000013,0.08583333333333343,0.0
206,206,0.8333333333333334,0.7468354430379747,0.7970035252643948,0.907021151586369,0.10958333333333337,0.03375000000000006,0.006666666666666599
207,207,0.8416666666666667,0.7625,0.8078730904817861,0.9013660399529965,0.12250000000000016,0.05625000000000002,-0.009166666666666656
208,208,0.8541666666666666,0.7852760736196319,0.824177438307873,0.904524089306698,0.14625,0.03416666666666657,0.0183333333333332
209,209,0.9,0.8666666666666667,0.8901292596944771,0.8921122209165688,0.25708333333333344,0.14916666666666678,-0.009583333333333277
210,210,0.8625,0.8,0.8350470035252644,0.8968860164512339,0.14833333333333343,0.049583333333333424,0.012916666666666687
211,211,0.8833333333333333,0.8372093023255814,0.86427732079906,0.897840775558167,0.2041666666666666,0.0920833333333333,-0.004583333333333384
212,212,0.8458333333333333,0.7701863354037267,0.8133078730904818,0.8939482961222092,0.11874999999999991,0.046666666666666634,0.010416666666666519
213,213,0.8708333333333333,0.8143712574850299,0.8459165687426558,0.9008519388954173,0.1529166666666666,0.05166666666666675,0.019583333333333286
214,214,0.8875,0.8439306358381503,0.8697121034077555,0.8985017626321974,0.17666666666666653,0.0708333333333333,0.00374999999999992
215,215,0.875,0.8235294117647058,0.8534077555816686,0.907608695652174,0.13541666666666674,0.04958333333333331,0.00708333333333333
216,216,0.8833333333333333,0.8352941176470589,0.8622209165687427,0.8992361927144537,0.17083333333333317,0.06291666666666673,0.01041666666666674
217,217,0.8958333333333334,0.8571428571428571,0.8805816686251469,0.8993096357226791,0.22916666666666663,0.08333333333333337,-0.0004166666666668428
218,218,0.825,0.7307692307692307,0.7861339600470035,0.895123384253819,0.10791666666666666,0.03874999999999984,0.005833333333333357
219,219,0.8625,0.8,0.8350470035252644,0.9033490011750881,0.13375000000000004,0.050000000000000044,0.02833333333333332
220,220,0.8875,0.8421052631578947,0.8676556991774383,0.8990893066980024,0.18625000000000003,0.06166666666666665,0.012499999999999956
221,221,0.8583333333333333,0.7951807228915663,0.831668625146886,0.8930669800235018,0.1579166666666666,0.09249999999999992,-0.015416666666666745
222,222,0.8666666666666667,0.8095238095238095,0.8425381903642772,0.899162749706228,0.14916666666666667,0.060833333333333295,-0.0004166666666667318
223,223,0.9125,0.8864864864864865,0.9084900117508813,0.8975470035252644,0.28874999999999995,0.09916666666666651,0.027083333333333237
224,224,0.8583333333333333,0.7926829268292683,0.8296122209165688,0.8976204465334902,0.13749999999999984,0.05333333333333323,0.008749999999999925
225,225,0.8416666666666667,0.7625,0.8078730904817861,0.9081227967097532,0.12916666666666665,0.030416666666666647,0.008333333333333304
226,226,0.8708333333333333,0.8143712574850299,0.8459165687426558,0.8982814336075206,0.1812499999999999,0.05750000000000011,-0.006250000000000089
227,227,0.8375,0.7547169811320755,0.8024383078730906,0.9015129259694477,0.10458333333333347,0.04125000000000001,0.015416666666666745
228,228,0.8375,0.7547169811320755,0.8024383078730906,0.9005581668625147,0.11041666666666661,0.03333333333333344,0.007499999999999951
229,229,0.8833333333333333,0.8372093023255814,0.86427732079906,0.8953437132784958,0.18333333333333324,0.08916666666666662,-0.00666666666666671
230,230,0.8458333333333333,0.7730061349693251,0.8153642773207991,0.8877056404230317,0.15666666666666673,0.08583333333333332,-0.020000000000000018
231,231,0.9041666666666667,0.8715083798882681,0.8935076380728555,0.9009253819036428,0.22333333333333327,0.08458333333333323,0.0066666666666664876
232,232,0.8333333333333334,0.7468354430379747,0.7970035252643948,0.9037162162162161,0.12249999999999994,0.03416666666666679,-0.004166666666666652
233,233,0.8791666666666667,0.8284023668639053,0.8567861339600471,0.9003378378378378,0.1841666666666667,0.0625,0.012083333333333224
234,234,0.9,0.8709677419354839,0.8962984723854289,0.8996768507638073,0.28875000000000006,0.12291666666666667,-0.012499999999999956
235,235,0.825,0.7162162162162162,0.7779083431257344,0.9087837837837838,0.11124999999999996,0.026666666666666616,0.005833333333333357
236,236,0.875,0.8214285714285714,0.8513513513513513,0.8992361927144535,0.17041666666666677,0.05791666666666673,0.004583333333333273
237,237,0.8833333333333333,0.8372093023255814,0.86427732079906,0.8974735605170387,0.17916666666666659,0.05874999999999997,0.005416666666666625
238,238,0.9041666666666667,0.8700564971751412,0.8914512338425382,0.8996034077555817,0.23875000000000002,0.1133333333333334,0.0024999999999999467
239,239,0.9041666666666667,0.8715083798882681,0.8935076380728555,0.9042303172737955,0.1891666666666667,0.07250000000000001,0.02416666666666678
240,240,0.8708333333333333,0.8143712574850299,0.8459165687426558,0.899162749706228,0.1595833333333334,0.04875000000000007,0.007083333333333219
241,241,0.8458333333333333,0.7701863354037267,0.8133078730904818,0.8902027027027026,0.14249999999999996,0.060416666666666674,-0.021666666666666723
242,242,0.875,0.8214285714285714,0.8513513513513513,0.901659811985899,0.16208333333333336,0.053333333333333344,0.014583333333333393
243,243,0.8833333333333333,0.8372093023255814,0.86427732079906,0.897253231492362,0.20333333333333337,0.10583333333333322,-0.010416666666666852
244,244,0.9166666666666666,0.8888888888888888,0.9077555816686251,0.896665687426557,0.2795833333333333,0.11249999999999982,0.014583333333333282
245,245,0.8916666666666667,0.8488372093023255,0.873090481786134,0.9040099882491187,0.18791666666666673,0.06625000000000003,0.01375000000000004
246,246,0.8458333333333333,0.7701863354037267,0.8133078730904818,0.9002643948296122,0.13374999999999992,0.04125000000000012,0.003750000000000031
247,247,0.8416666666666667,0.7625,0.8078730904817861,0.9008519388954171,0.10583333333333333,0.03500000000000003,0.022500000000000075
248,248,0.875,0.8235294117647058,0.8534077555816686,0.8960047003525264,0.16125000000000012,0.06874999999999998,-0.0008333333333332416
249,249,0.8875,0.8421052631578947,0.8676556991774383,0.8978407755581668,0.18291666666666673,0.07916666666666661,0.0050000000000000044
