,random_seed,accuracy,f1,balanced_acc,auc,feature_importance.backtop_CO2_scaled,feature_importance.backtop_CO2_fd1_scaled,feature_importance.backtop_CO2_fd2_scaled,feature_importance.backtop_CO2_fd3_scaled
0,0,0.8264840182648402,0.75,0.7979715850736049,0.9418863402944198,-0.023287671232876672,0.17990867579908687,0.045205479452054886,0.05433789954337909
1,1,0.8858447488584474,0.8587570621468926,0.8776104073947278,0.9336699760356042,0.2894977168949773,0.07716894977168942,0.05753424657534245,0.09041095890410955
2,2,0.8356164383561644,0.775,0.8133344744950359,0.9274221157137966,0.04109589041095896,0.1474885844748859,0.06712328767123288,0.04429223744292243
3,3,0.8858447488584474,0.8571428571428571,0.8761126326600479,0.907651489216022,0.22374429223744297,0.07808219178082187,0.059817351598173474,0.07716894977168942
4,4,0.867579908675799,0.8284023668639053,0.8528757274905854,0.9278500513522767,0.019178082191780743,0.10319634703196345,0.19406392694063934,0.05022831050228316
5,5,0.8538812785388128,0.8072289156626506,0.8365713796644985,0.9085929476206779,0.012785388127854014,0.10684931506849327,0.10776255707762561,0.09863013698630141
6,6,0.867579908675799,0.8263473053892215,0.8513779527559056,0.9388907908250599,0.0474885844748858,0.169406392694064,0.2063926940639268,0.0036529680365295913
7,7,0.8767123287671232,0.8457142857142858,0.8667408421773366,0.9287059226292367,0.012785388127853792,0.11232876712328754,0.20913242009132416,0.14383561643835607
8,8,0.863013698630137,0.8275862068965517,0.8519342690859295,0.9254536117767886,0.002739726027397249,0.006849315068493289,0.0237442922374429,0.03013698630136996
9,9,0.8584474885844748,0.8165680473372781,0.8435039370078741,0.9216877781581649,0.06255707762557083,0.058447488584474794,0.02237442922374422,0.1351598173515982
10,10,0.863013698630137,0.8275862068965517,0.8519342690859295,0.8961828141047588,0.3210045662100458,0.0022831050228310223,0.007762557077625631,0.004566210045662156
11,11,0.8767123287671232,0.8421052631578947,0.8637452927079767,0.9519000342348511,0.06849315068493156,0.24520547945205473,0.14109589041095894,0.20045662100456618
12,12,0.8356164383561644,0.7777777777777778,0.8148322492297159,0.9407737076343718,0.16849315068493143,0.26164383561643834,0.22465753424657542,0.317351598173516
13,13,0.8493150684931506,0.8070175438596491,0.8356299212598426,0.8781239301609037,0.06118721461187204,0.1351598173515981,0.08630136986301362,0.042465753424657526
14,14,0.8538812785388128,0.813953488372093,0.8410647038685382,0.9102191030469018,0.03378995433789955,0.10958904109589052,0.08082191780821923,0.049315068493150704
15,15,0.8310502283105022,0.7581699346405228,0.8034063676823007,0.9519000342348511,-0.04885844748858448,0.1351598173515982,0.18721461187214605,0.21461187214611877
16,16,0.908675799086758,0.8913043478260869,0.906282095172886,0.920917494008901,0.12283105022831053,0.1004566210045661,0.13972602739726026,0.11004566210045663
17,17,0.8584474885844748,0.8050314465408805,0.8360150633344745,0.9192913385826773,0.00913242009132409,0.17899543378995442,0.13835616438356169,0.2319634703196346
18,18,0.8812785388127854,0.8602150537634409,0.8796644984594317,0.9189489900718931,0.40547945205479463,0.042465753424657415,0.029680365296803624,0.03561643835616446
19,19,0.8082191780821918,0.7407407407407407,0.7867168777815816,0.9107326258130777,0.005022831050228271,-0.0018264840182647957,0.02876712328767117,0.016438356164383605
20,20,0.5799086757990868,0.0,0.5,0.9026874358096544,0.0,0.0,0.0,0.00273972602739736
21,21,0.8584474885844748,0.8143712574850299,0.842006162273194,0.9232283464566928,0.06438356164383574,0.10319634703196345,0.11187214611872143,0.0931506849315068
22,22,0.867579908675799,0.8304093567251462,0.8543735022252653,0.9184354673057173,0.29132420091324196,0.11643835616438347,0.04018264840182628,0.08447488584474894
23,23,0.8538812785388128,0.813953488372093,0.8410647038685382,0.9103046901745977,0.22511415525114142,0.010502283105022991,0.006392694063926951,0.0018264840182649067
24,24,0.8538812785388128,0.813953488372093,0.8410647038685382,0.9038000684697021,0.08173515981735169,0.182648401826484,0.024200913242009237,0.13013698630136994
25,25,0.8721461187214612,0.8333333333333334,0.8568127353646011,0.9341834988017802,-0.004566210045662267,0.06392694063926951,0.09589041095890405,0.06484018264840197
26,26,0.8538812785388128,0.8048780487804879,0.8350736049298185,0.9302464909277646,0.034703196347032006,0.057077625570776225,0.2136986301369863,0.024200913242009015
27,27,0.8264840182648402,0.75,0.7979715850736049,0.9266518315645327,-0.054337899543378976,0.06712328767123288,0.01963470319634708,0.04703196347031957
28,28,0.8584474885844748,0.8143712574850299,0.842006162273194,0.9347826086956521,-0.017808219178082285,0.09360730593607314,0.21826484018264836,0.11461187214611868
29,29,0.867579908675799,0.8284023668639053,0.8528757274905854,0.9134714138993495,0.12100456621004563,0.11780821917808215,0.16575342465753418,0.14566210045662098
30,30,0.8264840182648402,0.7888888888888889,0.8189404313591235,0.8790653885655597,0.38949771689497714,0.034703196347032006,0.021461187214611765,0.0876712328767123
31,31,0.8767123287671232,0.8556149732620321,0.875727490585416,0.9008045190003423,0.43744292237442917,0.08721461187214619,0.01187214611872156,0.1881278538812785
32,32,0.8264840182648402,0.7532467532467533,0.7994693598082848,0.9299041424169805,-0.038356164383561486,0.1570776255707762,0.15981735159817356,0.1675799086757992
33,33,0.8858447488584474,0.8554913294797688,0.8746148579253681,0.9170660732625813,0.35479452054794514,0.18356164383561635,0.13242009132420096,0.1931506849315069
34,34,0.8538812785388128,0.8048780487804879,0.8350736049298185,0.8976377952755906,0.054337899543378976,0.1547945205479453,0.05799086757990868,0.004566210045662045
35,35,0.8584474885844748,0.8050314465408805,0.8360150633344745,0.9305032523108524,0.021917808219178103,0.09634703196347028,0.13287671232876708,0.08173515981735147
36,36,0.8584474885844748,0.8121212121212121,0.8405083875385142,0.9271653543307088,0.01963470319634686,0.05616438356164377,0.11415525114155234,0.15251141552511416
37,37,0.8721461187214612,0.8409090909090909,0.8628038343033209,0.9102191030469016,0.36894977168949783,0.12648401826484024,0.12237442922374431,0.002739726027397249
38,38,0.867579908675799,0.8304093567251462,0.8543735022252653,0.9253252310852447,0.03013698630136985,0.10913242009132418,0.062100456621004496,0.16392694063926938
39,39,0.8310502283105022,0.7784431137724551,0.8138907908250599,0.906710030811366,0.27305936073059356,-0.008675799086757974,0.021917808219178103,-0.014155251141552472
40,40,0.8812785388127854,0.8505747126436781,0.8706778500513523,0.9331564532694283,0.01872146118721474,0.26529680365296804,0.21643835616438356,0.13789954337899546
41,41,0.817351598173516,0.7368421052631579,0.7885997945908936,0.9484765491270113,-0.045205479452054886,0.09360730593607303,0.0780821917808221,0.10273972602739723
42,42,0.8721461187214612,0.8478260869565217,0.8687949332420404,0.9096199931530298,0.4146118721461188,0.091324200913242,0.041095890410958846,0.05936073059360736
43,43,0.863013698630137,0.8275862068965517,0.8519342690859295,0.9204895583704211,0.07716894977168953,0.07808219178082199,0.15388127853881273,0.1803652968036531
44,44,0.863013698630137,0.8192771084337349,0.8459431701472098,0.9290482711400205,0.047945205479452135,0.18127853881278544,0.11324200913242011,0.09269406392694068
45,45,0.8538812785388128,0.8350515463917526,0.8575402259500171,0.9058541595344061,0.406392694063927,0.12831050228310503,0.158447488584475,0.07990867579908678
46,46,0.8310502283105022,0.7784431137724551,0.8138907908250599,0.890020540910647,0.4068493150684931,0.0091324200913242,0.029680365296803624,-0.015068493150684925
47,47,0.8127853881278538,0.7284768211920529,0.7831650119821978,0.8936152002738788,-0.05296803652968052,0.0876712328767123,0.004109589041095929,0.06849315068493134
48,48,0.867579908675799,0.8242424242424242,0.8498801780212255,0.9352105443341322,-0.04063926940639284,0.23242009132420094,0.06803652968036522,0.126027397260274
49,49,0.8721461187214612,0.8352941176470589,0.858310510099281,0.9133002396439576,0.21643835616438356,0.06986301369863035,0.03515981735159812,0.1589041095890411
50,50,0.8127853881278538,0.7484662576687117,0.7921516603902773,0.904228004108182,0.3808219178082191,0.0,0.010958904109589107,0.02602739726027392
51,51,0.8082191780821918,0.7272727272727273,0.7807257788428621,0.9162102019856214,-0.08082191780821912,0.11598173515981736,0.04292237442922375,0.02237442922374433
52,52,0.863013698630137,0.8192771084337349,0.8459431701472098,0.9289626840123246,0.027853881278538828,0.06712328767123288,0.1876712328767124,0.06438356164383563
53,53,0.8127853881278538,0.7484662576687117,0.7921516603902773,0.9008045190003423,0.03242009132420087,-0.0018264840182649067,0.01963470319634697,-0.024657534246575352
54,54,0.863013698630137,0.8275862068965517,0.8519342690859295,0.9284491612461486,0.09360730593607314,0.10593607305936092,0.1114155251141552,0.05159817351598173
55,55,0.8447488584474886,0.8,0.8301951386511468,0.9009756932557342,0.037442922374429144,0.1351598173515982,0.02100456621004565,0.038812785388127935
56,56,0.5799086757990868,0.0,0.5,0.8946422458062308,0.0,0.0,0.0,0.0
57,57,0.817351598173516,0.7333333333333333,0.7871020198562136,0.8942143101677508,-0.010045662100456543,0.21506849315068488,0.19954337899543373,0.17762557077625574
58,58,0.863013698630137,0.8314606741573034,0.8549298185552893,0.8782095172885998,0.43333333333333335,0.05068493150684927,0.04840182648401847,0.10547945205479459
59,59,0.867579908675799,0.8242424242424242,0.8498801780212255,0.9240842177336527,0.07579908675799085,0.11598173515981736,0.029223744292237397,0.05525114155251132
60,60,0.8584474885844748,0.8143712574850299,0.842006162273194,0.9118452584731256,0.22328767123287663,0.1041095890410959,0.05753424657534234,0.15068493150684925
61,61,0.5799086757990868,0.0,0.5,0.9053406367682302,0.0,0.0,0.0,0.0
62,62,0.8447488584474886,0.8089887640449438,0.8361862375898665,0.8923313933584388,0.3342465753424657,0.0009132420091324533,0.042465753424657526,-0.007762557077625409
63,63,0.8721461187214612,0.8372093023255814,0.859808284833961,0.9174940089010613,0.11461187214611879,0.14520547945205475,0.06164383561643838,0.05251141552511429
64,64,0.8493150684931506,0.7975460122699386,0.8296388223211228,0.938719616569668,0.03972602739726028,0.17305936073059358,0.008675799086757974,0.17260273972602735
65,65,0.8584474885844748,0.8208092485549133,0.8464994864772338,0.9132146525162615,0.34794520547945196,0.05114155251141539,0.12283105022831053,-0.0009132420091324533
66,66,0.867579908675799,0.8323699421965318,0.8558712769599452,0.9083361862375898,0.10136986301369855,0.1278538812785387,0.11735159817351593,0.09269406392694057
67,67,0.8584474885844748,0.8165680473372781,0.8435039370078741,0.9235706949674769,0.04292237442922364,0.204566210045662,0.04109589041095896,0.07031963470319624
68,68,0.8493150684931506,0.8070175438596491,0.8356299212598426,0.906966792194454,0.2429223744292236,0.004566210045662045,-0.01187214611872145,-1.1102230246251565e-16
69,69,0.867579908675799,0.8342857142857143,0.8573690516946251,0.9210886682642931,0.15936073059360734,0.09178082191780823,0.15936073059360722,0.0031963470319634757
70,70,0.8538812785388128,0.8072289156626506,0.8365713796644985,0.9026874358096542,0.24885844748858454,0.2022831050228311,0.06575342465753431,-0.0009132420091322313
71,71,0.8767123287671232,0.8421052631578947,0.8637452927079767,0.9262238959260527,0.18356164383561646,0.1972602739726027,0.06027397260273981,0.10319634703196345
72,72,0.8493150684931506,0.8023952095808383,0.8326343717904827,0.9179219445395412,-0.0022831050228311334,0.147945205479452,0.10913242009132418,0.19315068493150678
73,73,0.8493150684931506,0.8023952095808383,0.8326343717904827,0.9017459774049983,-0.05022831050228305,0.18401826484018258,0.22739726027397256,0.10319634703196345
74,74,0.8036529680365296,0.7329192546583851,0.781282095172886,0.906966792194454,0.34885844748858447,-0.008675799086757863,-0.0018264840182646847,-0.014611872146118698
75,75,0.863013698630137,0.8125,0.8414498459431702,0.9457377610407395,0.021917808219177992,0.15936073059360734,0.06027397260273981,0.21050228310502284
76,76,0.8082191780821918,0.7857142857142857,0.8121790482711401,0.890362889421431,0.3831050228310503,-0.014611872146118698,-0.007305936073059405,0.11324200913242
77,77,0.821917808219178,0.7636363636363637,0.8030212256076686,0.9081650119821978,0.1095890410958904,-0.01963470319634708,-0.015068493150685036,-0.013698630136986356
78,78,0.867579908675799,0.8342857142857143,0.8573690516946251,0.9133002396439576,0.250228310502283,0.1534246575342465,0.01324200913242013,0.08630136986301362
79,79,0.8493150684931506,0.819672131147541,0.844616569667922,0.8788086271824718,0.3945205479452054,0.05159817351598173,0.028310502283105055,0.11598173515981736
80,80,0.771689497716895,0.6753246753246753,0.7432386169120164,0.8739301609038,0.15022831050228314,-0.0009132420091323423,0.015068493150684925,-0.005936073059360725
81,81,0.8584474885844748,0.8187134502923976,0.8450017117425539,0.9168093118794933,0.3123287671232876,0.09634703196347028,0.12557077625570767,0.037442922374429255
82,82,0.8036529680365296,0.7329192546583851,0.781282095172886,0.9011468675111262,0.1438356164383563,-0.005022831050228382,0.008219178082191747,-0.036073059360730575
83,83,0.867579908675799,0.8379888268156425,0.8603646011639849,0.9102191030469017,0.42602739726027394,0.007305936073059294,0.008219178082191747,0.05205479452054784
84,84,0.867579908675799,0.8284023668639053,0.8528757274905854,0.9032009585758302,0.028310502283104944,0.04840182648401825,0.15799086757990854,0.06164383561643838
85,85,0.8036529680365296,0.7329192546583851,0.781282095172886,0.9067100308113659,-0.03013698630136985,0.0,0.012328767123287676,-0.00045662100456611565
86,86,0.863013698630137,0.8255813953488372,0.8504364943512496,0.9444539541252994,0.01872146118721474,0.04977168949771682,0.07990867579908678,0.18812785388127862
87,87,0.8036529680365296,0.7189542483660131,0.7752909962341663,0.937949332420404,0.007762557077625631,0.2502283105022831,0.2611872146118721,0.21278538812785386
88,88,0.867579908675799,0.8323699421965318,0.8558712769599452,0.9443683669976036,0.06438356164383552,0.13744292237442923,0.1388127853881277,0.19223744292237444
89,89,0.8538812785388128,0.8048780487804879,0.8350736049298185,0.9250256761383088,0.0383561643835616,0.08036529680365301,0.1675799086757992,0.15205479452054793
90,90,0.8538812785388128,0.8202247191011236,0.8455580280725778,0.8980657309140706,0.3470319634703196,0.04703196347031968,-0.007762557077625409,0.1041095890410959
91,91,0.817351598173516,0.7333333333333333,0.7871020198562136,0.9352961314618282,-0.011415525114155334,0.2242009132420092,0.07625570776255708,0.1657534246575343
92,92,0.8447488584474886,0.7976190476190477,0.828697363916467,0.9157822663471413,0.2589041095890411,0.13333333333333341,0.0031963470319636977,-0.010045662100456654
93,93,0.5799086757990868,0.0,0.5,0.904741526874358,0.0,0.0,0.0,0.0
94,94,0.8447488584474886,0.8,0.8301951386511468,0.9127011297500855,0.1808219178082192,0.02876712328767128,-0.01963470319634697,0.047945205479452135
95,95,0.8447488584474886,0.7901234567901234,0.8242040397124273,0.9011468675111263,0.062100456621004496,0.07579908675799096,0.16484018264840172,0.06210045662100461
96,96,0.8493150684931506,0.7950310559006211,0.828141047586443,0.9351249572064362,0.05662100456620989,0.07716894977168953,0.08173515981735158,0.08949771689497721
97,97,0.8310502283105022,0.7672955974842768,0.8078996918863403,0.9310167750770284,0.019178082191780743,0.03926940639269405,0.14292237442922373,0.034703196347032006
98,98,0.863013698630137,0.8214285714285714,0.8474409448818898,0.919976035604245,0.1461187214611872,0.11461187214611868,0.11598173515981736,0.06621004566210054
99,99,0.8584474885844748,0.8187134502923976,0.8450017117425539,0.9198904484765491,0.039726027397260166,0.12739726027397258,0.16757990867579897,0.09543378995433782
100,100,0.821917808219178,0.7607361963190185,0.8015234508729887,0.9240842177336529,0.036073059360730575,-0.0031963470319634757,-0.005022831050228382,-0.006392694063926951
101,101,0.8812785388127854,0.8539325842696629,0.8736733995207121,0.9127867168777815,-0.010502283105022658,0.15068493150684936,0.08401826484018271,0.09954337899543386
102,102,0.8584474885844748,0.8143712574850299,0.842006162273194,0.9031153714481341,0.20593607305936068,0.11552511415525102,0.08858447488584487,0.04292237442922364
103,103,0.8493150684931506,0.8,0.8311365970558028,0.9292194453954126,0.01187214611872145,0.16529680365296784,0.12648401826484013,0.09452054794520548
104,104,0.821917808219178,0.7483870967741936,0.7955323519342691,0.9221157137966449,-0.06438356164383552,0.09908675799086752,0.06621004566210043,0.04566210045662089
105,105,0.8767123287671232,0.847457627118644,0.8682386169120164,0.9117596713454297,0.26347031963470324,0.012328767123287676,0.004566210045662045,0.052968036529680296
106,106,0.8995433789954338,0.8817204301075269,0.8984080794248545,0.9264806573091408,0.033789954337899664,0.2045662100456621,0.1328767123287672,0.1821917808219179
107,107,0.863013698630137,0.8214285714285714,0.8474409448818898,0.9383772680588839,0.06073059360730593,0.19589041095890414,0.11324200913242011,0.1602739726027398
108,108,0.863013698630137,0.8275862068965517,0.8519342690859295,0.9180931187949333,0.06666666666666676,0.013698630136986245,0.16666666666666674,0.06484018264840186
109,109,0.8538812785388128,0.8048780487804879,0.8350736049298185,0.9189489900718932,0.0858447488584475,0.0639269406392694,0.14109589041095894,0.03652968036529691
110,110,0.8584474885844748,0.8074534161490683,0.8375128380691543,0.954809996576515,0.040182648401826504,0.07945205479452055,0.018264840182648512,0.0949771689497716
111,111,0.8401826484018264,0.7928994082840237,0.8247603560424512,0.9179219445395412,0.27488584474885847,0.0657534246575342,0.01963470319634708,-0.005479452054794498
112,112,0.821917808219178,0.7515923566878981,0.797030126668949,0.9133002396439576,-0.0602739726027397,0.06986301369863002,0.05890410958904102,0.09999999999999998
113,113,0.8584474885844748,0.8187134502923976,0.8450017117425539,0.921516603902773,0.04429223744292243,0.05388127853881275,0.15936073059360734,0.024657534246575352
114,114,0.8264840182648402,0.7710843373493976,0.8084560082163643,0.9107326258130777,0.35479452054794525,0.029223744292237508,0.00502283105022816,-0.0009132420091323423
115,115,0.8310502283105022,0.7643312101910829,0.8064019171516603,0.9284491612461485,-0.009589041095890427,0.15296803652968038,0.10091324200913243,0.18767123287671228
116,116,0.7214611872146118,0.5271317829457365,0.6729715850736049,0.9184354673057171,0.06210045662100461,-0.008675799086757974,-0.04474885844748855,-0.01050228310502288
117,117,0.867579908675799,0.8397790055248618,0.8618623758986648,0.889592605272167,0.423744292237443,0.0036529680365295913,0.014155251141552583,0.05022831050228316
118,118,0.867579908675799,0.8342857142857143,0.8573690516946251,0.9239986306059568,0.08995433789954332,0.03926940639269405,0.017351598173515836,0.10182648401826477
119,119,0.8767123287671232,0.8421052631578947,0.8637452927079767,0.9228004108182128,0.06803652968036522,0.14292237442922373,0.11278538812785377,0.09634703196347028
120,120,0.8721461187214612,0.8372093023255814,0.859808284833961,0.9273365285861007,0.061187214611872154,0.20045662100456618,0.06484018264840197,0.04429223744292232
121,121,0.8310502283105022,0.7757575757575758,0.8123930160903801,0.9291338582677166,0.31095890410958893,0.10273972602739723,0.06986301369863013,0.0031963470319633647
122,122,0.7990867579908676,0.725,0.7758473125641904,0.9133858267716536,0.02648401826484026,-0.00273972602739736,-0.004109589041095929,-0.00273972602739736
123,123,0.817351598173516,0.7468354430379747,0.7930931187949333,0.9194625128380691,0.26027397260273977,0.0397260273972605,0.018721461187214627,-0.010045662100456543
124,124,0.8721461187214612,0.8390804597701149,0.8613060595686408,0.9177507702841493,-0.019178082191780743,0.029223744292237508,0.1789954337899543,0.1150684931506849
125,125,0.867579908675799,0.8220858895705522,0.8483824032865457,0.9548099965765149,0.03424657534246578,0.13652968036529667,0.05251141552511396,0.13424657534246576
126,126,0.7990867579908676,0.725,0.7758473125641904,0.9160390277302293,0.04931506849315059,-0.007305936073059183,-0.010045662100456543,-0.008219178082191636
127,127,0.908675799086758,0.8863636363636364,0.9002909962341663,0.9424854501882917,0.001369863013698569,0.182648401826484,0.1041095890410959,0.24520547945205484
128,128,0.6986301369863014,0.4406779661016949,0.6413043478260869,0.9162957891133173,-0.021917808219177992,-0.011415525114155223,0.004109589041095929,0.00136986301369868
129,129,0.8812785388127854,0.8522727272727273,0.8721756247860322,0.9184354673057172,0.15799086757990877,0.16392694063926927,0.07351598173515983,0.09908675799086764
130,130,0.8721461187214612,0.8409090909090909,0.8628038343033209,0.9144984594317015,0.32237442922374426,0.0237442922374429,0.007305936073059294,0.01050228310502277
131,131,0.817351598173516,0.75,0.7945908935296131,0.922800410818213,0.1785388127853882,0.013698630136986356,0.015068493150684925,0.009589041095890427
132,132,0.8264840182648402,0.7840909090909091,0.8159448818897638,0.8497945908935296,0.3999999999999999,0.005022831050228382,-0.001369863013698458,0.07625570776255719
133,133,0.8721461187214612,0.8372093023255814,0.859808284833961,0.9316158849709003,0.051598173515981616,0.1698630136986301,0.05296803652968041,0.07442922374429228
134,134,0.8493150684931506,0.8,0.8311365970558028,0.9067100308113659,0.17808219178082196,0.14520547945205475,0.05662100456620989,-0.002739726027397249
135,135,0.8401826484018264,0.782608695652174,0.8187692571037316,0.9328996918863404,0.0018264840182647957,0.21050228310502272,0.1913242009132421,0.045205479452054886
136,136,0.8812785388127854,0.8539325842696629,0.8736733995207121,0.919548099965765,0.3027397260273973,0.13607305936073066,0.14703196347031977,0.10639269406392704
137,137,0.8401826484018264,0.782608695652174,0.8187692571037316,0.9321294077370763,-0.042465753424657526,0.18310502283105012,0.05799086757990868,0.06986301369863013
138,138,0.8538812785388128,0.813953488372093,0.8410647038685382,0.9298185552892845,0.04474885844748866,0.09041095890410955,0.010958904109589107,0.13561643835616444
139,139,0.7671232876712328,0.7559808612440191,0.7797415268743582,0.8909619993153031,0.3442922374429223,0.07808219178082187,-0.026940639269406486,0.015525114155251152
140,140,0.8904109589041096,0.8695652173913043,0.8875385142074632,0.9133858267716535,0.35844748858447484,0.011415525114155334,0.06073059360730604,0.03515981735159823
141,141,0.867579908675799,0.8284023668639053,0.8528757274905854,0.922201300924341,0.3073059360730592,0.1497716894977168,0.07168949771689492,0.13013698630136983
142,142,0.9041095890410958,0.8813559322033898,0.8963539883601506,0.9050838753851422,0.21963470319634704,0.10639269406392693,0.101826484018265,0.16164383561643825
143,143,0.8356164383561644,0.7857142857142857,0.8193255734337556,0.9179219445395411,0.16255707762557092,-0.005022831050228271,-0.0018264840182647957,0.0018264840182649067
144,144,0.863013698630137,0.8214285714285714,0.8474409448818898,0.9356384799726122,0.05570776255707777,0.11141552511415531,0.055707762557077545,0.06849315068493145
145,145,0.776255707762557,0.73224043715847,0.7696422458062308,0.8761554262238959,0.4118721461187214,0.15479452054794518,0.1333333333333332,0.007762557077625631
146,146,0.8447488584474886,0.7926829268292683,0.8257018144471071,0.93931872646354,0.033333333333333326,0.07442922374429228,0.13424657534246565,0.1712328767123289
147,147,0.8447488584474886,0.7926829268292683,0.8257018144471071,0.9259671345429648,0.07214611872146126,0.13789954337899546,0.1150684931506849,0.06803652968036533
148,148,0.821917808219178,0.7417218543046358,0.7925368024649093,0.8830023964395756,-0.05068493150684927,0.09726027397260273,0.08538812785388128,0.05936073059360736
149,149,0.8584474885844748,0.8165680473372781,0.8435039370078741,0.9239130434782609,0.17397260273972603,0.1515981735159816,0.19269406392694066,0.12374429223744299
150,150,0.8721461187214612,0.8352941176470589,0.858310510099281,0.9198904484765492,0.1625570776255708,0.19726027397260282,0.005479452054794609,0.08264840182648414
151,151,0.8401826484018264,0.7928994082840237,0.8247603560424512,0.9088497090037658,0.20045662100456618,-0.005022831050228271,-0.006849315068493178,0.004109589041095818
152,152,0.8493150684931506,0.8070175438596491,0.8356299212598426,0.8980657309140706,0.07579908675799085,0.18127853881278533,0.010045662100456543,0.0036529680365297024
153,153,0.8584474885844748,0.8143712574850299,0.842006162273194,0.9251112632660049,0.010045662100456543,0.08264840182648392,0.08538812785388128,0.0858447488584475
154,154,0.8584474885844748,0.8098159509202454,0.8390106128038343,0.9483053748716194,-0.03789954337899548,0.13744292237442934,0.057077625570776225,0.05890410958904102
155,155,0.8858447488584474,0.8538011695906432,0.873117083190688,0.9499315302978433,-0.012328767123287787,0.19269406392694055,0.1954337899543378,0.10319634703196345
156,156,0.8493150684931506,0.8156424581005587,0.8416210201985621,0.8754707292023278,0.45022831050228307,0.0036529680365295913,0.0365296803652968,0.17442922374429226
157,157,0.8949771689497716,0.8715083798882681,0.8884799726121191,0.9041424169804861,0.3780821917808219,0.1876712328767124,0.0730593607305936,0.16164383561643825
158,158,0.8538812785388128,0.8072289156626506,0.8365713796644985,0.9009756932557342,0.18173515981735167,0.16621004566210051,0.01689497716894972,0.10867579908675806
159,159,0.8493150684931506,0.8047337278106509,0.8341321465251625,0.9275077028414924,0.043835616438356095,0.17397260273972592,0.1424657534246575,0.04474885844748855
160,160,0.8949771689497716,0.8729281767955801,0.8899777473467991,0.9123587812393016,0.5237442922374429,0.182648401826484,0.16666666666666663,0.07899543378995433
161,161,0.8812785388127854,0.8539325842696629,0.8736733995207121,0.9014892160219103,0.23059360730593614,0.12191780821917808,0.004109589041095818,0.09771689497716907
162,162,0.863013698630137,0.8275862068965517,0.8519342690859295,0.9338411502909962,0.07534246575342463,0.08995433789954344,0.08264840182648414,0.007762557077625631
163,163,0.8538812785388128,0.813953488372093,0.8410647038685382,0.919976035604245,0.015981735159817267,0.15433789954337906,0.01187214611872156,0.08721461187214619
164,164,0.7534246575342466,0.6197183098591549,0.7155083875385142,0.9097055802807259,0.24703196347031964,-0.010045662100456543,-0.008675799086757974,-0.02100456621004565
165,165,0.8584474885844748,0.8165680473372781,0.8435039370078741,0.9008901061280383,-0.016438356164383494,0.0840182648401826,0.13424657534246565,0.16757990867579897
166,166,0.8493150684931506,0.7975460122699386,0.8296388223211228,0.9418007531667237,0.03378995433789944,0.08858447488584476,0.058447488584474794,-0.01963470319634697
167,167,0.8721461187214612,0.8352941176470589,0.858310510099281,0.9247689147552207,0.09589041095890405,0.08721461187214619,0.14155251141552516,0.20365296803652966
168,168,0.8447488584474886,0.8,0.8301951386511468,0.9159534406025334,0.22876712328767135,0.0022831050228312444,0.010958904109589107,0.015981735159817267
169,169,0.8538812785388128,0.8048780487804879,0.8350736049298185,0.8705922629236564,0.05936073059360736,0.08173515981735158,0.1515981735159817,0.05159817351598173
170,170,0.821917808219178,0.7417218543046358,0.7925368024649093,0.920831906881205,-0.07488584474885851,0.16210045662100458,0.022831050228310446,0.016438356164383494
171,171,0.8356164383561644,0.7777777777777778,0.8148322492297159,0.922543649435125,0.008675799086757974,0.2004566210045663,0.029680365296803735,0.07031963470319635
172,172,0.817351598173516,0.7560975609756098,0.797586442998973,0.9053406367682301,-0.023287671232876672,-0.01187214611872145,-0.001369863013698458,-0.02374429223744301
173,173,0.8127853881278538,0.7248322147651006,0.781667237247518,0.9301609038000686,0.004109589041095929,0.15662100456620998,0.017351598173515947,0.014611872146118698
174,174,0.8721461187214612,0.8352941176470589,0.858310510099281,0.9216877781581649,0.020091324200913085,0.07260273972602749,0.14292237442922373,0.12511415525114156
175,175,0.5799086757990868,0.0,0.5,0.889592605272167,0.0,0.0,0.0,0.0
176,176,0.8310502283105022,0.7784431137724551,0.8138907908250599,0.9014036288942143,0.3831050228310502,0.014611872146118587,-0.0009132420091325644,0.017351598173515947
177,177,0.8767123287671232,0.850828729281768,0.8712341663813763,0.906881205066758,0.40091324200913236,0.0712328767123287,0.04611872146118723,-0.00273972602739736
178,178,0.8538812785388128,0.8367346938775511,0.8590380006846969,0.889335843889079,0.42602739726027394,0.1296803652968037,0.0639269406392694,0.1041095890410959
179,179,0.8721461187214612,0.8372093023255814,0.859808284833961,0.9257959602875727,0.23242009132420094,0.07899543378995433,0.058447488584474905,0.1388127853881279
180,180,0.8767123287671232,0.8491620111731844,0.8697363916466964,0.9205751454981171,0.2337899543378995,0.005479452054794498,0.058447488584474905,0.0022831050228310223
181,181,0.8721461187214612,0.8352941176470589,0.858310510099281,0.9367511126326602,0.013698630136986356,0.11141552511415531,0.1041095890410959,0.24566210045662107
182,182,0.8310502283105022,0.7784431137724551,0.8138907908250599,0.9146696336870934,0.07260273972602738,0.0009132420091323423,0.007305936073059294,0.015068493150684925
183,183,0.863013698630137,0.8275862068965517,0.8519342690859295,0.9376069839096199,0.11278538812785388,0.11552511415525124,0.08538812785388128,0.05890410958904124
184,184,0.8264840182648402,0.7710843373493976,0.8084560082163643,0.9106470386853817,0.26940639269406386,0.006392694063927062,0.0036529680365297024,0.0365296803652968
185,185,0.8356164383561644,0.7857142857142857,0.8193255734337556,0.9198904484765492,0.05251141552511418,-0.0036529680365297024,-0.006849315068493178,-0.007305936073059516
186,186,0.8584474885844748,0.8208092485549133,0.8464994864772338,0.8988360150633344,0.09863013698630141,0.014155251141552583,0.10639269406392693,0.1534246575342465
187,187,0.8721461187214612,0.8372093023255814,0.859808284833961,0.9275932899691887,0.0785388127853881,0.1643835616438356,0.15981735159817356,0.07260273972602738
188,188,0.8493150684931506,0.8,0.8311365970558028,0.9091064703868538,0.147945205479452,0.11735159817351604,0.02739726027397249,0.06164383561643827
189,189,0.821917808219178,0.7636363636363637,0.8030212256076686,0.875299554946936,0.34977168949771686,0.011415525114155223,0.013242009132420018,0.08310502283105026
190,190,0.817351598173516,0.7333333333333333,0.7871020198562136,0.9272509414584047,0.04109589041095896,0.06803652968036533,0.005479452054794609,0.03561643835616435
191,191,0.863013698630137,0.8214285714285714,0.8474409448818898,0.9147552208147894,0.08493150684931505,0.17123287671232867,0.0675799086757991,0.1461187214611872
192,192,0.8493150684931506,0.8290155440414507,0.8521054433413214,0.9112461485792537,0.4255707762557077,0.08904109589041098,0.05479452054794509,0.1748858447488585
193,193,0.8538812785388128,0.8048780487804879,0.8350736049298185,0.8698219787743923,0.0894977168949771,0.07031963470319635,0.1041095890410959,0.07397260273972617
194,194,0.9178082191780822,0.9,0.9126583361862376,0.905169462512838,0.3502283105022831,0.12465753424657544,0.1785388127853882,0.07442922374429217
195,195,0.9041095890410958,0.8813559322033898,0.8963539883601506,0.9161246148579253,0.04977168949771693,0.29999999999999993,0.21735159817351601,0.17031963470319644
196,196,0.867579908675799,0.8342857142857143,0.8573690516946251,0.8965251626155426,0.38767123287671224,0.020547945205479423,0.05251141552511396,0.03926940639269405
197,197,0.8812785388127854,0.8414634146341463,0.8631889763779528,0.9451386511468675,-0.013242009132420018,0.1511415525114157,0.21232876712328763,0.18219178082191778
198,198,0.863013698630137,0.8275862068965517,0.8519342690859295,0.9119308456008216,0.15844748858447477,0.0091324200913242,0.007762557077625631,0.05936073059360736
199,199,0.8493150684931506,0.8,0.8311365970558028,0.9467648065730914,0.12100456621004563,0.11415525114155234,0.032420091324201095,0.0036529680365297024
200,200,0.863013698630137,0.8275862068965517,0.8519342690859295,0.9097911674084217,0.2004566210045663,0.12694063926940646,0.09863013698630141,0.007762557077625631
201,201,0.8767123287671232,0.8457142857142858,0.8667408421773366,0.9320438206093804,0.06940639269406379,0.1515981735159817,0.18858447488584473,0.07762557077625565
202,202,0.6301369863013698,0.21359223300970873,0.5597826086956522,0.9192913385826771,-0.02785388127853894,0.0018264840182647957,-0.0018264840182647957,0.006392694063926951
203,203,0.8447488584474886,0.8172043010752689,0.8421773365285861,0.8664840807942487,0.4082191780821919,0.09589041095890416,0.13424657534246576,0.11917808219178083
204,204,0.8447488584474886,0.7951807228915663,0.827199589181787,0.9299897295446765,0.03561643835616446,0.20684931506849313,0.026027397260274143,-0.008675799086757863
205,205,0.863013698630137,0.8314606741573034,0.8549298185552893,0.9107326258130777,0.30593607305936066,0.05022831050228305,0.05114155251141561,-0.0022831050228310223
206,206,0.863013698630137,0.8192771084337349,0.8459431701472098,0.9595172885997946,-0.011415525114155,0.13744292237442923,0.1150684931506849,0.09452054794520548
207,207,0.8493150684931506,0.8,0.8311365970558028,0.9124443683669976,0.15433789954337906,0.11735159817351604,0.04337899543378998,0.005479452054794498
208,208,0.8082191780821918,0.7941176470588235,0.8181701472098597,0.8948134200616227,0.38219178082191785,-0.004109589041095929,0.11232876712328754,0.05525114155251143
209,209,0.8538812785388128,0.813953488372093,0.8410647038685382,0.8650290996234167,0.06164383561643838,0.22557077625570776,0.04429223744292232,0.11963470319634706
210,210,0.8401826484018264,0.7928994082840237,0.8247603560424512,0.9124443683669977,0.19954337899543373,0.015981735159817267,-0.005022831050228271,0.015068493150684814
211,211,0.8538812785388128,0.8202247191011236,0.8455580280725778,0.8825744608010955,0.38995433789954337,-0.005479452054794498,0.004109589041095929,0.09634703196347039
212,212,0.8767123287671232,0.8439306358381503,0.8652430674426566,0.9077370763437178,0.06255707762557061,0.08264840182648414,0.17260273972602747,0.17990867579908676
213,213,0.867579908675799,0.8284023668639053,0.8528757274905854,0.9281923998630606,0.042465753424657526,0.0986301369863013,0.059817351598173474,0.12511415525114145
214,214,0.8356164383561644,0.775,0.8133344744950359,0.9189489900718932,-0.051598173515981616,0.09269406392694057,0.1095890410958904,0.02602739726027392
215,215,0.821917808219178,0.7636363636363637,0.8030212256076686,0.9105614515576856,0.05479452054794509,-0.00136986301369868,-0.01187214611872145,-0.0004566210045662267
216,216,0.8538812785388128,0.8,0.8320780554604588,0.9441971927422115,0.02648401826484026,0.1899543378995433,0.10639269406392693,0.06803652968036533
217,217,0.8721461187214612,0.8478260869565217,0.8687949332420404,0.8875385142074632,0.41780821917808225,0.024200913242009126,0.09954337899543386,-0.0022831050228311334
218,218,0.8767123287671232,0.8439306358381503,0.8652430674426566,0.9328141047586442,0.06529680365296797,0.19406392694063934,0.1662100456621004,0.09589041095890405
219,219,0.8538812785388128,0.8117647058823529,0.8395669291338583,0.9197192742211572,0.045205479452054775,0.14155251141552516,0.08584474885844762,0.1730593607305937
220,220,0.8721461187214612,0.8409090909090909,0.8628038343033209,0.9159534406025334,0.29863013698630125,0.00410958904109604,-0.0036529680365295913,0.02648401826484026
221,221,0.8493150684931506,0.8070175438596491,0.8356299212598426,0.9304176651831564,0.08493150684931494,-0.0022831050228311334,0.1296803652968036,0.11278538812785388
222,222,0.8447488584474886,0.7875,0.8227062649777473,0.9454809996576514,0.020091324200913196,0.16575342465753418,0.11461187214611879,0.05388127853881275
223,223,0.5799086757990868,0.0,0.5,0.8983224922971585,0.0,0.0,0.0,0.0
224,224,0.8767123287671232,0.8402366863905325,0.8622475179732968,0.9102191030469017,-0.022831050228310446,0.12100456621004574,0.04885844748858437,0.25479452054794505
225,225,0.863013698630137,0.8235294117647058,0.8489387196165696,0.9248545018829167,0.12100456621004574,0.13059360730593617,0.010958904109589107,0.09908675799086764
226,226,0.7990867579908676,0.6986301369863014,0.765362889421431,0.9344402601848683,-0.07214611872146115,0.026027397260274032,0.0031963470319634757,0.08082191780821923
227,227,0.8767123287671232,0.8421052631578947,0.8637452927079767,0.9191201643272852,0.30958904109589036,0.12374429223744288,0.13013698630136994,0.06894977168949767
228,228,0.8858447488584474,0.8554913294797688,0.8746148579253681,0.9180075316672373,0.04794520547945191,0.16210045662100458,0.20136986301369864,0.15662100456620998
229,229,0.6073059360730594,0.17307692307692307,0.5371020198562136,0.9142416980486134,-0.05342465753424663,0.017351598173515947,0.014155251141552583,0.02100456621004565
230,230,0.8949771689497716,0.8685714285714285,0.8854844231427593,0.9064532694282781,0.1771689497716895,0.08767123287671219,0.08675799086757996,0.1095890410958904
231,231,0.867579908675799,0.8263473053892215,0.8513779527559056,0.8877952755905512,0.0694063926940639,0.22785388127853878,0.10547945205479448,0.06438356164383552
232,232,0.8721461187214612,0.8409090909090909,0.8628038343033209,0.8864258815474152,0.19771689497716904,0.032420091324200984,0.2191780821917808,0.07625570776255719
233,233,0.8493150684931506,0.8,0.8311365970558028,0.9085073604929819,0.13607305936073055,0.06621004566210043,0.01963470319634686,0.1570776255707761
234,234,0.8538812785388128,0.813953488372093,0.8410647038685382,0.9222868880520371,0.2210045662100456,0.012785388127853792,0.0,-0.005022831050228271
235,235,0.8584474885844748,0.8208092485549133,0.8464994864772338,0.922885997945909,0.36849315068493155,0.1534246575342466,0.06894977168949756,0.06484018264840163
236,236,0.8812785388127854,0.8539325842696629,0.8736733995207121,0.9032865457035263,0.3684931506849315,0.007762557077625631,0.0273972602739726,0.01872146118721474
237,237,0.867579908675799,0.8304093567251462,0.8543735022252653,0.9311023622047243,0.03515981735159823,0.1570776255707761,0.08310502283105015,0.0968036529680365
238,238,0.8584474885844748,0.8121212121212121,0.8405083875385142,0.9358952413557001,0.05662100456621011,0.25296803652968025,0.16849315068493154,0.11826484018264827
239,239,0.817351598173516,0.8,0.8245463882232111,0.8942998972954468,0.39360730593607307,0.046575342465753455,0.07260273972602738,0.12191780821917808
240,240,0.821917808219178,0.7450980392156863,0.7940345771995891,0.9268230058199247,-0.029680365296803735,0.06164383561643838,0.1698630136986301,0.17123287671232879
241,241,0.8721461187214612,0.8271604938271605,0.8523194111605614,0.9427422115713797,0.007305936073059294,0.24474885844748862,0.05525114155251143,0.169406392694064
242,242,0.8584474885844748,0.8143712574850299,0.842006162273194,0.9223724751797331,0.05662100456620989,0.14931506849315068,0.22876712328767124,0.14566210045662098
243,243,0.8310502283105022,0.7701863354037267,0.8093974666210202,0.9146696336870934,0.22374429223744285,0.002739726027397249,-0.004109589041095929,0.03424657534246578
244,244,0.863013698630137,0.8214285714285714,0.8474409448818898,0.9364943512495719,0.12876712328767137,0.17442922374429226,0.24703196347031964,0.12648401826484024
245,245,0.7625570776255708,0.6388888888888888,0.7263779527559056,0.9235706949674768,0.05251141552511429,-0.012328767123287676,-0.004109589041095818,-0.020091324200913196
246,246,0.8493150684931506,0.7975460122699386,0.8296388223211228,0.9137281752824374,0.03105022831050208,0.05936073059360736,0.03013698630136985,0.04885844748858437
247,247,0.8584474885844748,0.8098159509202454,0.8390106128038343,0.9394899007189319,0.023287671232876672,0.11415525114155245,0.11187214611872143,0.14292237442922373
248,248,0.8127853881278538,0.7284768211920529,0.7831650119821978,0.9313591235878125,-0.009589041095890427,0.05342465753424652,-0.004109589041095929,0.006392694063927062
249,249,0.8858447488584474,0.8603351955307262,0.8791081821294078,0.9010612803834304,0.40502283105022824,0.01963470319634697,0.0383561643835616,0.05205479452054795
