,random_seed,accuracy,f1_weighted,balanced_acc,auc,model_weights.random_forest,model_weights.bagging_svc,model_weights.bagging_knn,model_weights.gradient_boosting,model_weights.mlp,feature_importance.righttop_CO2_scaled,feature_importance.righttop_humidity_scaled,feature_importance.righttop_temperature_scaled
0,0,0.96,0.9595517039160747,0.9249532551419344,0.9933707292197859,2.0544036734708295,0.20900122605240196,1.9430027273457826,2.2553522285436927,2.065245330429641,0.23636363636363633,0.02618181818181815,-0.002181818181818229
1,1,0.9636363636363636,0.9636363636363636,0.9423914865091336,0.9927099044746104,2.264498825273315,0.8331562615762115,2.21322235247964,1.7946133274727611,1.2641422133086921,0.2610909090909091,0.04618181818181819,0.0021818181818181737
2,2,0.9709090909090909,0.9710838618745596,0.9630021971123666,0.9954488386691777,2.2714253746102275,0.3588765771815328,1.7667170095784483,2.8879170284512106,0.9175965760747222,0.30254545454545456,0.012363636363636387,0.002181818181818218
3,3,0.96,0.9595961337191405,0.9294221793014646,0.9948495090938355,2.360950288992466,0.3512153977727234,2.026328274105975,2.525572797188009,0.9124955345663209,0.23490909090909087,0.02763636363636359,0.012363636363636332
4,4,0.9818181818181818,0.9815550835942678,0.9609375,0.9989632701421801,2.483573819989314,0.2607534366073615,1.6256371035602812,2.6394614405321253,1.3717263054863977,0.29454545454545455,0.030181818181818153,0.01781818181818181
5,5,0.9527272727272728,0.9528948180993496,0.9276304606493286,0.9915009348971613,2.6572374445990925,0.19308663833602754,1.7017530071235494,1.606304458761681,2.2689879763229763,0.21272727272727274,0.052727272727272775,0.009818181818181847
6,6,0.9781818181818182,0.9781818181818182,0.9700956937799043,0.9990575612585182,2.3151659683573973,0.45920221475276873,2.226709079321971,2.08497191381586,0.8546509741213187,0.29709090909090907,0.03127272727272723,0.007999999999999962
7,7,0.96,0.9598334297281665,0.9264867841409692,0.9962371512481645,2.5091924917165525,-0.1555901639265261,2.489890411609604,2.840776326359123,0.2800416998372493,0.20181818181818176,0.02981818181818179,-0.0010909090909091313
8,8,0.9745454545454545,0.974267620020429,0.9491788168258757,0.9970672029495559,2.506257311898549,0.18618899383185664,1.3335907930463486,2.1907101843698715,2.251288420042321,0.26145454545454544,0.04581818181818177,0.0069090909090908535
9,9,0.9563636363636364,0.9563636363636364,0.9202898550724639,0.9943961352657005,2.417601437498163,0.06259093916084632,1.8661214659978969,2.9567426691120002,1.0237182781829273,0.18981818181818189,0.00981818181818187,-0.0010909090909090534
10,10,0.9672727272727273,0.9671825644618407,0.951458827014218,0.996149289099526,3.0863767931261266,0.18330538894999465,1.6162796401364952,1.9401324081038052,1.4530257368173072,0.29709090909090907,0.01709090909090909,0.005454545454545478
11,11,0.9563636363636364,0.9560418953244065,0.9227010028896822,0.9915859255481897,2.6234642784605633,0.3413732168687275,1.8710639879565596,2.5616898674693322,0.7372872888392631,0.23818181818181822,0.018545454545454587,-0.0032727272727272384
12,12,0.9854545454545455,0.9856580891875009,0.9910313901345291,0.9987926871334942,2.387121241278559,0.6210725305679817,2.1611862823758923,1.2924474943125983,1.6025146282199645,0.26509090909090915,0.045090909090909105,0.013454545454545474
13,13,0.9745454545454545,0.9749629872365337,0.9771660801072566,0.998072733366851,2.2329075229406135,0.2796721338040986,2.0870903717343845,2.0723859324742073,1.6260801355149437,0.2694545454545454,0.02254545454545449,-0.002909090909090961
14,14,0.9818181818181818,0.9817655621733989,0.971111615932152,0.997425412691201,1.6562247434542476,0.8072675805654034,1.8454992486587272,1.9166982243736952,1.9540270878823556,0.30690909090909085,0.03963636363636362,0.011272727272727257
15,15,0.96,0.9598975856908458,0.9432046498277842,0.9895952927669345,2.279334793105427,0.8657481239765743,1.798022218131648,2.4248826592274764,0.7038175595272649,0.2825454545454545,0.036727272727272706,0.018909090909090875
16,16,0.9709090909090909,0.9711126346420463,0.9604368519462859,0.9972802991670917,2.187812954320346,0.266659328103171,1.5035807277587878,2.8436814957296788,1.061878210734493,0.2370909090909091,0.031272727272727306,0.009454545454545483
17,17,0.9818181818181818,0.9818778293454791,0.975293542074364,0.9941291585127201,2.511273847054379,0.6444834384107332,2.1004109830521895,1.5664969134753273,1.308475005278228,0.25381818181818183,0.05272727272727272,0.030909090909090886
18,18,0.9527272727272728,0.9528425700243094,0.93897414038079,0.9927536231884058,2.792482694964784,0.4633956247307069,1.808619344277647,2.146032877572099,1.111702676919533,0.27890909090909094,0.038181818181818226,0.01381818181818184
19,19,0.9709090909090909,0.9704781833682089,0.9482532449599559,0.9970312068489366,2.5609632436565497,-0.2855430213441651,1.80363302138908,3.012575552767954,1.0637424660790598,0.32727272727272727,0.026545454545454584,0.016000000000000014
20,20,0.9709090909090909,0.9711480443198505,0.957120194102277,0.9935610302351624,2.759457977631932,0.3070416221280353,1.7149688630383366,1.7914442970603606,1.9761685093212737,0.22872727272727275,0.04290909090909094,0.005454545454545478
21,21,0.9854545454545455,0.9854545454545455,0.9769565946036534,0.9975699681582034,2.7636318035634546,-0.22793966742364294,1.363074820342667,2.440169402398683,2.0531698796688778,0.2654545454545455,0.03345454545454546,0.0170909090909091
22,22,0.9781818181818182,0.9780291603821016,0.9590909090909091,0.9967768595041322,2.7714384157232392,0.25722168651057387,1.6832195898514875,2.005395703702385,1.4923638516924378,0.26981818181818185,0.03127272727272723,0.017454545454545424
23,23,0.9563636363636364,0.95663242595446,0.9407675194660734,0.9943588113777213,2.0477479987116514,-0.09152443162588,2.307464843894748,2.416359935481571,1.8425103428601373,0.24472727272727282,0.03709090909090914,0.014909090909090972
24,24,0.9490909090909091,0.9487611020879971,0.917209597965994,0.9930081042428094,1.9955483335616904,0.8770666648668907,2.290691324871441,2.1828899552235983,0.7625219531185983,0.2210909090909091,0.036727272727272754,0.013818181818181808
25,25,0.9745454545454545,0.9746138845227394,0.967083827014218,0.9960752369668247,2.5959446564898823,0.06506428468393274,2.082318951777149,2.2308521681719355,1.40155331785259,0.28727272727272724,0.045090909090909036,0.009090909090909028
26,26,0.9636363636363636,0.9640843462877361,0.9576291646547561,0.9949299855142443,2.5913196624490125,0.23278194919161768,2.389255938776714,2.0758428522516774,1.0501500927868905,0.2618181818181818,0.027636363636363636,0.014909090909090905
27,27,0.9709090909090909,0.9705123966942149,0.9427812650893288,0.996861419604056,2.834724405996838,0.010405713283567503,1.8173224581925498,2.0197960781872166,1.6957006625700555,0.24072727272727276,0.04109090909090912,0.014181818181818195
28,28,0.9745454545454545,0.9746356712842651,0.9626891041985381,0.9977052524222335,3.1429311867934695,0.15618355176958623,1.8340637742048445,1.9425092487068303,1.07301301344583,0.2501818181818181,0.026545454545454494,0.005090909090909035
29,29,0.96,0.9607673818606804,0.9511288546255506,0.996787812041116,2.691812319227164,0.5462966811537397,1.7010283115701323,2.24517738786429,1.1325629504874146,0.22581818181818178,0.014909090909090882,-0.004727272727272758
30,30,0.9745454545454545,0.9746228767820143,0.9653170119271814,0.9939579409918393,3.002218672136846,0.4375127946127154,2.2553667060675093,1.6400404975593825,1.1629257341840467,0.27927272727272723,0.04218181818181813,0.017090909090909035
31,31,0.9781818181818182,0.9781818181818182,0.9676318267419963,0.9971751412429378,2.8854444626709204,0.6832234418334987,1.9199627004376871,1.2778424747769845,1.2674958168441968,0.2847272727272727,0.03709090909090905,0.014909090909090882
32,32,0.96,0.96013462209362,0.9409090909090909,0.9947107438016529,2.866845368669269,0.2862730216769126,1.727208656929496,2.4200398716422296,1.0180495749640206,0.24327272727272722,0.03381818181818178,0.005090909090909046
33,33,0.96,0.960383808095952,0.9483039791258969,0.9892367906066536,2.1077887986543185,0.6368503678848035,2.3864221544579682,1.9213919944300484,1.181561179043662,0.25963636363636355,0.026909090909090883,0.0065454545454544984
34,34,0.9781818181818182,0.9781818181818182,0.9654348919054802,0.9975699681582034,2.1809120190545417,0.6930221334972612,1.1159558855159877,1.6348532233171016,2.5179163206770605,0.27381818181818174,0.03199999999999997,0.007999999999999962
35,35,0.9636363636363636,0.9636363636363636,0.941568927417984,0.9945605983341832,2.4279073844156005,0.5369094074925692,1.8041564143819289,2.032675644842431,1.610646967609642,0.24327272727272725,0.02799999999999999,0.011272727272727245
36,36,0.9745454545454545,0.9742817427221097,0.9507909328114807,0.9967384213959556,2.423703073349495,0.27303351747835874,1.880468505062108,2.1573581423789,1.7485316416016503,0.2523636363636363,0.025454545454545396,0.018545454545454476
37,37,0.9781818181818182,0.9780404723234274,0.9609089464484348,0.9983314794215795,2.5328717959357814,0.35708252662902806,1.7128012218174895,2.354914772977465,1.1584642577457307,0.2985454545454545,0.01745454545454541,0.005090909090909068
38,38,0.9563636363636364,0.9563636363636364,0.936046511627907,0.9906976744186047,2.526191779160743,0.1537565767974317,2.0513568439735432,2.5347441618131006,1.3716325325073406,0.2454545454545455,0.036000000000000046,0.012363636363636432
39,39,0.9672727272727273,0.9675568733545542,0.961046511627907,0.9936434108527132,2.412623459692357,0.15906295360147504,1.954179185651152,1.9491317317505061,2.062784171689955,0.2821818181818182,0.014545454545454539,0.006545454545454565
40,40,0.9781818181818182,0.9784793388429751,0.9793047764745878,0.9976202617712052,2.074574032647315,0.506897448553428,1.5824366596558135,2.045652340393759,1.9895788948059303,0.27054545454545453,0.038181818181818164,0.01599999999999995
41,41,0.9563636363636364,0.9561261309780267,0.9342490842490843,0.9938461538461539,2.096482031869079,0.27290125678177435,2.0100255914920733,2.539216910985082,1.3463454238686823,0.26072727272727275,0.04072727272727279,0.01418181818181823
42,42,0.9709090909090909,0.971444313262495,0.9633149397097895,0.9860004087471899,2.0564181236479366,0.4983616169121292,2.4528814573788926,2.2546028583379427,1.0642043739431433,0.20145454545454547,0.03490909090909093,0.015636363636363625
43,43,0.9745454545454545,0.9748091663687993,0.9698708142104369,0.9970253272140065,2.8126820526619163,-0.0923761712450892,1.9611173753952895,2.1910742939224916,1.2768934234562475,0.26763636363636356,0.0243636363636363,0.013454545454545396
44,44,0.9636363636363636,0.964361323607899,0.9631140574536801,0.9946455889852116,2.329767658666282,0.2937562382070048,1.8634168769022414,2.55618583973857,1.074044077451731,0.2429090909090909,0.03236363636363635,0.011999999999999988
45,45,0.96,0.9598813307904216,0.9391374291404934,0.9937950053623411,2.358107262116045,0.04288796924851787,1.8825249168786,1.974630519092412,1.9799945009145692,0.2538181818181818,0.05345454545454542,0.023636363636363587
46,46,0.9745454545454545,0.9742524541986493,0.9474387719903414,0.9944808554674025,2.895767625123063,0.5038615879243903,1.4642779153874108,2.381143681775696,0.8183143977164253,0.23963636363636356,0.0225454545454545,0.00618181818181811
47,47,0.9672727272727273,0.9671780119121183,0.9502877479933363,0.9953051643192488,1.926651732205149,0.8139306792338867,2.068142514188264,1.6810649684772698,1.4193721222396192,0.2749090909090909,0.056000000000000015,0.013818181818181795
48,48,0.9854545454545455,0.9855563173210232,0.9838092809790924,0.9977902430732619,2.9926651669369675,0.16826850650629926,1.7086507759240697,1.6982218296579867,1.8991790607343078,0.2541818181818182,0.04436363636363636,0.022181818181818202
49,49,0.96,0.9595395708835918,0.9237236978268368,0.994222145567437,2.0977134396609762,0.602650636868744,2.827940941153791,1.3179477252341372,1.1122535411506929,0.22363636363636358,0.03745454545454543,0.015272727272727249
50,50,0.9709090909090909,0.9711353535353535,0.958325808199386,0.9936788874841972,3.1021451502583957,0.1457752072424766,1.6241045434555001,2.136684744920502,1.5602735300258093,0.22436363636363638,0.030545454545454598,0.0181818181818182
51,51,0.9854545454545455,0.9853444104914694,0.9689116936874784,0.9988789237668162,2.294006418203713,0.17445138965503662,1.3639383823376228,2.8055293106724495,1.2974989716532064,0.25381818181818183,0.02763636363636366,0.013090909090909108
52,52,0.9745454545454545,0.974294934930807,0.9522882567932625,0.9949944382647387,2.2972681378989943,0.22803285348944066,2.34942848317347,2.3318511248269083,1.2471844000533558,0.2672727272727272,0.0363636363636363,0.019636363636363553
53,53,0.9636363636363636,0.9638494644623035,0.9527131782945737,0.9952713178294574,2.21511175541879,0.49875175764244584,1.9417816802837677,1.8472558688822818,1.6047441314812756,0.2541818181818182,0.03672727272727272,0.016363636363636348
54,54,0.9636363636363636,0.9638548273431994,0.9522128060263653,0.9938010043942247,1.964157995153818,0.04341920197926226,2.452176312641436,2.0297419844324702,1.676961417660275,0.24290909090909088,0.05345454545454546,0.021818181818181803
55,55,0.9563636363636364,0.9563636363636364,0.928854777509486,0.9945670921007245,2.5294402406119856,0.6218379378537608,1.7794551427927572,1.9378403139094529,1.407594832612333,0.210909090909091,0.024000000000000056,0.00545454545454549
56,56,0.9745454545454545,0.974645792738919,0.960538197579917,0.9972909517789417,2.8811651520898787,0.11242737850830332,1.5517396770637497,2.0278297589392578,1.975533895112438,0.27018181818181813,0.016727272727272646,-4.4408920985006264e-17
57,57,0.9709090909090909,0.9709090909090909,0.9545454545454546,0.9949586776859504,2.255168109123156,0.2717432267513217,1.917137894927432,2.141637882495799,1.7706110983991734,0.24363636363636365,0.03854545454545457,0.015272727272727294
58,58,0.9709090909090909,0.9710928448637014,0.962216320618059,0.9958152261387414,2.487476747293843,-0.10395830924078862,1.3056064284128286,2.4387446257016197,2.2129452251635775,0.2494545454545455,0.06072727272727276,0.016727272727272747
59,59,0.9781818181818182,0.9780209476622033,0.9577596464388918,0.9980452150263471,2.4722576446637285,0.14564826898494215,1.5942780316156997,1.6030591082426662,2.579254521017756,0.2476363636363636,0.03999999999999996,0.014181818181818151
60,60,0.9563636363636364,0.9567123647528197,0.9324981644640236,0.9918318649045521,2.0765968976790377,0.33093846732363086,2.2581423735946555,2.421324184838506,1.0475706276785444,0.20727272727272733,0.030181818181818233,0.00909090909090915
61,61,0.9745454545454545,0.9748307338715887,0.9688888888888889,0.9969777777777777,1.6196601452876094,0.5922685917234356,2.0524525673861143,2.3311147044150866,1.5140471105335236,0.24327272727272725,0.04036363636363631,0.006909090909090842
62,62,0.9636363636363636,0.9641586698190471,0.9549632352941176,0.9963235294117647,2.0678741923194623,0.7233026387704722,2.039460643445749,2.0494784904913232,1.3686553575577771,0.22800000000000004,0.008727272727272684,0.0021818181818181624
63,63,0.9745454545454545,0.9748307338715887,0.9688888888888889,0.9936888888888888,1.948544252044319,0.4128456238383902,1.8609622281062743,2.8370684355733338,1.107515684970402,0.24290909090909088,0.031272727272727216,0.014545454545454483
64,64,0.9854545454545455,0.9855537190082646,0.9839534104239986,0.9986592927769399,2.8625283799263763,0.6378121338334585,2.635239958739066,0.9907083155617831,1.0574887588013946,0.25309090909090914,0.03963636363636365,0.01309090909090912
65,65,0.9672727272727273,0.9671597079198653,0.9454545454545454,0.9981818181818182,2.6402423650490356,0.41556781993483977,1.803083757872125,1.7266430564873314,1.3095736153596889,0.2621818181818182,0.025454545454545462,0.001454545454545464
66,66,0.9781818181818182,0.9781818181818182,0.9668034765813616,0.9962980846611942,2.2802629944061876,0.35968243083716217,1.7152847703084038,1.757151794435939,2.292035171782971,0.27818181818181814,0.04909090909090906,0.01854545454545451
67,67,0.9890909090909091,0.9891389656095539,0.9845410628019324,0.997584541062802,2.6299425591956855,0.25521223238871454,1.670495438212043,1.4979623719067359,2.3109236450213246,0.25563636363636366,0.027272727272727303,0.00909090909090915
68,68,0.9709090909090909,0.9715041322314049,0.9746895481200414,0.9852535357019663,2.412004358495119,0.4467305725415597,2.1299370747936965,2.139514105673649,1.4136811887894023,0.24290909090909096,0.03781818181818184,0.01563636363636366
69,69,0.9781818181818182,0.9780121212121213,0.9563200280112045,0.9984243697478992,2.687728055021799,0.18948268782426228,1.3957219197790671,3.1688545140410467,0.8438660709059597,0.24218181818181814,0.018181818181818153,0.0076363636363635965
70,70,0.9781818181818182,0.9783268101761252,0.9727272727272727,0.9971900826446282,3.2599519872630736,0.06728970859548357,1.4705222961341953,1.7094542667677193,2.1163517058514607,0.27745454545454545,0.02436363636363633,0.014545454545454518
71,71,0.9745454545454545,0.9744680323088948,0.9596899224806201,0.998062015503876,2.125888362164219,0.5402914012938268,2.201615041634288,1.8113377752401223,1.5636419831121469,0.2807272727272727,0.04072727272727267,0.012727272727272698
72,72,0.9818181818181818,0.9818826223459037,0.9743753187149413,0.9953255141934387,2.265627243066963,-0.12513763258590835,1.279196464731624,2.5506112488262467,2.2217434451496585,0.27272727272727276,0.03236363636363635,0.018545454545454542
73,73,0.9709090909090909,0.9712957362272431,0.9679068208479973,0.9958940841293783,1.811630962329198,0.6224678350330737,2.2255335461182995,2.0874699480613454,1.5504183856298968,0.24472727272727277,0.03527272727272731,0.014181818181818207
74,74,0.9781818181818182,0.9780440027158604,0.9614720652856246,0.9962335216572504,2.651465261848695,0.5079287210823865,2.5565951325975638,1.3226221806937741,1.1523471359984958,0.256,0.04727272727272723,0.02181818181818177
75,75,0.9709090909090909,0.9711235849352441,0.9594275210084033,0.9970238095238095,1.9475023152374824,0.4615716724523149,1.7490391568543642,2.3240872733174367,1.6237532013683922,0.24654545454545457,0.01745454545454548,0.0065454545454545765
76,76,0.9636363636363636,0.9636363636363636,0.9446724609689361,0.9959761789795589,2.6153909670047835,0.2174360080917087,1.5631370313713986,2.458814907060308,1.4751994667948183,0.26472727272727276,0.03563636363636363,0.008363636363636328
77,77,0.9672727272727273,0.9674128737077843,0.9456047085627491,0.9954433263717486,2.3425723259257767,0.5389097287871444,1.7166275565822704,2.746152740029235,1.0281722379816522,0.22654545454545455,0.019272727272727264,0.004000000000000015
78,78,0.9636363636363636,0.9645839446295114,0.9595028067361668,0.9943865276663993,2.7286660176589352,0.6648324181601618,1.9677132679591829,1.6272161279381028,1.4249291428897197,0.22072727272727272,0.01018181818181818,-0.0032727272727272826
79,79,0.9818181818181818,0.9817614769115923,0.969946641556811,0.9979598242310107,2.4310175057813863,0.1966143321011932,1.7283757978132361,2.582640709151122,1.619620161221572,0.30654545454545457,0.03199999999999999,0.012727272727272709
80,80,0.9745454545454545,0.9741771170319751,0.9507553317535544,0.9988892180094786,2.4117771684725717,-0.09351833261663889,1.458200339600261,2.4216749136535793,1.807093247692082,0.29527272727272724,0.038545454545454494,0.013454545454545396
81,81,0.9781818181818182,0.9781818181818182,0.9659090909090908,0.9971074380165289,1.591690057116352,0.6643488343492687,2.182524118088425,2.1864549334854444,1.4757141886724336,0.2581818181818182,0.03381818181818179,0.00836363636363634
82,82,0.96,0.9604604291164083,0.9436969478056709,0.9952140148094636,1.9184816544085328,0.46345623030585215,2.1094297344143156,1.875364768577481,1.6469736146970546,0.20218181818181816,0.028727272727272712,0.010545454545454502
83,83,0.96,0.9601417691609883,0.9393166751657318,0.9903960564337922,2.9083083568609585,0.9580717569265573,1.8437748440089863,1.4215389482185508,1.3656238211649063,0.23272727272727273,0.05199999999999998,0.013090909090909065
84,84,0.9781818181818182,0.9781818181818182,0.9684004902711812,0.9968592002451355,2.719004260565805,0.6078581819056514,1.8965148490280233,1.6806430088664124,1.645867570210827,0.2996363636363636,0.03490909090909087,0.01854545454545452
85,85,0.9527272727272728,0.9518895458668881,0.9105104370515329,0.9898075668623614,2.851952480298635,-0.23403947291980948,1.7816725149579935,2.374060272643472,1.7022967209702886,0.23163636363636364,0.03490909090909096,0.017818181818181823
86,86,0.9709090909090909,0.9707507539853512,0.9543956043956044,0.9972893772893773,2.2161179333920984,0.49917517243326615,1.9802267185810372,1.4985603066758437,2.2350649299733774,0.2821818181818182,0.044363636363636404,0.013454545454545474
87,87,0.9745454545454545,0.9748960876989022,0.9777845870997395,0.9958633369082274,1.938759030778597,0.6936534291974463,1.7293457842807123,2.5506478519572187,1.2384199066454575,0.29963636363636353,0.026545454545454504,0.013090909090909042
88,88,0.9745454545454545,0.9746248414146798,0.9649213411727315,0.9964245987605276,2.457975260099772,-0.1167532983292483,2.348956253760228,1.8216320342251673,1.507564568210822,0.25236363636363623,0.03818181818181813,0.01236363636363631
89,89,0.9709090909090909,0.9709090909090909,0.9557379687751488,0.9958957025591502,2.102231689290378,0.2797579595479083,1.823575494364671,1.3978548279113865,2.7799275308930547,0.2494545454545455,0.04400000000000005,0.017818181818181844
90,90,0.9818181818181818,0.9816248602350159,0.9613636363636364,0.9967768595041322,2.3284796890456883,0.13664407951132923,1.1895382345955732,2.572917819703388,2.0218972833069793,0.2483636363636364,0.05199999999999998,0.021818181818181827
91,91,0.9745454545454545,0.9744863082260992,0.9644780447390224,0.9968931234465617,2.3532902476340953,0.3929858512093859,1.5025968093173183,2.5162846403550336,1.600293469973867,0.3363636363636363,0.02618181818181812,0.021090909090909004
92,92,0.9709090909090909,0.970371511727444,0.9412009692563986,0.9975768590034833,2.5328874623926585,0.5763266740184582,1.7403651783865821,1.2029441275379882,1.8407187616242449,0.2709090909090909,0.03563636363636367,0.010909090909090946
93,93,0.9890909090909091,0.9891295734075423,0.9860615332313445,0.9983001869794322,2.1316630483710504,0.8434947819366782,2.487123665977899,1.7167820955421056,0.9828505579645676,0.25600000000000006,0.045090909090909126,0.02254545454545459
94,94,0.9781818181818182,0.978319633647776,0.9732818284242717,0.9980685659101883,2.224746023424048,0.3189366672989395,1.8708382875144618,2.3810155732109983,1.2675677687802116,0.2672727272727272,0.029090909090909056,0.006545454545454532
95,95,0.96,0.9598618652353907,0.9340909090909091,0.9938842975206611,2.4653082194866025,0.5712660262798691,2.2765266971057208,1.964218465705524,0.7706392920182128,0.23236363636363638,0.029454545454545435,0.0065454545454544984
96,96,0.9636363636363636,0.9638603549620498,0.9516923565866836,0.9945177180994756,2.651111210606228,0.5462215256552806,1.9384362358728338,1.7855709891511615,1.2509083874498161,0.2403636363636364,0.03672727272727272,0.009818181818181792
97,97,0.9709090909090909,0.9709090909090909,0.9503341159472638,0.9945819035578833,2.8214297290706774,0.2363327557314623,2.453620792402993,1.7432996483699799,0.8359129392459882,0.21345454545454548,0.03345454545454548,0.012000000000000033
98,98,0.9818181818181818,0.9817704822459874,0.972488038277512,0.9994200376975496,2.488760797731989,0.745172500061861,1.6645852443147255,1.4855386041107008,1.6396939616257022,0.31200000000000006,0.03890909090909091,0.013090909090909075
99,99,0.96,0.9605788160926105,0.9560577526679221,0.9938010043942247,2.1528055634924237,-0.6106630338049903,1.711026472066134,3.239697625220382,2.1066093567902544,0.2545454545454545,0.042909090909090876,0.012727272727272676
100,100,0.9781818181818182,0.9784793388429751,0.9793047764745878,0.9982151963284039,2.51219124389871,0.15630687387139547,1.9119940666190598,1.9922315232501917,1.5865910789044941,0.24654545454545454,0.039999999999999966,0.015272727272727238
101,101,0.9745454545454545,0.9744597859404237,0.9574363992172211,0.9988584474885845,2.346364251919247,0.10982502469141403,1.3780095493662674,2.915574072455363,1.555065023031179,0.28872727272727267,0.02109090909090903,-0.009454545454545516
102,102,0.9818181818181818,0.9820115034013475,0.9814160055191445,0.9956019317005864,2.5619682241689543,0.6733167521398973,1.9863827845362847,0.8603258382319349,2.1840820703925234,0.2570909090909091,0.0229090909090909,0.011636363636363622
103,103,0.9636363636363636,0.9631530569886735,0.9327427300174798,0.993723184490704,2.6515888011848365,0.09537083105398034,2.4762518312663495,1.2563251665864519,1.7396384799499565,0.2254545454545454,0.05563636363636365,0.01963636363636364
104,104,0.9672727272727273,0.9676031633207032,0.958647561588738,0.9937992290933467,2.5841348925521728,0.013313038236678613,2.2326980625230126,2.1065855030714533,1.41700758040325,0.27745454545454545,0.00690909090909092,-0.000363636363636366
105,105,0.9709090909090909,0.9709090909090909,0.9551532941943901,0.9964938030006523,2.3902024266275226,0.5722000319803092,2.2441616442100067,2.060518497232575,0.8500601084580841,0.24763636363636365,0.042545454545454574,0.014181818181818184
106,106,0.9709090909090909,0.970550704787993,0.9461467749348859,0.9970890148613452,2.5320878558621587,0.45907962368837957,2.2299435407251105,2.252461376857697,0.4946469935734754,0.2458181818181818,0.05345454545454549,0.017454545454545455
107,107,0.9636363636363636,0.9636363636363636,0.9490891587677726,0.9931131516587677,2.2799557114769256,0.6433408354071893,2.0932241156931486,1.9592750015112874,1.6350227923067926,0.2669090909090909,0.033090909090909074,0.016363636363636348
108,108,0.96,0.9596439923712652,0.9341587157352718,0.9951537180069665,2.394531017904373,0.14865200126585248,2.2326986206918384,1.3672202326538854,1.809499061085663,0.2669090909090909,0.030909090909090886,0.0032727272727272384
109,109,0.9745454545454545,0.9744619480072387,0.9580315467568002,0.9980685659101883,2.5172917154030365,0.236358032596198,1.6272442895675066,2.1887685979977602,1.884179404675741,0.2774545454545454,0.023272727272727202,0.002909090909090861
110,110,0.9818181818181818,0.9820115034013475,0.9814160055191445,0.9965505346671266,2.8021611861097875,0.32567169712229266,1.6463796427491528,2.0982239463616437,1.556559194054775,0.2690909090909091,0.02727272727272726,0.01018181818181818
111,111,0.9709090909090909,0.9711690821256039,0.95508658008658,0.9956709956709956,2.4449135588475284,0.1553833850102651,2.527320066899669,0.9939284410407526,1.872860791958062,0.2214545454545455,0.02763636363636366,0.010181818181818214
112,112,0.96,0.9596694030267492,0.9366300366300366,0.9956043956043956,2.2762841366282673,-0.1561351265003292,1.6979249328603048,2.450238636516812,2.2784672203369127,0.26945454545454545,0.03236363636363633,-0.0007272727272727541
113,113,0.9781818181818182,0.9784871337812514,0.9791738530527768,0.9961193515005174,2.0078326536357176,1.0356978766551976,2.195036474829049,1.8091458600606836,0.9132509006161034,0.2421818181818182,0.04763636363636361,0.01672727272727269
114,114,0.9672727272727273,0.9673949898410705,0.9496235994397759,0.9962359943977591,2.140328950873073,0.37288553242535055,1.576832479225049,2.1791853118030353,1.9300486531508199,0.24000000000000005,0.018181818181818177,0.009818181818181827
115,115,0.96,0.960127936031984,0.9423788829872848,0.9931595042652502,2.002301869044717,0.2716006356310604,2.758310344393135,1.9650239179044107,1.1295737967810033,0.24109090909090908,0.033090909090909074,0.009818181818181771
116,116,0.9672727272727273,0.9673747961045881,0.9539965040521214,0.9930081042428095,2.949742015203646,0.3289958656647702,2.1315039244571343,2.198175900577932,0.871250889526682,0.25200000000000006,0.04036363636363638,0.01709090909090909
117,117,0.9672727272727273,0.9675867520785063,0.9595156555772995,0.9946999347684279,1.7569096592815208,0.23780411369883236,2.4493717992570883,2.476815969863724,1.3706635206390214,0.25672727272727275,0.04290909090909092,0.012000000000000021
118,118,0.9854545454545455,0.985700227357562,0.991304347826087,0.9988405797101448,2.413271804198449,0.7887380845153175,2.1656592787810034,1.9814945925923209,0.8701713655577393,0.2370909090909091,0.02509090909090912,0.0061818181818182215
119,119,0.9636363636363636,0.9629970611585442,0.9327606635071091,0.9972600710900474,2.1411475213342617,0.2053447551147809,1.584513641864966,2.6063169149592653,1.7648639945339162,0.2829090909090909,0.04472727272727271,0.017090909090909066
120,120,0.9672727272727273,0.9671731843971505,0.9490310077519379,0.9956589147286822,2.317205253311353,0.5088803901178778,1.7946745475405825,2.5636337120070944,1.0621353436942103,0.2625454545454545,0.04145454545454545,0.02072727272727275
121,121,0.9527272727272728,0.9528992655284789,0.9266126250431184,0.9913763366678164,2.674626114128541,0.737687989807322,2.234123437605037,1.8952996597326563,0.6011820621884334,0.22800000000000006,0.020000000000000018,0.01054545454545458
122,122,0.9745454545454545,0.9740699890018976,0.9421820010055304,0.9972347913524384,2.285382152032179,0.796716186392803,1.8790879439880865,2.166398309552206,0.9997534221641083,0.2599999999999999,0.03963636363636357,0.0076363636363635965
123,123,0.9636363636363636,0.9640957485228897,0.9572325505544683,0.9953522504892368,2.603547248976055,0.5981098479234069,2.086876386954963,1.8703115736914144,1.4502147125433655,0.268,0.023636363636363622,0.002181818181818185
124,124,0.96,0.9605933460478915,0.9557047513109804,0.9909423168600031,1.9189631772449587,0.17826134635165566,2.033867796202514,2.7956288200317605,1.277385924923368,0.24981818181818177,0.03272727272727268,0.006545454545454488
125,125,0.9709090909090909,0.971723265840913,0.9822222222222222,0.9967111111111111,2.4836248027413097,0.30169890102958036,1.6664374972888814,1.8518369684580833,2.1514123548171984,0.26945454545454545,0.009454545454545493,0.005454545454545478
126,126,0.9745454545454545,0.9744394552815604,0.9517254038179148,0.9943098384728342,2.458430609458479,0.5455184765143039,2.0653234287015003,1.6263794346352676,2.0189200098479434,0.21090909090909088,0.03490909090909087,0.010909090909090858
127,127,0.9781818181818182,0.9781818181818182,0.9668034765813616,0.9972638017061001,1.7764815330724868,0.16546221132233338,1.9232413132324144,2.441598114674157,1.6274973208569756,0.24654545454545448,0.0607272727272727,0.0236363636363636
128,128,0.9781818181818182,0.9781818181818182,0.9672254886381694,0.9957889718735102,2.3519238360018933,0.3468429912514854,2.1753688619454534,1.8994373425827118,1.1823350618627275,0.2530909090909091,0.04436363636363631,0.02181818181818178
129,129,0.9709090909090909,0.9709090909090909,0.9545454545454546,0.9952892561983471,2.460003198347631,0.36758361057037986,2.3446070932165797,1.632626753814636,1.8022815876107106,0.24254545454545462,0.036727272727272775,0.012000000000000021
130,130,0.9636363636363636,0.9627403983336186,0.9262129380053907,0.9970050913447139,2.1197112313312267,0.45195671857212555,1.8351383498965657,2.8395823332747336,1.0338185754225488,0.27199999999999996,0.03199999999999997,0.013818181818181795
131,131,0.9818181818181818,0.9818721223679902,0.9763565891472868,0.998062015503876,2.4468312517090016,0.27282258207787285,2.1230045319177324,1.519643093134845,1.6721788641066198,0.27454545454545454,0.03490909090909089,0.017818181818181823
132,132,0.9745454545454545,0.9744660676762292,0.9591572504708098,0.9984306340238543,2.403215837467822,0.1912116493548347,1.9739013994459904,2.002538584389756,1.6344932324187942,0.265090909090909,0.02799999999999995,0.0032727272727272163
133,133,0.9781818181818182,0.97795004995005,0.960282721010333,0.9959816303099885,2.370676839272825,0.36303423375153354,2.273396342498226,1.7854218711020968,1.9077160340687,0.30727272727272725,0.0407272727272727,0.013818181818181785
134,134,0.9672727272727273,0.967391799212024,0.950327699206623,0.9958606416005519,2.5709695518189504,0.7003700650531319,1.8925229077571124,1.9912612771901645,1.3400122574027984,0.2290909090909091,0.021818181818181837,0.0032727272727272718
135,135,0.9818181818181818,0.9817727475558801,0.9731102585961922,0.9976555839727195,2.674428071478749,-0.0707300438108739,2.1741585673153234,1.0867379523932994,2.126487293366338,0.2858181818181818,0.0530909090909091,0.03127272727272725
136,136,0.96,0.9594066539521086,0.9294324648098233,0.9860736747529201,2.18853883951262,-0.08929205590139774,1.9390647866732311,2.8626514524716993,1.8207553384847615,0.2709090909090909,0.04581818181818179,0.023272727272727233
137,137,0.9745454545454545,0.9744735828877005,0.961178496555855,0.9977538185085354,2.8788543539614375,0.1397596309449648,1.503352131475296,2.665839717192567,1.136440984358289,0.29381818181818176,0.018545454545454476,0.008727272727272662
138,138,0.96,0.9598618652353907,0.9340909090909091,0.9924793388429752,2.0736648656366463,0.4724015744909987,1.7178655206371531,2.9481433776867023,1.391378791387206,0.2505454545454545,0.022181818181818136,0.002545454545454484
139,139,0.9672727272727273,0.9665582454497004,0.9331364531273664,0.996895350598213,2.789331487641737,-0.05551345704434479,2.2342877210812944,2.0483495719700398,1.0653740471786262,0.23963636363636365,0.05345454545454548,0.02836363636363637
140,140,0.96,0.9601417691609883,0.9393166751657318,0.9937956824749277,2.458378862095495,0.33679625610910024,2.281605829698682,2.144927306946123,1.0771884323439018,0.22836363636363638,0.033454545454545424,0.011272727272727222
141,141,0.9709090909090909,0.9709090909090909,0.9525698516729907,0.9975853742669887,2.8504266757268955,0.6114640958464688,2.2088170284942756,0.829119740297591,1.5826998154010044,0.2392727272727273,0.02763636363636368,0.008363636363636406
142,142,0.9672727272727273,0.9675180722891565,0.9629186602870814,0.994055386399884,2.4134901707615874,0.27931753887985683,1.789465419100537,2.187607108025935,1.6898234167136814,0.2814545454545455,0.04,0.01709090909090909
143,143,0.9745454545454545,0.9746191220481503,0.9660640416730504,0.9963229661406465,2.651672258281033,0.1749052094521802,2.1418058513516494,1.9257988207345662,1.345239487939475,0.28690909090909084,0.04072727272727269,0.010909090909090858
144,144,0.9636363636363636,0.9644848484848485,0.9611795446061964,0.9940276222471072,2.747337914416024,0.5624368446907771,1.865969695598314,1.5622753722728324,1.8078936828517416,0.22399999999999998,0.027272727272727247,0.0032727272727272384
145,145,0.9781818181818182,0.9781818181818182,0.9633333333333334,0.9972444444444445,1.9648070076195392,0.1842766751186958,2.1164852293438163,2.3048304582024413,1.7733651361044733,0.2356363636363636,0.04290909090909088,0.007999999999999952
146,146,0.96,0.9598687754399465,0.9359005311443747,0.9938837920489296,2.8165231818363985,0.08144294002880637,2.122167350230259,1.8069205471545837,1.6536531142655577,0.24072727272727273,0.02436363636363632,0.0007272727272726765
147,147,0.9781818181818182,0.9781818181818182,0.9668034765813616,0.998229518751006,1.9563121133046852,0.17041014340671856,2.2753564071246535,2.1055061010821006,1.662415552920671,0.264,0.030909090909090876,0.0014545454545454417
148,148,0.9636363636363636,0.9636363636363636,0.9453758143969491,0.9938026378515812,2.8496393202937194,-0.07978599721998952,2.291044034332809,2.096153087115508,1.0282832915553546,0.2541818181818181,0.042181818181818174,0.0025454545454545396
149,149,0.9818181818181818,0.9822424738936245,0.9893162393162394,0.9980195955805712,2.290507612395049,0.3574834568916687,1.9464770495399137,2.2299034763816814,1.3640636368631778,0.22690909090909087,0.03418181818181817,0.0065454545454545435
150,150,0.9781818181818182,0.9781818181818182,0.9672254886381694,0.9974574924519307,2.178905035289814,0.35511494059185594,2.067691261664195,1.618652623799221,1.9420824537670622,0.26036363636363635,0.05127272727272723,0.02290909090909087
151,151,0.9672727272727273,0.9673982988499296,0.9488888888888889,0.9947555555555555,2.256339134388091,0.5873849586041382,1.8143516813213847,2.217520844587595,1.5367937768869913,0.22363636363636363,0.035636363636363654,0.011272727272727278
152,152,0.9745454545454545,0.9750874102013722,0.9840182648401826,0.9976353555120678,2.1291058443510895,0.3513531414211736,2.107353052627446,1.9836767024369881,1.8638060188577685,0.2527272727272727,0.021454545454545414,0.005090909090909035
153,153,0.9345454545454546,0.934938689217759,0.9090552416823603,0.9880728185812931,2.1941155054606694,0.43750651592538414,2.5418517071940436,2.4896601626411052,0.9185547880903101,0.2352727272727273,0.0232727272727273,-0.0007272727272727098
154,154,0.9636363636363636,0.9640625652882434,0.958372567482737,0.9971751412429379,2.745995693230775,0.27876525233543836,2.121274067811179,2.079364491707814,0.8371041650758515,0.2858181818181818,0.02654545454545453,0.0072727272727272415
155,155,0.9745454545454545,0.9744735828877005,0.961178496555855,0.9959568733153639,2.7454416474925885,0.5173686443924134,1.5543805739613488,2.2460662509141813,1.2745800655245894,0.29745454545454536,0.028727272727272667,0.011636363636363578
156,156,0.9709090909090909,0.9704441197235129,0.9367121848739496,0.9967612044817927,2.2913614553859722,0.6981882857891706,2.4736625475221077,1.2620893587100501,1.2864610649800265,0.2312727272727273,0.04072727272727278,0.005818181818181866
157,157,0.9709090909090909,0.9710713605053227,0.9640693624110253,0.9968196274420718,3.048576408898398,0.5684928915243742,1.678037720018835,1.9822868145997063,0.976620754066191,0.28800000000000003,0.02690909090909095,0.01054545454545457
158,158,0.9636363636363636,0.9634178999295279,0.9414738777386242,0.9914968592002451,2.41012138579928,0.42911038983192606,1.7873674232246481,2.4434490219942426,1.4800942316473598,0.2658181818181818,0.04145454545454543,0.010545454545454514
159,159,0.9745454545454545,0.9746514538093485,0.9593131765584173,0.9971071295259425,2.7616955598151622,-0.21558098303649711,2.1177467775190757,2.3511454016627296,0.8156412274527058,0.23018181818181813,0.01927272727272722,0.00036363636363633266
160,160,0.9781818181818182,0.9783268101761252,0.9727272727272727,0.9978512396694215,2.546208278200569,0.49280222103445054,1.7402183463505319,1.990437149509789,1.3236512290198743,0.26181818181818184,0.03781818181818179,0.01781818181818179
161,161,0.9745454545454545,0.9746380660537964,0.9621852362883753,0.9962918247671612,2.1228062643745393,0.7511295501609669,1.4346970432336525,2.5410705858198863,1.156632760422859,0.24363636363636357,0.03127272727272721,-0.002545454545454573
162,162,0.9672727272727273,0.966677367576244,0.9318181818181819,0.9960330578512396,2.576903000407491,-0.04801796221174308,2.238838445869489,1.6313579987201388,1.88451380569314,0.25127272727272726,0.035636363636363654,0.003272727272727294
163,163,0.96,0.9598544676297485,0.9321349651538331,0.9943906170321265,1.7908958458529727,0.6403147105945852,1.6696111537086367,1.951612212799705,2.0914108922801713,0.23127272727272724,0.03236363636363632,0.010545454545454502
164,164,0.96,0.9604144042938277,0.9464983851776305,0.9932857385687575,2.433182480449803,-0.03355487965504826,2.4012473147920814,1.91512967507532,1.444974308308032,0.24545454545454545,0.024727272727272688,0.0072727272727272415
165,165,0.9454545454545454,0.9465595579949838,0.9401716192594947,0.9881614492293024,2.5759264062570355,-0.01664815074554894,2.222254800242312,2.1713143174223934,1.3004352602299842,0.25527272727272726,0.01599999999999998,0.006181818181818177
166,166,0.9709090909090909,0.9709090909090909,0.9578673203615751,0.9948674735713191,1.9292073947676032,0.11855155175240446,2.0996198172049385,2.706299875283034,1.6571202368024487,0.28981818181818186,0.03927272727272729,0.011636363636363656
167,167,0.9490909090909091,0.9485367298578198,0.9198564593301435,0.9931854429462085,2.6538335850895276,0.3373183155816802,2.181080574539641,1.3511675924690372,1.840794252953686,0.23890909090909088,0.05163636363636366,0.010545454545454547
168,168,0.9563636363636364,0.9563636363636364,0.9336069531627234,0.9932399806856591,2.325467419577233,0.47549178993482133,2.3217308815891817,2.4425115114673277,0.6916898912351255,0.24872727272727277,0.031636363636363685,0.007636363636363686
169,169,0.9745454545454545,0.9742524541986493,0.9474387719903414,0.9975853742669887,1.7781637861926807,0.744026018436695,1.645624289200775,1.851627158549636,1.841389913044203,0.23927272727272725,0.0414545454545454,0.013090909090909042
170,170,0.9854545454545455,0.9854545454545455,0.9762849258364954,0.9978440841669541,2.3491375553750458,0.3005889833355651,2.0582049423074498,1.7369348964784685,1.8123034679550383,0.252,0.0410909090909091,0.014909090909090938
171,171,0.9672727272727273,0.9673857466255894,0.9516507457683928,0.9949723479135244,2.622531968772507,0.6680306524778729,2.0673763042984445,1.492998127202819,1.5474134756853029,0.2516363636363636,0.019999999999999997,0.006545454545454565
172,172,0.9563636363636364,0.955515561213292,0.9180232558139535,0.9947286821705426,2.826481505345059,-0.06113721741418913,2.5148814698670083,1.601407196128226,1.8850673403310918,0.2421818181818182,0.02800000000000007,0.006545454545454588
173,173,0.9745454545454545,0.974294934930807,0.9522882567932625,0.9979342126171937,2.2111356603838948,-0.02722526987254382,1.667714004566386,2.338240530748122,2.1817171953193535,0.2701818181818182,0.024727272727272674,0.002545454545454484
174,174,0.9672727272727273,0.9667750128948437,0.938853551416023,0.9962895653490837,2.1582912087307684,0.6605271654109128,1.9256009279995931,1.3084794238924433,2.0087780499371783,0.2716363636363637,0.039272727272727306,0.008727272727272728
175,175,0.9818181818181818,0.9818843328955688,0.9740427733701276,0.9980165574335979,2.125479476334211,0.23340664973212685,2.0552995642099194,1.9604681889343905,2.0793718378620665,0.24654545454545454,0.03599999999999999,0.004727272727272758
176,176,0.9781818181818182,0.9783162129772298,0.973542030827904,0.9954711584300017,2.6667084141048716,0.0874783073834414,2.149882017398063,2.1208585199501164,1.1010990766422184,0.26981818181818185,0.04363636363636362,0.01599999999999997
177,177,0.9563636363636364,0.9563636363636364,0.9277836134453781,0.9934348739495799,2.1884235310904074,0.7132391378525743,2.053075191904852,2.339365277527291,1.0172031760681022,0.2236363636363637,0.012727272727272787,0.00545454545454549
178,178,0.9672727272727273,0.9678680869692105,0.9644444444444444,0.9963555555555557,2.34607558729622,0.8837999819884843,1.7398112297775958,1.7825807001762102,1.5887972347784463,0.2389090909090909,0.03527272727272729,0.011272727272727268
179,179,0.9854545454545455,0.9854545454545455,0.9724338412189255,0.9982959101844426,1.8586114493014114,0.4883715824622098,1.6739134604417518,1.6302183824937369,2.566471859593767,0.21272727272727274,0.04763636363636366,0.01818181818181821
180,180,0.9672727272727273,0.9678378240370376,0.9650741635046568,0.9956881683339083,2.8635088174796537,0.5450363954693122,1.8715603128157356,1.799792923989577,1.279646638965846,0.23854545454545456,0.02072727272727274,0.0061818181818181885
181,181,0.9745454545454545,0.974645792738919,0.960538197579917,0.9980133646378905,2.3678924624218403,0.10153158633060029,1.58838122381668,2.2521574032721223,2.0601141140000543,0.24872727272727263,0.025090909090909042,-0.009090909090909139
182,182,0.9818181818181818,0.9820065474062853,0.98155702872684,0.9977902430732619,2.6708189794094217,0.5271396260003478,1.7448111516171134,1.8660168662377488,1.5108321139498404,0.25890909090909087,0.03890909090909089,0.014909090909090894
183,183,0.9745454545454545,0.9746333584865695,0.963172448466566,0.9942182001005531,2.5937143630742474,0.2671722447550475,2.3316455187786613,1.4696477161472896,1.4721841365007808,0.23418181818181813,0.049454545454545404,0.02254545454545448
184,184,0.9636363636363636,0.9636363636363636,0.9369034508076359,0.9955947136563876,2.4422480079918616,0.004156385941735785,1.8647711652357983,1.9255243817823493,2.063353932939011,0.22072727272727272,0.026181818181818185,0.0003636363636363549
185,185,0.9709090909090909,0.9710636030636031,0.9647141587677726,0.9959271327014219,1.965505453463674,0.4240132067948207,1.7944013533875773,2.1365719251187194,1.9428476376969275,0.29563636363636364,0.029090909090909122,0.015272727272727316
186,186,0.96,0.9608516446021564,0.9615949119373777,0.9946183953033269,2.70179481379107,-0.12987174559116926,1.8857822800549575,2.5721719214401197,1.1384296514873913,0.2570909090909091,0.013454545454545408,-0.004363636363636414
187,187,0.9745454545454545,0.9744300594479736,0.9490338164251207,0.9951690821256038,2.0937331847864735,0.45582169040188614,1.7225980920669146,1.9089113115558602,2.2843662221990697,0.22109090909090906,0.034181818181818126,0.011999999999999955
188,188,0.9636363636363636,0.9634653151726322,0.947942557304612,0.9975144987572494,2.700606495845844,-0.22936956813983342,1.637255106036543,2.288211209216143,1.869494989351733,0.312,0.024,0.012727272727272698
189,189,0.9781818181818182,0.9783268101761252,0.9727272727272727,0.9963636363636363,1.919143344372379,0.481069295958062,1.3492628803540165,2.46087422907085,2.1015754902439823,0.26581818181818184,0.05709090909090907,0.019636363636363598
190,190,0.96,0.9601129411764706,0.9455929123125852,0.991821899136756,2.8440046554422014,0.4799133290574724,2.0057793969338675,2.1156388859570576,0.9191389171456663,0.2789090909090909,0.025454545454545407,0.005090909090909035
191,191,0.9527272727272728,0.9519518548724113,0.9144695543000627,0.9934871311989957,2.1227165150033813,0.06252956746304038,2.3506795708695365,2.031813790219788,1.7608100883329834,0.2221818181818182,0.047636363636363664,0.014545454545454584
192,192,0.9672727272727273,0.9677309627142054,0.9514101778050277,0.9934600449621909,2.721273227324069,0.06876481512541692,2.2892682083634224,1.9136528693976502,1.4611695893401146,0.20181818181818184,0.028727272727272747,0.007999999999999997
193,193,0.9745454545454545,0.9742601752193204,0.9483256841747407,0.9960904300526943,1.7909535232458773,1.1163606830057997,2.0220139150279413,1.028577594723732,2.258159457629745,0.2512727272727272,0.0425454545454545,0.008363636363636328
194,194,0.96,0.9607088458049409,0.9527310924369747,0.9925595238095238,2.7727830651086465,0.5194901305648723,1.914212598006854,1.8091249850348052,1.601982662112258,0.24181818181818177,0.030909090909090876,0.013818181818181785
195,195,0.9672727272727273,0.9662917022273272,0.9177777777777778,0.9970666666666667,2.976795304117902,-0.16194179947889145,1.6248918387985927,2.235772301087789,1.6659549063312342,0.2312727272727273,0.02254545454545457,0.0010909090909090979
196,196,0.9709090909090909,0.9710838618745596,0.9630021971123666,0.9950564971751412,2.512524144083126,0.7586530295838821,2.1680332036639713,0.9318928197354714,1.859450170046474,0.268,0.04145454545454551,0.014909090909090927
197,197,0.9563636363636364,0.9563636363636364,0.928854777509486,0.9918075198344256,2.6573758665504843,0.20232868188771222,2.025792299082751,2.1541540863591115,1.4410690987064598,0.20254545454545464,0.03127272727272733,0.01345454545454552
198,198,0.9745454545454545,0.9748232890704801,0.9692314425770308,0.9956232492997199,1.9479755788775588,0.16094430758691647,1.6703692286812986,1.7115103377038012,2.880065617736515,0.24690909090909088,0.034909090909090855,0.013454545454545408
199,199,0.9709090909090909,0.9712765988183117,0.9684442270058709,0.9971461187214612,2.079543702367544,0.2706386027017972,1.8928562628165273,1.9898134497388218,1.9904000088011975,0.2607272727272728,0.024000000000000056,0.0040000000000000365
200,200,0.9636363636363636,0.9634384424816889,0.9443223443223443,0.994139194139194,2.8706113170068166,-0.009171146873485709,1.8108249314981462,2.3187341403121096,1.5343053283891133,0.28981818181818186,0.03745454545454545,0.006545454545454521
201,201,0.9854545454545455,0.9853414141414142,0.9683560924369747,0.9992121848739496,2.233114647749797,0.6825371803583741,2.3072634201568376,1.0049060140818957,1.7566472737525343,0.23200000000000004,0.052000000000000025,0.016727272727272723
202,202,0.9672727272727273,0.9669587024669483,0.942208097928437,0.9964689265536723,2.9400326610571152,0.4613280529105444,1.5519133353412713,2.8878859203370313,0.639438088566448,0.2789090909090909,0.022909090909090924,0.00436363636363638
203,203,0.9781818181818182,0.9783385100366232,0.97180062090376,0.9980165574335979,2.0327915204998246,0.5421749543169392,1.9767877052174458,2.1924275806778355,1.1858966201225123,0.2545454545454545,0.039636363636363615,0.007999999999999952
204,204,0.9672727272727273,0.9673628900836139,0.9564615154237796,0.995507637017071,1.8805385984243208,0.7153619227693756,2.062339381164464,2.27482763142288,1.0675122843136113,0.2836363636363636,0.02545454545454543,0.002909090909090928
205,205,0.9709090909090909,0.9712957362272431,0.9679068208479973,0.9979889391654098,2.426397245096668,0.5044305774720065,1.9725865964596636,1.824560885964342,1.4179258626509041,0.2632727272727274,0.028000000000000035,0.002545454545454573
206,206,0.9818181818181818,0.981608895856178,0.9592963090720938,0.9983615039668852,2.4126802857082663,0.5325240343185843,1.5383056163297728,2.1431281810677785,1.6257903361323225,0.26436363636363636,0.026181818181818174,0.008727272727272717
207,207,0.9781818181818182,0.9783128964059196,0.9737915881983679,0.9970966729441306,2.340940624628208,0.349374527087631,1.841609774155333,2.076292821264664,1.4820286070272526,0.26145454545454544,0.05563636363636361,0.026909090909090872
208,208,0.9636363636363636,0.9640420376269433,0.9590546958786579,0.9920330933047342,2.1723159503503857,0.5350454233962769,2.2283911449985183,2.4763067399050582,1.2855676091668984,0.28945454545454546,0.0327272727272727,0.02072727272727274
209,209,0.9527272727272728,0.9525357762785222,0.9152970922882426,0.9906989344410331,1.9432897990600002,0.0869415446377171,1.879604511210029,2.8420214611425108,1.7935785360378782,0.20472727272727279,0.040000000000000036,0.008363636363636384
210,210,0.9745454545454545,0.974640547654166,0.9616596638655461,0.9964110644257702,2.145301448106458,0.47024907701289587,1.9942864360371588,1.9773278742417837,1.7892480438695766,0.24690909090909083,0.038545454545454494,0.015272727272727205
211,211,0.9563636363636364,0.9569742675625027,0.9436012418075199,0.9935322525008624,3.210075339301173,0.23269865453653474,2.3499223601645998,1.6580016813190235,1.068335157869106,0.25309090909090914,0.006181818181818233,-0.0047272727272726685
212,212,0.9745454545454545,0.9748384548922598,0.9685298898320389,0.9963879357052555,2.751558794545765,0.041282886500249034,1.64940870225916,2.3828218329216804,1.4178965921757654,0.25854545454545447,0.03381818181818177,0.014545454545454483
213,213,0.9636363636363636,0.9639522239674129,0.942512077294686,0.991304347826087,2.180537287426309,-0.04180136804875172,2.321786456458203,2.280317021133042,1.6917474505238537,0.19345454545454546,0.037818181818181806,0.01709090909090908
214,214,0.9745454545454545,0.974736278447122,0.9728867623604466,0.9971726837755546,2.570849235172789,0.21692732295396155,1.6592942016098928,1.957887566655139,1.7530741458018346,0.30509090909090897,0.027272727272727216,0.008363636363636328
215,215,0.96,0.9594352941176472,0.9313186813186813,0.9962637362637363,1.8708104169141873,0.3280306477097443,1.7803186001357436,2.8181265517729077,1.7009114360725728,0.2749090909090908,0.030181818181818143,0.013090909090909065
216,216,0.9745454545454545,0.9744503614367431,0.9548120041393584,0.9968092445670921,2.3291509940715374,0.44810900314239194,1.483574832703073,2.2554649784464225,1.5335604774908769,0.23309090909090902,0.04836363636363632,0.01927272727272721
217,217,0.9818181818181818,0.9820453230979547,0.9803968103284602,0.9962027719764571,2.36879516670008,0.24767907840035241,1.5001217455745472,2.069270786437011,2.2083594228875945,0.23454545454545447,0.033090909090909074,0.008363636363636373
218,218,0.9818181818181818,0.9817502581691023,0.9666695412211107,0.9982752673335633,2.1672249763475016,0.2294755161653077,1.9228846641190755,2.5128381133819984,1.2953311801845038,0.26836363636363636,0.028727272727272723,0.009454545454545448
219,219,0.9781818181818182,0.9784871337812514,0.9791738530527768,0.9972404277337014,1.8604316243517234,0.9142751179954559,2.616926883388772,1.5104298156152383,1.28905825614117,0.2712727272727273,0.020363636363636316,0.0032727272727272826
220,220,0.9745454545454545,0.9746209713151862,0.9656976744186045,0.9952713178294574,2.340745133626696,0.2732688772574434,1.7495548608531286,2.364124019115377,1.5231946793930604,0.2719999999999999,0.04727272727272723,0.014545454545454473
221,221,0.9672727272727273,0.9678592819524285,0.9731955675351902,0.9973794549266247,2.0930306402925516,0.505701342952977,1.993730431498149,2.2708587532784437,1.8140382890019435,0.32509090909090915,0.016000000000000014,-0.0072727272727272415
222,222,0.9818181818181818,0.9818695187165775,0.9768287142208087,0.9978797516280478,2.222474657546887,0.22735785726442234,1.95553210510868,1.9092097543649378,1.8029757854859823,0.3007272727272728,0.02145454545454545,0.014909090909090882
223,223,0.9563636363636364,0.9563636363636364,0.9188311688311688,0.9894726485635577,2.062750995203794,0.5108361241357545,2.004558319720425,2.4885115098230677,1.7568579427857256,0.18400000000000008,0.036727272727272775,0.014545454545454617
224,224,0.9818181818181818,0.9816715461525712,0.967304625199362,0.9986225895316805,2.0770487521447585,0.5992729119751344,1.9463965188473487,1.7194580173029144,1.5230115145603549,0.2669090909090909,0.059272727272727276,0.02981818181818181
225,225,0.9818181818181818,0.9819840866108097,0.9821627204830764,0.9970602256475449,2.929420973623878,0.028535641508504492,1.8797927369163216,1.4774144506147617,1.8864332628653162,0.2752727272727272,0.06036363636363636,0.01709090909090909
226,226,0.9781818181818182,0.9781818181818182,0.9659090909090908,0.9974380165289256,2.7841994148431124,-0.14245242440999825,1.0066278857585733,2.2206800847985377,2.515443323337402,0.2632727272727272,0.053454545454545456,0.01599999999999997
227,227,0.9636363636363636,0.9636363636363636,0.9460530445699937,0.9953703703703705,1.7099328062128327,1.1455928743650035,2.2657479890314893,1.7046818114791045,1.0673703405519197,0.25309090909090914,0.03709090909090908,0.003999999999999971
228,228,0.9636363636363636,0.9638548273431994,0.9522128060263653,0.9960765850596359,1.9868440652304884,0.8051410279989955,2.113707681808173,1.9750795476994334,1.2026153963435944,0.2596363636363636,0.03563636363636361,0.0029090909090908946
229,229,0.9672727272727273,0.967055381400209,0.9519967728922953,0.9944197929272556,2.244994293900751,0.48898419198260806,2.1369543225751704,1.8198218365084204,1.3587097560344885,0.29672727272727273,0.053454545454545456,0.022181818181818202
230,230,0.9563636363636364,0.9563636363636364,0.938906990521327,0.9942239336492891,2.342734470144375,0.12461367200709879,1.5053884473799848,2.456297237572252,1.880312107933253,0.2861818181818182,0.05090909090909097,0.0065454545454545765
231,231,0.9527272727272728,0.9525597273551958,0.921610524551701,0.9942182001005531,2.0111489313734836,0.46278430238018337,1.8544074959978265,2.1175980071345584,1.7089156517903956,0.22800000000000006,0.02254545454545458,0.012363636363636387
232,232,0.9854545454545455,0.985537703247835,0.9847939328941321,0.9983912976865329,2.5099829960133153,0.4665561108586089,1.935437395195848,1.82694202949522,1.4579273190098043,0.296,0.032000000000000015,0.00545454545454549
233,233,0.9781818181818182,0.9784972562262557,0.9856459330143541,0.9976076555023924,2.384224396385927,0.09817687063257785,1.941201398330389,2.4367048022869673,1.321416534765109,0.32799999999999996,0.031272727272727244,0.01599999999999998
234,234,0.9527272727272728,0.9535435236090544,0.9413590893411521,0.991117626767851,1.919851712665148,0.8441120667837486,2.2147289861540878,2.701535815155166,0.7316060198210174,0.20509090909090913,0.03309090909090913,0.01054545454545457
235,235,0.9781818181818182,0.9781818181818182,0.9649413564507905,0.9957504674485806,2.2790527124512736,0.34111597913777175,1.9358385827256344,2.3201729895483267,1.691696596049277,0.25018181818181817,0.042909090909090876,0.013090909090909075
236,236,0.9781818181818182,0.9783660796090806,0.9695272451110689,0.9959179798746914,2.140916883111284,1.2417014907557438,1.7753256695850175,2.471630463850238,0.29153802085045283,0.2381818181818182,0.036363636363636355,0.009818181818181771
237,237,0.9672727272727273,0.9673774022079868,0.9534443907934975,0.9945276034122003,2.5344382821920566,0.05745154698680083,1.4935635518047061,2.734284351285067,1.3807754176103708,0.2752727272727272,0.026909090909090917,0.015999999999999993
238,238,0.9854545454545455,0.9855646804176217,0.9833333333333334,0.9990222222222221,1.8317382359745884,0.6241426173152721,2.0107671076129034,1.598818224501333,1.9675806160776455,0.2381818181818182,0.0410909090909091,0.017454545454545455
239,239,0.9745454545454545,0.9746514538093485,0.9593131765584173,0.9974804031354984,2.3321517090836696,0.6474121639375292,1.482673468721644,1.7131893290587696,1.9095444347154942,0.22727272727272724,0.029090909090909046,0.010545454545454492
240,240,0.9672727272727273,0.9675568733545542,0.961046511627907,0.9966666666666667,2.4954021491367233,0.6863128641088679,2.050576417396997,2.3281742633482856,0.712375162026508,0.2712727272727272,0.03781818181818182,0.012727272727272709
241,241,0.9490909090909091,0.9496588526777205,0.9379883560594454,0.9902711812471273,2.3149545183995386,0.47749285669931846,2.1934200602089353,2.171594348922778,1.3171278768636316,0.2370909090909091,0.04800000000000001,0.007999999999999997
242,242,0.9745454545454545,0.9744660676762292,0.9591572504708098,0.9965473948524796,2.3762222071231416,0.06630222067040724,2.1118381522859684,1.9266011351778738,1.7746882464851275,0.2738181818181818,0.03999999999999994,0.013090909090909042
243,243,0.9927272727272727,0.9926776859504133,0.9821428571428572,0.9986138290932812,2.6635029811797053,0.3865384574604081,1.8645042539359333,1.0081338418310872,2.4765310462207206,0.28654545454545455,0.039999999999999966,0.014181818181818151
244,244,0.9490909090909091,0.9487998568143956,0.9223569931117102,0.9922132374962563,2.116921579402101,0.5577515753435612,1.8487201795365102,2.5602709889375665,1.2817300953926456,0.24654545454545457,0.028000000000000014,0.00945454545454546
245,245,0.9709090909090909,0.97108828396964,0.9626171937072938,0.9968218655649135,2.222207505309575,0.5287039441900903,2.640871299495008,1.5912872228172283,1.1603238334287103,0.25563636363636366,0.033454545454545494,0.00618181818181821
246,246,0.9854545454545455,0.9854545454545455,0.9759278711484594,0.9987745098039216,2.634800307166093,0.3480966288703931,2.0304917923841845,2.0075793788197047,0.9761112716601479,0.2549090909090909,0.037090909090909105,0.012727272727272743
247,247,0.9745454545454545,0.9744680323088948,0.9596899224806201,0.9953488372093022,2.9669971649640936,0.27899047645268826,1.5985140766593855,2.0729031092029233,1.5140909385913766,0.30727272727272725,0.018545454545454497,0.00727272727272722
248,248,0.96,0.9601417691609883,0.9393166751657318,0.9943906170321264,2.0292960371045177,0.5956481661433513,2.1252018630041944,1.863855768963519,1.6739405421280418,0.21599999999999997,0.02945454545454542,0.014909090909090894
249,249,0.9709090909090909,0.9712860131981328,0.9681818181818183,0.996198347107438,2.1023372691255453,0.9983270992306883,1.8436499858397342,1.9688988383173125,1.5748758782566354,0.2672727272727273,0.03418181818181822,0.013454545454545486
