,random_seed,accuracy,f1_weighted,balanced_acc,auc,model_weights.random_forest,model_weights.bagging_svc,model_weights.bagging_knn,model_weights.gradient_boosting,model_weights.mlp,feature_importance.rightlow_humidity_scaled,feature_importance.rightlow_temperature_fd3_scaled,feature_importance.rightlow_temperature_scaled,feature_importance.rightlow_humidity_fd3_scaled,feature_importance.rightlow_humidity_fd1_scaled,feature_importance.rightlow_temperature_fd2_scaled,feature_importance.rightlow_humidity_fd2_scaled,feature_importance.rightlow_temperature_fd1_scaled
0,0,0.96,0.9601417691609883,0.9393166751657318,0.9884412714601394,1.7102567686830161,2.4708877903697286,0.9154540731641929,0.9458650723643421,2.002292411610358,0.11236363636363633,0.06472727272727269,0.027636363636363605,0.008727272727272684,0.00727272727272722,0.002545454545454484,-0.0003636363636363993,-0.001454545454545475
1,1,0.96,0.9606561228002672,0.95412267471091,0.9952237305178482,1.7806987056891619,2.1517089395540423,0.2900311710141224,1.6794553696853158,1.8562259012473403,0.12363636363636359,0.12109090909090907,0.023999999999999966,0.003999999999999937,-0.002181818181818218,-0.008363636363636417,0.0032727272727272163,-0.008000000000000052
2,2,0.9636363636363636,0.9638548273431994,0.9522128060263653,0.9937225360954175,1.8632341991729857,3.1660417532930456,1.0870320919048553,1.5113649445530588,0.5485849019231926,0.13745454545454544,0.08581818181818182,0.0236363636363636,0.011272727272727235,0.003999999999999992,0.004727272727272724,0.014545454545454528,0.0014545454545454306
3,3,0.9345454545454546,0.9353518233179251,0.9133671334299049,0.9904233059713504,1.9383825891027853,3.1056749359378135,0.8735440710331157,1.4095070037119033,0.7016670195249105,0.1130909090909091,0.061090909090909105,0.03345454545454548,-0.02109090909090906,-0.007999999999999985,-0.0014545454545454306,-0.006909090909090887,-0.009818181818181781
4,4,0.9745454545454545,0.9744753279147649,0.9616409952606635,0.9968157582938388,1.906621381407285,3.331217413110986,1.1716972716845724,-0.0673973363958343,1.2907006288861091,0.14218181818181813,0.09018181818181811,0.03199999999999995,0.010181818181818125,0.008727272727272672,0.025454545454545396,0.00618181818181811,0.009454545454545405
5,5,0.9454545454545454,0.9452560922223843,0.9087625361210268,0.9912459629440762,1.9548586892518438,3.0181940853008498,1.0546733891025106,0.7240763775586487,1.344979118623867,0.11818181818181817,0.05309090909090906,0.02290909090909089,0.014909090909090894,0.0021818181818181624,0.0003636363636363549,0.006909090909090887,0.001454545454545464
6,6,0.9890909090909091,0.989118840266133,0.9876395534290271,0.9971726837755546,2.445125566403059,2.4043547660951012,0.9733197305330606,0.594197812920899,1.2068911557933137,0.14290909090909096,0.11781818181818182,0.029454545454545476,0.010181818181818247,0.01345454545454552,0.001454545454545475,0.004727272727272758,0.004000000000000026
7,7,0.9454545454545454,0.9465009752645644,0.925890234948605,0.986784140969163,2.248219459228358,2.4209828992217175,1.2418088636548623,1.3711314276790842,1.3717881414004505,0.10836363636363636,0.06363636363636362,0.02036363636363634,-0.0029090909090909167,0.0029090909090908725,-0.004727272727272747,-0.007636363636363686,-0.0061818181818182215
8,8,0.96,0.9601381347646092,0.9401290430702196,0.991955756661639,2.206480221195922,3.27869926229773,0.8033258898504578,1.1639275600841557,0.5581358592957206,0.10909090909090906,0.09999999999999998,0.020727272727272684,0.0007272727272726875,0.0025454545454544953,-0.0021818181818181958,0.005090909090909024,-0.0014545454545454861
9,9,0.9454545454545454,0.9456948280477693,0.9048309178743961,0.9860869565217392,2.6372783560435478,1.5380460700523466,1.8232916916639401,0.36105280872652784,2.346874038647751,0.0818181818181818,0.06363636363636362,0.014545454545454528,0.011636363636363622,0.0029090909090909167,-0.0021818181818181958,0.0003636363636363549,-0.0014545454545454861
10,10,0.9672727272727273,0.9675303049625774,0.962344490521327,0.9962233412322276,2.3958815544156002,2.243257016440892,0.5868570944331134,1.2952150040118604,1.614458951912396,0.144,0.1021818181818182,0.04036363636363638,0.0058181818181818334,0.0010909090909090868,0.00690909090909092,0.00436363636363638,0.0043636363636363916
11,11,0.9563636363636364,0.9572335883294787,0.9514278429372769,0.993200747917729,2.323759686550532,2.627967260398638,0.8339186786112333,1.753940918191712,0.6669241091173661,0.12545454545454549,0.07454545454545458,0.02763636363636369,0.006545454545454588,0.0007272727272727541,3.3306690738754695e-17,0.00981818181818187,2.2204460492503132e-17
12,12,0.9563636363636364,0.9572561983471074,0.9509744739565367,0.990082787167989,2.744442242875961,2.252787047299031,1.5682111468591158,0.7183957253641764,0.8185872854940321,0.1363636363636364,0.07236363636363641,0.041818181818181886,0.0072727272727273196,0.002181818181818218,0.001818181818181852,0.01418181818181823,0.001818181818181852
13,13,0.9636363636363636,0.9643430929283175,0.9633819339701692,0.9953075247192895,2.4003495554007634,2.905873936219859,0.6589863827878193,1.43797430592325,0.8440465582597317,0.12545454545454543,0.08399999999999999,0.033090909090909074,0.0007272727272727208,0.0058181818181818005,-0.003272727272727294,0.009454545454545427,-0.006909090909090953
14,14,0.9818181818181818,0.9817655621733989,0.971111615932152,0.9990155989701651,2.260910268782993,3.0394014363954556,0.6031536339219661,1.5648738923128245,0.3505763826707019,0.1589090909090909,0.09854545454545453,0.023636363636363622,0.0010909090909090979,-0.000363636363636366,0.0018181818181818188,0.008000000000000007,-0.000363636363636366
15,15,0.9527272727272728,0.9528454018092573,0.9383969575200919,0.9860074626865671,2.689527923092892,2.5635128709562895,0.7457916732434682,0.8964779040954757,1.3020595293532293,0.13672727272727275,0.1123636363636364,0.031272727272727306,-0.005818181818181789,-0.0032727272727272492,-0.0010909090909090758,-0.009090909090909071,0.000363636363636366
16,16,0.9672727272727273,0.9676117853313136,0.9581845996940337,0.9950705422403535,2.3857851469018168,2.6682902826116712,0.5187259266701465,1.2619145441983948,1.2654442623789708,0.10909090909090909,0.08436363636363639,0.02836363636363638,0.011999999999999988,-0.0010909090909090979,0.005454545454545467,0.0058181818181818334,0.002545454545454551
17,17,0.9672727272727273,0.967380092821862,0.952870189171559,0.9916829745596868,1.7686048691574565,2.977208033353573,1.170899358536619,0.7057239065912281,1.7887074773629636,0.14654545454545456,0.1,0.03345454545454547,0.008000000000000007,0.006545454545454565,0.0,0.005090909090909102,0.01090909090909089
18,18,0.9636363636363636,0.9634524058031521,0.9462205171923842,0.9945296959363455,2.6104053591191296,3.149755393856296,0.9712927482205818,0.837431961958383,0.6853623297410012,0.15563636363636363,0.09418181818181817,0.04545454545454545,0.014181818181818162,0.0018181818181818299,0.011272727272727245,0.003999999999999992,0.0029090909090908946
19,19,0.96,0.9605904701333913,0.9638566694283348,0.9911626622479978,2.1055974567939795,1.8942003356254806,1.0061249961528684,0.42960639314753574,3.1345085265587103,0.13854545454545453,0.09927272727272726,0.03127272727272723,0.02799999999999997,0.02109090909090904,0.015272727272727238,0.009454545454545405,0.026909090909090872
20,20,0.9490909090909091,0.9509677318197497,0.9524076147816349,0.9866554684583799,2.9789172337425445,2.509702367957663,0.368356136143052,1.0921027032517119,1.3991797774481578,0.11272727272727275,0.08327272727272726,0.030545454545454553,0.0014545454545454527,0.002909090909090928,0.0021818181818181958,0.008363636363636373,0.0
21,21,0.9745454545454545,0.974455237806644,0.956175632646221,0.9947209653092006,2.8382493350105475,3.1221429680453925,1.295176394118197,0.3878115411713869,0.4441030334370306,0.1363636363636363,0.06981818181818177,0.04290909090909086,0.01563636363636358,0.020363636363636306,0.010909090909090846,0.013454545454545408,0.010909090909090835
22,22,0.9672727272727273,0.9671597079198653,0.9454545454545454,0.9935537190082644,2.7258773872635755,1.9908154766542434,1.1287990648118602,1.347049083378924,0.9437414399836893,0.13345454545454546,0.05636363636363637,0.03963636363636365,0.005818181818181845,0.002545454545454551,0.003272727272727294,0.00945454545454546,0.002545454545454551
23,23,0.9636363636363636,0.9638603549620498,0.9516923565866836,0.992769744160178,1.709539461954559,2.8793999196291753,1.071703356705288,1.21166060694237,1.3201523562373172,0.1221818181818182,0.07818181818181817,0.05527272727272725,0.013090909090909052,0.006181818181818166,0.006181818181818177,0.010909090909090879,0.007999999999999974
24,24,0.96,0.9601247507944969,0.9430716669315112,0.9938820912124583,2.04579000091996,3.090732674673115,1.0942720854626924,1.326941609737324,0.48486718337929924,0.11418181818181812,0.058909090909090876,0.01599999999999996,0.014181818181818162,0.0014545454545453972,0.0021818181818181515,0.0010909090909090534,-0.0072727272727273196
25,25,0.9527272727272728,0.9528543569708018,0.9365373222748815,0.987188981042654,2.5989928869205143,2.6030454478829657,0.6401291518046859,1.1621812239082083,0.9899212167533724,0.1545454545454546,0.10472727272727275,0.029818181818181844,0.009818181818181847,1.1102230246251566e-17,-0.001454545454545464,-0.0029090909090908946,-0.0014545454545454527
26,26,0.9563636363636364,0.9566392672955522,0.9400853050056333,0.9919523579591181,1.8203239331267962,3.0158961661444814,1.2452049144915807,0.7613816748556577,1.427160940421155,0.10545454545454551,0.10000000000000006,0.039272727272727334,0.006545454545454588,-0.005818181818181755,0.0003636363636363993,-0.005818181818181755,-0.0003636363636363549
27,27,0.9672727272727273,0.9669422912247513,0.9404876871076775,0.9954933204571061,2.5725253488116278,2.895050245113573,0.8328757259269911,1.286955762547487,0.4373686746727986,0.13272727272727272,0.07309090909090912,0.040727272727272744,0.004727272727272724,-0.0018181818181818299,-0.0007272727272727208,0.004000000000000015,0.004727272727272747
28,28,0.9563636363636364,0.9563636363636364,0.9298827129015809,0.98946115927248,3.04801383757947,2.092313358655379,1.675258673445884,-0.18684296334033282,1.5044783458806843,0.12000000000000006,0.06545454545454552,0.02872727272727278,0.008727272727272773,0.0032727272727273047,-0.003636363636363593,4.4408920985006264e-17,-0.00036363636363633266
29,29,0.9381818181818182,0.940591893918617,0.9379129955947136,0.98568281938326,2.3615585624302318,2.8491790722283743,1.2812592438399109,1.1284328576728704,0.5290487329504863,0.09890909090909096,0.051272727272727324,0.01490909090909095,-0.013090909090909052,-0.007636363636363585,-0.007636363636363575,-0.011636363636363601,-0.0047272727272726685
30,30,0.96,0.9593438771997326,0.925258945386064,0.99278091650973,1.495134336317817,2.767270630496158,1.2443426057610518,1.4327042559117114,1.3820149851419365,0.13018181818181812,0.08290909090909088,0.0367272727272727,-0.004363636363636403,-0.0018181818181818633,0.005454545454545412,0.005454545454545401,-0.0007272727272727653
31,31,0.9709090909090909,0.9712500522305947,0.9691619585687382,0.996939736346516,0.9818309777605053,3.0621177298971385,1.348259036897936,0.7717348313935196,1.3767780163363894,0.1276363636363637,0.07781818181818183,0.03963636363636366,0.014909090909090927,-0.0007272727272726875,0.00618181818181821,0.0010909090909091202,0.0021818181818181958
32,32,0.9381818181818182,0.9387902229602479,0.9136363636363636,0.9881818181818182,1.7754599784106164,3.366979584465702,1.0622988716280375,1.6460825591997752,0.343008871604821,0.08072727272727279,0.10290909090909098,0.022181818181818237,-0.0014545454545453972,-0.012363636363636332,0.001454545454545475,-0.00036363636363632155,-0.0021818181818181403
33,33,0.9745454545454545,0.9747896960610605,0.9707273320287019,0.9933137638617091,2.649531263892765,2.0583964709203655,0.9828691807386438,1.002287162275911,1.4524041428835384,0.12836363636363632,0.10509090909090901,0.026545454545454483,0.013818181818181762,0.008727272727272672,0.013818181818181752,0.010181818181818125,0.007636363636363585
34,34,0.9672727272727273,0.9673857466255894,0.9516507457683928,0.9916205798558739,2.2313947415039657,2.4048420587472306,0.6866422237417146,0.8716244366684849,1.7966377416867931,0.12654545454545457,0.1061818181818182,0.018181818181818188,0.01018181818181818,0.013090909090909097,0.000363636363636366,0.003272727272727294,0.0021818181818181958
35,35,0.9563636363636364,0.9572335883294787,0.9514278429372769,0.9851266360700324,2.0874198087358895,2.682533521335322,0.6302816743619103,1.1024564670596586,1.9045283839102405,0.12727272727272737,0.06981818181818186,0.017090909090909122,0.005818181818181856,0.012000000000000044,0.01781818181818189,0.0007272727272727541,0.0010909090909091423
36,36,0.9672727272727273,0.9669336692141409,0.9395792563600782,0.9944553163731247,2.482439786974598,2.908131129980931,0.6735947013314922,1.4707369757684747,0.6054785902017166,0.14654545454545453,0.09600000000000002,0.04618181818181821,0.013818181818181795,0.002909090909090928,0.007272727272727275,0.00436363636363637,0.006545454545454554
37,37,0.9636363636363636,0.9638603549620498,0.9516923565866836,0.9915779437470206,2.10463710688201,2.61917324403608,0.7997184119622599,1.7682111056327952,0.7872832341776661,0.13745454545454544,0.06981818181818181,0.026909090909090903,0.007999999999999985,0.0072727272727272415,-0.0007272727272727208,0.015636363636363636,0.0010909090909090758
38,38,0.9490909090909091,0.9490909090909091,0.9253875968992248,0.9904651162790699,2.239557243645597,3.0300182162949207,0.7193017415328323,1.1626791418081737,1.1051695723838766,0.12072727272727275,0.061090909090909105,0.04472727272727273,0.006545454545454554,0.0018181818181818078,0.021090909090909105,0.0036363636363636485,0.004727272727272747
39,39,0.9745454545454545,0.9747664570535421,0.9717054263565892,0.9955038759689923,1.6823931072501737,2.677571659440499,0.5957406453401982,1.750116352530434,1.349691837079644,0.1349090909090908,0.13599999999999995,0.02799999999999995,0.0069090909090908535,0.00036363636363633266,0.002909090909090839,-0.0007272727272727431,0.0014545454545454417
40,40,0.9672727272727273,0.9680242861166698,0.9725480197178311,0.9925208227095019,1.2195306937356403,2.482979872388012,1.4190775058821399,0.9318720079393822,1.6626899554773444,0.12000000000000002,0.05636363636363637,0.03236363636363637,0.018545454545454552,0.002545454545454551,0.012363636363636354,0.015272727272727271,0.00763636363636363
41,41,0.9454545454545454,0.9463857928536884,0.943040293040293,0.9854945054945055,2.9031560798317493,2.12201922425026,1.299739803970952,1.1095244936066353,0.5656606715553312,0.12618181818181817,0.10145454545454544,0.03818181818181815,0.0029090909090909054,0.0058181818181818005,0.004363636363636347,0.0036363636363636043,0.000363636363636366
42,42,0.9709090909090909,0.9706164837872153,0.9340384222358471,0.9964234620886981,1.5593162138239283,2.668940905723276,0.6994167941089681,1.8635129563173662,1.4694283376694817,0.1061818181818182,0.07054545454545458,0.03272727272727275,0.020000000000000018,0.0061818181818182215,0.00290909090909095,0.001818181818181852,0.00545454545454549
43,43,0.9454545454545454,0.9470246694834401,0.9446710861805201,0.9888662247152813,1.8188979360755133,2.742403015640627,0.803752204321174,1.1543163257823228,1.3407938149122203,0.11381818181818182,0.05599999999999996,0.038181818181818164,0.016363636363636348,0.005090909090909079,-0.0061818181818181885,0.005090909090909068,-0.000363636363636366
44,44,0.9454545454545454,0.9463724233655896,0.9303076661567228,0.9831718510963794,2.3506831540278728,2.3992402083503572,1.1506177258083086,1.4187240737205764,0.9161648106210357,0.11709090909090909,0.07563636363636363,0.03745454545454545,0.005818181818181789,0.010545454545454502,0.003999999999999981,0.013454545454545441,-0.0021818181818181958
45,45,0.9709090909090909,0.9709090909090909,0.9578673203615751,0.9917266738164547,2.35239313352261,2.330063408559579,1.120885096555066,1.0909461114233359,1.3875780216034037,0.13963636363636364,0.04981818181818186,0.028727272727272747,0.012000000000000033,-0.0014545454545454195,0.0014545454545454972,0.0003636363636363993,-0.0007272727272726986
46,46,0.9636363636363636,0.9636363636363636,0.9407123145912384,0.9972404277337013,2.0195835654688343,2.37468537823608,1.6402960088585705,0.18366955941908325,1.690509143878154,0.11090909090909089,0.05018181818181818,0.025818181818181817,0.00836363636363634,0.0025454545454545287,0.0029090909090908946,0.006181818181818177,0.0029090909090909167
47,47,0.9745454545454545,0.9743189042362596,0.9549825836740875,0.9977283053157656,1.8033161428614886,2.577131389690513,0.9938800498965058,1.7865864797496391,0.7106338605094243,0.1316363636363636,0.11890909090909085,0.032727272727272695,0.008727272727272662,0.002909090909090861,0.00545454545454539,0.005818181818181767,0.013818181818181762
48,48,0.9672727272727273,0.9676117853313136,0.9581845996940337,0.9930307666156724,2.2352021657786203,2.7934810163053827,0.718440246559079,1.0947937970360182,1.1762217536132211,0.12654545454545454,0.09345454545454546,0.030545454545454553,0.008363636363636373,0.012363636363636365,-0.0029090909090909167,-0.005818181818181789,-0.0025454545454545287
49,49,0.9636363636363636,0.96481424578962,0.9775784753363228,0.9891341842014487,1.706616706136513,3.052844423156561,1.074082271139137,0.9216180400725802,1.3200260839844893,0.12363636363636361,0.0887272727272727,0.03890909090909089,0.021818181818181803,0.01272727272727272,0.006909090909090909,0.014545454545454528,0.011999999999999966
50,50,0.9672727272727273,0.9668638729691361,0.9321383420624887,0.9970200469568358,1.3831085317974712,2.006447369183052,0.9654712441192611,1.4030850994597013,2.478814768956662,0.0821818181818182,0.0821818181818182,0.028727272727272733,-0.0021818181818181737,0.0029090909090909167,0.00945454545454546,-0.0003636363636363549,-0.0036363636363636377
51,51,0.9818181818181818,0.981608895856178,0.9592963090720938,0.9977578475336323,1.8900289114323803,3.3392248542752174,0.2343563003796745,1.5706560064052875,0.7301712665511683,0.13854545454545453,0.06981818181818183,0.031272727272727265,0.003272727272727294,-0.003272727272727294,0.001454545454545464,0.0061818181818182,0.00436363636363637
52,52,0.9963636363636363,0.9963749773449544,0.9976958525345623,1.0,2.550100792217321,2.612678946838603,0.668130786259045,1.0740648131519588,0.9665655765518087,0.15018181818181814,0.10181818181818181,0.03527272727272723,0.006909090909090876,0.005090909090909068,0.004363636363636359,0.0036363636363636598,0.003999999999999981
53,53,0.9636363636363636,0.964244874622233,0.9647286821705426,0.9934883720930232,1.7322225657857322,2.9085076916226678,1.5915047331774042,0.7838407753389497,1.0786654854713895,0.13127272727272726,0.05927272727272727,0.0338181818181818,0.018545454545454552,0.008727272727272705,0.0029090909090908946,0.013818181818181795,0.005454545454545423
54,54,0.96,0.9605788160926105,0.9560577526679221,0.9898775894538606,1.5244201872174914,2.8072123054778415,1.0896760524904037,1.635230640615771,0.9953089827630144,0.12363636363636359,0.08981818181818177,0.04254545454545453,0.002545454545454506,0.006909090909090842,-3.3306690738754695e-17,0.008363636363636306,0.003636363636363593
55,55,0.96,0.9609423546553388,0.9605898585719214,0.9910313901345291,2.416110852103982,2.6933878535206333,0.6859272257530169,1.3769334903025026,1.1798970104644575,0.11563636363636362,0.07672727272727269,0.03199999999999996,0.0007272727272726875,0.008727272727272672,0.0076363636363635965,0.0018181818181817633,0.002909090909090839
56,56,0.96,0.9598379645433649,0.9277135633014267,0.9930467762326168,2.735285717075035,2.8375929816209764,1.0452896292671505,0.3886255383944818,1.5340967538979027,0.09927272727272722,0.06945454545454542,0.020363636363636327,0.010909090909090879,0.005454545454545401,0.011999999999999966,-0.002545454545454573,0.004727272727272658
57,57,0.9818181818181818,0.9818793736789181,0.975,0.9962809917355372,2.615381738195518,3.2973999536305008,0.4403895025044699,0.8954145656446186,0.6972153279328819,0.12981818181818178,0.09018181818181818,0.032727272727272716,0.010909090909090913,0.009818181818181827,0.010181818181818191,0.005090909090909113,0.009090909090909094
58,58,0.9527272727272728,0.9531695709986703,0.937791727023982,0.9929180750040238,1.6534940408823782,2.9170531064269083,1.0385565220984223,0.6463211782088929,2.235730015680086,0.12472727272727276,0.09272727272727274,0.03018181818181821,-0.0014545454545454417,-0.0014545454545454527,0.024727272727272764,0.0018181818181818299,-0.0025454545454545287
59,59,0.9781818181818182,0.9778514132925897,0.9505779364269931,0.9979602243753187,2.7208278337457013,2.403129984746573,1.021237238974278,0.5256709399927415,1.3214797923154373,0.12399999999999997,0.06036363636363634,0.02872727272727269,0.007272727272727231,0.0018181818181818299,-0.0007272727272727431,0.005454545454545434,0.0007272727272727208
60,60,0.9745454545454545,0.9746485680178586,0.9599394273127753,0.9959618208516887,1.8821285395893748,2.790470385999266,0.9337874860473881,1.9847032226064436,0.4426988621061883,0.12799999999999995,0.08363636363636358,0.03090909090909085,0.014545454545454495,0.003999999999999959,0.011272727272727222,0.009090909090909028,0.009454545454545405
61,61,0.96,0.9601534763721361,0.9366666666666668,0.9951111111111111,2.2097332243663446,2.9069228034230488,0.4833541615395746,1.7055389230069629,0.6673768742303284,0.12872727272727272,0.09018181818181814,0.02799999999999997,0.0025454545454544953,-0.009454545454545504,-0.001818181818181852,-0.01054545454545459,-0.003636363636363671
62,62,0.9745454545454545,0.974640547654166,0.9616596638655461,0.9963235294117646,2.1402889409711805,2.6234762757271186,1.225900305140807,0.6594566067629233,1.5693337573452313,0.12909090909090903,0.05454545454545451,0.045090909090909036,0.01490909090909085,0.009818181818181771,0.01927272727272722,0.015636363636363594,0.006909090909090842
63,63,0.9672727272727273,0.967639514977757,0.9566666666666667,0.9900444444444444,2.903952023799388,2.2527156198983707,0.7965661991143943,0.8285571623937196,1.3111726405595756,0.12945454545454546,0.07636363636363638,0.03600000000000001,-0.000363636363636366,0.0018181818181818299,0.0007272727272727431,0.000727272727272732,0.000727272727272732
64,64,0.9636363636363636,0.9636363636363636,0.9423914865091336,0.9955589073236132,1.6803489617589378,2.906158785262524,0.8960148210797152,1.5085476509155222,1.0723469280593803,0.13163636363636363,0.06836363636363638,0.025818181818181806,0.006181818181818177,0.0007272727272727208,-0.0010909090909090979,-0.001454545454545464,0.0021818181818181737
65,65,0.9709090909090909,0.9711024135681671,0.9613636363636364,0.9925619834710744,2.1319655703045255,2.106319685436029,1.3250865156677194,0.6933717074931195,2.063342082154665,0.1392727272727273,0.08290909090909095,0.018545454545454566,0.01127272727272729,0.009454545454545483,0.004363636363636403,0.0036363636363636598,0.0007272727272727653
66,66,0.96,0.9595961337191405,0.9294221793014646,0.995976178979559,2.641337885143665,2.7300351920857016,0.7873443965049579,0.8915369507152169,1.1648634108072682,0.11709090909090909,0.05199999999999997,0.025090909090909053,0.004363636363636303,0.008727272727272684,0.0014545454545454085,-0.003636363636363671,-0.00545454545454549
67,67,0.9745454545454545,0.9746575864222924,0.9579710144927536,0.9935265700483091,2.342135505049741,2.575239288597172,0.7566331095741177,1.4965188143473658,1.051568808192825,0.11890909090909085,0.08363636363636358,0.037818181818181765,0.017090909090909025,0.01818181818181811,0.009818181818181759,0.014909090909090861,0.005454545454545412
68,68,0.9709090909090909,0.9711180133821641,0.9599430838220075,0.9952569851672991,2.0004519499650195,3.1450843957490315,0.6293259156293937,1.1155946130186116,1.2966876960631306,0.11890909090909094,0.1043636363636364,0.0414545454545455,0.01236363636363641,0.014181818181818207,0.005818181818181856,0.013454545454545486,0.0065454545454545765
69,69,0.9563636363636364,0.9563636363636364,0.9277836134453781,0.9923844537815126,1.5894562025979917,3.3712329013074154,1.0369390193464274,1.3668378481300336,1.0241416712025935,0.1094545454545455,0.04909090909090915,0.0243636363636364,0.01090909090909098,-0.0010909090909090647,-0.0014545454545453972,0.0025454545454545842,-0.0021818181818181294
70,70,0.9818181818181818,0.9818793736789181,0.975,0.998595041322314,3.6271866375809454,1.9314496871092304,0.5610340330362729,0.5459001976895302,1.3725937635712095,0.12799999999999997,0.12181818181818178,0.03054545454545452,0.01527272727272726,0.00509090909090909,0.001454545454545464,0.002181818181818185,-0.0010909090909090979
71,71,0.9672727272727273,0.9671731843971505,0.9490310077519379,0.9913953488372094,2.854966436059647,3.08386954856218,0.9852658992159053,1.0825214323402181,-0.41317749271314375,0.14363636363636365,0.06836363636363638,0.04145454545454545,0.00872727272727274,0.010545454545454547,0.010545454545454535,0.007272727272727297,0.0061818181818182
72,72,0.9672727272727273,0.9676117853313136,0.9581845996940337,0.9908210096889343,2.438236209018605,3.033292913720087,0.49403987978587777,0.6147025005045131,1.1659636089509988,0.1312727272727273,0.1021818181818182,0.04036363636363639,0.02545454545454544,0.0061818181818182,0.007636363636363641,0.01272727272727272,0.0021818181818181958
73,73,0.9490909090909091,0.9497675383976755,0.9333417127534775,0.9895257248198426,2.6794772839500567,2.4368920335270468,0.6696309365665708,1.0121907345022987,1.522976384058747,0.11454545454545455,0.07018181818181819,0.043272727272727296,-0.0007272727272727208,-0.000727272727272732,0.008000000000000007,-0.0040000000000000036,0.0010909090909090979
74,74,0.9709090909090909,0.9709090909090909,0.956842435655995,0.9958411801632141,2.6078859137521424,2.3621597507259016,1.3853295219686117,0.8310118859209312,0.9230070988064062,0.11672727272727279,0.07890909090909093,0.038181818181818206,0.009454545454545493,0.017090909090909122,0.001818181818181852,0.015272727272727327,-0.0021818181818181515
75,75,0.9672727272727273,0.9678526920222241,0.9647671568627452,0.9957107843137255,1.9375282725725038,3.0527158557331093,0.1800210731476582,2.024585654774125,0.8299447546516303,0.09890909090909092,0.11127272727272727,0.02836363636363638,0.0061818181818181885,-0.0040000000000000036,0.0,0.0036363636363636598,0.001454545454545464
76,76,0.9636363636363636,0.9638660560796267,0.9511508128118462,0.9921937872203445,2.133991610161066,2.472939776759572,0.8708618774075273,1.7982508476005792,1.257945840575964,0.14254545454545453,0.10545454545454544,0.022545454545454546,0.005090909090909068,-0.00036363636363637706,-0.0003636363636363993,0.0018181818181818188,0.0014545454545454417
77,77,0.9709090909090909,0.9709090909090909,0.9477881146762863,0.9936396430605657,2.0979168788698312,3.0045231228609195,1.066220683664624,1.2803331322575169,0.667414972406641,0.1141818181818182,0.07854545454545458,0.042545454545454595,0.0123636363636364,0.006545454545454599,0.009454545454545483,0.00909090909090915,0.00290909090909095
78,78,0.9672727272727273,0.9679935750523985,0.96165797914996,0.9949879711307137,1.7731311582521816,1.9997175854259648,1.2071022935572444,0.9355212903444937,1.8085196325201722,0.11963636363636365,0.10872727272727274,0.028727272727272723,0.013818181818181808,0.013454545454545441,0.005454545454545478,0.009454545454545438,0.009818181818181827
79,79,0.9490909090909091,0.9496875914035405,0.9367937853107344,0.9920747018204645,1.2803394713953271,3.7161972884768075,0.8569929501158455,1.0366099968738416,1.4137619489699165,0.11090909090909092,0.08727272727272728,0.017818181818181823,0.011272727272727268,0.009454545454545448,-0.002545454545454551,0.0032727272727272826,0.022545454545454556
80,80,0.9709090909090909,0.9707468213128592,0.9538284952606635,0.9954828199052133,1.50978549118261,2.827012014593437,0.960668939929924,1.3622539771271172,1.5783353998627085,0.13381818181818184,0.09018181818181821,0.0374545454545455,0.012727272727272764,0.0072727272727273196,-0.0021818181818181294,0.009818181818181847,-0.004363636363636303
81,81,0.9563636363636364,0.9566536203522504,0.9386363636363636,0.988099173553719,2.28900090042448,3.392341222037227,1.2379713822392535,0.42115728780081557,0.8489302736410675,0.12036363636363642,0.07418181818181822,0.03127272727272732,0.007636363636363686,0.0043636363636363916,0.004363636363636403,0.0025454545454545842,0.004727272727272758
82,82,0.9709090909090909,0.9713496307613954,0.966317500451508,0.988170489434712,2.8035806447520186,2.651665823632496,1.3411645000892713,0.7216441851331239,0.7003612577208712,0.1363636363636364,0.07200000000000004,0.038545454545454584,0.013090909090909108,0.00618181818181821,0.0036363636363636598,0.010909090909090946,0.0072727272727273196
83,83,0.96,0.9606731104680991,0.9536800951895292,0.9928607853136154,1.8385528424997422,2.4835884803910364,1.0147345700647539,1.5863014741162456,1.282187029334405,0.11127272727272726,0.09818181818181816,0.03454545454545451,0.008363636363636306,0.005090909090909024,0.005090909090909035,0.005090909090909024,-0.012000000000000033
84,84,0.96,0.9603388235294117,0.9508579745671826,0.9914202543281754,2.3198020267852972,2.7833245476136264,0.5173720056427193,1.3654724129360647,1.2288643767120788,0.16909090909090904,0.07199999999999997,0.01854545454545451,0.0069090909090908535,0.003636363636363582,0.00472727272727268,0.005090909090909035,0.0010909090909090534
85,85,0.9709090909090909,0.9709090909090909,0.9551532941943901,0.9920091324200914,3.064736242675613,2.296655338509853,1.0592879465886722,1.1098940273107902,0.6459976371521658,0.1483636363636364,0.08472727272727276,0.04945454545454551,0.01709090909090911,0.007636363636363663,0.002909090909090928,0.00800000000000004,0.010181818181818214
86,86,0.9527272727272728,0.952336567213431,0.9265567765567766,0.9935531135531135,2.926280104967146,2.6570209880661846,1.1654071262081582,0.3225018889697084,0.911680970721746,0.11563636363636368,0.08181818181818183,0.04327272727272732,0.00872727272727275,0.004000000000000026,-0.0007272727272727098,0.00618181818181821,-0.0025454545454545396
87,87,0.96,0.9601157632185221,0.9449977018538379,0.9911904397119656,2.5513735992294686,2.7464327349217075,0.3936875548645431,1.158193832255357,1.5182166482864683,0.14654545454545448,0.10763636363636361,0.040363636363636345,0.002909090909090861,-0.004727272727272758,0.009454545454545405,0.003272727272727227,0.0010909090909090424
88,88,0.96,0.9601247507944969,0.9430716669315112,0.9934848244080724,1.4070977007480288,3.2029619539488,1.3256819533143398,0.8187722144968703,1.349363839896454,0.12327272727272724,0.06327272727272724,0.04399999999999996,0.006545454545454488,0.0010909090909090534,0.003999999999999971,-0.003636363636363671,-0.002545454545454573
89,89,0.9709090909090909,0.9712674770301888,0.968694672460969,0.9938033156285209,1.9914836217721916,3.0273775784778616,0.7450753340579697,1.1111038228166572,0.9986403621681114,0.12800000000000006,0.08436363636363639,0.038181818181818206,0.017818181818181844,0.004727272727272769,0.00945454545454547,0.00618181818181821,0.0112727272727273
90,90,0.9745454545454545,0.9744575506043396,0.9568181818181818,0.9967768595041322,2.2616817462784526,2.362971799620924,0.7729265500837855,0.6053750368162519,2.340065710291821,0.12109090909090905,0.07818181818181816,0.03563636363636359,0.013454545454545408,0.003636363636363571,0.004363636363636303,0.006545454545454477,0.0018181818181817965
91,91,0.9454545454545454,0.9453278033416409,0.9265051090858879,0.9906793703396851,2.181337334902786,2.699686492505152,1.8949280974062372,0.6047657154067583,0.6421723295251736,0.11599999999999999,0.08363636363636363,0.01599999999999997,-0.008727272727272783,-0.005818181818181856,-0.010909090909090957,-0.006909090909090953,-0.010181818181818214
92,92,0.9745454545454545,0.9744717870427586,0.9606996819627442,0.9947751022262608,1.8196567513373851,2.3657741919987973,1.4324981465512518,0.9370584672942007,1.4180486855523515,0.14254545454545448,0.07381818181818176,0.034909090909090855,0.00654545454545451,0.0065454545454544984,0.0014545454545454085,0.009454545454545393,0.0003636363636363105
93,93,0.9672727272727273,0.9678234540193539,0.9653663097059324,0.9934557198708142,1.7667691999146506,3.0730518244343448,1.5739550517581102,1.1963764842190685,0.6302544222271348,0.1032727272727273,0.07272727272727272,0.04072727272727276,0.0061818181818181885,0.009090909090909094,0.001454545454545464,0.0058181818181818334,-0.0025454545454545396
94,94,0.9636363636363636,0.9638660560796267,0.9511508128118462,0.9946885562530179,2.1622555237524925,2.7106733420022278,1.1445141841407371,1.1431427374062986,1.20185845294818,0.12327272727272724,0.08072727272727272,0.033090909090909074,0.007999999999999974,0.006181818181818166,0.005454545454545423,0.008727272727272695,-0.000363636363636366
95,95,0.9709090909090909,0.9709090909090909,0.9545454545454546,0.9950413223140496,1.78031552442284,2.478486860636702,1.0901589863010863,1.1875631224845415,1.5489444173875888,0.13090909090909095,0.09090909090909095,0.026545454545454594,0.016000000000000035,0.005818181818181856,0.009090909090909116,0.00981818181818187,0.008363636363636396
96,96,0.9636363636363636,0.9644679415692591,0.9706419831558875,0.9934848244080724,2.332680702582136,2.78154523230849,0.43735680972155916,1.3936775288529986,0.8375208339316916,0.12218181818181817,0.08436363636363636,0.029090909090909077,0.009090909090909061,0.0036363636363636155,0.004727272727272702,0.005818181818181778,0.002545454545454551
97,97,0.96,0.9610187265917602,0.9596803323099151,0.9867256637168141,1.7776216722409566,2.800513934946555,1.1081913028929817,1.0238104730156736,1.5309885772460288,0.11999999999999997,0.07418181818181815,0.03709090909090905,0.011636363636363601,-0.00036363636363638817,0.0007272727272727098,0.010181818181818136,-0.006909090909090943
98,98,0.9781818181818182,0.9782921928817452,0.9752791068580542,0.9973176743511671,1.8173878120990292,2.953015683258273,0.7660534953417352,1.134953843770017,0.9295469367920662,0.1589090909090909,0.09563636363636362,0.056727272727272696,0.002545454545454551,-0.003272727272727294,0.0029090909090909054,0.01090909090909089,0.007999999999999974
99,99,0.9490909090909091,0.9490909090909091,0.9244742623979911,0.9842278719397364,1.5021717568321622,3.0117891228240663,1.263179249479244,1.4908362971286655,1.0200547969438452,0.12363636363636363,0.06581818181818183,0.025454545454545462,0.008363636363636351,0.009818181818181837,0.008727272727272728,0.013090909090909087,0.013454545454545452
100,100,0.9636363636363636,0.963890793302558,0.9487506374298827,0.9921808601053884,1.8945767355193546,3.4207244900587384,0.9961383269927795,0.7890839431315817,1.0435085768448948,0.10618181818181818,0.06254545454545453,0.039999999999999994,0.015636363636363615,0.007999999999999974,0.011272727272727245,0.010909090909090879,0.0021818181818181624
101,101,0.96,0.9601312245600535,0.9416585127201565,0.9909491193737769,2.2765666290249182,2.9942627880613224,0.6018854875173407,1.0660931918931909,1.2398246932045909,0.13527272727272727,0.0887272727272727,0.0407272727272727,0.010181818181818136,0.013090909090909042,0.0007272727272726986,0.005090909090909035,-0.00872727272727276
102,102,0.9672727272727273,0.9678378240370376,0.9650741635046568,0.9953432218006208,2.090879338124276,3.1435232020747685,0.873385892033702,1.0233690086970886,1.0293505879900158,0.12000000000000002,0.08363636363636365,0.028363636363636348,0.007636363636363652,0.008363636363636373,0.0036363636363636598,0.008363636363636384,0.0018181818181818188
103,103,0.9709090909090909,0.97108828396964,0.9626171937072938,0.9958684252343875,1.8872547339587977,2.6756979861891605,0.9386915205365457,0.863197341582625,1.211388524412214,0.13054545454545458,0.07490909090909095,0.041818181818181865,0.01309090909090913,0.02072727272727276,0.0025454545454545842,0.008363636363636396,0.005818181818181856
104,104,0.96,0.9598582308390118,0.9331322272498743,0.9922071392659628,2.684091991277131,3.0271956574674697,1.1641351404124332,0.625195360951041,0.3300422490519409,0.12036363636363631,0.08327272727272725,0.018909090909090865,-0.002181818181818218,-0.006545454545454588,-0.0014545454545454972,-0.005090909090909123,-0.001454545454545475
105,105,0.9636363636363636,0.9640957485228897,0.9572325505544683,0.9904598825831702,2.0745101061564166,3.189371173332813,0.6362247788680411,1.8452933318241853,0.13997637535983146,0.15818181818181815,0.08,0.043272727272727275,0.01018181818181817,-0.004727272727272747,0.0029090909090909054,0.0032727272727272718,-2.2204460492503132e-17
106,106,0.9636363636363636,0.9642301271003878,0.9649149685920024,0.9926459322812932,2.1232835770048117,2.2765877166703445,1.8306531582399153,0.5957713558478592,0.8412813366737867,0.11272727272727272,0.05054545454545454,0.023272727272727257,0.0029090909090909167,0.005818181818181789,-0.000727272727272732,0.0036363636363636377,-0.001454545454545464
107,107,0.96,0.9596611764705884,0.935833827014218,0.9940017772511849,1.2645683023696546,3.4296084261440325,0.9276039933108341,1.4806448357951232,1.324222408148415,0.09854545454545452,0.0956363636363636,0.031636363636363594,0.016727272727272702,-0.002909090909090961,0.00836363636363634,0.0018181818181817854,-5.551115123125783e-17
108,108,0.9563636363636364,0.9566070407579841,0.9432454944722095,0.9928820233227321,2.1827078442015226,3.7236680180243567,0.5979290262251898,1.2544588024449808,0.014560187340383585,0.13090909090909095,0.11454545454545459,0.02690909090909096,-0.00036363636363632155,-0.0018181818181817854,0.005454545454545501,0.00909090909090915,0.0018181818181818633
109,109,0.9672727272727273,0.9667076305084168,0.9340093352647674,0.9960566553999678,2.7400719762503507,2.543792051638286,0.706432437475096,0.9343125878066534,1.1959406729807882,0.13927272727272727,0.10290909090909088,0.030545454545454553,0.008727272727272728,0.0014545454545454527,0.0029090909090909054,0.005454545454545467,0.0018181818181818299
110,110,0.9563636363636364,0.956033231474408,0.9214815453604692,0.9901690238013109,2.3350378573175044,2.759993463719983,0.3059091085473016,1.78381639320773,1.003134257550985,0.11236363636363644,0.06763636363636369,0.034545454545454615,0.01309090909090913,0.005090909090909123,0.00545454545454549,0.010909090909090969,0.009090909090909139
111,111,0.9709090909090909,0.9711690821256039,0.95508658008658,0.9928177882723337,2.075902695524308,2.34961646698418,0.5715636719097437,2.269029122410969,0.9097982276824275,0.11709090909090913,0.10618181818181822,0.03781818181818185,0.005090909090909123,0.002545454545454573,0.0061818181818182215,0.005818181818181856,-0.00036363636363632155
112,112,0.9672727272727273,0.9673585865026774,0.9573260073260073,0.9964835164835165,2.9253107467184183,2.72276453827725,0.3764352589331291,0.5795342618814464,1.709513735799613,0.11963636363636362,0.09563636363636363,0.014909090909090894,0.01454545454545455,0.000363636363636366,0.0029090909090909054,-0.0010909090909090979,0.004727272727272735
113,113,0.96,0.9601455323702515,0.9384701621248707,0.9930148327009314,2.127804279240901,2.8937451472344886,0.9059479436354868,1.7085422873441385,0.3504209975581307,0.11963636363636362,0.0745454545454545,0.0236363636363636,0.004363636363636292,-0.004000000000000026,-0.001454545454545475,-0.00036363636363638817,-0.0032727272727273047
114,114,0.9781818181818182,0.9784952018914282,0.9790353641456582,0.9946603641456583,2.16319657774743,2.9684118300289253,1.0926029140062286,0.43955223093998536,1.5558382452775747,0.11090909090909087,0.06618181818181815,0.03418181818181816,0.010545454545454502,0.0018181818181818078,0.010909090909090879,0.014545454545454518,0.008363636363636318
115,115,0.9527272727272728,0.9522499762135298,0.9183566714952519,0.9935618863672944,2.453671600615475,2.6448321361847458,1.0121749670358888,0.7240857698843112,1.2288988490885129,0.12654545454545457,0.05890909090909093,0.02836363636363638,0.010909090909090934,0.001454545454545475,-0.0003636363636363438,-0.0036363636363636155,0.001818181818181841
116,116,0.9636363636363636,0.964275666114183,0.9643254409661529,0.9941204512950897,1.7374715233080638,3.1108905298216536,1.5215910258964862,0.7609699401902867,0.8821219163686194,0.11781818181818182,0.0629090909090909,0.037818181818181806,0.0036363636363636155,-0.0029090909090909167,0.0018181818181817965,0.003999999999999992,-0.0010909090909090979
117,117,0.96,0.9606237539724839,0.9549494455316373,0.9942106979778212,2.767853606827964,2.27255758262167,0.8362238068587877,1.538669269847237,0.7913630731594903,0.13199999999999998,0.08618181818181814,0.031272727272727244,-0.0007272727272727653,-0.002909090909090939,-0.007636363636363675,0.0010909090909090647,-0.00036363636363638817
118,118,0.96,0.9611342481964452,0.9582125603864735,0.9911111111111112,2.466840216193981,2.257086251231592,1.3921088859888353,0.7320106870989879,1.4262311553475728,0.11163636363636358,0.08109090909090906,0.02436363636363633,0.006909090909090842,0.0029090909090908725,-0.002909090909090928,0.006545454545454488,-0.005090909090909123
119,119,0.96,0.9594211839073893,0.9303909952606635,0.9929650473933649,2.3427153549710797,2.447769556378021,1.317918850778113,0.4911413233735911,1.9759220856161606,0.14618181818181814,0.07054545454545451,0.028363636363636324,0.011272727272727235,0.004363636363636336,0.0007272727272726765,0.007636363636363575,-0.0007272727272727653
120,120,0.9563636363636364,0.9568625831233738,0.9480620155038759,0.9928682170542635,3.0422428130431864,2.5207395896039455,0.7233494842701379,0.7855244445191021,1.00061687249299,0.1363636363636364,0.1196363636363637,0.04072727272727279,0.011636363636363712,0.0014545454545454972,0.003636363636363671,-0.0010909090909090534,-0.003999999999999937
121,121,0.9709090909090909,0.9711180133821641,0.9599430838220075,0.9927561228009659,2.1304560644927277,2.6622173147957833,0.6726381930319301,1.30222984348745,1.3382309085564987,0.13636363636363638,0.09490909090909096,0.04254545454545457,0.009090909090909139,-0.0018181818181817744,-0.0047272727272726685,0.004727272727272758,-0.004363636363636303
122,122,0.9781818181818182,0.9778600771425884,0.9514412602647897,0.9979051449639684,2.083970260228505,2.635486387336926,1.414398042972956,1.1582967527538643,0.6493734632033059,0.11672727272727271,0.08727272727272722,0.026909090909090883,0.004727272727272714,0.0007272727272727098,0.0010909090909090868,0.010545454545454502,0.0018181818181818078
123,123,0.9745454545454545,0.9746289610836704,0.9640818656229615,0.9967384213959556,2.635794600135249,2.504250426350145,0.942079076380889,1.4678613538967467,0.3580738111624151,0.13709090909090907,0.07781818181818176,0.03345454545454539,0.013454545454545396,0.015272727272727216,0.0069090909090908535,0.019999999999999928,0.007272727272727231
124,124,0.9490909090909091,0.9497026074700493,0.9361592245351978,0.9928491975210552,2.2771198673073667,2.66884208997664,1.3198280081886742,0.7728769097828577,1.0910377349917002,0.10072727272727273,0.08036363636363637,0.012727272727272731,0.008727272727272728,-0.008000000000000018,0.009454545454545448,-0.000363636363636366,-0.0021818181818181958
125,125,0.9563636363636364,0.9578512396694215,0.9655555555555555,0.9923555555555555,2.019114559157074,2.342549669930921,0.9683301952160547,1.1447038955361957,1.8070644032989833,0.10000000000000005,0.10909090909090917,0.032363636363636414,0.0014545454545454972,0.005090909090909135,0.006909090909090943,0.00545454545454549,0.004363636363636403
126,126,0.9636363636363636,0.9633292612575929,0.9286894273127753,0.9950440528634361,2.466873350659577,2.676924541255264,1.2868891933039546,0.5145632272463172,1.5072456521931223,0.11600000000000002,0.061090909090909105,0.018181818181818167,0.011636363636363611,-1.1102230246251566e-17,-0.001454545454545464,-0.002545454545454551,0.0007272727272727208
127,127,0.9490909090909091,0.9497180848028306,0.9354981490423306,0.9920328343795268,2.0110449783113595,2.6396866395363485,0.7275404342110222,0.6605527580911134,1.9529577108925842,0.124,0.07563636363636364,0.032363636363636386,0.019272727272727296,0.010181818181818191,0.004727272727272747,0.001454545454545464,-0.008000000000000007
128,128,0.9818181818181818,0.9818748867247713,0.9758461782933419,0.9941999046559669,2.7754455694642846,3.143760968146126,0.37120027127307625,0.21967398434894103,1.7535369767907785,0.12363636363636363,0.10145454545454542,0.04436363636363636,0.019999999999999997,0.012363636363636365,0.02218181818181818,0.013090909090909075,0.016363636363636358
129,129,0.9563636363636364,0.9569290197971995,0.9454545454545454,0.9917355371900826,1.978078940136182,2.024149155709766,0.6632499896400065,1.3351568025696243,2.2651803095335126,0.13018181818181823,0.09636363636363642,0.03454545454545459,0.01890909090909094,0.00618181818181821,0.00981818181818187,3.3306690738754695e-17,0.003636363636363693
130,130,0.9636363636363636,0.9636363636363636,0.9485250074872715,0.9920634920634921,2.8931657322563025,2.8420604016470365,0.7406849900613869,0.7363264330211248,0.9006726326888952,0.13527272727272727,0.092,0.01963636363636363,0.0178181818181818,0.0025454545454545396,0.004363636363636336,0.011272727272727245,0.0025454545454545396
131,131,0.9636363636363636,0.964244874622233,0.9647286821705426,0.9886046511627907,1.5401722659477848,2.739781284054489,1.2210949103212583,0.8457466398685595,1.7290779592954848,0.10763636363636361,0.12618181818181817,0.03672727272727272,0.0014545454545454527,0.004727272727272702,0.006181818181818177,0.0025454545454545396,0.0021818181818181737
132,132,0.9745454545454545,0.9746228767820143,0.9653170119271814,0.9940364092906466,2.541669940159911,2.8965221115913766,1.3671967142864,1.1654882454143272,-0.23003010598095616,0.16218181818181812,0.08036363636363633,0.022181818181818126,0.012727272727272688,0.011636363636363601,0.00545454545454539,0.005090909090909035,0.0018181818181817854
133,133,0.9636363636363636,0.9632500832500833,0.9405496555683124,0.995048794489093,2.655747764376307,2.011947846520532,0.827394760315255,1.391871020664816,1.3614226459029113,0.1469090909090909,0.0909090909090909,0.03963636363636362,0.02218181818181817,0.005454545454545457,0.0029090909090909054,0.015636363636363625,0.002181818181818185
134,134,0.96,0.959850567972025,0.9310969299758538,0.9929285960676095,2.2330521706440947,3.3255954940832626,1.0486403635459856,1.0893973387472506,0.38939184931091736,0.11127272727272723,0.05709090909090907,0.03236363636363632,0.014181818181818162,0.008727272727272672,-0.0010909090909091202,0.007272727272727231,-0.00290909090909095
135,135,0.9490909090909091,0.9482797202797203,0.9168087524865018,0.9921852799090651,2.0015762901915783,3.3373250968757016,1.1399959003081825,1.1468661883365665,0.428827051763258,0.13418181818181818,0.059272727272727276,0.028000000000000014,0.009818181818181814,0.000727272727272732,-0.004727272727272735,0.0010909090909090979,-0.004000000000000015
136,136,0.9636363636363636,0.9634284691531396,0.9429469901168015,0.9907906558849955,2.0496227941471465,2.8603038595134693,0.5245070679399559,1.6570303402962956,0.906343701016114,0.14836363636363634,0.07454545454545454,0.044,0.009818181818181814,0.00836363636363634,0.0014545454545454306,0.009090909090909049,0.008363636363636328
137,137,0.9709090909090909,0.9709090909090909,0.9588200059898173,0.9959568733153639,2.38895656569309,3.1550483185017613,0.8442433732852871,0.843966240719092,1.0278462218275675,0.1290909090909091,0.1083636363636364,0.03381818181818186,0.023636363636363643,0.0061818181818182215,0.009090909090909104,0.006909090909090953,0.002909090909090928
138,138,0.9454545454545454,0.9448745807050484,0.9045454545454545,0.9893388429752067,2.934675890159543,2.3347009536531407,0.8308372847423288,0.8260085537378378,1.5435034638242915,0.11599999999999996,0.07527272727272726,0.009818181818181792,0.013818181818181808,0.0036363636363636377,0.006545454545454521,0.010181818181818158,-0.002181818181818207
139,139,0.9745454545454545,0.9746173262032086,0.9664167802514009,0.994850825382402,1.444800139618266,3.0911307267302655,1.2243805092841884,0.42878057924903723,1.3197837666725671,0.1134545454545454,0.08181818181818176,0.03636363636363632,0.016363636363636313,0.01054545454545448,0.0010909090909090534,-0.0003636363636363993,0.0003636363636363105
140,140,0.96,0.9595517039160747,0.9249532551419344,0.9930307666156722,1.9796444402066566,2.4767495986347585,1.33767150059366,1.2590875958540073,0.8953426009299322,0.11818181818181817,0.09490909090909086,0.047999999999999966,0.01745454545454541,0.0010909090909090647,-0.0032727272727273047,0.004363636363636325,-0.002545454545454573
141,141,0.9636363636363636,0.9638975167277055,0.9480855467402554,0.9900827871679889,3.0543214282293043,2.7749745113709836,0.8498442162638495,0.27220033563121515,1.1794525772929314,0.11199999999999999,0.08945454545454544,0.023272727272727257,0.007999999999999974,0.009818181818181804,0.00836363636363634,0.0025454545454545617,0.001454545454545464
142,142,0.9672727272727273,0.9671868680427772,0.9525518341307815,0.9953603015803972,1.9829373242950228,2.945178294255701,1.3890766282491935,1.3678133827147998,0.23033266559351187,0.14036363636363638,0.07781818181818181,0.0330909090909091,0.0007272727272727431,0.002545454545454573,0.002909090909090928,0.005090909090909102,0.0010909090909090979
143,143,0.9636363636363636,0.9634178999295279,0.9414738777386242,0.9931821663857822,2.955224411241562,2.8570830163747303,0.9896672510479112,0.49643751153819093,0.7776793347744176,0.13963636363636361,0.06545454545454545,0.037090909090909084,0.023272727272727268,0.011636363636363611,-0.0036363636363636485,0.0032727272727272718,0.002545454545454551
144,144,0.9527272727272728,0.9543166861157347,0.9546005972377754,0.9893617021276596,1.8555180032252547,2.4295084312313673,1.7118638700024966,1.0393909869644018,1.111842826177981,0.10727272727272733,0.06254545454545457,0.03709090909090912,0.008363636363636384,0.000727272727272732,0.0040000000000000365,0.002909090909090928,0.004727272727272758
145,145,0.96,0.9607276618512575,0.9522222222222222,0.9924444444444445,1.6958776289226405,3.2075009266330863,0.44509821749387524,2.087058109025592,0.37877872537288787,0.12181818181818178,0.05927272727272722,0.031636363636363594,0.006545454545454477,-0.001818181818181841,0.009818181818181781,0.0039999999999999255,0.005090909090909035
146,146,0.96,0.960127936031984,0.9423788829872848,0.9950104619346531,2.5042495040792607,2.887165459120348,1.5543842050493757,-0.11783744349130035,0.9528500323774571,0.10254545454545452,0.08472727272727268,0.01927272727272721,-0.00290909090909095,-0.0007272727272727541,0.0021818181818181624,-0.002909090909090939,-0.0072727272727273196
147,147,0.9636363636363636,0.9638660560796267,0.9511508128118462,0.9942861741509738,2.262370360851818,2.5750549888435907,1.2390658114868915,0.2894439427483663,1.7975548699238235,0.11745454545454545,0.09527272727272727,0.02472727272727271,0.011999999999999966,0.013090909090909052,0.006181818181818155,0.011999999999999978,0.005454545454545434
148,148,0.9563636363636364,0.955783668386408,0.9218178928968694,0.9918957571905291,2.391383430040984,2.808582801589468,1.262937776845261,1.4822834994061747,0.48149831584921554,0.1276363636363637,0.08436363636363642,0.023636363636363678,-0.0021818181818181294,-0.004363636363636292,0.001818181818181852,0.006545454545454588,0.001090909090909109
149,149,0.9709090909090909,0.9709090909090909,0.9426725036481134,0.9968730456535334,1.9910047710283316,2.19051131975649,0.9446114438869313,1.5849154281235414,1.5690360780301849,0.0952727272727273,0.07418181818181821,0.013454545454545486,0.002909090909090939,-0.0010909090909090424,0.0010909090909091313,0.0021818181818181958,2.2204460492503132e-17
150,150,0.9781818181818182,0.9785653996685099,0.9861751152073732,0.9924519307166694,2.622121289127245,2.753055520346024,0.9296218432659901,0.5031521089501244,1.1083509850184912,0.14399999999999996,0.0974545454545454,0.048727272727272716,0.0236363636363636,0.010909090909090879,0.014181818181818151,0.007999999999999962,0.006909090909090887
151,151,0.96,0.961243212881483,0.9677777777777778,0.9910222222222222,2.1764826827160446,2.753007931709238,1.2858089395648213,1.310985194171152,0.6221919636994977,0.1145454545454545,0.08690909090909085,0.023636363636363577,0.009090909090909049,0.006545454545454477,0.009818181818181771,0.004363636363636303,0.0032727272727272384
152,152,0.96,0.9606237539724839,0.9549494455316373,0.9919275929549902,2.5883685826071017,2.57276932844221,1.4996383577455006,0.15585784140296383,1.3525121375628064,0.12109090909090905,0.07272727272727271,0.027636363636363605,0.007999999999999941,-0.0072727272727273196,0.005818181818181767,-0.005090909090909123,0.004363636363636314
153,153,0.9381818181818182,0.9397145859668895,0.9360091023226615,0.9899560577526679,1.5454415344648917,3.026848977240478,1.0428074311408795,0.8860554165748649,1.5433001804126587,0.13127272727272732,0.07418181818181824,0.026545454545454594,0.016727272727272778,-0.00036363636363633266,0.00800000000000003,0.006545454545454588,-0.00290909090909085
154,154,0.9636363636363636,0.964447711617523,0.9706920903954803,0.9936440677966102,2.3634308109300477,3.1407231723669513,1.01537865176564,1.18284899219594,0.3425885946557688,0.1330909090909091,0.08509090909090906,0.024363636363636344,-0.003272727272727294,0.0010909090909090758,0.0058181818181818005,-0.0007272727272727431,0.0007272727272727208
155,155,0.9709090909090909,0.9710674278328307,0.9643980233602875,0.9967056004791854,1.7313060805524978,2.4692599759418856,1.0127756997412813,1.2274871965090741,2.0277772360525157,0.15200000000000005,0.11454545454545458,0.038545454545454584,-0.002545454545454506,-0.002545454545454484,0.0061818181818182215,0.0014545454545454972,0.004000000000000026
156,156,0.9745454545454545,0.9748232890704801,0.9692314425770308,0.9936974789915967,2.440406219226733,2.6968808376454585,1.1840539974231419,0.8822781350240754,0.7324291362664712,0.11854545454545451,0.07418181818181814,0.02763636363636357,0.005818181818181755,0.0069090909090908535,-0.007636363636363686,0.00727272727272722,-0.0061818181818182215
157,157,0.9745454545454545,0.9747558344375232,0.9721338785400575,0.9909889444192034,2.1730303757623113,2.846935512499153,1.1957363341210718,0.9758464600175007,0.6746964372402716,0.12290909090909086,0.1152727272727272,0.03963636363636357,0.012727272727272676,0.003999999999999959,0.0047272727272726685,0.005454545454545412,-0.001090909090909109
158,158,0.9490909090909091,0.9496588526777205,0.9379883560594454,0.9895817373984985,1.5356209309092652,2.8085189263850445,1.6941283428806961,0.5162832312291091,1.581851048736007,0.11127272727272727,0.07381818181818184,0.03490909090909091,0.012727272727272709,0.0025454545454545617,0.014181818181818195,0.006545454545454554,0.008000000000000007
159,159,0.9454545454545454,0.946919547188572,0.9333240014930944,0.9862821948488243,2.391414497552298,2.433931261268253,0.9935050233811341,0.9502978990353138,1.4780698399381937,0.1127272727272727,0.05890909090909089,0.0298181818181818,0.007272727272727231,-0.0043636363636363916,-0.000727272727272732,0.0010909090909090868,-0.006909090909090943
160,160,0.9781818181818182,0.9780291603821016,0.9590909090909091,0.9966115702479339,1.5484288627070737,3.284114480781159,0.8619265380459824,1.0757069299039494,1.0629551654653737,0.12654545454545452,0.12290909090909086,0.04436363636363633,0.021818181818181792,0.006909090909090887,0.00509090909090909,0.010181818181818148,0.010545454545454502
161,161,0.9527272727272728,0.9532299088435036,0.9339858571921352,0.9879268713349432,1.7169207839375873,3.089492506574211,1.217721366554998,1.0693049968763129,0.9248376165984982,0.10181818181818185,0.0803636363636364,0.026909090909090938,0.0021818181818181958,0.01381818181818184,0.001818181818181841,0.0032727272727272826,0.004727272727272758
162,162,0.9563636363636364,0.9557368689444161,0.9181818181818182,0.9934710743801652,2.657522300764277,2.8834495414515535,1.1193613748914693,0.5448800722671674,1.1359186954607141,0.11709090909090913,0.11454545454545459,0.03781818181818188,0.002181818181818229,-0.0047272727272726685,0.0010909090909090979,0.0010909090909091423,-0.00036363636363633266
163,163,0.9745454545454545,0.9744528430371127,0.9555073941866394,0.9955804861465238,2.698710896000244,2.71613651122812,1.031055455724763,0.7665070980883099,0.9195962776058557,0.11999999999999993,0.13672727272727267,0.017818181818181754,0.009818181818181759,0.0025454545454545174,0.0014545454545454085,-4.4408920985006264e-17,-4.4408920985006264e-17
164,164,0.9563636363636364,0.9569586776859504,0.9442461329253782,0.9937106918238994,2.999732931751526,2.752657586150015,0.4142430186097508,0.9028315612013152,1.3445878483985754,0.11818181818181825,0.09890909090909096,0.033454545454545515,0.00909090909090915,-0.00472727272727268,0.0025454545454545617,0.00981818181818187,0.001818181818181852
165,165,0.9454545454545454,0.9462636537016703,0.93385507706976,0.9871285555378992,2.1143605673055763,2.5855984605634803,1.2360750980958004,0.9342747623347722,1.606807666499514,0.11745454545454544,0.06145454545454543,0.025090909090909073,0.0036363636363636485,-0.006545454545454565,-0.00872727272727276,0.006909090909090887,-0.002909090909090928
166,166,0.9709090909090909,0.9707343199436222,0.9520070476482305,0.9960931515244369,1.82667180710607,2.577392237007507,0.5825884428031827,1.4992421373097147,1.4033976515728313,0.13236363636363643,0.10145454545454546,0.02763636363636367,0.016000000000000035,0.005818181818181845,0.006545454545454588,0.012727272727272764,0.008363636363636396
167,167,0.9454545454545454,0.9465952244706862,0.9485645933014355,0.9863708858924171,2.348050831294675,2.0384706860180106,1.2678997963752014,0.7563879306464681,1.5303900549684333,0.12654545454545457,0.0709090909090909,0.028727272727272712,0.007636363636363608,-0.001818181818181852,0.0036363636363636155,0.0036363636363636264,-0.000727272727272732
168,168,0.9454545454545454,0.9456290036799783,0.9202478673748591,0.988813777563174,2.380574922272011,3.038617273835376,0.25590960336201485,0.7610398265956613,1.4136955687573267,0.12036363636363634,0.11963636363636362,0.031636363636363615,0.023636363636363632,0.014545454545454528,-0.0036363636363636485,0.006909090909090876,-0.003272727272727294
169,169,0.9781818181818182,0.9783385100366232,0.97180062090376,0.9972404277337013,2.5426137392034605,2.563344264005054,0.9765968752385945,0.8723641355950739,0.7844449809185576,0.11599999999999996,0.07818181818181814,0.0527272727272727,0.01599999999999998,0.0018181818181818188,0.003999999999999981,0.009090909090909049,0.0
170,170,0.9781818181818182,0.9780166157372039,0.9570541566057261,0.9961193515005174,2.7101320349760245,2.5325499719955284,1.2542201270286217,0.8347684084273445,0.6714979659842206,0.11709090909090906,0.09854545454545452,0.03745454545454543,0.010545454545454514,0.0014545454545454417,0.006909090909090887,0.006545454545454532,0.006909090909090876
171,171,0.9636363636363636,0.9643430929283175,0.9633819339701692,0.9906150494385789,2.371170722862292,2.345014879796184,1.2272113827962894,1.6417715603020515,1.0477808701019253,0.12727272727272726,0.0829090909090909,0.03599999999999999,0.0032727272727272718,-0.002909090909090928,0.0025454545454545396,0.0032727272727272605,1.1102230246251566e-17
172,172,0.9709090909090909,0.9712417220822491,0.9693798449612403,0.9967441860465116,3.0248510981235377,2.551167252406949,0.6950542859414502,0.9377651596925594,1.0079823941225559,0.1338181818181819,0.09054545454545457,0.03090909090909093,0.00800000000000004,-0.002909090909090861,0.0032727272727273047,0.001818181818181841,0.0014545454545454861
173,173,0.9709090909090909,0.9709090909090909,0.9563006515175592,0.9929286508819324,2.7707385725587814,2.7193547023198126,1.130054632269964,0.7050593171184347,0.8939935417322509,0.11672727272727276,0.10763636363636367,0.03963636363636367,0.0112727272727273,0.005090909090909113,0.002545454545454573,0.016000000000000025,0.001818181818181841
174,174,0.9636363636363636,0.9640322059457131,0.9593745267302741,0.9944722096016962,2.5384071379873245,2.988039168479583,0.5997076901030526,0.5252798920398816,1.7293764000173841,0.13236363636363638,0.10618181818181816,0.024363636363636355,0.008727272727272717,-0.000363636363636366,0.0018181818181818299,0.00509090909090909,0.000363636363636366
175,175,0.9672727272727273,0.9676207061224253,0.9577009313556399,0.9962918247671612,2.4524372316649177,2.903598399003753,0.37922476595293897,1.6136192021018039,0.6748297164843208,0.13236363636363638,0.07090909090909091,0.021090909090909115,-0.006181818181818155,-0.0032727272727272605,-0.0036363636363636155,-0.0010909090909090868,0.000363636363636366
176,176,0.96,0.9605933460478915,0.9557047513109804,0.9914190370252662,2.3098437445182665,2.2813285387802162,0.9692197109949455,0.33246121553728575,2.4480089536476015,0.11418181818181812,0.09381818181818177,0.026545454545454518,0.007999999999999952,0.003636363636363582,0.00036363636363633266,-0.002181818181818229,-0.001818181818181841
177,177,0.9636363636363636,0.9639044811690552,0.947391456582633,0.9930847338935573,1.7339864942748422,2.442939532554543,0.9335808898902107,1.8851822395066111,1.06275545040754,0.10727272727272727,0.09999999999999998,0.018909090909090886,0.006909090909090876,0.006181818181818155,0.003999999999999992,0.009090909090909061,0.005818181818181778
178,178,0.9490909090909091,0.9508264462809918,0.9533333333333334,0.9932444444444444,1.7718273658242834,2.882156785171161,1.4200663910544913,0.7458981611653985,1.1565272642110322,0.10545454545454547,0.06181818181818183,0.020000000000000007,0.01018181818181817,0.0032727272727272826,-0.005818181818181845,0.006909090909090898,-0.000727272727272732
179,179,0.9636363636363636,0.9645839446295114,0.9595028067361668,0.9917802726543704,2.18426740624147,2.532341591348957,1.7059025451080632,-0.3192509373386942,2.08031161097654,0.10545454545454543,0.0687272727272727,0.041818181818181824,0.017454545454545434,0.014545454545454528,0.021090909090909094,0.006909090909090876,0.012727272727272698
180,180,0.9709090909090909,0.9715041322314049,0.9746895481200414,0.9943083822007588,1.5969983331417454,2.519291637597762,1.2063974853824202,1.5712698539681706,1.2669361269548147,0.10800000000000005,0.08181818181818187,0.028727272727272758,0.013454545454545486,0.0007272727272727431,0.005090909090909113,0.006545454545454588,-0.004363636363636314
181,181,0.9709090909090909,0.9715525729875505,0.97430919270363,0.9956655228463067,2.2449370191193077,2.9318081616799114,0.644270168013466,1.2221466886286294,0.9525044522579037,0.10290909090909098,0.11490909090909093,0.025454545454545497,0.009090909090909139,0.0043636363636363916,0.001454545454545464,0.0123636363636364,0.003636363636363671
182,182,0.9672727272727273,0.9676117853313136,0.9581845996940337,0.9911609722930478,2.6681600878313643,2.4892750522583733,0.9116076164778885,0.2132136782037702,1.6779831161273993,0.11854545454545455,0.07781818181818184,0.04654545454545457,0.015636363636363636,0.012363636363636365,0.03600000000000002,0.012,0.00436363636363638
183,183,0.9745454545454545,0.9748024603605471,0.9701692642869113,0.9945533769063181,2.479942680099963,2.374212553500192,0.9257941394256824,1.019583549706994,1.3277441146445155,0.11927272727272724,0.10327272727272722,0.034909090909090855,0.007636363636363585,0.008727272727272672,0.010545454545454492,0.0032727272727272163,0.011636363636363566
184,184,0.9490909090909091,0.9505923672739817,0.9445209251101321,0.9868759177679882,1.9801232194573108,2.5416935198758397,0.6573787280741438,1.6981566096587963,1.207628539081448,0.11709090909090909,0.07345454545454547,0.02327272727272729,0.008363636363636361,-0.001454545454545464,-0.004000000000000026,0.010909090909090913,0.0014545454545454417
185,185,0.9563636363636364,0.9568160069595476,0.949792654028436,0.9897067535545023,1.561871465638372,3.0666402105058106,1.1960042859848548,2.0820306909200945,0.19319488204817606,0.14690909090909096,0.07745454545454551,0.03709090909090914,0.009454545454545504,0.007272727272727308,0.002545454545454573,0.017090909090909146,0.009454545454545516
186,186,0.9636363636363636,0.9638719400670148,0.9505870841487281,0.9931506849315069,1.3486988110914284,3.1022252236595578,1.234703144539159,1.1774010482206607,1.0396015724617227,0.11963636363636362,0.08545454545454544,0.014909090909090882,0.010909090909090879,-0.002181818181818218,0.0025454545454545396,0.009818181818181781,0.0018181818181817965
187,187,0.9672727272727273,0.9664861135069862,0.9178743961352658,0.9926570048309178,2.06782066757705,2.521513511073649,1.2546349215304708,1.4465876542675078,0.6454346244903465,0.11163636363636367,0.06690909090909093,0.030181818181818188,0.00872727272727274,0.0018181818181818299,-0.0036363636363636264,0.007636363636363663,0.0010909090909090868
188,188,0.9709090909090909,0.9706287015362575,0.9528445180889258,0.9967550400441867,1.4812225105020485,3.2922413555311882,1.0901906683864173,1.535281316679966,0.7958194067954455,0.15345454545454545,0.07709090909090913,0.0312727272727273,0.006909090909090943,0.005090909090909123,-0.0007272727272726986,0.004727272727272769,5.551115123125783e-17
189,189,0.9854545454545455,0.9854545454545455,0.9772727272727273,0.9988429752066116,2.7142835087861625,2.544521331888649,0.28611199979815455,1.3625541465410356,1.0622667702003457,0.15600000000000006,0.1021818181818182,0.04400000000000002,0.0112727272727273,0.006545454545454588,0.0036363636363636598,0.014545454545454561,0.005090909090909102
190,190,0.9527272727272728,0.9525904616508375,0.9294638800545207,0.9922005149174618,2.3599208135017227,2.950037378998581,0.7639511879431725,0.9724689000698296,1.093517945768143,0.12872727272727275,0.09200000000000003,0.022545454545454556,0.0043636363636363916,0.0021818181818181958,-0.0014545454545454527,0.0072727272727273196,0.0036363636363636598
191,191,0.9745454545454545,0.9739457743102391,0.9406779661016949,0.9987445072190835,2.8162975660938407,1.6225713636363923,0.7186408520347731,0.8763083580016,2.076916750813574,0.13381818181818178,0.08399999999999994,0.029090909090909046,0.03090909090909085,0.005818181818181755,0.004363636363636314,0.0018181818181817633,0.005090909090909046
192,192,0.9636363636363636,0.9646113306982873,0.9590230942162272,0.9914163090128756,1.970436822038241,2.912981536318422,1.2088805324717735,0.9636516104487352,1.1060753395193565,0.11090909090909089,0.06509090909090907,0.028363636363636348,0.008363636363636306,0.009454545454545415,-0.0021818181818181958,0.0032727272727272718,-0.0043636363636363916
193,193,0.9672727272727273,0.9676117853313136,0.9581845996940337,0.9926058133605303,2.375466350127871,2.2627564967884943,1.6511383331086258,0.39394717746336977,1.0916443160521783,0.11963636363636362,0.08072727272727276,0.013090909090909087,0.009454545454545448,-0.0014545454545454417,0.000363636363636366,0.0018181818181818299,-0.000727272727272732
194,194,0.9490909090909091,0.9504793388429752,0.9460346638655461,0.9891456582633054,1.4177991200065219,3.0854939459859234,1.0497639430538412,1.3965596337091177,0.9590370208973955,0.09709090909090909,0.07163636363636364,0.03927272727272729,0.000727272727272732,-0.0029090909090909167,0.001454545454545464,-0.005090909090909102,-0.0018181818181818299
195,195,0.9563636363636364,0.9563636363636364,0.9266666666666667,0.9923555555555555,2.7971422529091883,2.503263171900984,0.6104916526182381,0.6174707604495488,1.9362777365497128,0.10436363636363641,0.05927272727272731,0.020363636363636417,0.00290909090909095,0.0003636363636363993,0.017090909090909157,-0.00363636363636356,-0.0007272727272726653
196,196,0.9672727272727273,0.967372270148304,0.9545276208411801,0.9964689265536724,2.2020317765503004,3.4210318030047357,1.2030353386677322,0.8012725348436767,0.45707255940932584,0.11890909090909092,0.055272727272727286,0.025454545454545462,0.007272727272727275,0.001090909090909109,0.0018181818181818299,0.0061818181818182,0.002909090909090928
197,197,0.9709090909090909,0.9715041322314049,0.9746895481200414,0.9949982752673335,2.155930751442438,2.8280486921595642,0.8906686221102056,0.9302863657943797,1.1877174381373519,0.13309090909090915,0.06909090909090913,0.04109090909090912,0.0032727272727273047,0.0065454545454545765,0.001454545454545475,0.002909090909090928,-0.002545454545454506
198,198,0.9490909090909091,0.949822137746666,0.9308911064425771,0.9923844537815125,2.3633048901500264,2.2955662087599595,0.8299032146853909,1.1891219104253463,1.2807062032858365,0.0970909090909091,0.07418181818181817,0.03418181818181819,0.00690909090909092,-0.004000000000000026,-0.00436363636363638,0.002909090909090928,-0.0029090909090909167
199,199,0.9636363636363636,0.9636363636363636,0.9439416177429876,0.9902968036529681,2.2671232892277864,2.11018449468584,1.5857115852245,1.0528906662121007,1.545338728697677,0.11781818181818182,0.08581818181818181,0.03418181818181818,0.007999999999999985,0.000727272727272732,0.007999999999999997,0.003999999999999992,0.010181818181818148
200,200,0.9490909090909091,0.9488138194743645,0.9241758241758242,0.9906227106227107,2.610980971154824,3.1011090587237775,0.636969928476042,0.7310507817979217,1.3045455703117055,0.11563636363636362,0.096,0.024727272727272754,0.0025454545454545396,0.0021818181818181958,0.0025454545454545617,0.000727272727272732,0.000727272727272732
201,201,0.9709090909090909,0.9706828282828284,0.9442839635854342,0.99781162464986,1.7922502401426335,2.4945393136715333,0.7621923707344761,0.9289185319607803,1.7319695924782474,0.09963636363636366,0.08436363636363639,0.012363636363636377,0.00872727272727276,-0.0003636363636362994,-0.002909090909090861,0.009454545454545483,0.001818181818181841
202,202,0.9636363636363636,0.9638548273431994,0.9522128060263653,0.9927809165097301,2.551879879063416,2.6165086251478873,0.6374201411088379,0.8943547511592453,1.5964894662290883,0.12072727272727271,0.09345454545454543,0.02290909090909088,0.014909090909090894,-1.1102230246251566e-17,-0.002181818181818207,0.0029090909090909054,-0.0018181818181818299
203,203,0.9527272727272728,0.9538409645926729,0.9487323214901691,0.9922387030010349,2.029552072185398,2.528639203990762,1.254439537475886,0.9593756602800276,1.3171946680988031,0.1272727272727273,0.08254545454545456,0.04400000000000004,0.007636363636363663,-0.004727272727272691,0.004000000000000026,0.004000000000000026,1.1102230246251566e-17
204,204,0.9490909090909091,0.9493679987074537,0.9335130278526504,0.9897424378556454,1.8328289611737978,2.367259447209203,1.2718146916223974,1.3340558758770003,1.6805541866936573,0.11236363636363636,0.06218181818181817,0.022545454545454556,0.00436363636363637,0.0010909090909090868,-0.0032727272727272718,0.005454545454545467,0.004000000000000026
205,205,0.9527272727272728,0.9532045692410156,0.9356041561923916,0.9882688117982236,1.9743340038336659,3.092231583150499,1.143653436202342,1.396061710719427,0.7656768042236348,0.12072727272727275,0.07309090909090911,0.013818181818181851,0.007636363636363663,0.0025454545454545617,0.003272727272727294,0.0036363636363636598,-0.0003636363636363549
206,206,0.9781818181818182,0.9783385100366232,0.97180062090376,0.9957744049672301,3.0397753826898035,2.8086971904236293,1.0577117458938514,1.3419227382265446,-0.12097618612106383,0.15090909090909088,0.07272727272727271,0.031636363636363594,0.009454545454545405,-0.000727272727272732,0.0036363636363636377,0.010909090909090868,-0.0018181818181818299
207,207,0.9563636363636364,0.9563636363636364,0.9352636534839924,0.9889359698681732,2.6061037501710973,2.7740308303277823,0.796288144690582,1.2231979484987088,0.6695559487436312,0.13563636363636372,0.06400000000000003,0.04218181818181825,0.007636363636363686,0.001818181818181852,3.3306690738754695e-17,0.0061818181818182215,0.003272727272727294
208,208,0.9527272727272728,0.9531277005347594,0.9403248046575763,0.9891221081660794,2.056730470157473,3.1932365153539592,1.4105228831501522,1.2730558988049618,0.3131424599028055,0.1363636363636364,0.10218181818181823,0.03781818181818186,0.013818181818181851,0.004727272727272747,0.001454545454545464,0.007272727272727297,0.00981818181818187
209,209,0.9527272727272728,0.9536102801653072,0.9392721690446091,0.9924146649810366,1.4284601467910814,3.287635048682185,0.9897363954742067,0.8609960238232764,1.2509761700405606,0.12400000000000004,0.0832727272727273,0.042545454545454595,0.019636363636363664,0.007272727272727287,0.0036363636363636598,0.012000000000000021,2.2204460492503132e-17
210,210,0.9745454545454545,0.9748232890704801,0.9692314425770308,0.9919467787114846,2.685923601731827,2.4800585881537875,1.545547552927677,0.7767938931067334,0.68701919146833,0.12363636363636359,0.07199999999999997,0.034181818181818126,0.009454545454545393,-0.0040000000000000365,0.002181818181818118,0.004363636363636303,0.002909090909090861
211,211,0.9490909090909091,0.950739944105468,0.9538634011728182,0.9884442911348741,1.8467083750696722,3.272411064026584,0.6234846374978527,1.7242968999412678,0.8665066032811127,0.12690909090909092,0.1021818181818182,0.020363636363636372,0.007272727272727297,-0.00690909090909092,-1.1102230246251566e-17,0.005454545454545467,-0.002181818181818185
212,212,0.9745454545454545,0.9748384548922598,0.9685298898320389,0.99349828426946,1.9411955782594754,2.9290785811778908,0.14504516506757353,1.8353830338482713,1.4141472763956382,0.12909090909090906,0.07090909090909085,0.04181818181818177,0.010545454545454502,0.010909090909090858,0.0072727272727272085,0.01672727272727268,-2.2204460492503132e-17
213,213,0.9745454545454545,0.9746575864222924,0.9579710144927536,0.995072463768116,2.7107828427841913,2.124542947638238,0.9833351679752086,1.4407487390562863,1.2639617681404913,0.11854545454545451,0.09199999999999994,0.03563636363636356,0.005090909090909035,0.0014545454545454085,0.008363636363636318,0.0032727272727272492,0.00727272727272722
214,214,0.96,0.9601024143091542,0.9477671451355661,0.9920980136291142,1.9933877981724095,1.9730953732501582,1.0280716657533062,1.7875933845694296,1.1854234678855526,0.13672727272727267,0.12436363636363632,0.026909090909090883,0.005090909090909046,-0.0007272727272727653,-0.002545454545454573,0.009454545454545405,-0.0003636363636363993
215,215,0.9490909090909091,0.9496059910239015,0.9401098901098901,0.9904029304029305,1.7016150451050367,3.4402412464056615,0.5258980698501613,0.9530290984653706,1.3451884043252447,0.1141818181818182,0.06618181818181819,0.030181818181818188,0.015636363636363636,0.010181818181818203,0.007636363636363641,0.005818181818181845,0.002545454545454551
216,216,0.9636363636363636,0.9636363636363636,0.9407123145912384,0.9947395653673681,1.850435953887138,3.203752425532982,0.7150797646891764,1.3468344164849562,1.234701330509681,0.11672727272727272,0.0778181818181818,0.04109090909090908,0.004363636363636359,0.0003636363636363549,0.0010909090909090868,0.0018181818181818188,-0.0007272727272727431
217,217,0.9709090909090909,0.9713869977306101,0.9651604328839947,0.9933548509588,1.4083635227690252,2.6248403934595848,1.085251607998764,1.0014996332597434,1.7348394516867125,0.11381818181818186,0.07018181818181822,0.028727272727272747,0.010181818181818226,0.00545454545454549,0.009090909090909127,0.002909090909090939,0.005090909090909123
218,218,0.9781818181818182,0.9780166157372039,0.9570541566057261,0.9955156950672646,1.4065514536325052,3.339134163576534,1.2535255819956765,1.5859434218218502,0.7677949821855207,0.12109090909090905,0.09672727272727269,0.041454545454545424,0.007999999999999952,0.0036363636363636264,0.005454545454545434,0.007636363636363608,0.005454545454545445
219,219,0.9636363636363636,0.9638975167277055,0.9480855467402554,0.9934460158675406,1.7392661760991122,2.9196764321429067,0.7981840573483727,0.9348860406536778,1.2754107757070667,0.12909090909090906,0.046545454545454557,0.03345454545454544,0.002545454545454551,-0.002909090909090928,0.005818181818181811,0.008727272727272684,-0.007999999999999997
220,220,0.9454545454545454,0.9442019473813079,0.8990310077519379,0.9890697674418605,2.153363559956727,1.594266330835903,0.53215417830656,1.737159925274245,1.885877804153848,0.11090909090909089,0.07781818181818181,0.04145454545454545,0.005090909090909079,0.0014545454545454195,-0.002545454545454573,0.009090909090909084,-0.0029090909090909167
221,221,0.9454545454545454,0.9464321365873808,0.9423105720275531,0.9911650194669062,1.9403945406829761,3.2492753965698373,0.5888412637896903,0.6965120855919048,1.7627847790479492,0.11709090909090909,0.08945454545454544,0.041818181818181796,0.011999999999999978,0.014545454545454528,0.011636363636363622,0.011636363636363611,0.004363636363636347
222,222,0.9818181818181818,0.9819684531696593,0.9825458125094654,0.9951537180069665,2.855904484195877,3.1913138569205937,0.8022097779090462,1.2362581615312103,-0.43353985745508,0.15309090909090908,0.07927272727272729,0.037818181818181806,0.00436363636363637,-0.0014545454545454527,0.00436363636363638,0.007999999999999997,-0.0007272727272727208
223,223,0.96,0.961165991902834,0.9577922077922079,0.993801652892562,1.8569967171534056,2.792535960627927,1.0460952553961007,1.3910226110823267,1.1226635671617424,0.09781818181818179,0.07272727272727268,0.03236363636363633,0.004363636363636314,0.0014545454545454195,-0.0010909090909091202,0.00727272727272722,-2.2204460492503132e-17
224,224,0.9745454545454545,0.9746106272876436,0.9677033492822966,0.9958677685950413,1.8354468474603023,2.415426013774409,0.9130335373465363,0.7466865729176804,2.1584838922531437,0.12290909090909086,0.10145454545454542,0.03309090909090904,0.013454545454545396,0.0072727272727272085,0.012363636363636321,-0.0014545454545454972,-3.3306690738754695e-17
225,225,0.96,0.9603649905437813,0.9493882091212458,0.9931670109645637,1.9828585559672407,2.6607796538898723,0.8483987639238842,1.1881087093147487,1.3724042677821304,0.1316363636363636,0.08654545454545451,0.031272727272727244,0.003636363636363593,0.0029090909090908725,0.007999999999999952,0.005090909090909046,0.0003636363636363105
226,226,0.9672727272727273,0.9673828726220526,0.9522727272727273,0.9916528925619835,1.6436166880639085,2.8794721991586485,1.0932107978786225,1.3153583324747646,1.4015746988740736,0.10363636363636364,0.06400000000000002,0.027636363636363646,0.016727272727272747,0.0065454545454545765,0.005818181818181856,0.006909090909090943,0.0007272727272727431
227,227,0.96,0.9605788160926105,0.9560577526679221,0.9865819209039548,2.4161301393088106,2.6570893674037372,0.9343160903317296,1.5535403754707693,0.3757198209183184,0.11636363636363634,0.0985454545454545,0.028727272727272678,0.010909090909090868,0.00036363636363632155,0.0003636363636363438,0.0036363636363636043,0.005454545454545401
228,228,0.9527272727272728,0.9528710568808835,0.9329488386691777,0.9927024482109228,1.8903963869259557,2.9044875947666187,0.4474439792907171,1.802268879077103,1.251973751983133,0.12872727272727275,0.09418181818181823,0.02072727272727275,0.000727272727272732,-0.0072727272727272415,0.0010909090909090979,-0.0010909090909090868,-0.002181818181818185
229,229,0.9527272727272728,0.9526251321643027,0.9377773295683743,0.9885034288019362,2.0336602951103546,3.1927991089723604,0.89845282435939,1.6549308379173757,-0.19811042841728774,0.14872727272727276,0.08072727272727274,0.028000000000000046,0.00036363636363637706,0.0021818181818181958,-0.005454545454545457,0.00436363636363638,-0.007999999999999974
230,230,0.9636363636363636,0.963220574669916,0.9382034952606635,0.9955568720379147,2.7869175426614885,2.9231289563172114,1.0879773197012073,0.5614084691173884,0.7574012159159026,0.12618181818181817,0.09490909090909089,0.02654545454545454,0.004727272727272702,-0.008363636363636361,0.0010909090909090868,0.006909090909090898,0.0032727272727272384
231,231,0.9309090909090909,0.9311476873206885,0.8940422322775264,0.9817328640858052,1.5180262747391247,2.438522976445938,1.7361673479445685,1.512112225187257,0.6776764254719492,0.08545454545454546,0.04472727272727273,0.025090909090909098,-0.0010909090909090979,0.0021818181818181958,-0.001454545454545464,-0.0025454545454545617,0.000363636363636366
232,232,0.9781818181818182,0.9781818181818182,0.9684004902711812,0.996629385628926,2.5403187281306825,2.7359044618977815,1.0149722510108914,1.3455029788460207,0.3116142048159405,0.12363636363636363,0.09127272727272724,0.03199999999999999,0.014545454545454528,0.0036363636363636155,0.0010909090909090979,0.009090909090909061,0.0036363636363636264
233,233,0.9418181818181818,0.9421125143513204,0.9254385964912281,0.988835725677831,1.5875598411101202,2.6829868939313397,1.3943640943315698,1.075978423525336,1.374482187147279,0.1276363636363636,0.0825454545454545,0.04327272727272723,0.018181818181818143,-0.010909090909090969,-0.0014545454545454972,0.008727272727272672,0.0007272727272726875
234,234,0.9345454545454546,0.9362853584771392,0.9227750948602966,0.9825802000689893,1.89148582057015,2.4992955696536328,1.6834890123525426,1.513178312375876,0.6345570272775881,0.09490909090909092,0.053818181818181834,0.036363636363636376,0.0021818181818181958,0.0025454545454545617,-0.000363636363636366,0.007636363636363663,0.0040000000000000365
235,235,0.9636363636363636,0.9630856888209829,0.9272055073941867,0.9968553459119497,2.9870939542410557,2.7213971811090407,0.7275864450551421,0.12718491677588237,1.9389781392398242,0.10763636363636361,0.10181818181818184,0.02218181818181817,0.019272727272727264,-0.0021818181818181958,-0.0007272727272727541,0.0010909090909090868,-0.0010909090909090979
236,236,0.9709090909090909,0.9713869977306101,0.9651604328839947,0.9974368710841086,1.480296660216381,2.4895922381948794,1.5249025701064338,1.0908388421738302,1.06429796641648,0.10109090909090912,0.05963636363636369,0.014545454545454561,-0.0010909090909090424,-0.006181818181818133,-0.0014545454545454195,-0.003999999999999948,2.2204460492503132e-17
237,237,0.9418181818181818,0.9418181818181818,0.9114759375502978,0.9842266215998713,2.1930913098818823,3.264070386941824,1.0381347661733096,1.082977674861223,0.7793235923474007,0.12618181818181817,0.06472727272727266,0.03527272727272725,-0.005818181818181856,-0.005818181818181856,0.003999999999999959,0.0007272727272726765,-0.0003636363636363993
238,238,0.9745454545454545,0.9746431213277231,0.961111111111111,0.9940444444444444,1.6262328324060134,3.0181351236135914,1.1821989229127756,1.8276132706008896,0.35888630063021415,0.11381818181818178,0.07709090909090903,0.03818181818181813,0.010909090909090858,0.0047272727272726685,0.0032727272727272163,0.012363636363636321,0.004363636363636314
239,239,0.9636363636363636,0.9642175776183362,0.9527342291899963,0.9917879805897722,2.153965219038413,2.807062744151786,0.8197603016584069,1.560238274568772,0.9225491432151417,0.1229090909090909,0.07599999999999998,0.034545454545454525,0.005454545454545445,0.0032727272727272492,0.0018181818181818188,0.0076363636363635965,0.0021818181818181624
240,240,0.9672727272727273,0.9675568733545542,0.961046511627907,0.9948062015503876,1.7551678205278538,2.5167335407289264,1.1310286088367356,2.0219320992453502,0.551965706928119,0.13781818181818184,0.08400000000000002,0.04145454545454548,0.00618181818181821,0.0029090909090909167,0.009818181818181804,0.008727272727272728,0.013090909090909087
241,241,0.9527272727272728,0.9538434427166232,0.9579056227976099,0.9914202543281753,1.6725915223455414,3.5487110959792343,0.48649424792979334,1.226364927993332,1.2606153628443324,0.1352727272727273,0.10654545454545458,0.024363636363636386,0.005454545454545478,0.00872727272727276,0.005090909090909113,0.00436363636363638,-0.0018181818181818078
242,242,0.9563636363636364,0.9566257928118393,0.9414234149403641,0.9946641556811049,1.8823800185907344,3.0380612657650627,0.8454654291880791,0.8604954823066377,1.4207338067278565,0.1225454545454546,0.0825454545454546,0.03636363636363642,0.005818181818181878,0.0003636363636363993,0.0007272727272727653,0.006545454545454599,0.0014545454545454861
243,243,0.9636363636363636,0.9638719400670148,0.9505870841487281,0.9953522504892367,2.0578789671248576,2.780506591786764,1.043740899879555,0.8363160888765765,1.2278172375861798,0.09854545454545453,0.08145454545454543,0.034545454545454525,0.010545454545454502,-0.003272727272727294,-0.007272727272727297,0.006181818181818166,0.000363636363636366
244,244,0.9527272727272728,0.9531085254578597,0.9414495357891584,0.9859239293201557,2.1501788095230916,2.7416106035927914,1.6589140961584212,0.37849833975834085,0.9922052004100438,0.12290909090909094,0.06945454545454548,0.028363636363636414,0.011272727272727313,-0.0029090909090909167,0.0061818181818181885,0.001454545454545464,-0.0032727272727272718
245,245,0.9672727272727273,0.9675713558994574,0.9603130462418561,0.9938026378515811,1.802771033203578,2.7266076202389686,1.3603750343134133,0.9382367404830484,0.9608722952347456,0.11600000000000003,0.08763636363636365,0.030545454545454563,0.03163636363636363,0.006181818181818177,0.0032727272727272605,0.011636363636363644,0.011636363636363622
246,246,0.9636363636363636,0.9633535353535353,0.9322478991596639,0.9948354341736695,2.1660187821402115,2.8782754362713803,0.6007010637980843,1.2085008201292444,1.5858966020963192,0.12000000000000002,0.07236363636363634,0.030181818181818164,0.011636363636363601,-0.006909090909090953,-0.005454545454545467,0.005090909090909068,-0.0025454545454545617
247,247,0.9563636363636364,0.9563636363636364,0.936046511627907,0.9906976744186047,2.901269877920044,2.213481914721587,0.8273856166393528,0.6286428688394433,1.5424514357527275,0.1494545454545455,0.08000000000000004,0.02872727272727279,0.0010909090909091202,0.0032727272727273047,-0.009454545454545415,0.003636363636363671,-0.0021818181818181294
248,248,0.9709090909090909,0.971305785123967,0.9676185619581846,0.9959204487506375,2.4801983749506804,2.1823325308045276,0.5630874302283668,1.31414341867244,1.6054821728780249,0.1225454545454546,0.08618181818181819,0.03563636363636369,0.012000000000000033,0.0032727272727273047,-0.0014545454545453972,0.008727272727272783,0.004727272727272747
249,249,0.9636363636363636,0.9641075164976661,0.9568181818181818,0.9865289256198347,2.7067887868918534,2.3972647557242213,1.1148242105692336,0.8434093316157814,1.1183941076870894,0.11672727272727271,0.10545454545454544,0.05454545454545453,0.023999999999999976,0.004363636363636359,0.005090909090909079,0.009454545454545427,0.000363636363636366
