,random_seed,accuracy,f1,balanced_acc,auc,feature_importance.right_CO2_vd_scaled,feature_importance.right_CO2_vd_fd1_scaled,feature_importance.right_CO2_vd_fd2_scaled,feature_importance.right_CO2_vd_fd3_scaled,feature_importance.rightlow_CO2_scaled,feature_importance.rightlow_CO2_fd1_scaled,feature_importance.rightlow_CO2_fd2_scaled,feature_importance.rightlow_CO2_fd3_scaled,feature_importance.righttop_CO2_scaled,feature_importance.righttop_CO2_fd1_scaled,feature_importance.righttop_CO2_fd2_scaled,feature_importance.righttop_CO2_fd3_scaled
0,0,0.8619246861924686,0.8374384236453202,0.8735211475894706,0.9299763383614315,-0.0016736401673640433,0.002510460251046176,0.0008368200836821327,0.002510460251046176,0.001255230125523199,0.009623430962343194,1.1102230246251565e-16,0.004184100418410108,-0.002510460251045843,0.004184100418410108,0.0071129707112971285,0.001255230125523199
1,1,0.899581589958159,0.8762886597938144,0.9041333924874297,0.9727151730257321,0.002510460251046176,-0.005020920502092019,-0.0004184100418408443,0.022175732217573074,0.06443514644351467,0.040167364016736484,0.0167364016736401,0.0167364016736401,0.1384937238493722,0.04476987447698744,0.07907949790794966,0.014644351464435101
2,2,0.9288702928870293,0.914572864321608,0.9401434486838214,0.9730848861283644,0.00041841004184073327,0.019246861924686276,0.020920502092050097,0.02301255230125543,0.18451882845188283,0.07280334728033477,0.03138075313807531,0.030543933054393402,0.08828451882845179,0.09205020920502094,0.08870292887029274,0.0008368200836819106
3,3,0.8828451882845189,0.8679245283018868,0.9047619047619048,0.9572611653356995,0.00711297071129724,0.03347280334728031,-0.00502092050209213,0.011297071129707237,0.2648535564853557,0.10041841004184104,0.08912133891213392,0.023012552301255318,0.22301255230125527,0.11966527196652732,0.05523012552301254,0.03138075313807531
4,4,0.9163179916317992,0.900990099009901,0.9299393670511682,0.9665039929015085,0.002510460251046176,0.03933054393305446,0.02175732217573234,0.019665271966527342,0.11297071129707104,0.07112970711297062,0.0548117154811717,0.00794979079497915,0.2405857740585775,0.07196652719665286,0.03765690376569031,0.01882845188284532
5,5,0.9288702928870293,0.914572864321608,0.9401434486838214,0.9719018041999409,0.0029288702928869093,0.02887029288702947,0.01841004184100392,0.015481171548117123,-0.0004184100418412884,0.06359832635983265,0.015481171548117123,0.015062761506276057,0.22343096234309612,0.12761506276150625,0.012552301255230103,0.01171548117154797
6,6,0.895397489539749,0.8792270531400966,0.9129325643300799,0.9616237799467613,-0.0020920502092048876,0.00794979079497915,0.009205020920502127,0.01171548117154797,0.10585774058577413,0.03640167364016733,0.05732217573221765,0.0029288702928871313,0.11171548117154817,0.03933054393305446,0.08451882845188274,0.0029288702928871313
7,7,0.891213389121339,0.875,0.9095312037858622,0.9674652469683526,-0.0008368200836819106,0.008368200836820106,0.01004184100418426,0.011297071129707126,0.034309623430962444,0.048117154811715634,-0.0033472803347278646,0.013389121338912346,0.3581589958158996,0.08493723849372381,0.07489539748953977,0.008368200836820106
8,8,0.895397489539749,0.8743718592964824,0.9047988760721679,0.9659124519372967,-0.001255230125522866,0.0016736401673641543,0.015062761506276168,0.005857740585774152,0.02468619246861925,0.08117154811715477,0.04560669456066946,0.06945606694560658,0.2606694560669456,0.1238493723849372,0.10836820083681997,0.041004184100418506
9,9,0.899581589958159,0.8762886597938144,0.9041333924874297,0.9630286897367641,-0.0058577405857740406,0.04225941422594148,0.008786610878661172,0.01171548117154797,0.00502092050209213,0.09205020920502094,0.06694560669456062,0.05397489539748945,0.31548117154811717,0.0451882845188285,0.08953974895397476,0.010460251046025104
10,10,0.9163179916317992,0.8969072164948454,0.9218056787932565,0.9741940254362614,0.02468619246861936,0.01506276150627639,0.01882845188284532,0.025941422594142338,0.38075313807531386,0.17071129707112964,0.08451882845188285,-2.220446049250313e-16,0.3518828451882845,0.12677824267782423,0.1322175732217572,0.07866108786610881
11,11,0.8493723849372385,0.8144329896907216,0.8511165335699498,0.9270925761608991,-0.005020920502091908,-0.001255230125522977,-0.002510460251045954,-0.003765690376568931,-0.008368200836819994,0.004184100418409997,0.0008368200836820217,-0.0016736401673639323,-0.007531380753137973,0.006276150627615218,0.0058577405857740406,-0.002510460251045954
12,12,0.8619246861924686,0.847926267281106,0.8877551020408163,0.9475007394262052,-0.00041841004184106634,0.030125523012552335,-0.006276150627614996,0.019246861924686165,0.14518828451882848,0.09958158995815902,0.06652719665271978,0.012133891213389147,0.20041841004184102,0.08158995815899595,0.013389121338912124,0.019246861924686276
13,13,0.8744769874476988,0.8529411764705882,0.8877920733510796,0.9643596569062407,-0.0020920502092048876,-0.007949790794978928,-0.014225941422594035,0.008368200836820106,0.06778242677824253,0.048953974895397434,0.02677824267782425,0.011715481171548303,0.13389121338912136,0.05313807531380754,0.011715481171548081,0.05230125523012563
14,14,0.8577405857740585,0.8172043010752689,0.8518189884649512,0.9396628216503993,-0.0046025104602509526,0.0008368200836820217,0.00041841004184106634,0.0016736401673640433,-0.011715481171548081,0.019246861924686165,0.01589958158995819,0.009205020920502016,-0.009205020920502127,0.015481171548117012,0.011715481171548081,0.002510460251046065
15,15,0.899581589958159,0.8787878787878788,0.9082002366163857,0.9716060337178349,-0.001255230125522866,0.011297071129707126,0.00041841004184117736,0.0016736401673641543,0.06150627615062765,0.06108786610878658,0.0736401673640168,0.06276150627615062,0.2552301255230125,0.09037656903765678,0.06276150627615062,0.005439330543933085
16,16,0.9205020920502092,0.900523560209424,0.9231736172729962,0.9747116237799468,-0.00502092050209213,0.017154811715481166,0.02887029288702936,0.009205020920502127,0.08158995815899583,0.08200836820083679,0.052719665271966365,0.01966527196652712,0.12887029288702911,0.11422594142259401,0.018410041841004143,0.022175732217573296
17,17,0.895397489539749,0.8704663212435233,0.8986986098787341,0.9642117716651878,-0.0004184100418408443,0.016736401673640322,0.006694560669456173,0.015062761506276279,0.06150627615062765,0.03556485355648542,0.017154811715481277,0.027196652719665315,0.304602510460251,0.0493723849372385,0.020083682008368076,0.04142259414225946
18,18,0.895397489539749,0.8730964467005076,0.90276545400769,0.946835255841467,0.0016736401673641543,0.015062761506276168,0.02259414225941425,0.03849372384937244,0.02468619246861914,0.05523012552301243,0.04644351464435148,0.020502092050209253,0.28075313807531377,0.06025104602510467,0.027196652719665315,0.041004184100418506
19,19,0.8661087866108786,0.8446601941747572,0.8809893522626442,0.9434338952972493,-0.006276150627614996,0.012133891213389147,0.020083682008368187,0.005020920502092019,0.13598326359832635,0.017991631799163188,0.013389121338912124,0.008786610878661172,0.20083682008368198,0.02970711297071127,0.046025104602510525,0.03723849372384935
20,20,0.9079497907949791,0.8854166666666666,0.9109361135758651,0.969905353445726,0.0020920502092051096,0.012133891213389036,-0.00041841004184106634,0.015481171548117234,-0.006694560669456062,0.030962343096234246,0.015062761506276279,0.01673640167364021,0.22845188284518836,0.10753138075313806,0.05606694560669456,0.04476987447698744
21,21,0.9205020920502092,0.9054726368159204,0.933340727595386,0.9767820171546879,0.001255230125522866,0.0046025104602509526,0.024267782426778295,0.01882845188284532,0.01380753138075319,0.051882845188284454,0.008786610878661172,0.027196652719665315,0.15899581589958145,0.05439330543933052,0.05606694560669445,0.03556485355648531
22,22,0.895397489539749,0.8780487804878049,0.9108991422656019,0.9618456078083407,-0.002510460251045843,0.012552301255230103,-0.005439330543932863,0.007949790794978928,0.08033472803347275,0.0736401673640168,0.005439330543933085,-0.0029288702928869093,0.2037656903765691,0.023012552301255318,0.04769874476987446,-0.002510460251045843
23,23,0.9037656903765691,0.8808290155440415,0.9075347530316474,0.9750073942620527,-0.0033472803347279756,0.015481171548117234,0.011297071129707237,0.021338912133891386,0.048953974895397545,0.09748953974895391,0.030543933054393402,0.026359832635983405,0.3414225941422594,0.11087866108786604,0.08368200836820094,0.06945606694560669
24,24,0.9288702928870293,0.914572864321608,0.9401434486838214,0.9726412304052056,0.005439330543932974,0.010460251046024882,0.009205020920501905,0.025104602510460317,0.022175732217573296,0.048117154811715634,0.040167364016736484,0.0016736401673639323,0.21673640167364006,0.0640167364016736,0.048953974895397434,0.021338912133891275
25,25,0.9246861924686193,0.91,0.9367420881396036,0.9744897959183674,-0.0033472803347280866,0.025523012552301494,0.0347280334728034,0.014225941422594257,0.002510460251045954,0.08451882845188297,0.032217573221757445,0.01171548117154797,0.3384937238493725,0.08158995815899595,0.05983263598326383,0.00878661087866095
26,26,0.9163179916317992,0.8979591836734694,0.9238391008577345,0.9770038450162675,0.010460251046025215,0.01213389121338937,0.020083682008368298,0.01715481171548139,0.016736401673640322,0.03138075313807531,0.035983263598326376,0.011715481171548192,0.06025104602510467,0.10167364016736402,0.06610878661087871,-0.002510460251046176
27,27,0.895397489539749,0.8792270531400966,0.9129325643300799,0.966134279798876,0.0020920502092051096,0.0158995815899583,0.01297071129707128,0.008368200836820106,0.11213389121338901,0.06903765690376562,0.032217573221757334,0.014225941422594146,0.00878661087866095,0.09916317991631796,0.06317991631799158,0.04769874476987446
28,28,0.8619246861924686,0.8324873096446701,0.8674208813960367,0.940106477373558,1.1102230246251565e-16,0.0016736401673641543,-0.0004184100418408443,0.0,0.0020920502092049986,0.007531380753138195,0.0071129707112971285,-0.0016736401673640433,0.0033472803347281976,0.002510460251046176,0.005439330543933196,0.0020920502092051096
29,29,0.9288702928870293,0.9137055837563451,0.9381100266193434,0.9684265010351967,0.0029288702928869093,0.004184100418409886,0.0188284518828451,0.01380753138075308,0.01966527196652723,0.027196652719665315,0.04476987447698744,0.0016736401673639323,0.15564853556485359,0.07698744769874477,0.02092050209205032,0.019246861924685943
30,30,0.895397489539749,0.8691099476439791,0.8966651878142562,0.9713842058562556,-0.0020920502092048876,0.0179916317991633,0.03347280334728042,0.03974895397489542,0.3087866108786611,0.08702928870292881,0.046025104602510414,0.013389121338912124,0.098744769874477,0.11255230125523008,0.098744769874477,0.06359832635983265
31,31,0.9079497907949791,0.8829787234042553,0.9068692694469092,0.9715320910973084,0.0020920502092052207,0.004184100418410219,0.019246861924686276,0.017573221757322233,0.23179916317991645,0.08619246861924668,0.043933054393305415,0.009205020920502238,0.07029288702928871,0.09958158995815891,0.043096234309623394,0.07280334728033477
32,32,0.8577405857740585,0.826530612244898,0.8619860987873411,0.9277580597456374,-0.004184100418409997,0.0008368200836820217,-0.0004184100418409553,0.00041841004184106634,-0.006276150627615107,0.0020920502092049986,0.005020920502092019,0.0008368200836820217,0.00878661087866106,0.0008368200836820217,0.0016736401673640433,0.005020920502092019
33,33,0.9079497907949791,0.89,0.919069801833777,0.9742679680567881,0.003765690376569264,0.015062761506276279,0.008368200836820217,0.009623430962343194,0.30920502092050206,0.09414225941422594,0.06317991631799158,0.0924686192468619,0.22928870292887027,0.17866108786610868,0.12301255230125518,0.08326359832635977
34,34,0.8619246861924686,0.847926267281106,0.8877551020408163,0.953416149068323,0.0,0.02175732217573234,-0.0071129707112970175,0.028033472803347337,0.008368200836820106,0.05648535564853563,0.0514644351464435,-0.018410041841004143,0.32719665271966536,0.11004184100418413,0.046025104602510525,-0.003765690376569042
35,35,0.9121338912133892,0.896551724137931,0.9265380065069506,0.9657645666962438,0.008368200836820328,0.043096234309623505,0.021338912133891386,0.026359832635983294,0.17196652719665273,0.05230125523012563,0.03347280334728031,0.006694560669456173,0.20334728033472815,0.08744769874476988,0.03556485355648553,0.03347280334728053
36,36,0.9205020920502092,0.900523560209424,0.9231736172729962,0.9708666075125703,0.0020920502092047766,0.023012552301255318,0.030962343096234357,0.02468619246861936,-0.0016736401673641543,0.09497907949790785,0.01882845188284532,0.014225941422594146,0.2259414225941423,0.11004184100418402,0.07656903765690382,0.012970711297071169
37,37,0.9163179916317992,0.8969072164948454,0.9218056787932565,0.9719757468204674,-0.00041841004184117736,0.01882845188284532,0.03472803347280329,0.0008368200836820217,0.18953974895397496,0.04225941422594137,0.03640167364016755,0.0020920502092047766,0.19707112970711305,0.07405857740585786,0.05439330543933063,0.04142259414225946
38,38,0.9330543933054394,0.9191919191919192,0.943544809228039,0.971753918958888,0.007531380753138084,0.03974895397489553,0.0338912133891216,0.04267782426778255,0.056903765690376695,0.09832635983263605,0.09623430962343105,0.012970711297071058,0.3518828451882845,0.08702928870292892,0.07489539748953988,0.02092050209205043
39,39,0.8828451882845189,0.8627450980392157,0.8966282165039929,0.963620230700976,0.03179916317991638,0.05732217573221754,0.023012552301255318,0.00041841004184117736,0.2468619246861924,0.13891213389121349,0.043933054393305304,0.0029288702928870203,0.2803347280334728,0.10627615062761508,0.105020920502092,0.09581589958158998
40,40,0.9037656903765691,0.8844221105527639,0.9136350192250813,0.9721236320615203,-0.0020920502092047766,0.030543933054393402,0.004602510460251286,-0.006694560669455951,0.046861924686192546,0.13305439330543944,0.02175732217573223,0.05355648535564861,0.2280334728033473,0.09121338912133892,0.11380753138075317,0.054811715481171586
41,41,0.9205020920502092,0.9025641025641026,0.927240461401952,0.9725672877846792,-0.007531380753138306,0.022594142259414363,0.012970711297071169,0.004184100418409775,0.01673640167364021,0.07531380753138062,0.029288702928870314,-2.220446049250313e-16,0.25815899581589963,0.08117154811715488,0.06401673640167371,0.012552301255230214
42,42,0.9205020920502092,0.9035532994923858,0.92927388346643,0.9716060337178349,0.01087866108786617,0.025104602510460317,0.01882845188284521,0.010041841004184149,0.15481171548117156,0.12552301255230114,0.05439330543933052,0.05313807531380754,0.26820083682008367,0.11087866108786604,0.07907949790794966,0.0179916317991633
43,43,0.9163179916317992,0.9,0.9279059449866903,0.9738243123336292,0.006694560669456173,0.02384937238493734,0.019246861924686387,0.014225941422594368,0.09163179916317987,0.03347280334728031,0.006276150627615218,-0.005439330543933196,0.21004184100418422,0.0514644351464435,0.08326359832635988,0.03347280334728031
44,44,0.8619246861924686,0.8341708542713567,0.8694543034605147,0.9334516415261755,-0.0033472803347279756,0.0016736401673641543,0.005439330543933196,0.003765690376569153,-0.003765690376569042,0.0029288702928871313,0.005857740585774152,0.004602510460251175,0.00041841004184117736,0.010041841004184149,0.005439330543933196,0.0020920502092051096
45,45,0.9037656903765691,0.8866995073891626,0.9177018633540373,0.9719757468204673,0.012552301255230214,0.038075313807531264,0.02594142259414245,0.014644351464435101,0.05648535564853552,0.032217573221757445,0.0347280334728034,-0.012552301255230325,0.16903765690376582,0.08242677824267775,0.05815899581589956,0.07489539748953977
46,46,0.9079497907949791,0.8910891089108911,0.9211032238982549,0.9724194025436261,0.0033472803347280866,0.007949790794979261,0.013389121338912235,0.01004184100418426,0.005439330543933085,0.03849372384937222,0.008368200836820217,0.020083682008368076,0.2029288702928871,0.06652719665271978,0.018410041841004254,0.07824267782426775
47,47,0.9246861924686193,0.90625,0.9286083998816919,0.9747855664004733,0.004184100418409886,0.025523012552301494,0.00878661087866106,0.0158995815899583,0.05564853556485361,0.09707112970711296,0.05732217573221765,0.016736401673640322,0.1857740585774058,0.07656903765690382,0.06150627615062765,0.051882845188284565
48,48,0.9037656903765691,0.883248730964467,0.9116015971606033,0.9687222715173026,-0.0008368200836817996,0.01673640167364021,0.01673640167364021,0.010878661087866281,0.04184100418410042,0.038912133891213396,0.03974895397489542,0.028033472803347448,0.032217573221757445,0.08242677824267775,0.01297071129707128,0.056903765690376584
49,49,0.9121338912133892,0.8955223880597015,0.9245045844424726,0.9736764270925762,0.0158995815899583,0.016317991631799367,0.040167364016736484,0.02384937238493734,0.16234309623430965,0.05857740585774063,0.05648535564853563,0.06903765690376562,0.36401673640167365,0.13514644351464433,0.06945606694560669,0.12050209205020934
50,50,0.9037656903765691,0.882051282051282,0.9095681750961254,0.9690919846199348,0.0029288702928872423,0.020083682008368187,0.028870292887029247,0.025523012552301272,0.09539748953974891,0.09916317991631807,0.08786610878661094,0.021757322175732452,0.1313807531380754,0.10334728033472806,0.03723849372384935,0.030962343096234357
51,51,0.8786610878661087,0.8557213930348259,0.8891600118308194,0.9638420585625554,-0.013389121338912124,0.025104602510460206,-0.017154811715481055,-0.01087866108786606,0.07615062761506275,0.09832635983263605,0.04184100418410042,0.003765690376569042,0.12008368200836828,0.0912133891213387,0.008368200836820106,0.04142259414225946
52,52,0.9037656903765691,0.8866995073891626,0.9177018633540373,0.9591836734693877,0.007531380753138195,0.015062761506276279,0.028033472803347448,0.011297071129707237,0.02594142259414245,0.07573221757322168,0.025523012552301272,-0.008368200836820328,0.19205020920502103,0.09121338912133892,0.04142259414225935,0.042259414225941594
53,53,0.9079497907949791,0.8888888888888888,0.9170363797692991,0.9762644188110028,-0.0008368200836821327,0.033054393305439356,0.030962343096234246,0.009623430962343194,0.23096234309623442,0.1343096234309623,0.09748953974895391,0.01297071129707128,0.35104602510460237,0.09330543933054392,0.12635983263598327,0.04979079497907957
54,54,0.8786610878661087,0.8599033816425121,0.8952602780242531,0.9523070097604258,0.0016736401673640433,-0.001255230125522866,0.0179916317991633,-0.010460251046025104,0.10251046025104604,0.041004184100418284,0.004184100418410108,-0.001255230125522866,0.2267782426778242,0.09790794979079487,0.03640167364016722,0.020083682008368298
55,55,0.9163179916317992,0.9,0.9279059449866903,0.9721975746820468,0.0071129707112970175,0.0046025104602509526,0.020083682008368298,0.011297071129707126,0.02677824267782436,0.013389121338912346,0.007531380753138195,0.0033472803347278646,0.2669456066945607,0.11297071129707104,0.07907949790794988,0.0158995815899583
56,56,0.8870292887029289,0.8615384615384616,0.8918958887902987,0.9619195504288671,-0.0029288702928871313,-0.0016736401673639323,-0.003765690376568931,-0.0029288702928870203,0.12552301255230125,0.011715481171548192,0.006694560669456062,-0.0020920502092049986,-0.0008368200836820217,0.030543933054393402,0.01380753138075319,-0.0008368200836821327
57,57,0.9079497907949791,0.89,0.919069801833777,0.9672434191067731,-0.001255230125522977,0.01589958158995819,0.03054393305439318,0.017154811715481277,0.022175732217573185,0.04435146443514637,0.03138075313807542,0.0020920502092051096,0.12845188284518827,0.0682008368200836,0.023430962343096273,0.0016736401673640433
58,58,0.8786610878661087,0.8585365853658536,0.8932268559597752,0.9622892635314996,-0.0004184100418409553,0.012552301255230103,0.04644351464435137,-0.0071129707112971285,0.07907949790794955,0.08786610878661072,0.05313807531380743,0.0167364016736401,0.3539748953974896,0.10334728033472795,0.05941422594142254,0.09958158995815902
59,59,0.8619246861924686,0.835820895522388,0.8714877255249927,0.9367790594498668,-0.0008368200836820217,0.001255230125523199,0.0016736401673641543,0.005857740585774152,1.1102230246251565e-16,0.008368200836820106,0.006276150627615107,0.0016736401673641543,0.009623430962343194,0.005439330543933196,0.003765690376569153,0.002510460251046176
60,60,0.8870292887029289,0.8708133971291866,0.9061298432416445,0.9614758947057084,-0.0033472803347279756,0.033054393305439356,0.051046025104602544,0.004602510460251064,0.013389121338912235,0.10418410041840986,0.07489539748953966,0.002510460251046065,0.22928870292887016,0.1585774058577406,0.13682008368200838,0.014225941422594146
61,61,0.9121338912133892,0.8944723618090452,0.9224711623779946,0.9723454599230997,0.005857740585774374,0.02175732217573234,0.014644351464435323,0.00502092050209213,0.12761506276150625,0.07531380753138084,0.05230125523012563,0.03347280334728031,0.3330543933054393,0.14769874476987455,0.07112970711297062,0.06778242677824264
62,62,0.8535564853556485,0.8223350253807107,0.8585847382431233,0.9577787636793849,-0.009205020920501905,0.002510460251046065,0.0,0.01966527196652723,0.102928870292887,0.029288702928870425,0.03556485355648542,0.00711297071129724,0.2920502092050209,0.06025104602510467,-0.003765690376568931,0.003765690376569042
63,63,0.8577405857740585,0.8333333333333334,0.8701197870452528,0.8905649216208222,-0.004184100418409997,0.003765690376569042,0.0,0.0016736401673640433,-0.0020920502092049986,0.012552301255229992,0.01589958158995808,0.006694560669456062,-0.003765690376569153,0.005439330543933085,0.007531380753138084,0.0029288702928870203
64,64,0.9205020920502092,0.9054726368159204,0.933340727595386,0.9716799763383615,0.0008368200836817996,0.021338912133891386,0.03138075313807531,0.028033472803347337,0.06443514644351467,0.07405857740585764,0.006694560669456173,0.013389121338912124,0.13263598326359838,0.06820083682008371,0.046861924686192546,0.06359832635983265
65,65,0.899581589958159,0.8823529411764706,0.9143005028098196,0.9675391895888791,0.004184100418410108,0.051882845188284454,0.017154811715481166,-0.0008368200836819106,0.20460251046025102,0.11255230125522997,0.03138075313807509,0.004184100418410108,0.27364016736401675,0.15690376569037656,0.10251046025104593,-0.001255230125522866
66,66,0.8786610878661087,0.8625592417061612,0.8993271221532091,0.9665779355220349,0.0016736401673640433,0.025104602510460206,-0.009623430962343305,-0.0033472803347280866,-0.001255230125523088,0.10962343096234295,0.030962343096234246,0.0029288702928869093,0.40083682008368193,0.1439330543933054,0.09037656903765678,0.09581589958158987
67,67,0.9205020920502092,0.9045226130653267,0.931307305530908,0.9757468204673173,-0.001255230125523199,0.03054393305439329,0.0008368200836817996,0.002510460251045843,0.055648535564853496,0.04644351464435148,0.014225941422594146,0.041004184100418506,0.304602510460251,0.0744769874476987,0.02970711297071138,0.0004184100418408443
68,68,0.899581589958159,0.883495145631068,0.9163339248742975,0.9732327713694173,-0.004184100418409886,0.006694560669456173,0.004602510460251175,0.0029288702928871313,0.18200836820083677,0.13305439330543933,0.023012552301255318,0.0071129707112971285,0.07866108786610859,0.10878661087866093,0.07824267782426775,0.015062761506276168
69,69,0.899581589958159,0.8811881188118812,0.9122670807453416,0.9669476486246673,0.002510460251046176,-0.008368200836820217,0.012552301255229992,0.008786610878661172,0.03598326359832649,0.041004184100418506,0.02092050209205032,-0.00376569037656882,0.023430962343096273,0.05020920502092041,0.02552301255230116,0.020920502092050097
70,70,0.899581589958159,0.883495145631068,0.9163339248742975,0.9680567879325644,-0.0004184100418408443,0.017573221757322344,0.012133891213388925,0.0033472803347280866,0.0029288702928871313,0.07280334728033466,0.03472803347280351,0.032217573221757334,0.35355648535564854,0.09832635983263593,0.0514644351464435,0.023012552301255318
71,71,0.9372384937238494,0.9238578680203046,0.9469461697722568,0.9775214433599526,0.0020920502092048876,0.020083682008368076,0.04184100418410053,0.02677824267782436,0.015481171548117012,0.06150627615062776,0.0359832635983266,0.01966527196652701,0.2594142259414225,0.08535564853556488,0.033054393305439356,0.0535564853556485
72,72,0.9163179916317992,0.8969072164948454,0.9218056787932565,0.9775214433599527,0.001255230125522977,0.02970711297071138,0.02677824267782436,0.0058577405857740406,0.20083682008368198,0.096652719665272,0.023430962343096384,0.06276150627615062,0.3615062761506276,0.08786610878661083,0.107112970711297,0.10251046025104604
73,73,0.8577405857740585,0.8316831683168316,0.8680863649807748,0.9358917480035491,-0.005020920502091908,-0.0029288702928869093,0.0016736401673640433,0.0033472803347280866,-0.004184100418409997,0.009205020920502016,0.0008368200836820217,0.0058577405857740406,-0.005020920502091908,0.0016736401673640433,0.0029288702928870203,0.005020920502092019
74,74,0.9456066945606695,0.9333333333333333,0.9537488908606921,0.9746376811594203,0.0020920502092049986,0.031380753138075534,0.02677824267782436,0.02259414225941414,0.05230125523012563,0.08912133891213403,0.05732217573221743,0.009623430962342971,0.19414225941422603,0.13974895397489528,0.03849372384937244,0.01589958158995819
75,75,0.9079497907949791,0.8910891089108911,0.9211032238982549,0.9691659272404615,0.009205020920502238,0.023012552301255207,0.03138075313807542,0.020502092050209253,0.21924686192468623,0.046025104602510414,0.06652719665271978,0.017991631799163188,0.17071129707112964,0.09079497907949785,0.012133891213389258,0.02761506276150627
76,76,0.895397489539749,0.8803827751196173,0.9149659863945578,0.9699792960662527,0.0016736401673641543,0.020502092050209253,-0.0016736401673638213,-0.006276150627614885,0.16736401673640167,0.0744769874476986,0.021338912133891275,0.0016736401673641543,0.1857740585774058,0.10794979079497913,0.03974895397489542,0.006694560669455951
77,77,0.9121338912133892,0.896551724137931,0.9265380065069506,0.9741200828157349,0.0004184100418408443,0.026359832635983294,0.0179916317991633,0.015481171548117345,0.06443514644351467,0.07615062761506286,0.053974895397489675,-0.002510460251045843,0.1418410041841005,0.11966527196652732,0.051046025104602544,0.019665271966527342
78,78,0.8577405857740585,0.8316831683168316,0.8680863649807748,0.919698314108252,-0.0033472803347279756,-0.001255230125522977,-0.0033472803347279756,0.0008368200836820217,-0.0033472803347279756,0.0029288702928870203,0.0071129707112970175,0.01087866108786606,-0.006276150627615107,0.007531380753138084,0.009623430962343082,0.005439330543933085
79,79,0.8702928870292888,0.8442211055276382,0.878290446613428,0.9379621413782905,0.0033472803347280866,0.005439330543933085,0.006276150627615107,0.003765690376569042,0.006276150627615218,0.01004184100418426,0.005857740585774263,0.005439330543933085,0.00502092050209213,0.007531380753138084,0.008368200836820217,0.0058577405857740406
80,80,0.9037656903765691,0.8855721393034826,0.9156684412895593,0.9680567879325643,0.0004184100418412884,0.025104602510460428,-0.0029288702928869093,0.007531380753138195,0.10000000000000009,0.07364016736401668,0.025941422594142227,-0.0020920502092047766,0.22635983263598336,0.059832635983263605,0.05857740585774052,0.018410041841004254
81,81,0.9163179916317992,0.8979591836734694,0.9238391008577345,0.9754510499852116,0.0016736401673638213,0.014225941422594368,0.015062761506276168,0.0158995815899583,0.14058577405857753,0.044769874476987326,0.05648535564853552,0.0046025104602509526,0.3476987447698744,0.058995815899581694,0.043096234309623505,0.019246861924686387
82,82,0.8870292887029289,0.8669950738916257,0.9000295770482106,0.9603667553978112,0.002510460251046065,0.04853556485355648,0.033054393305439356,0.017573221757322233,0.03138075313807531,0.09163179916317987,0.005020920502092019,0.01087866108786617,0.04979079497907957,0.11338912133891221,0.08870292887029285,0.041004184100418506
83,83,0.9079497907949791,0.8910891089108911,0.9211032238982549,0.9693138124815144,0.005857740585774263,0.004184100418410219,0.0355648535564852,0.0071129707112970175,0.16861924686192464,0.02384937238493723,0.03640167364016744,-0.002510460251046065,0.1794979079497907,0.09288702928870285,-0.001255230125522977,0.02761506276150638
84,84,0.9037656903765691,0.8888888888888888,0.9217687074829932,0.972863058266785,0.005857740585774263,0.02175732217573223,0.01380753138075319,0.01004184100418426,0.04184100418410053,0.0334728033472802,0.014644351464435212,-0.010460251046025326,0.13933054393305444,0.06359832635983276,0.003765690376569264,0.008786610878661283
85,85,0.899581589958159,0.883495145631068,0.9163339248742975,0.966577935522035,0.0020920502092051096,0.011297071129707126,0.03472803347280329,0.005857740585774152,0.00794979079497915,0.05062761506276148,0.03138075313807531,-0.008368200836819994,0.2518828451882844,0.05857740585774063,0.034309623430962444,0.021338912133891164
86,86,0.8870292887029289,0.8708133971291866,0.9061298432416445,0.9474267968056789,-0.003765690376568931,0.01673640167364021,0.02175732217573223,0.0347280334728034,0.0841004184100419,0.02092050209205021,-0.0046025104602509526,0.017573221757322233,0.2205020920502092,0.030543933054393402,0.01966527196652723,0.03974895397489531
87,87,0.9121338912133892,0.8923076923076924,0.9184043182490387,0.9681307305530908,-0.001255230125522866,0.028033472803347337,0.0033472803347279756,0.017573221757322344,0.15941422594142263,0.07615062761506286,0.05313807531380754,0.046025104602510525,0.2711297071129708,0.12970711297071136,0.08451882845188285,0.012970711297071391
88,88,0.891213389121339,0.8712871287128713,0.9034309375924283,0.9672434191067731,0.003765690376568931,0.007531380753138084,-0.005439330543932863,0.013807531380753302,0.022175732217573296,0.1209205020920503,0.08870292887029296,0.030543933054393513,0.25983263598326367,0.11757322175732232,0.06359832635983265,0.008368200836820328
89,89,0.899581589958159,0.8811881188118812,0.9122670807453416,0.970349009168885,0.004602510460251175,0.03472803347280329,0.05732217573221743,0.006276150627615107,0.019246861924686276,0.11213389121338913,0.04644351464435148,0.016317991631799145,0.16652719665271964,0.046861924686192435,0.10836820083682008,0.07071129707112966
90,90,0.9205020920502092,0.9054726368159204,0.933340727595386,0.9706447796509908,0.007949790794978817,0.001255230125522866,0.02092050209205021,0.030962343096234357,0.08368200836820083,0.11506276150627603,0.09037656903765678,0.012133891213389147,0.3631799163179915,0.11213389121338901,0.020502092050209364,0.055648535564853496
91,91,0.8870292887029289,0.8682926829268293,0.9020629991126885,0.9625850340136055,0.005020920502092019,0.014225941422594146,0.019246861924686165,0.011297071129707015,0.020502092050209142,0.00794979079497915,0.003765690376569042,0.02970711297071138,0.08870292887029285,0.015062761506276168,0.03138075313807531,0.030962343096234357
92,92,0.899581589958159,0.8787878787878788,0.9082002366163857,0.9670215912451937,0.0008368200836821327,0.030125523012552335,0.052719665271966476,0.03891213389121351,0.019246861924686165,0.09707112970711274,0.07364016736401657,0.10334728033472806,0.4280334728033472,0.13305439330543933,0.06987447698744764,0.11464435146443519
93,93,0.899581589958159,0.8787878787878788,0.9082002366163857,0.9665039929015085,-0.006276150627614996,0.013389121338911902,0.011715481171548081,0.002510460251046176,0.10125523012552295,0.13096234309623433,0.019246861924686165,0.01589958158995808,0.27573221757322164,0.13054393305439316,0.11338912133891199,0.06652719665271967
94,94,0.8619246861924686,0.8341708542713567,0.8694543034605147,0.9313073055309079,-0.003765690376569042,-0.002510460251046065,0.001255230125523199,0.00041841004184117736,-0.0004184100418408443,0.008368200836820106,0.005439330543933196,0.004184100418410108,-0.002510460251046065,0.0020920502092051096,0.006276150627615107,0.004184100418410108
95,95,0.8870292887029289,0.8669950738916257,0.9000295770482106,0.9577787636793847,0.006694560669456062,0.041004184100418395,0.05815899581589956,0.05020920502092052,0.3468619246861925,0.15690376569037656,0.004184100418409997,0.006276150627614996,0.4146443514644351,0.12008368200836816,0.19497907949790794,0.008786610878661172
96,96,0.9079497907949791,0.8910891089108911,0.9211032238982549,0.9632505175983437,0.017573221757322233,0.001255230125523088,0.017991631799163188,0.010878661087866281,0.02970711297071127,0.041004184100418395,0.025104602510460206,0.02761506276150627,0.20962343096234304,0.05062761506276159,0.025523012552301272,0.015062761506276279
97,97,0.9079497907949791,0.8865979381443299,0.9129695356403431,0.9705708370304643,-0.01004184100418426,0.005020920502092241,0.009623430962343194,-0.0004184100418409553,0.15690376569037656,0.09121338912133892,0.03556485355648542,0.015062761506276279,0.15732217573221752,0.09665271966527189,0.014225941422594257,-0.010878661087866281
98,98,0.895397489539749,0.8756218905472637,0.9068322981366459,0.9648033126293996,1.1102230246251565e-16,0.03974895397489542,0.02175732217573234,0.006276150627615107,0.1481171548117155,0.046861924686192435,0.03640167364016744,0.011715481171548081,0.26192468619246867,0.14058577405857742,0.05104602510460243,0.060669456066945626
99,99,0.8619246861924686,0.8374384236453202,0.8735211475894706,0.9446909198461992,-0.0033472803347279756,-0.004184100418409997,0.004602510460251175,1.1102230246251565e-16,-0.005439330543932974,0.007531380753138195,0.005439330543933196,0.003765690376569153,0.08284518828451892,0.0033472803347281976,0.0033472803347281976,0.0020920502092051096
100,100,0.8661087866108786,0.8490566037735849,0.8870896184560781,0.952159124519373,0.009623430962343194,0.014225941422594146,-0.011297071129707015,0.032217573221757334,0.020083682008368187,0.038912133891213285,0.009623430962343194,0.0029288702928870203,0.0861924686192469,0.043933054393305526,0.003765690376569153,0.0033472803347281976
101,101,0.8661087866108786,0.8490566037735849,0.8870896184560781,0.9381839692398698,0.0029288702928871313,0.01087866108786617,0.035146443514644354,0.008368200836820106,0.033054393305439356,0.058995815899581694,0.05104602510460243,0.006694560669456173,0.18368200836820092,0.018410041841004143,0.019246861924686165,0.03054393305439329
102,102,0.8535564853556485,0.8325358851674641,0.8707852706299911,0.9049097900029577,-0.006694560669455951,-0.0016736401673639323,-0.005439330543932974,-0.003765690376568931,0.004602510460251064,-0.005020920502091908,-0.0020920502092049986,-0.007531380753137973,0.005020920502092019,-0.0046025104602509526,-0.0071129707112969065,-0.007531380753137973
103,103,0.895397489539749,0.8768472906403941,0.9088657202011239,0.968944099378882,-0.0004184100418408443,0.03179916317991649,0.014225941422594257,-0.001255230125522866,-0.005020920502091908,0.07364016736401657,-0.004184100418409886,-0.001255230125522866,0.291213389121339,0.10251046025104604,0.0451882845188285,0.05020920502092041
104,104,0.9079497907949791,0.8932038834951457,0.9251700680272108,0.9687962141378291,0.005020920502092241,0.03723849372384935,0.030125523012552446,0.0313807531380752,0.17740585774058582,0.09121338912133892,0.025104602510460206,0.04644351464435137,0.22175732217573207,0.06025104602510456,0.04518828451882839,0.012552301255230214
105,105,0.895397489539749,0.8691099476439791,0.8966651878142562,0.9750073942620527,0.001255230125523088,0.00041841004184117736,0.006694560669455951,-0.006276150627614885,0.08912133891213392,0.09414225941422594,0.01380753138075308,1.1102230246251565e-16,0.32008368200836823,0.11171548117154817,0.09079497907949774,0.08284518828451881
106,106,0.8619246861924686,0.847926267281106,0.8877551020408163,0.9558562555456965,0.0016736401673641543,0.022594142259414363,0.03472803347280329,0.05104602510460243,0.02970711297071127,0.06443514644351467,0.028451882845188292,0.008786610878661172,0.07112970711297073,0.04769874476987446,0.04225941422594126,-0.0071129707112970175
107,107,0.8828451882845189,0.8613861386138614,0.894594794439515,0.9636941733215025,0.004184100418409997,0.012552301255229992,0.004602510460251175,0.01589958158995819,0.01589958158995819,0.08535564853556488,0.0347280334728034,0.009623430962343194,0.24518828451882846,0.11841004184100423,0.041004184100418506,0.02468619246861936
108,108,0.8619246861924686,0.8390243902439024,0.8755545696539486,0.9236912156166814,-0.002510460251046065,-0.0008368200836817996,-0.0029288702928870203,0.0008368200836820217,0.010460251046025104,0.005857740585774152,0.002510460251046176,0.001255230125523199,0.004184100418410108,0.001255230125523199,0.0004184100418409553,0.001255230125523199
109,109,0.899581589958159,0.8762886597938144,0.9041333924874297,0.9672434191067731,0.016317991631799145,0.025523012552301272,0.023012552301255318,0.03849372384937233,0.33221757322175727,0.06485355648535562,0.05020920502092041,0.03598326359832649,0.3656903765690376,0.11255230125523008,0.046861924686192435,0.03514644351464424
110,110,0.899581589958159,0.8723404255319149,0.8980331262939958,0.9683525584146702,-0.0008368200836819106,0.005857740585774152,0.024267782426778295,0.007531380753138084,0.12175732217573232,0.03179916317991627,0.011297071129707126,0.012552301255229992,0.3698744769874476,0.08158995815899583,0.030962343096234246,0.01087866108786617
111,111,0.899581589958159,0.88,0.9102336586808637,0.9721236320615203,-0.010041841004184038,0.03514644351464424,0.013389121338912124,-0.009623430962343082,0.06987447698744764,0.12761506276150625,0.029288702928870314,0.020920502092050097,0.14518828451882837,0.107112970711297,0.07489539748953966,0.02552301255230116
112,112,0.9037656903765691,0.8855721393034826,0.9156684412895593,0.9721975746820468,-0.005020920502091908,0.007531380753138195,0.016317991631799256,-0.001255230125522977,0.07824267782426775,0.043933054393305415,0.01966527196652723,0.006276150627615218,0.033054393305439356,0.0861924686192469,0.07782426778242668,0.01380753138075319
113,113,0.9079497907949791,0.8777777777777778,0.8987355811889974,0.9717539189588879,0.008786610878661283,0.03556485355648542,0.04518828451882839,0.011715481171548192,0.11046025104602508,0.08451882845188274,0.08577405857740594,0.024267782426778184,0.12259414225941412,0.0861924686192469,0.014644351464435212,0.041004184100418395
114,114,0.9037656903765691,0.8808290155440415,0.9075347530316474,0.9751552795031057,-0.00502092050209213,0.0029288702928872423,0.026359832635983405,0.01380753138075319,0.005020920502092241,0.05523012552301254,0.02970711297071138,0.03556485355648542,0.23514644351464442,0.07071129707112978,0.04644351464435159,0.019246861924686276
115,115,0.8619246861924686,0.835820895522388,0.8714877255249927,0.9377403135167109,-0.005439330543932974,-0.0008368200836817996,-0.0016736401673638213,-0.004602510460251064,-0.005020920502092019,-0.0016736401673638213,-0.002510460251046065,-0.0016736401673638213,0.08744769874476999,-0.0020920502092049986,-0.002510460251046065,-0.006694560669456062
116,116,0.9121338912133892,0.8934010152284264,0.9204377403135167,0.9661342797988761,0.001255230125522866,0.006276150627615218,0.005857740585774152,0.01882845188284532,0.00502092050209213,0.0158995815899583,0.02552301255230116,0.0033472803347281976,0.2531380753138075,0.03891213389121351,0.059832635983263716,0.03263598326359851
117,117,0.8661087866108786,0.8504672897196262,0.889123040520556,0.9531943212067435,0.001255230125522977,0.017991631799163188,0.015062761506276168,0.05690376569037647,0.07907949790794977,0.05815899581589967,0.07322175732217562,-0.015062761506276168,0.3309623430962343,0.0702928870292886,0.049790794979079456,0.035146443514644354
118,118,0.9037656903765691,0.8888888888888888,0.9217687074829932,0.9758207630878439,0.005439330543933196,0.04979079497907957,0.007531380753138195,0.0029288702928872423,0.22426778242677836,0.11004184100418402,0.038912133891213396,-0.01255230125522988,0.22217573221757325,0.11589958158995806,0.06108786610878658,0.05230125523012552
119,119,0.8577405857740585,0.8333333333333334,0.8701197870452528,0.8757024548950014,-0.0029288702928869093,0.0,0.0,0.003765690376569042,-0.002510460251045954,0.005439330543933085,0.005439330543933085,0.00041841004184106634,0.0016736401673640433,0.0071129707112970175,0.010041841004184038,0.006276150627614996
120,120,0.9205020920502092,0.9045226130653267,0.931307305530908,0.9768559597752144,0.0008368200836817996,0.009205020920502016,0.0020920502092047766,0.019246861924686387,-0.005439330543933196,0.01882845188284521,0.03389121338912138,0.003765690376569042,0.15481171548117145,0.08158995815899561,0.017573221757322344,0.015062761506276168
121,121,0.9037656903765691,0.8844221105527639,0.9136350192250813,0.9721236320615203,0.001255230125523088,0.02970711297071138,0.014644351464435212,0.007531380753138195,0.2071129707112972,0.05899581589958158,0.05648535564853552,0.04142259414225935,0.3447698744769875,0.12217573221757327,0.041004184100418395,0.033891213389121266
122,122,0.9037656903765691,0.8844221105527639,0.9136350192250813,0.9646554273883466,0.0016736401673640433,0.04476987447698744,0.022175732217573185,0.001255230125523199,0.11046025104602508,0.05606694560669456,0.12175732217573221,0.02468619246861936,0.17489539748953975,0.11631799163179923,0.057740585774058606,0.15062761506276146
123,123,0.9163179916317992,0.900990099009901,0.9299393670511682,0.9763383614315292,0.013807531380753302,0.020502092050209142,0.009205020920502127,0.019665271966527342,0.094560669456067,0.10041841004184104,0.08326359832635988,0.019246861924686165,0.2849372384937239,0.09288702928870285,0.060669456066945626,0.10167364016736402
124,124,0.9205020920502092,0.9054726368159204,0.933340727595386,0.970349009168885,0.01506276150627639,0.01715481171548139,0.0334728033472802,0.019665271966527342,0.09205020920502083,0.07154811715481169,0.020083682008368298,0.009205020920502127,0.11966527196652699,0.0912133891213388,0.02887029288702936,0.02677824267782436
125,125,0.9163179916317992,0.8979591836734694,0.9238391008577345,0.9764862466725821,0.0004184100418408443,-0.0016736401673641543,0.03179916317991638,0.002510460251045843,0.0058577405857740406,0.1405857740585773,0.041004184100418284,-0.007531380753138195,0.17615062761506262,0.09246861924686178,0.06234309623430967,0.05355648535564872
126,126,0.9121338912133892,0.8944723618090452,0.9224711623779946,0.9734545992309968,0.0,0.022175732217573296,0.041004184100418506,-0.002510460251046176,0.25062761506276154,0.12217573221757327,0.05146443514644372,0.030962343096234468,0.26317991631799165,0.11841004184100412,0.08158995815899583,0.043933054393305526
127,127,0.9288702928870293,0.9119170984455959,0.9340431824903874,0.9746376811594203,0.0016736401673639323,0.016736401673639878,0.015481171548117234,0.02468619246861925,0.09581589958158998,0.05899581589958158,0.013389121338912124,0.018410041841004143,0.18242677824267783,0.0924686192468619,0.037238493723849464,0.0071129707112969065
128,128,0.9121338912133892,0.896551724137931,0.9265380065069506,0.9740461401952085,0.002510460251046176,0.020502092050209364,0.023012552301255318,0.01004184100418437,0.004602510460251175,0.02092050209205032,0.02175732217573234,0.015481171548117345,0.11548117154811721,0.07112970711297084,0.03430962343096233,0.009623430962343194
129,129,0.8242677824267782,0.7341772151898734,0.7880065069506064,0.9365572315882875,-0.001255230125523088,0.01087866108786606,0.006276150627615107,0.0029288702928870203,0.04476987447698744,0.003765690376569042,0.03221757322175722,0.026359832635983182,0.06569037656903765,0.01966527196652701,0.012552301255230103,0.017991631799163077
130,130,0.891213389121339,0.8686868686868687,0.8993640934634723,0.9642117716651878,0.005020920502091908,0.005020920502091908,-0.0004184100418408443,0.020502092050209253,0.20041841004184113,0.09748953974895391,0.09414225941422605,0.013807531380753302,0.26192468619246867,0.08912133891213392,0.096652719665272,0.05732217573221765
131,131,0.9079497907949791,0.8888888888888888,0.9170363797692991,0.9724194025436261,-0.0033472803347283087,0.012552301255230214,0.00711297071129724,-0.0020920502092048876,-0.008368200836820328,0.10334728033472806,0.09832635983263593,0.007531380753138195,0.3405857740585774,0.15397489539748954,0.12510460251046018,0.09414225941422594
132,132,0.9205020920502092,0.9045226130653267,0.931307305530908,0.967687074829932,0.002510460251045843,0.041004184100418284,0.025104602510460317,0.04142259414225935,0.07991631799163179,0.09205020920502083,-0.002510460251046176,-0.0029288702928871313,0.19665271966527187,0.058995815899581694,0.07531380753138062,0.040167364016736484
133,133,0.899581589958159,0.8823529411764706,0.9143005028098196,0.9594055013309672,0.0020920502092051096,0.012970711297070947,-0.005020920502091908,0.012552301255230103,0.12384937238493732,0.09916317991631773,0.017991631799163077,0.01966527196652712,0.14937238493723848,0.06736401673640158,0.020502092050209253,-0.0004184100418408443
134,134,0.9079497907949791,0.89,0.919069801833777,0.9703490091688849,-0.00041841004184106634,0.0058577405857740406,0.001255230125523088,0.006276150627615107,0.1849372384937239,0.06234309623430956,0.010878661087866281,0.0020920502092052207,0.10543933054393306,0.03054393305439318,0.028870292887029247,0.027196652719665204
135,135,0.8661087866108786,0.8461538461538461,0.8830227743271222,0.9385536823425022,0.0016736401673639323,0.0020920502092051096,0.0008368200836820217,0.0046025104602509526,0.0033472803347279756,0.004602510460251175,0.005439330543933196,0.0016736401673639323,0.033891213389121266,0.010041841004184149,0.003765690376568931,0.005439330543933196
136,136,0.891213389121339,0.8712871287128713,0.9034309375924283,0.9682786157941436,0.009205020920502127,0.0033472803347280866,0.014225941422594257,0.05523012552301265,0.100836820083682,0.12175732217573232,0.046025104602510414,0.01297071129707128,0.32092050209205025,0.10251046025104615,0.08326359832635977,0.015481171548117345
137,137,0.9121338912133892,0.8934010152284264,0.9204377403135167,0.9704968944099379,-0.0029288702928871313,0.02468619246861914,0.005439330543932974,0.05648535564853563,0.005439330543933196,0.12635983263598338,0.11715481171548114,0.003765690376569153,0.40711297071129715,0.12343096234309636,0.07824267782426786,0.09163179916317998
138,138,0.9205020920502092,0.9054726368159204,0.933340727595386,0.9672434191067731,0.010878661087865948,0.024267782426778295,0.051046025104602544,0.03430962343096233,0.24393305439330537,0.09748953974895402,0.03933054393305435,0.051882845188284454,0.397907949790795,0.07698744769874466,0.03640167364016733,0.019665271966527342
139,139,0.8577405857740585,0.83,0.866052942916297,0.9392191659272404,0.0008368200836820217,0.0033472803347280866,0.001255230125523088,0.001255230125523088,-0.004184100418410108,0.011297071129707015,0.0,0.006276150627614996,-0.0008368200836819106,0.0058577405857740406,0.004184100418409997,0.0033472803347280866
140,140,0.9246861924686193,0.9072164948453608,0.9306418219461698,0.9705708370304644,0.0008368200836819106,0.023430962343096495,0.021757322175732452,0.04769874476987446,0.006276150627614885,0.05606694560669456,0.022175732217573407,0.010878661087865948,0.17698744769874475,0.04058577405857744,0.04476987447698766,0.03179916317991649
141,141,0.8744769874476988,0.8598130841121495,0.8979591836734694,0.962363206152026,-0.0008368200836819106,-1.1102230246251565e-16,0.017573221757322233,0.005439330543933085,0.09958158995815902,0.04225941422594137,-0.0020920502092048876,-0.006694560669456062,0.2573221757322177,0.09539748953974891,0.05062761506276159,-0.007949790794978928
142,142,0.895397489539749,0.8792270531400966,0.9129325643300799,0.9660603371783496,0.002510460251046176,0.03598326359832649,0.007531380753138084,0.008786610878661172,0.17782426778242666,0.08117154811715466,0.004602510460251175,-0.01087866108786606,0.11506276150627626,0.0933054393305438,0.00502092050209213,0.03933054393305446
143,143,0.8870292887029289,0.8682926829268293,0.9020629991126885,0.9576308784383318,-1.1102230246251565e-16,0.041841004184100306,0.008368200836820217,0.0016736401673640433,0.18326359832635986,0.12594142259414232,0.0368200836820084,0.05899581589958147,0.19874476987447698,0.11087866108786604,0.04769874476987457,0.05732217573221754
144,144,0.8619246861924686,0.8465116279069768,0.8857216799763383,0.9579266489204377,0.01380753138075319,0.07196652719665264,-0.0029288702928870203,-0.0004184100418408443,0.3824267782426778,0.11255230125523019,0.1062761506276152,0.009205020920502127,0.3723849372384938,0.18410041841004177,0.1364016736401673,0.15397489539748943
145,145,0.895397489539749,0.8768472906403941,0.9088657202011239,0.9617716651878142,0.01087866108786617,0.018410041841004143,0.06861924686192478,0.02761506276150627,0.07489539748953977,0.08661087866108774,0.03263598326359829,0.06652719665271967,0.3506276150627615,0.07740585774058584,0.04979079497907968,0.0640167364016736
146,146,0.899581589958159,0.8775510204081632,0.9061668145519077,0.963768115942029,0.006276150627615107,0.007531380753138084,0.012552301255230103,0.02259414225941425,0.008786610878661172,0.028451882845188292,0.012552301255229992,0.0008368200836821327,0.39539748953974896,0.11171548117154795,0.06443514644351467,0.00502092050209213
147,147,0.8661087866108786,0.8260869565217391,0.8586217095533866,0.9474267968056788,-0.006276150627614996,-0.003765690376569042,-0.0016736401673640433,-0.0029288702928870203,-0.017154811715481055,0.008368200836820106,0.002510460251045954,0.006694560669456173,-0.015062761506276168,0.009205020920502127,0.005857740585774152,-0.004184100418409997
148,148,0.9205020920502092,0.9045226130653267,0.931307305530908,0.972863058266785,0.005439330543933196,0.024267782426778295,0.019665271966527342,0.03849372384937233,0.06359832635983265,0.09288702928870285,0.08075313807531381,0.035983263598326376,0.15606694560669454,0.10209205020920498,0.041004184100418506,0.02761506276150638
149,149,0.8870292887029289,0.8669950738916257,0.9000295770482106,0.9710884353741496,0.003765690376569042,-0.012133891213388925,-0.012970711297070947,-0.003765690376568931,0.0058577405857740406,0.032217573221757334,0.03640167364016733,-0.015899581589957967,0.02887029288702936,0.05313807531380754,0.027196652719665315,-0.005020920502092019
150,150,0.9163179916317992,0.9,0.9279059449866903,0.9719757468204673,0.012970711297071391,0.016736401673640322,0.023012552301255318,0.052719665271966476,0.018410041841004365,0.12301255230125518,0.07949790794979061,0.04811715481171552,0.33974895397489535,0.07949790794979084,0.08619246861924679,0.00376569037656882
151,151,0.891213389121339,0.8712871287128713,0.9034309375924283,0.9702011239278321,-0.0071129707112969065,-0.001255230125522866,0.02970711297071149,0.006276150627615107,0.2184100418410042,0.07405857740585775,0.08493723849372392,0.06359832635983265,0.13179916317991636,0.07782426778242679,0.09916317991631807,0.040167364016736484
152,152,0.9079497907949791,0.89,0.919069801833777,0.9721975746820467,-0.0016736401673639323,0.022175732217573185,0.009623430962343194,0.005439330543933196,0.3338912133891212,0.15188284518828454,0.021338912133891275,0.05523012552301254,0.19330543933054412,0.08661087866108785,0.09372384937238487,0.019246861924686276
153,153,0.9288702928870293,0.9119170984455959,0.9340431824903874,0.9668737060041408,0.005020920502091908,0.03389121338912149,0.038075313807531486,0.022594142259414474,0.04769874476987446,0.07322175732217562,0.04644351464435148,0.009205020920501905,0.30543933054393313,0.12133891213389114,0.05564853556485361,0.010460251046024882
154,154,0.8870292887029289,0.864321608040201,0.8959627329192547,0.9688701567583555,0.0004184100418408443,0.004184100418409997,-0.001255230125522977,-0.022175732217573185,-0.005439330543932974,0.07824267782426764,0.03179916317991638,-0.015481171548117012,0.09163179916317998,0.08870292887029285,0.04267782426778233,0.006276150627614996
155,155,0.8870292887029289,0.8695652173913043,0.9040964211771665,0.9618456078083407,-0.007949790794978928,-0.004184100418409997,-0.006276150627614996,-0.0004184100418409553,0.041004184100418395,0.052719665271966476,-0.0046025104602509526,-0.005439330543932974,0.09790794979079498,0.04853556485355648,0.0008368200836817996,-0.001255230125522977
156,156,0.8493723849372385,0.8163265306122449,0.8531499556344277,0.9346347234545992,-0.005439330543932974,-0.0004184100418409553,-0.0008368200836819106,-0.0046025104602509526,-0.012552301255230103,-0.001255230125522977,-0.001255230125522977,0.0020920502092049986,-0.006694560669455951,-0.0016736401673639323,-0.0004184100418409553,-0.0008368200836819106
157,157,0.9121338912133892,0.8911917098445595,0.9163708961845608,0.9729370008873114,0.04351464435146446,-0.0029288702928871313,0.01882845188284521,0.04142259414225946,0.3573221757322176,0.15815899581589954,0.10669456066945615,0.04853556485355648,0.4485355648535565,0.15815899581589965,0.11338912133891221,0.06485355648535562
158,158,0.8828451882845189,0.8571428571428571,0.888494528246081,0.9519372966577936,-0.007949790794978928,0.0029288702928870203,-0.01841004184100392,-0.017154811715480944,0.02092050209205032,0.06150627615062765,-0.0008368200836820217,-0.010878661087865948,0.04560669456066957,0.056066945606694674,0.015481171548117234,-0.001255230125522755
159,159,0.9037656903765691,0.882051282051282,0.9095681750961254,0.9741940254362615,-0.0008368200836817996,0.017573221757322233,0.02175732217573223,0.0016736401673642654,0.11841004184100401,0.10962343096234306,0.12552301255230136,-0.001255230125522977,0.32301255230125525,0.13891213389121337,0.15564853556485359,0.07196652719665275
160,160,0.9163179916317992,0.900990099009901,0.9299393670511682,0.9716799763383615,0.008786610878661172,0.05732217573221765,0.008368200836820217,0.004184100418410219,0.07238493723849371,0.08158995815899583,0.03179916317991616,0.0004184100418408443,0.3163179916317992,0.09707112970711296,0.08284518828451881,0.023012552301255318
161,161,0.9037656903765691,0.883248730964467,0.9116015971606033,0.9704968944099379,0.0033472803347281976,-0.0008368200836819106,-0.0016736401673637102,-0.0008368200836817996,0.02970711297071138,0.12677824267782434,0.054811715481171586,0.06234309623430978,0.41966527196652725,0.07866108786610893,0.007949790794979261,-0.0020920502092048876
162,162,0.895397489539749,0.8691099476439791,0.8966651878142562,0.966577935522035,-0.014225941422594035,0.012970711297071169,0.005439330543933085,-0.0046025104602508415,0.016317991631799256,0.08828451882845179,0.07280334728033466,-0.010041841004183816,0.3635983263598326,0.08828451882845179,0.08870292887029274,0.01087866108786617
163,163,0.9121338912133892,0.8900523560209425,0.9143374741200828,0.9687222715173025,-2.220446049250313e-16,0.03472803347280351,0.021338912133891386,0.008368200836820217,0.09832635983263605,0.03472803347280329,0.05648535564853563,0.03179916317991638,0.11882845188284519,0.1188284518828453,0.04853556485355648,0.011297071129707348
164,164,0.9205020920502092,0.9054726368159204,0.933340727595386,0.974120082815735,-0.00041841004184117736,0.025523012552301383,0.011715481171548192,0.025523012552301383,-0.006276150627615218,0.09748953974895402,0.014644351464435212,0.007531380753137862,0.2790794979079497,0.0974895397489538,0.04560669456066946,0.01882845188284532
165,165,0.8870292887029289,0.8669950738916257,0.9000295770482106,0.9668737060041408,0.0016736401673640433,0.02259414225941414,-0.0029288702928870203,0.002510460251046065,0.1376569037656904,0.07071129707112966,0.02175732217573223,0.03933054393305435,0.23138075313807527,0.08326359832635988,0.02677824267782436,0.023430962343096162
166,166,0.8493723849372385,0.8085106382978723,0.8450162673765158,0.9333776989056491,-0.0058577405857739295,-0.0033472803347279756,0.0008368200836820217,-0.0016736401673639323,-0.0029288702928869093,0.003765690376569042,0.0029288702928870203,0.007531380753138195,-0.008368200836819994,0.0,0.009205020920502238,0.002510460251046065
167,167,0.9288702928870293,0.914572864321608,0.9401434486838214,0.9798136645962733,-0.0033472803347281976,0.014225941422594257,0.004184100418409886,0.015899581589957967,0.03138075313807542,0.08870292887029296,0.010878661087865948,0.010041841004183927,0.03305439330543947,0.05271966527196659,0.038075313807531486,-0.015062761506276279
168,168,0.9205020920502092,0.9025641025641026,0.927240461401952,0.9698314108251996,0.0020920502092047766,0.012970711297071169,0.035146443514644354,0.008368200836819772,0.020083682008368298,0.07740585774058562,0.01882845188284532,0.02761506276150638,0.17196652719665262,0.06359832635983265,0.03138075313807531,0.013389121338912124
169,169,0.9121338912133892,0.8944723618090452,0.9224711623779946,0.973972197574682,0.00502092050209213,0.019246861924686387,0.022594142259414363,0.023012552301255318,0.00041841004184117736,0.013807531380753302,0.007949790794979372,0.007112970711297351,0.15732217573221763,0.09832635983263605,0.02887029288702936,0.01506276150627639
170,170,0.899581589958159,0.8787878787878788,0.9082002366163857,0.9537858621709554,-0.0071129707112970175,0.057740585774058606,0.04811715481171541,-0.0033472803347280866,0.12845188284518827,0.08912133891213381,0.03891213389121351,0.03179916317991627,0.05690376569037647,0.09874476987447678,0.1313807531380753,0.028451882845188292
171,171,0.8661087866108786,0.8476190476190476,0.8850561963916002,0.9625850340136054,-0.005439330543932974,0.04142259414225935,-0.002510460251046065,0.023430962343096273,0.04644351464435148,0.12761506276150614,0.0472803347280335,0.016317991631799145,0.2690376569037657,0.12468619246861912,0.08577405857740583,0.0493723849372385
172,172,0.899581589958159,0.883495145631068,0.9163339248742975,0.962363206152026,0.007531380753138084,0.020920502092050097,0.03849372384937233,0.02468619246861925,0.015481171548117123,0.07322175732217562,0.018410041841004143,-0.0071129707112970175,0.14435146443514646,0.04560669456066946,0.0619246861924686,0.043096234309623505
173,173,0.9037656903765691,0.882051282051282,0.9095681750961254,0.9743419106773145,-0.00041841004184073327,2.220446049250313e-16,-0.0029288702928869093,0.026359832635983405,0.21087866108786624,0.08661087866108785,-0.002510460251045954,0.006276150627615218,0.25690376569037654,0.11924686192468614,0.05313807531380754,0.01297071129707128
174,174,0.9163179916317992,0.9019607843137255,0.9319727891156462,0.9710884353741497,0.0016736401673638213,0.03682008368200829,0.03263598326359829,0.014225941422594368,0.14435146443514646,0.09288702928870285,0.041004184100418506,-0.001255230125523199,0.22468619246861932,0.0974895397489538,0.003765690376569153,0.05062761506276148
175,175,0.9205020920502092,0.9045226130653267,0.931307305530908,0.9737503697131027,0.0058577405857738185,0.013389121338912124,0.018410041841004143,0.011297071129707126,0.25355648535564845,0.09790794979079498,0.010041841004184149,0.0020920502092047766,0.17280334728033464,0.07280334728033466,0.06485355648535562,0.009623430962343194
176,176,0.8786610878661087,0.8585365853658536,0.8932268559597752,0.9507542147293699,-0.0033472803347280866,0.02468619246861925,-0.00794979079497904,0.015062761506276279,0.13514644351464422,0.11841004184100412,0.05146443514644339,0.0179916317991633,0.16652719665271964,0.09790794979079498,0.04225941422594137,0.06025104602510456
177,177,0.899581589958159,0.8846153846153846,0.9183673469387755,0.9693877551020409,0.002510460251046176,0.05062761506276148,0.009205020920502127,0.01380753138075308,0.033054393305439245,0.11589958158995817,0.015481171548117123,0.025941422594142338,0.18870292887029283,0.07824267782426775,0.11631799163179912,-0.011715481171548192
178,178,0.9079497907949791,0.8877551020408163,0.9150029577048211,0.9688701567583555,0.00711297071129724,0.027196652719665204,0.04142259414225924,0.017991631799163188,0.42552301255230124,0.10794979079497902,0.11255230125523008,0.004184100418410108,0.34728033472803344,0.10334728033472806,0.1355648535564854,0.09497907949790785
179,179,0.8828451882845189,0.8666666666666667,0.9027284826974268,0.9639160011830818,-0.0020920502092049986,0.01673640167364021,0.035146443514644354,-0.005439330543932974,0.21213389121338921,0.08953974895397498,0.02887029288702936,0.011297071129707237,0.298326359832636,0.11129707112970721,0.06610878661087871,0.02175732217573234
180,180,0.9037656903765691,0.8878048780487805,0.9197352854185152,0.9594794439514936,0.0020920502092052207,0.01757322175732201,0.02384937238493745,0.026359832635983182,0.11004184100418402,0.07196652719665275,0.046025104602510525,0.0008368200836822437,0.00711297071129724,0.09121338912133892,0.00711297071129724,0.006694560669456284
181,181,0.895397489539749,0.8768472906403941,0.9088657202011239,0.9724194025436261,-0.0016736401673638213,0.0033472803347280866,-0.0046025104602508415,0.004184100418410108,0.12761506276150625,0.08535564853556477,0.019246861924686276,0.012133891213389147,0.05313807531380765,0.043933054393305415,0.09246861924686178,0.0493723849372385
182,182,0.8870292887029289,0.8708133971291866,0.9061298432416445,0.963916001183082,0.003765690376569042,0.02175732217573223,-0.0058577405857739295,-0.004184100418409997,0.043933054393305526,0.06736401673640147,0.023430962343096162,0.01087866108786617,0.25774058577405856,0.07573221757322168,0.033054393305439356,0.012970711297071058
183,183,0.9121338912133892,0.8944723618090452,0.9224711623779946,0.972567287784679,0.006694560669456173,0.023430962343096162,0.0451882845188285,0.022594142259414363,0.03849372384937255,0.08368200836820083,0.03598326359832649,0.011715481171548303,0.3447698744769875,0.11046025104602497,0.13598326359832635,0.11380753138075317
184,184,0.9037656903765691,0.8878048780487805,0.9197352854185152,0.9557823129251701,0.0029288702928872423,0.011715481171548192,0.021338912133891275,0.035146443514644354,0.03179916317991638,0.08870292887029285,0.02594142259414245,0.01004184100418426,0.2974895397489541,0.09832635983263593,0.020502092050209253,0.02887029288702936
185,185,0.891213389121339,0.8725490196078431,0.9054643596569063,0.9605885832593908,-0.0016736401673638213,0.023849372384937118,0.03765690376569042,0.02175732217573234,0.0046025104602509526,0.07949790794979084,0.006694560669456173,0.028870292887029247,0.2259414225941423,0.03765690376569042,0.06150627615062765,0.016317991631799256
186,186,0.9079497907949791,0.8921568627450981,0.9231366459627328,0.9713102632357291,0.019246861924686054,0.051046025104602544,0.038912133891213396,0.008368200836820217,0.23389121338912144,0.11255230125523008,0.07949790794979072,0.001255230125523088,0.21255230125523006,0.09163179916317987,0.13096234309623433,0.030125523012552224
187,187,0.9288702928870293,0.9137055837563451,0.9381100266193434,0.9764862466725821,0.0008368200836819106,0.025523012552301272,0.02677824267782447,0.015481171548117123,0.018410041841004143,0.04476987447698766,0.009623430962342971,0.008368200836819883,0.015481171548116901,0.05648535564853563,0.06652719665271956,0.014225941422593924
188,188,0.9121338912133892,0.8911917098445595,0.9163708961845608,0.9733067139899438,0.00041841004184117736,0.016317991631799367,0.017573221757322344,0.01213389121338937,0.009623430962343305,0.06652719665271967,0.029288702928870314,-0.004184100418409775,0.33263598326359833,0.07740585774058584,0.06359832635983265,0.026359832635983294
189,189,0.9037656903765691,0.8855721393034826,0.9156684412895593,0.9694616977225673,0.004602510460251286,0.015062761506276057,0.010460251046025215,0.015481171548117012,0.11631799163179923,0.07196652719665275,0.053974895397489564,0.008368200836820217,0.24728033472803346,0.08368200836820094,0.020502092050209253,0.03347280334728042
190,190,0.9246861924686193,0.9081632653061225,0.9326752440106477,0.9738243123336292,0.004184100418409886,0.016317991631799256,0.03305439330543947,0.006694560669455951,-0.00041841004184106634,0.09414225941422594,0.032217573221757445,0.016317991631799256,0.06694560669456073,0.1196652719665271,0.05355648535564861,0.04644351464435159
191,191,0.899581589958159,0.8762886597938144,0.9041333924874297,0.974267968056788,0.003765690376569153,0.006694560669456173,0.00794979079497915,0.0029288702928871313,0.08661087866108774,0.09246861924686178,0.015481171548117123,0.015481171548117123,0.18033472803347272,0.08577405857740583,0.08619246861924701,0.06652719665271967
192,192,0.8493723849372385,0.8,0.836882579118604,0.941511387163561,0.005439330543933196,0.006694560669456173,0.0058577405857740406,0.003765690376569042,-0.0020920502092049986,0.016317991631799256,0.015062761506276168,0.017991631799163188,-0.0071129707112969065,0.012133891213389258,0.014225941422594257,0.01673640167364021
193,193,0.8619246861924686,0.847926267281106,0.8877551020408163,0.95955338657202,-0.0033472803347279756,0.021338912133891275,-0.010460251046025215,-0.017991631799162966,0.09372384937238498,0.07071129707112966,0.025104602510460317,-0.012552301255230214,0.16150627615062763,0.09163179916317998,0.030125523012552335,-0.00041841004184106634
194,194,0.9163179916317992,0.900990099009901,0.9299393670511682,0.9745637385388939,0.0058577405857738185,0.04769874476987446,0.024267782426778295,0.022175732217573296,0.01506276150627639,0.06317991631799169,0.03933054393305446,0.0071129707112971285,0.2594142259414227,0.08995815899581583,0.0493723849372385,0.05774058577405872
195,195,0.9037656903765691,0.8844221105527639,0.9136350192250813,0.9710144927536233,-0.006694560669456284,0.023430962343096273,-0.0004184100418409553,0.01297071129707128,0.07573221757322168,0.11213389121338901,0.003765690376569264,-0.008368200836819883,0.18451882845188294,0.07573221757322168,0.09958158995815902,-0.0046025104602509526
196,196,0.8619246861924686,0.835820895522388,0.8714877255249927,0.9416592724046139,-0.004184100418409997,1.1102230246251565e-16,-0.0020920502092049986,1.1102230246251565e-16,-0.005439330543932974,0.003765690376569153,0.004602510460251175,0.0016736401673641543,0.0619246861924686,0.001255230125523199,0.001255230125523199,-0.004184100418409997
197,197,0.9121338912133892,0.8955223880597015,0.9245045844424726,0.9758947057083703,0.0016736401673641543,0.03054393305439329,0.010460251046025215,0.012970711297071391,0.0029288702928867982,0.05439330543933063,0.06317991631799169,0.014644351464435323,0.3468619246861926,0.11882845188284519,0.07322175732217584,0.08410041841004179
198,198,0.899581589958159,0.8846153846153846,0.9183673469387755,0.967834960070985,-0.004602510460251064,0.01757322175732212,0.03179916317991627,0.003765690376569153,0.02970711297071127,0.05564853556485361,0.01087866108786617,-0.008786610878661172,0.08368200836820083,0.0514644351464435,0.03472803347280329,0.03891213389121351
199,199,0.899581589958159,0.88,0.9102336586808637,0.9635462880804496,1.1102230246251565e-16,0.010460251046025104,0.003765690376569153,0.004602510460251175,-0.0016736401673638213,0.0514644351464435,0.022175732217573074,0.003765690376569153,0.05062761506276148,0.04435146443514648,0.05313807531380743,0.033891213389121266
200,200,0.8828451882845189,0.8666666666666667,0.9027284826974268,0.9614758947057084,0.013389121338912235,0.005857740585774152,0.0058577405857740406,-0.00878661087866095,0.008786610878661172,0.07029288702928871,0.02970711297071138,0.0,0.07907949790794988,0.02384937238493734,0.022175732217573407,0.023430962343096384
201,201,0.9079497907949791,0.8910891089108911,0.9211032238982549,0.9681307305530907,0.0033472803347280866,0.03723849372384935,0.030125523012552224,0.00711297071129724,0.04435146443514659,0.04058577405857744,0.07405857740585775,0.01966527196652701,0.16527196652719656,0.08451882845188274,0.10669456066945604,0.06987447698744775
202,202,0.899581589958159,0.8811881188118812,0.9122670807453416,0.9738243123336291,1.1102230246251565e-16,0.004184100418410108,0.03765690376569042,0.02468619246861925,0.007531380753138084,0.06694560669456062,0.00794979079497915,-0.0008368200836819106,0.40334728033472805,0.04853556485355648,0.04225941422594148,0.07991631799163157
203,203,0.8870292887029289,0.8708133971291866,0.9061298432416445,0.9611801242236024,-0.0016736401673639323,0.01882845188284521,-0.001255230125522977,0.0020920502092049986,0.22343096234309623,0.07824267782426786,0.014644351464435212,-0.009205020920502016,0.3171548117154812,0.09414225941422583,0.12552301255230114,-0.0071129707112970175
204,204,0.899581589958159,0.8846153846153846,0.9183673469387755,0.972863058266785,0.00041841004184117736,0.02635983263598307,0.012552301255230103,-0.0058577405857740406,0.1133891213389121,0.08117154811715466,0.02970711297071127,0.008786610878661172,0.08535564853556477,0.10627615062761508,0.06903765690376562,0.012133891213388925
205,205,0.9372384937238494,0.9238578680203046,0.9469461697722568,0.9751552795031055,0.00962343096234286,0.01589958158995808,0.055648535564853496,0.02761506276150616,0.19414225941422592,0.08493723849372392,0.03765690376569053,0.011297071129707015,0.2912133891213389,0.11213389121338901,0.06276150627615074,0.007531380753138084
206,206,0.8577405857740585,0.826530612244898,0.8619860987873411,0.9331558710440697,-0.0029288702928869093,-0.0008368200836819106,0.0020920502092049986,-0.0008368200836819106,-0.005439330543932974,0.009623430962343082,0.0058577405857740406,0.002510460251046065,0.006694560669456062,0.002510460251046065,0.0008368200836820217,0.002510460251046065
207,207,0.899581589958159,0.8846153846153846,0.9183673469387755,0.9707926648920439,0.00502092050209213,0.025523012552301272,0.010460251046025104,0.005439330543933085,0.1502092050209205,0.09037656903765678,0.053974895397489675,0.004184100418410108,0.27280334728033473,0.12050209205020912,0.08661087866108774,0.046861924686192435
208,208,0.899581589958159,0.8846153846153846,0.9183673469387755,0.9713102632357291,0.0016736401673641543,0.060669456066945626,0.02259414225941425,1.1102230246251565e-16,0.003765690376569153,0.054811715481171475,0.11631799163179912,0.021338912133891275,0.44895397489539757,0.15397489539748943,0.109205020920502,0.032217573221757334
209,209,0.9079497907949791,0.8865979381443299,0.9129695356403431,0.9716799763383615,-0.003765690376568931,0.011715481171548192,0.00041841004184106634,0.01004184100418426,0.12259414225941412,0.04476987447698744,0.056903765690376584,-0.002510460251045954,0.08326359832635977,0.016317991631799256,0.038075313807531375,0.006276150627615107
210,210,0.895397489539749,0.8792270531400966,0.9129325643300799,0.9643596569062408,0.0008368200836821327,0.020502092050209253,-0.0046025104602508415,0.0008368200836821327,0.02468619246861914,0.051882845188284454,-0.002510460251045843,0.011297071129707126,0.20753138075313815,0.05439330543933063,0.012552301255230103,-0.0004184100418408443
211,211,0.8619246861924686,0.8272251308900523,0.8613206152026027,0.9417332150251405,-0.0008368200836817996,0.002510460251046176,0.0008368200836821327,0.001255230125523199,-0.005020920502092019,0.008368200836820106,0.006694560669456173,0.0071129707112971285,0.001255230125522977,0.008368200836820106,0.005439330543933196,0.004602510460251175
212,212,0.9079497907949791,0.8921568627450981,0.9231366459627328,0.9680567879325643,-0.007531380753138306,0.030125523012552446,0.015481171548117234,0.016317991631799256,0.22845188284518836,0.12426778242677827,0.06610878661087871,0.014225941422594257,0.26736401673640153,0.12343096234309625,0.02301255230125543,0.08744769874476988
213,213,0.8786610878661087,0.863849765258216,0.9013605442176871,0.9607364685004437,-0.00711297071129724,0.029288702928870203,0.00041841004184106634,0.037238493723849464,0.1092050209205021,0.057740585774058606,0.07154811715481157,-0.016317991631799034,0.20125523012552304,0.12426778242677827,0.07280334728033477,0.02677824267782425
214,214,0.9037656903765691,0.8878048780487805,0.9197352854185152,0.9695356403430938,-0.004184100418409886,0.007949790794979261,-0.0071129707112969065,0.0029288702928872423,0.0033472803347281976,0.07112970711297073,-0.011297071129707126,-0.006694560669455951,0.10376569037656902,0.07615062761506275,0.02845188284518818,0.008368200836820217
215,215,0.9079497907949791,0.8921568627450981,0.9231366459627328,0.9698314108251997,0.00711297071129724,0.03138075313807542,0.011297071129707237,0.02468619246861925,0.23974895397489537,0.051046025104602544,0.02092050209205021,0.009205020920502238,0.14979079497907943,0.11255230125523008,0.06150627615062754,0.004184100418410219
216,216,0.8661087866108786,0.8446601941747572,0.8809893522626442,0.919698314108252,0.0020920502092049986,0.003765690376569153,0.002510460251045954,0.0033472803347279756,0.011297071129707126,0.011297071129707126,0.011297071129707126,0.010460251046025104,0.010460251046025104,0.00794979079497915,0.013389121338912124,0.00794979079497915
217,217,0.899581589958159,0.88,0.9102336586808637,0.9672434191067731,-0.0004184100418408443,0.012970711297070947,0.004184100418410108,0.013389121338912124,0.04058577405857744,0.0472803347280335,0.02468619246861914,0.020502092050209142,0.1774058577405856,0.07280334728033466,0.05899581589958158,0.0033472803347280866
218,218,0.8410041841004184,0.8,0.8382135462880804,0.9324903874593315,-0.00794979079497904,-0.004184100418410108,-0.013389121338912013,-0.004184100418410108,-0.014225941422594035,-0.004184100418410108,-0.0033472803347278646,-0.008368200836820106,-0.012970711297071058,0.0033472803347280866,-0.0008368200836819106,0.0071129707112971285
219,219,0.9205020920502092,0.9025641025641026,0.927240461401952,0.9648033126293996,0.0004184100418408443,0.012133891213389147,0.041004184100418506,0.02761506276150638,0.01589958158995819,0.09958158995815902,0.03054393305439329,0.012552301255230214,0.25062761506276154,0.10962343096234295,0.07907949790794988,0.01464435146443499
220,220,0.9330543933054394,0.9191919191919192,0.943544809228039,0.9758207630878438,0.0004184100418408443,0.019665271966527342,0.012552301255229992,0.022175732217573185,0.01673640167363999,0.07447698744769893,0.01464435146443499,0.02092050209205043,0.18158995815899592,0.08744769874476988,0.022175732217573407,0.007531380753138084
221,221,0.8661087866108786,0.8446601941747572,0.8809893522626442,0.8970718722271518,-0.001255230125522977,0.006276150627615107,0.004602510460251175,0.003765690376569153,0.0033472803347279756,0.01087866108786617,0.017154811715481166,0.016317991631799145,0.0016736401673639323,0.011715481171548192,0.008368200836820106,0.009623430962343194
222,222,0.8786610878661087,0.861244019138756,0.8972937000887311,0.958592132505176,-0.004184100418410108,0.04937238493723839,0.038075313807531375,0.010460251046025104,0.10794979079497913,0.11004184100418413,0.07196652719665275,0.01966527196652723,0.14518828451882837,0.09539748953974903,0.07405857740585753,0.0682008368200836
223,223,0.9246861924686193,0.9090909090909091,0.9347086660751257,0.9730848861283644,-0.002510460251046065,0.023430962343096495,0.02887029288702947,0.022594142259414474,0.003765690376569264,0.07322175732217573,0.05230125523012541,0.021757322175732452,0.07029288702928882,0.0715481171548118,0.017573221757322233,0.012133891213389258
224,224,0.9079497907949791,0.8888888888888888,0.9170363797692991,0.9752292221236321,0.019246861924686054,-0.0033472803347283087,-0.0033472803347279756,0.011715481171548192,0.41924686192468613,0.12719665271966518,0.059832635983263605,0.006694560669456284,0.21882845188284528,0.04853556485355659,0.1313807531380753,0.10669456066945604
225,225,0.899581589958159,0.88,0.9102336586808637,0.9694616977225674,0.0020920502092051096,0.03430962343096233,0.009205020920502127,-0.0033472803347278646,0.0008368200836821327,0.06778242677824264,0.014644351464435101,0.028033472803347115,0.2594142259414225,0.07824267782426775,0.021338912133891164,0.033054393305439245
226,226,0.9246861924686193,0.9108910891089109,0.9387755102040816,0.9741200828157349,0.012970711297071058,0.025104602510460428,0.055648535564853385,0.030962343096234468,0.06610878661087882,0.09916317991631796,0.07824267782426775,0.013389121338912235,0.298326359832636,0.11087866108786615,0.06861924686192478,0.07740585774058573
227,227,0.895397489539749,0.8768472906403941,0.9088657202011239,0.9725672877846792,0.002510460251046176,0.04184100418410042,0.05271966527196659,0.006276150627615107,0.19079497907949794,0.06234309623430967,0.09707112970711296,0.05062761506276159,0.12426778242677827,0.17573221757322177,0.09832635983263593,0.04225941422594148
228,228,0.9121338912133892,0.8934010152284264,0.9204377403135167,0.9747116237799467,0.005439330543933196,0.020502092050209364,0.02175732217573234,0.016317991631799367,0.16736401673640167,0.08744769874476988,0.07322175732217584,0.005439330543933196,0.11422594142259412,0.05523012552301265,0.023849372384937118,0.03640167364016755
229,229,0.895397489539749,0.8756218905472637,0.9068322981366459,0.9641378290446614,0.013389121338912124,0.021338912133891275,0.03556485355648542,0.01882845188284532,0.1924686192468621,0.14058577405857742,0.10460251046025104,0.030962343096234246,0.3615062761506276,0.10376569037656891,0.14979079497907943,0.08535564853556477
230,230,0.891213389121339,0.87,0.9013975155279503,0.971458148476782,0.0029288702928869093,0.001255230125523088,0.024267782426778295,0.002510460251046176,0.096652719665272,0.1238493723849372,0.07280334728033477,0.028451882845188292,0.44644351464435156,0.1765690376569038,0.0715481171548118,0.06903765690376562
231,231,0.9205020920502092,0.9025641025641026,0.927240461401952,0.9707187222715172,0.009205020920501794,0.03347280334728031,0.04853556485355648,0.022594142259414363,0.1418410041841004,0.11631799163179901,0.08033472803347286,0.05732217573221765,0.16317991631799156,0.10836820083681997,0.08744769874476988,0.0535564853556485
232,232,0.899581589958159,0.883495145631068,0.9163339248742975,0.9657645666962438,0.002510460251046176,0.014644351464435101,0.005857740585774152,0.0008368200836821327,0.010460251046024993,0.11589958158995817,0.025941422594142116,-0.010878661087866393,0.10669456066945593,0.11715481171548114,0.014644351464435101,-0.0008368200836819106
233,233,0.9246861924686193,0.9052631578947369,0.9265749778172139,0.972863058266785,0.00502092050209213,0.017573221757322233,0.014225941422594257,0.015481171548117123,0.056903765690376584,0.04267782426778266,0.024267782426778295,0.03933054393305446,0.060669456066945626,0.053974895397489564,0.057740585774058606,0.012552301255230103
234,234,0.899581589958159,0.8846153846153846,0.9183673469387755,0.9723454599230997,-0.0008368200836819106,0.020502092050209142,0.02677824267782425,0.010460251046025104,0.04351464435146446,0.06652719665271967,0.020502092050209142,-0.0029288702928870203,0.1481171548117155,0.11255230125523008,0.05857740585774063,0.05020920502092041
235,235,0.9330543933054394,0.9183673469387755,0.9415113871635611,0.9696835255841467,-0.001255230125523088,0.015062761506276057,0.029707112970711602,0.01464435146443499,0.06820083682008371,0.05732217573221776,0.032217573221757556,0.00376569037656882,0.19497907949790794,0.09414225941422605,0.0472803347280335,0.007531380753138084
236,236,0.9079497907949791,0.8888888888888888,0.9170363797692991,0.9697574682046732,0.003765690376569264,0.03849372384937244,0.02468619246861925,0.005857740585774263,0.17824267782426773,0.13179916317991636,0.1238493723849372,0.03933054393305435,0.19999999999999996,0.12887029288702934,0.12175732217573221,0.05648535564853552
237,237,0.8702928870292888,0.8502415458937198,0.8864241348713399,0.9426944690919846,0.003765690376569042,0.00502092050209213,0.0058577405857740406,0.0020920502092051096,0.015481171548117234,0.010878661087866281,0.007949790794979261,0.0033472803347280866,0.004602510460251064,0.0071129707112971285,0.01004184100418426,0.007949790794979261
238,238,0.899581589958159,0.8811881188118812,0.9122670807453416,0.9679828453120378,0.005857740585774152,0.021338912133891275,0.008368200836820106,0.012970711297071169,0.15606694560669454,0.1100418410041839,0.0493723849372385,0.01087866108786617,0.2004184100418409,0.09539748953974891,0.07364016736401657,0.03933054393305446
239,239,0.891213389121339,0.8712871287128713,0.9034309375924283,0.967687074829932,-0.0004184100418408443,0.006276150627615107,0.011715481171548081,0.0020920502092051096,0.03682008368200851,0.14560669456066955,0.04937238493723861,0.023012552301255318,0.26317991631799165,0.12552301255230125,0.05062761506276159,0.05104602510460243
240,240,0.8661087866108786,0.8446601941747572,0.8809893522626442,0.9242827565808931,-0.0029288702928870203,-0.001255230125522977,0.0,0.003765690376569153,-0.00041841004184106634,0.008368200836820106,0.007531380753138195,0.001255230125522977,0.006694560669456173,0.009623430962343194,0.005439330543933196,0.0020920502092049986
241,241,0.9079497907949791,0.8932038834951457,0.9251700680272108,0.974120082815735,0.0008368200836820217,0.02092050209205021,0.01380753138075319,0.02970711297071138,0.057740585774058606,0.05648535564853552,0.011297071129707237,0.025523012552301272,0.12677824267782423,0.08912133891213392,0.04142259414225935,0.025104602510460206
242,242,0.8744769874476988,0.8557692307692307,0.8918589174800355,0.9625110913930789,-0.0033472803347278646,0.017573221757322233,0.04184100418410042,0.025941422594142227,0.13723849372384933,0.07071129707112978,0.07782426778242679,0.04435146443514637,0.22677824267782432,0.07405857740585775,0.11924686192468625,0.02175732217573223
243,243,0.9121338912133892,0.8934010152284264,0.9204377403135167,0.9745637385388939,-0.002510460251046176,0.012970711297071391,0.027196652719665315,0.0033472803347281976,0.035146443514644354,0.06945606694560669,0.0527196652719667,0.03389121338912149,0.17322175732217582,0.07489539748953988,0.051882845188284676,0.06861924686192489
244,244,0.895397489539749,0.8792270531400966,0.9129325643300799,0.9589618456078084,0.004184100418410108,0.025104602510460317,0.001255230125523088,-0.0004184100418408443,0.1786610878661088,0.0535564853556485,0.014225941422594257,0.015481171548117345,0.08242677824267775,0.06276150627615062,0.019246861924686165,0.015481171548117123
245,245,0.9163179916317992,0.900990099009901,0.9299393670511682,0.9743419106773143,0.002510460251045843,0.04351464435146446,0.03723849372384935,0.022594142259414363,0.15983263598326358,0.08284518828451881,0.04142259414225946,0.01213389121338937,0.2669456066945607,0.12259414225941412,0.07824267782426786,0.032217573221757334
246,246,0.8577405857740585,0.83,0.866052942916297,0.9325643300798581,-0.004184100418410108,-0.0008368200836819106,0.0016736401673640433,-0.0016736401673639323,-0.0016736401673639323,0.0033472803347280866,0.0033472803347280866,0.0071129707112970175,0.03472803347280318,0.0,0.004602510460251064,-0.0029288702928869093
247,247,0.895397489539749,0.8704663212435233,0.8986986098787341,0.9710144927536232,0.0016736401673641543,0.030962343096234246,0.012133891213389147,0.004184100418410108,0.1564853556485356,0.056903765690376584,0.05941422594142265,0.02970711297071127,0.31129707112970717,0.11715481171548126,0.07489539748953977,0.0514644351464435
248,248,0.891213389121339,0.8737864077669902,0.9074977817213843,0.9670215912451937,0.002510460251046176,0.023012552301255318,0.0033472803347280866,-0.0016736401673638213,0.12133891213389125,0.07824267782426775,0.025941422594142338,0.023012552301255318,0.19790794979079518,0.08953974895397498,0.04644351464435159,0.01297071129707128
249,249,0.8702928870292888,0.845771144278607,0.880323868677906,0.9542295178941141,-0.010041841004183927,0.00711297071129724,-0.004184100418409886,-0.007531380753138084,0.04142259414225946,0.04644351464435137,0.026359832635983405,0.015062761506276279,0.07447698744769882,0.05313807531380754,0.05062761506276159,0.007949790794979261
