,random_seed,accuracy,f1,balanced_acc,auc,feature_importance.lefttop_CO2_scaled,feature_importance.lefttop_CO2_fd1_scaled,feature_importance.lefttop_CO2_fd2_scaled,feature_importance.lefttop_CO2_fd3_scaled
0,0,0.9027237354085603,0.8743718592964824,0.9122200263504612,0.9619894598155468,0.005058365758754846,0.2996108949416343,0.20350194552529188,0.05097276264591444
1,1,0.8988326848249028,0.8712871287128713,0.9115942028985508,0.9679183135704875,0.007003891050583633,0.2455252918287938,0.18171206225680936,0.20000000000000007
2,2,0.8015564202334631,0.7243243243243244,0.7853425559947299,0.9170619235836628,-0.00894941634241242,0.006225680933852118,0.009338521400778177,0.01478599221789878
3,3,0.8910505836575876,0.8613861386138614,0.903129117259552,0.9599472990777338,0.0007782101167315147,0.22918287937743187,0.20389105058365764,0.08287937743190665
4,4,0.9027237354085603,0.8756218905472637,0.9146245059288538,0.9481554677206852,0.0038910505836575737,0.3112840466926071,0.27782101167315165,0.04591439688715937
5,5,0.8988326848249028,0.87,0.909189723320158,0.964361001317523,0.004280155642023331,0.23501945525291823,0.19805447470817128,0.13151750972762655
6,6,0.8988326848249028,0.8712871287128713,0.9115942028985508,0.9687747035573123,-0.0023346303501945442,0.23424124513618672,0.1988326848249028,0.13813229571984442
7,7,0.914396887159533,0.8865979381443299,0.9189064558629776,0.972068511198946,0.008171206225680905,0.14863813229571987,0.1447470817120623,0.07431906614785999
8,8,0.8910505836575876,0.8627450980392157,0.9055335968379447,0.9574440052700922,0.0019455252918287869,0.28443579766536975,0.21361867704280157,0.17626459143968887
9,9,0.8988326848249028,0.8686868686868687,0.9067852437417655,0.9696969696969697,0.0015564202334630295,0.22957198443579763,0.16498054474708168,0.059143968871595454
10,10,0.8910505836575876,0.8613861386138614,0.903129117259552,0.9660737812911726,-0.0019455252918287869,0.23657587548638126,0.16498054474708168,0.07276264591439696
11,11,0.8326848249027238,0.7794871794871795,0.8312252964426877,0.9185111989459817,0.0019455252918288979,0.020233463035019494,0.017509727626459193,0.01206225680933859
12,12,0.8949416342412452,0.8669950738916257,0.9085638998682477,0.9687747035573122,0.013618677042801508,0.20038910505836582,0.10428015564202331,0.07704280155642029
13,13,0.9066147859922179,0.88,0.9176548089591567,0.9660079051383399,0.0077821011673151474,0.21400778210116733,0.15525291828793775,0.07859922178988332
14,14,0.8871595330739299,0.8571428571428571,0.900098814229249,0.9646245059288538,0.003112840466925948,0.28443579766536964,0.3042801556420234,0.261089494163424
15,15,0.7976653696498055,0.7142857142857143,0.7775032938076416,0.9120553359683794,0.0046692607003890885,0.012840466926069993,0.012451361867704236,0.011673151750972721
16,16,0.8093385214007782,0.7407407407407407,0.7986166007905138,0.9177865612648222,-0.00038910505836575737,0.011284046692606964,0.011673151750972721,0.008560311284046662
17,17,0.8949416342412452,0.8669950738916257,0.9085638998682477,0.9723320158102766,0.004280155642023331,0.26303501945525287,0.2070038910505837,0.17003891050583653
18,18,0.9105058365758755,0.8844221105527639,0.9206851119894599,0.9750329380764163,0.010894941634241206,0.20350194552529188,0.14085603112840472,0.14435797665369654
19,19,0.8988326848249028,0.87,0.909189723320158,0.9494729907773387,-0.0015564202334630295,0.2653696498054474,0.2334630350194552,0.1171206225680933
20,20,0.8093385214007782,0.7351351351351352,0.7938076416337285,0.916798418972332,-0.0035019455252918164,0.016731517509727567,0.014396887159533023,0.010116731517509692
21,21,0.8949416342412452,0.8669950738916257,0.9085638998682477,0.9584980237154149,0.0038910505836575737,0.23579766536964974,0.23968871595330732,0.17665369649805462
22,22,0.8326848249027238,0.7772020725388601,0.8288208168642951,0.9228590250329382,0.004280155642023442,0.02373540856031131,0.024902723735408583,0.009338521400778288
23,23,0.8132295719844358,0.7446808510638298,0.8016469038208169,0.9083662714097497,0.01478599221789878,0.03268482490272373,0.024513618677042714,0.02529182879377423
24,24,0.8949416342412452,0.8669950738916257,0.9085638998682477,0.958498023715415,0.0,0.24863813229571996,0.2050583657587549,0.142023346303502
25,25,0.9105058365758755,0.8855721393034826,0.9230895915678524,0.9750329380764163,0.015175097276264538,0.17003891050583653,0.11245136186770421,0.09105058365758756
26,26,0.8054474708171206,0.7282608695652174,0.788372859025033,0.9118577075098814,0.00739299610894939,0.022957198443579796,0.024124513618677068,0.02217898832684828
27,27,0.8910505836575876,0.8613861386138614,0.903129117259552,0.9567193675889327,0.003112840466926059,0.2750972762645916,0.24163424124513622,0.21556420233463036
28,28,0.914396887159533,0.8865979381443299,0.9189064558629776,0.9760869565217392,0.003112840466926059,0.16692607003891047,0.13618677042801564,0.09143968871595332
29,29,0.9105058365758755,0.883248730964467,0.9182806324110672,0.9712121212121212,0.006225680933852118,0.2902723735408561,0.196887159533074,0.08832684824902726
30,30,0.8910505836575876,0.8627450980392157,0.9055335968379447,0.9606719367588934,0.004280155642023331,0.17198443579766542,0.09377431906614786,0.047081712062256864
31,31,0.8015564202334631,0.7243243243243244,0.7853425559947299,0.9079710144927536,-0.0015564202334630295,0.021011673151750898,0.012840466926070104,0.016731517509727678
32,32,0.8015564202334631,0.7243243243243244,0.7853425559947299,0.9131093544137022,0.003112840466926059,0.017509727626459082,0.01050583657587556,0.008560311284046662
33,33,0.8988326848249028,0.8712871287128713,0.9115942028985508,0.9668642951251647,0.0077821011673151474,0.20466926070038916,0.13968871595330745,0.13229571984435806
34,34,0.7976653696498055,0.7142857142857143,0.7775032938076416,0.9086956521739131,0.0011673151750972721,0.02101167315175101,0.020233463035019494,0.015175097276264649
35,35,0.8054474708171206,0.7340425531914894,0.7931818181818182,0.9124505928853756,-0.0019455252918287869,0.02373540856031131,0.02101167315175101,0.012451361867704236
36,36,0.8093385214007782,0.7407407407407407,0.7986166007905138,0.9113965744400526,0.0077821011673151474,0.011673151750972721,0.014396887159533023,0.005836575875486361
37,37,0.9105058365758755,0.8808290155440415,0.913471673254282,0.9637022397891963,0.004280155642023331,0.26420233463035014,0.22101167315175096,0.169260700389105
38,38,0.9066147859922179,0.8787878787878788,0.9152503293807641,0.9601449275362318,0.00894941634241242,0.29260700389105065,0.28521400778210126,0.13229571984435806
39,39,0.8404669260700389,0.7960199004975125,0.8469038208168642,0.9337285902503294,-0.0046692607003890885,0.016731517509727678,0.016731517509727678,0.014007782101167376
40,40,0.8638132295719845,0.8341232227488151,0.8843214756258235,0.9396574440052702,0.016731517509727678,0.014007782101167376,0.02256809338521404,0.019066147859922
41,41,0.914396887159533,0.8854166666666666,0.916501976284585,0.9730566534914361,0.013618677042801508,0.16186770428015562,0.12140077821011663,0.0906614785992218
42,42,0.8988326848249028,0.8712871287128713,0.9115942028985508,0.9754281949934124,0.022568093385213928,0.11361867704280149,0.13035019455252927,0.10389105058365755
43,43,0.914396887159533,0.89,0.9261198945981555,0.9683794466403162,0.012062256809338479,0.19377431906614773,0.14591439688715957,0.13696498054474704
44,44,0.8949416342412452,0.8656716417910447,0.9061594202898551,0.9587615283267457,0.007003891050583633,0.32723735408560317,0.29727626459143974,0.2280155642023346
45,45,0.8054474708171206,0.7311827956989247,0.7907773386034256,0.9111330698287221,-0.0015564202334630295,0.012840466926069993,0.014007782101167265,0.011673151750972721
46,46,0.9027237354085603,0.8743718592964824,0.9122200263504612,0.9709486166007906,0.009338521400778177,0.19221789883268492,0.15097276264591442,0.08443579766536968
47,47,0.8249027237354085,0.7619047619047619,0.8155467720685112,0.921277997364954,0.006225680933852118,0.01945525291828787,0.02062256809338514,0.016731517509727567
48,48,0.9027237354085603,0.8756218905472637,0.9146245059288538,0.9675889328063241,0.015564202334630295,0.17042801556420228,0.13579766536964988,0.07431906614785999
49,49,0.8638132295719845,0.8341232227488151,0.8843214756258235,0.9319499341238472,0.025680933852140098,0.01634241245136192,0.014007782101167376,0.0019455252918286758
50,50,0.8988326848249028,0.8712871287128713,0.9115942028985508,0.9718050065876154,0.0035019455252918164,0.24863813229571996,0.15875486381322956,0.16186770428015562
51,51,0.8949416342412452,0.8669950738916257,0.9085638998682477,0.9638339920948616,0.00739299610894939,0.2583657587548639,0.22840466926070035,0.09805447470817119
52,52,0.8910505836575876,0.8627450980392157,0.9055335968379447,0.9595520421607378,0.0019455252918287869,0.23501945525291834,0.1887159533073931,0.13852140077821018
53,53,0.8210116731517509,0.7553191489361702,0.8101119894598156,0.9183135704874836,0.0015564202334630295,0.021011673151750898,0.017509727626459082,0.015175097276264538
54,54,0.8949416342412452,0.8669950738916257,0.9085638998682477,0.9708168642951251,0.00739299610894939,0.19182879377431916,0.16225680933852138,0.05330739299610898
55,55,0.8326848249027238,0.7794871794871795,0.8312252964426877,0.9163372859025034,0.005447470817120714,0.0311284046692607,0.029182879377431914,0.03618677042801555
56,56,0.8949416342412452,0.8656716417910447,0.9061594202898551,0.9682476943346509,0.0038910505836575737,0.2315175097276264,0.2070038910505837,0.17821011673151754
57,57,0.8093385214007782,0.7379679144385026,0.7962121212121211,0.9129776021080369,-0.0023346303501945442,0.021400778210116767,0.021011673151750898,0.015564202334630295
58,58,0.9066147859922179,0.8787878787878788,0.9152503293807641,0.9557312252964427,0.0027237354085603016,0.19105058365758765,0.11478599221789876,0.05369649805447474
59,59,0.8015564202334631,0.7272727272727273,0.7877470355731224,0.9083662714097497,0.008171206225680905,0.013229571984435862,0.01634241245136192,0.007003891050583633
60,60,0.8054474708171206,0.7311827956989247,0.7907773386034256,0.913768115942029,-0.0019455252918287869,0.02101167315175101,0.018287937743190597,0.015953307392996052
61,61,0.8599221789883269,0.8301886792452831,0.8812911725955204,0.930764163372859,0.022957198443579796,0.005836575875486472,0.0015564202334629185,0.005447470817120714
62,62,0.8054474708171206,0.7340425531914894,0.7931818181818182,0.9146245059288538,-0.005058365758754846,0.017120622568093324,0.013229571984435862,0.0035019455252918164
63,63,0.8093385214007782,0.7351351351351352,0.7938076416337285,0.9178524374176549,-0.004280155642023331,0.01906614785992211,0.018677042801556354,0.014007782101167265
64,64,0.7976653696498055,0.7204301075268817,0.7823122529644269,0.9008563899868248,0.0035019455252918164,0.015175097276264649,0.014396887159533134,0.017509727626459193
65,65,0.8326848249027238,0.7794871794871795,0.8312252964426877,0.930368906455863,-0.006614785992217875,0.014396887159533134,0.020233463035019494,0.010116731517509803
66,66,0.8949416342412452,0.8695652173913043,0.913372859025033,0.9704874835309618,0.014007782101167265,0.17431906614786008,0.13307392996108958,0.08715953307392998
67,67,0.8988326848249028,0.8712871287128713,0.9115942028985508,0.9619894598155467,-0.0007782101167315147,0.20077821011673158,0.16887159533073925,0.13968871595330745
68,68,0.8988326848249028,0.8725490196078431,0.9139986824769433,0.9675889328063242,0.01945525291828787,0.17354085603112834,0.12529182879377443,0.13774319066147866
69,69,0.8988326848249028,0.87,0.909189723320158,0.9575757575757576,-0.00038910505836575737,0.18677042801556432,0.1575875486381323,0.0595330739299611
70,70,0.8249027237354085,0.7668393782383419,0.8203557312252965,0.9215415019762847,-0.0007782101167315147,0.01945525291828787,0.023346303501945442,0.015564202334630295
71,71,0.8443579766536965,0.797979797979798,0.8475296442687748,0.9280632411067194,0.0035019455252918164,0.03229571984435797,0.025680933852140098,0.03268482490272373
72,72,0.914396887159533,0.8865979381443299,0.9189064558629776,0.967193675889328,0.011284046692606964,0.34007782101167316,0.30000000000000004,0.22373540856031127
73,73,0.9027237354085603,0.8743718592964824,0.9122200263504612,0.9575098814229248,0.009727626459143934,0.2774319066147861,0.222568093385214,0.15330739299610896
74,74,0.8054474708171206,0.7311827956989247,0.7907773386034256,0.9150856389986824,0.005836575875486361,0.012840466926069993,0.011284046692606964,0.008171206225680905
75,75,0.8443579766536965,0.801980198019802,0.85233860342556,0.930171277997365,-0.0019455252918287869,0.014785992217898891,0.008560311284046662,0.014396887159533134
76,76,0.9027237354085603,0.8780487804878049,0.9194334650856391,0.9705533596837945,0.004280155642023331,0.2206225680933852,0.1455252918287938,0.14319066147859927
77,77,0.8054474708171206,0.7282608695652174,0.788372859025033,0.9151515151515152,0.0023346303501945442,0.015175097276264538,0.011673151750972721,0.010116731517509692
78,78,0.9105058365758755,0.8844221105527639,0.9206851119894599,0.9710144927536232,0.00739299610894939,0.19649805447470825,0.20000000000000007,0.06809338521400787
79,79,0.9105058365758755,0.882051282051282,0.9158761528326747,0.9740447957839262,-0.0046692607003890885,0.17509727626459137,0.12996108949416352,0.10116731517509725
80,80,0.8210116731517509,0.7578947368421053,0.8125164690382082,0.9158761528326747,-0.0007782101167315147,0.025680933852139987,0.0264591439688715,0.02217898832684817
81,81,0.914396887159533,0.8888888888888888,0.9237154150197628,0.9694993412384717,0.017509727626459082,0.18365758754863803,0.17821011673151743,0.0933852140077821
82,82,0.8210116731517509,0.7628865979381443,0.8173254281949934,0.9226613965744401,-0.0077821011673151474,0.015564202334630295,0.012840466926069993,0.0046692607003890885
83,83,0.8560311284046692,0.8229665071770335,0.8734519104084322,0.9329380764163373,0.005836575875486361,0.05447470817120614,0.04863813229571978,0.02217898832684828
84,84,0.9027237354085603,0.8756218905472637,0.9146245059288538,0.9686429512516468,0.004280155642023331,0.2867704280155643,0.17276264591439683,0.0852140077821012
85,85,0.8910505836575876,0.8627450980392157,0.9055335968379447,0.9611989459815546,0.008560311284046662,0.32023346303501954,0.2334630350194552,0.15603112840466926
86,86,0.8988326848249028,0.8686868686868687,0.9067852437417655,0.9687747035573122,-0.0011673151750972721,0.188715953307393,0.14319066147859927,0.1163424124513619
87,87,0.8560311284046692,0.8262910798122066,0.8782608695652174,0.8884057971014493,0.021789883268482413,0.0027237354085603016,0.00739299610894939,0.004280155642023331
88,88,0.8988326848249028,0.8712871287128713,0.9115942028985508,0.9673913043478262,0.0019455252918287869,0.16809338521400774,0.13073929961089503,0.04708171206225664
89,89,0.8210116731517509,0.7628865979381443,0.8173254281949934,0.9239789196310936,-0.005836575875486361,0.009727626459143934,0.02062256809338514,0.0038910505836575737
90,90,0.8949416342412452,0.8656716417910447,0.9061594202898551,0.966600790513834,-0.0007782101167315147,0.22957198443579763,0.19182879377431916,0.10077821011673149
91,91,0.9105058365758755,0.8855721393034826,0.9230895915678524,0.969433465085639,0.04007782101167301,0.2143968871595331,0.18560311284046693,0.04319066147859929
92,92,0.8910505836575876,0.8627450980392157,0.9055335968379447,0.9669301712779973,0.0015564202334630295,0.23112840466926066,0.19027237354085613,0.1035019455252918
93,93,0.9105058365758755,0.883248730964467,0.9182806324110672,0.9650856389986824,0.006614785992217875,0.29922178988326853,0.22645914396887157,0.20311284046692613
94,94,0.8132295719844358,0.7446808510638298,0.8016469038208169,0.9163372859025034,0.0027237354085603016,0.01634241245136181,0.015175097276264538,0.007003891050583633
95,95,0.8910505836575876,0.8627450980392157,0.9055335968379447,0.9705533596837945,0.0035019455252918164,0.2677042801556422,0.21322957198443582,0.1630350194552529
96,96,0.8443579766536965,0.8,0.8499341238471674,0.9220026350461134,0.008171206225681016,0.030350194552529186,0.02217898832684828,0.033852140077821
97,97,0.8910505836575876,0.86,0.9007246376811595,0.9569169960474307,-0.0027237354085603016,0.3424124513618677,0.3097276264591441,0.20622568093385218
98,98,0.9105058365758755,0.883248730964467,0.9182806324110672,0.9728590250329381,0.008171206225680905,0.29455252918287933,0.22178988326848248,0.15136186770428017
99,99,0.9066147859922179,0.8787878787878788,0.9152503293807641,0.9664031620553359,0.003112840466926059,0.3252918287937744,0.20661478599221794,0.0988326848249027
100,100,0.8560311284046692,0.8177339901477833,0.8662384716732543,0.9241765480895916,0.019844357976653626,0.027237354085603127,0.029182879377431914,0.023346303501945553
101,101,0.8638132295719845,0.8356807511737089,0.886725955204216,0.924110671936759,0.01789883268482495,0.006614785992217986,0.012451361867704125,0.010505836575875338
102,102,0.9105058365758755,0.883248730964467,0.9182806324110672,0.9566534914361001,0.0035019455252918164,0.2361867704280155,0.169260700389105,0.06887159533073928
103,103,0.8093385214007782,0.7407407407407407,0.7986166007905138,0.9194993412384718,-0.0027237354085603016,0.016731517509727567,0.015564202334630295,0.008560311284046662
104,104,0.8443579766536965,0.797979797979798,0.8475296442687748,0.9223320158102768,0.0019455252918287869,0.03463035019455252,0.039299610894941606,0.04474708171206221
105,105,0.8093385214007782,0.7351351351351352,0.7938076416337285,0.9212779973649539,0.0015564202334630295,0.018677042801556354,0.015175097276264538,0.016731517509727567
106,106,0.867704280155642,0.8380952380952381,0.8873517786561265,0.9351778656126483,0.02996108949416343,0.02217898832684828,0.026459143968871612,0.03463035019455263
107,107,0.8988326848249028,0.8712871287128713,0.9115942028985508,0.972266139657444,0.014007782101167265,0.1225680933852139,0.11673151750972766,0.06731517509727636
108,108,0.8015564202334631,0.7272727272727273,0.7877470355731224,0.9117259552042161,0.0,0.018677042801556465,0.012451361867704236,0.00739299610894939
109,109,0.8015564202334631,0.7243243243243244,0.7853425559947299,0.9165349143610013,-0.00894941634241242,0.01789883268482495,0.012840466926069993,0.01789883268482484
110,110,0.8949416342412452,0.8656716417910447,0.9061594202898551,0.9665349143610014,-0.0015564202334630295,0.33852140077821014,0.28171206225680945,0.22178988326848248
111,111,0.9066147859922179,0.88,0.9176548089591567,0.9556653491436101,0.005836575875486361,0.28988326848249035,0.2509727626459144,0.20933852140077824
112,112,0.8910505836575876,0.8627450980392157,0.9055335968379447,0.966205533596838,0.0027237354085603016,0.19844357976653704,0.15330739299610896,0.13035019455252927
113,113,0.8988326848249028,0.87,0.909189723320158,0.9670619235836627,0.010116731517509692,0.14863813229571987,0.11984435797665383,0.07470817120622575
114,114,0.8015564202334631,0.7182320441988951,0.7805335968379447,0.9160737812911726,-0.0007782101167315147,0.015175097276264649,0.014396887159533134,0.0077821011673151474
115,115,0.9066147859922179,0.88,0.9176548089591567,0.9695652173913043,0.012062256809338479,0.2178988326848249,0.14785992217898836,0.09494163424124513
116,116,0.8988326848249028,0.8725490196078431,0.9139986824769433,0.9664031620553359,0.005447470817120603,0.1501945525291829,0.08093385214007787,0.03540856031128414
117,117,0.8171206225680934,0.7513227513227513,0.8070816864295125,0.9193675889328063,-0.005836575875486361,0.01945525291828787,0.02062256809338514,0.01322957198443575
118,118,0.8365758754863813,0.7857142857142857,0.8366600790513834,0.9333992094861661,-0.0035019455252918164,0.024513618677042825,0.019066147859922222,0.017509727626459193
119,119,0.8093385214007782,0.7407407407407407,0.7986166007905138,0.9191699604743083,0.0035019455252918164,0.011673151750972721,0.0077821011673151474,0.00038910505836575737
120,120,0.9105058365758755,0.8795811518324608,0.9110671936758893,0.9447957839262187,-0.0077821011673152585,0.22723735408560308,0.16186770428015562,0.07315175097276272
121,121,0.9105058365758755,0.883248730964467,0.9182806324110672,0.9720026350461133,0.0077821011673151474,0.2252918287937743,0.18015564202334622,0.1373540856031129
122,122,0.933852140077821,0.9109947643979057,0.9364624505928854,0.9679841897233202,0.01478599221789878,0.21945525291828794,0.11984435797665371,0.10739299610894948
123,123,0.8015564202334631,0.7213114754098361,0.7829380764163373,0.9129117259552043,0.009727626459143934,0.01322957198443575,0.015953307392996163,0.012451361867704236
124,124,0.8988326848249028,0.87,0.909189723320158,0.9648221343873518,-0.0023346303501945442,0.1914396887159534,0.1447470817120623,0.01945525291828787
125,125,0.9105058365758755,0.8855721393034826,0.9230895915678524,0.9741765480895915,0.013618677042801508,0.2739299610894941,0.13618677042801564,0.12217898832684815
126,126,0.9027237354085603,0.8743718592964824,0.9122200263504612,0.958498023715415,0.0,0.25058365758754864,0.22295719844357975,0.188715953307393
127,127,0.9027237354085603,0.8780487804878049,0.9194334650856391,0.9725955204216075,0.009338521400778177,0.1867704280155642,0.1319066147859923,0.07821011673151756
128,128,0.8326848249027238,0.7817258883248731,0.8336297760210805,0.9291831357048749,-0.006225680933852118,0.018677042801556465,0.017120622568093435,-0.0015564202334629185
129,129,0.8171206225680934,0.7486631016042781,0.8046772068511199,0.9212121212121213,-0.0035019455252918164,0.01945525291828787,0.01478599221789878,0.012062256809338479
130,130,0.8988326848249028,0.87,0.909189723320158,0.9675230566534914,0.008560311284046662,0.18171206225680936,0.18093385214007784,0.1373540856031129
131,131,0.8949416342412452,0.8656716417910447,0.9061594202898551,0.9490777338603427,0.0023346303501945442,0.3058365758754865,0.23112840466926066,0.1575875486381323
132,132,0.8015564202334631,0.7182320441988951,0.7805335968379447,0.9192358366271409,-0.0038910505836575737,0.014007782101167376,0.01322957198443575,0.013618677042801619
133,133,0.7976653696498055,0.717391304347826,0.7799077733860342,0.9127799736495389,-0.003112840466926059,0.011673151750972832,0.009727626459143934,0.006614785992217875
134,134,0.8910505836575876,0.8627450980392157,0.9055335968379447,0.9623188405797101,0.0,0.28365758754863823,0.24319066147859936,0.11867704280155655
135,135,0.8365758754863813,0.78125,0.8318511198945981,0.9234519104084322,0.007392996108949501,0.022957198443579796,0.025680933852140098,0.015953307392996163
136,136,0.8093385214007782,0.7379679144385026,0.7962121212121211,0.9115942028985508,-0.0015564202334630295,0.017509727626459082,0.012840466926069993,0.006614785992217875
137,137,0.8910505836575876,0.8627450980392157,0.9055335968379447,0.9681159420289855,0.0046692607003890885,0.3260700389105059,0.2747081712062258,0.12879377431906625
138,138,0.8093385214007782,0.7407407407407407,0.7986166007905138,0.907114624505929,0.0027237354085603016,0.02529182879377423,0.026459143968871612,0.021789883268482413
139,139,0.8910505836575876,0.8613861386138614,0.903129117259552,0.9716073781291172,0.00038910505836575737,0.16070038910505835,0.17626459143968887,0.10116731517509725
140,140,0.8871595330739299,0.8585365853658536,0.9025032938076416,0.9682476943346509,-0.0011673151750973831,0.22256809338521388,0.14863813229571976,0.11284046692607008
141,141,0.8093385214007782,0.7407407407407407,0.7986166007905138,0.9165349143610013,0.006225680933852118,0.012840466926069993,0.00894941634241242,0.00739299610894939
142,142,0.8988326848249028,0.8712871287128713,0.9115942028985508,0.963965744400527,0.008171206225680905,0.09805447470817119,0.11478599221789887,0.08677042801556423
143,143,0.8871595330739299,0.8585365853658536,0.9025032938076416,0.9664690382081688,0.006614785992217764,0.26342412451361874,0.22178988326848237,0.1591439688715952
144,144,0.9066147859922179,0.88,0.9176548089591567,0.9592226613965744,0.004280155642023331,0.2536964980544746,0.18638132295719845,0.17470817120622562
145,145,0.7976653696498055,0.717391304347826,0.7799077733860342,0.9121212121212122,-0.0019455252918287869,0.015953307392996163,0.016731517509727678,0.014396887159533134
146,146,0.9027237354085603,0.8743718592964824,0.9122200263504612,0.9697628458498023,0.0023346303501945442,0.20077821011673158,0.17743190661478592,0.15953307392996108
147,147,0.8560311284046692,0.8177339901477833,0.8662384716732543,0.9272068511198946,0.012840466926069993,0.033463035019455245,0.04046692607003888,0.03579766536964979
148,148,0.8949416342412452,0.8682926829268293,0.9109683794466403,0.9719367588932806,0.0035019455252918164,0.1859922178988328,0.13891050583657594,0.10583657587548645
149,149,0.8054474708171206,0.7282608695652174,0.788372859025033,0.9162714097496707,0.004280155642023331,0.015953307392996052,0.012451361867704236,0.0019455252918287869
150,150,0.8015564202334631,0.7272727272727273,0.7877470355731224,0.9073122529644269,0.006225680933852118,0.025680933852140098,0.031128404669260812,0.020622568093385252
151,151,0.8015564202334631,0.7272727272727273,0.7877470355731224,0.9031620553359685,0.005447470817120603,0.015953307392996163,0.013618677042801508,0.010894941634241206
152,152,0.9027237354085603,0.8780487804878049,0.9194334650856391,0.9703557312252964,0.008560311284046662,0.20311284046692613,0.14669260700389108,0.09143968871595332
153,153,0.8949416342412452,0.864321608040201,0.9037549407114625,0.9674571805006589,0.006225680933852118,0.25447470817120643,0.24241245136186773,0.18910505836575886
154,154,0.9105058365758755,0.8866995073891626,0.925494071146245,0.9675230566534914,0.010116731517509692,0.13307392996108958,0.06809338521400776,0.07626459143968878
155,155,0.9027237354085603,0.8743718592964824,0.9122200263504612,0.9573781291172595,0.00038910505836575737,0.23268482490272369,0.20272373540856037,0.1225680933852139
156,156,0.9066147859922179,0.8775510204081632,0.9128458498023715,0.9703557312252964,0.0019455252918287869,0.18793774319066148,0.16498054474708168,0.07470817120622575
157,157,0.8988326848249028,0.8712871287128713,0.9115942028985508,0.9567193675889327,-0.0015564202334630295,0.2785992217898834,0.2361867704280155,0.05797665369649818
158,158,0.7976653696498055,0.7204301075268817,0.7823122529644269,0.9135046113306983,-0.0007782101167315147,0.012451361867704347,0.010505836575875449,0.0011673151750972721
159,159,0.8171206225680934,0.7513227513227513,0.8070816864295125,0.9237154150197628,0.0019455252918287869,0.019844357976653626,0.01945525291828787,0.019844357976653626
160,160,0.7976653696498055,0.7204301075268817,0.7823122529644269,0.897562582345191,0.0011673151750972721,0.014785992217898891,0.008171206225680905,0.0
161,161,0.9027237354085603,0.8717948717948718,0.9074110671936759,0.9546772068511199,-0.0035019455252918164,0.2645914396887159,0.21128404669260703,0.13540856031128412
162,162,0.8988326848249028,0.87,0.909189723320158,0.9685770750988143,0.0038910505836575737,0.17898832684824906,0.12451361867704291,0.05525291828793777
163,163,0.8171206225680934,0.7486631016042781,0.8046772068511199,0.9165349143610013,-0.0007782101167315147,0.017120622568093324,0.019844357976653626,0.015564202334630295
164,164,0.8132295719844358,0.7446808510638298,0.8016469038208169,0.9127799736495389,-0.0011673151750972721,0.021400778210116655,0.02062256809338514,0.01634241245136181
165,165,0.8560311284046692,0.8229665071770335,0.8734519104084322,0.9380105401844533,0.012840466926069993,0.010505836575875449,0.021400778210116767,0.008560311284046662
166,166,0.8949416342412452,0.8669950738916257,0.9085638998682477,0.9708827404479577,0.017509727626459082,0.2198443579766537,0.1630350194552529,0.05252918287937747
167,167,0.8171206225680934,0.7539267015706806,0.8094861660079051,0.9119894598155468,-0.0015564202334630295,0.028793774319066046,0.012062256809338479,0.012451361867704236
168,168,0.9027237354085603,0.8756218905472637,0.9146245059288538,0.9745718050065876,0.0264591439688715,0.15175097276264593,0.11712062256809341,0.06926070038910515
169,169,0.8132295719844358,0.7446808510638298,0.8016469038208169,0.9156785243741766,0.0011673151750972721,0.0237354085603112,0.018677042801556354,0.014007782101167265
170,170,0.8171206225680934,0.7513227513227513,0.8070816864295125,0.9177865612648222,-0.00038910505836575737,0.022957198443579685,0.01634241245136181,0.01322957198443575
171,171,0.9027237354085603,0.8756218905472637,0.9146245059288538,0.9693675889328063,0.010894941634241206,0.23774319066147853,0.18910505836575886,0.12451361867704291
172,172,0.8015564202334631,0.7272727272727273,0.7877470355731224,0.9065217391304349,-0.004280155642023331,0.010116731517509803,0.01634241245136192,0.007003891050583633
173,173,0.9027237354085603,0.8743718592964824,0.9122200263504612,0.9608695652173912,0.005447470817120603,0.29533073929961096,0.19922178988326855,0.09455252918287937
174,174,0.8560311284046692,0.8229665071770335,0.8734519104084322,0.9241765480895916,0.0046692607003890885,0.023346303501945553,0.024902723735408583,0.02373540856031131
175,175,0.914396887159533,0.8877551020408163,0.9213109354413702,0.9608036890645586,0.0035019455252918164,0.24202334630350186,0.13540856031128412,0.07937743190661484
176,176,0.8287937743190662,0.7731958762886598,0.825790513833992,0.9285902503293808,-0.005058365758754735,0.019844357976653737,0.026459143968871612,0.024513618677042825
177,177,0.8715953307392996,0.8450704225352113,0.8951910408432148,0.9484189723320157,0.007003891050583522,0.07743190661478594,0.06848249027237352,0.04435797665369656
178,178,0.8988326848249028,0.87,0.909189723320158,0.9623188405797101,-0.0023346303501945442,0.24669260700389106,0.24007782101167308,0.13501945525291836
179,179,0.8132295719844358,0.7419354838709677,0.7992424242424243,0.9233860342555995,-0.004280155642023331,0.0237354085603112,0.017120622568093324,0.015175097276264538
180,180,0.8988326848249028,0.8725490196078431,0.9139986824769433,0.9682476943346509,0.00894941634241242,0.18171206225680936,0.17509727626459137,0.1739299610894941
181,181,0.8093385214007782,0.7351351351351352,0.7938076416337285,0.9189064558629777,-0.0023346303501945442,0.014396887159533023,0.01789883268482484,0.017509727626459082
182,182,0.9066147859922179,0.8787878787878788,0.9152503293807641,0.969433465085639,0.011673151750972721,0.2517509727626458,0.1961089494163425,0.17159533073929956
183,183,0.8365758754863813,0.7857142857142857,0.8366600790513834,0.9308300395256918,0.0015564202334631405,0.020233463035019494,0.011284046692607075,0.009338521400778288
184,184,0.9066147859922179,0.88,0.9176548089591567,0.9694993412384717,0.014007782101167265,0.27042801556420226,0.24319066147859913,0.13852140077821018
185,185,0.8949416342412452,0.8656716417910447,0.9061594202898551,0.9684453227931489,-0.00038910505836575737,0.1521400778210117,0.11517509727626474,0.09143968871595332
186,186,0.9027237354085603,0.8743718592964824,0.9122200263504612,0.9713438735177865,0.012840466926069993,0.15953307392996108,0.1136186770428016,0.10311284046692604
187,187,0.8638132295719845,0.8341232227488151,0.8843214756258235,0.930566534914361,0.02256809338521404,0.01050583657587556,0.013229571984435862,0.02101167315175101
188,188,0.9066147859922179,0.8787878787878788,0.9152503293807641,0.9652173913043478,0.010505836575875449,0.1840466926070038,0.16070038910505835,0.10194552529182876
189,189,0.9027237354085603,0.8743718592964824,0.9122200263504612,0.9700922266139658,0.0046692607003890885,0.2571984435797665,0.16809338521400774,0.11673151750972754
190,190,0.914396887159533,0.89,0.9261198945981555,0.978722002635046,0.008171206225680905,0.20116731517509723,0.1556420233463035,0.1171206225680933
191,191,0.8210116731517509,0.7604166666666666,0.8149209486166007,0.9150856389986826,0.00038910505836575737,0.017120622568093324,0.022957198443579685,0.022957198443579685
192,192,0.8482490272373541,0.8097560975609757,0.8601778656126482,0.9318181818181819,-0.00038910505836575737,0.019844357976653737,0.04747081712062251,0.018287937743190708
193,193,0.8093385214007782,0.7379679144385026,0.7962121212121211,0.91133069828722,0.0035019455252918164,0.022957198443579796,0.018287937743190597,0.014007782101167265
194,194,0.8638132295719845,0.8341232227488151,0.8843214756258235,0.9333992094861661,0.023346303501945553,0.017120622568093435,0.019066147859922222,0.007003891050583744
195,195,0.8560311284046692,0.8262910798122066,0.8782608695652174,0.9339262187088275,0.014007782101167265,0.0046692607003890885,0.006614785992217875,0.009727626459143934
196,196,0.8988326848249028,0.8712871287128713,0.9115942028985508,0.9710803689064559,-0.00038910505836575737,0.13501945525291836,0.09143968871595332,0.07042801556420242
197,197,0.8132295719844358,0.7446808510638298,0.8016469038208169,0.9172595520421608,0.0011673151750972721,0.01945525291828787,0.0237354085603112,0.013618677042801508
198,198,0.8210116731517509,0.7604166666666666,0.8149209486166007,0.9225296442687747,-0.0027237354085603016,0.01322957198443575,0.01945525291828787,0.00894941634241242
199,199,0.8910505836575876,0.8613861386138614,0.903129117259552,0.9693017127799736,0.0007782101167315147,0.17548638132295735,0.08715953307392998,0.13579766536964988
200,200,0.8521400778210116,0.819047619047619,0.8704216073781291,0.9351778656126483,0.009338521400778177,0.012451361867704236,0.01634241245136192,0.004280155642023331
201,201,0.9066147859922179,0.8787878787878788,0.9152503293807641,0.9702239789196311,0.011673151750972721,0.24669260700389095,0.1712062256809338,0.13424124513618685
202,202,0.8988326848249028,0.8737864077669902,0.9164031620553359,0.9644927536231884,0.008560311284046662,0.1961089494163425,0.15175097276264593,0.09999999999999998
203,203,0.8910505836575876,0.8640776699029126,0.9079380764163373,0.9712779973649539,0.010505836575875449,0.11828793774319069,0.11011673151750978,0.07392996108949423
204,204,0.8988326848249028,0.87,0.909189723320158,0.9519762845849803,-0.0015564202334630295,0.25875486381322954,0.19182879377431916,0.09299610894941635
205,205,0.8015564202334631,0.7213114754098361,0.7829380764163373,0.9164690382081687,0.003112840466926059,0.01206225680933859,0.011673151750972721,0.0035019455252918164
206,206,0.8132295719844358,0.7419354838709677,0.7992424242424243,0.9185111989459817,0.0023346303501945442,0.015953307392996052,0.019844357976653626,0.017509727626459082
207,207,0.8988326848249028,0.8712871287128713,0.9115942028985508,0.958695652173913,0.004280155642023331,0.29727626459143974,0.23307392996108944,0.13774319066147866
208,208,0.8910505836575876,0.8640776699029126,0.9079380764163373,0.9691699604743084,0.005836575875486361,0.22996108949416338,0.24863813229571985,0.2089494163424125
209,209,0.8988326848249028,0.8737864077669902,0.9164031620553359,0.97167325428195,0.011284046692606964,0.19766536964980552,0.1852140077821013,0.10583657587548634
210,210,0.8871595330739299,0.8585365853658536,0.9025032938076416,0.967193675889328,0.002334630350194433,0.20077821011673147,0.1684824902723735,0.13657587548638128
211,211,0.8988326848249028,0.8712871287128713,0.9115942028985508,0.9663372859025032,0.006614785992217875,0.24007782101167308,0.18171206225680936,0.07431906614785999
212,212,0.8132295719844358,0.7446808510638298,0.8016469038208169,0.9264163372859026,-0.0077821011673151474,0.011673151750972721,0.015564202334630295,0.0038910505836575737
213,213,0.8482490272373541,0.8059701492537313,0.8553689064558629,0.9170619235836628,0.012062256809338479,0.027626459143968884,0.03307392996108949,0.02957198443579767
214,214,0.8599221789883269,0.8285714285714286,0.8788866930171277,0.935836627140975,0.013618677042801619,0.021400778210116767,0.02840466926070051,0.020233463035019605
215,215,0.8988326848249028,0.87,0.909189723320158,0.9641633728590251,0.006614785992217875,0.18482490272373542,0.1712062256809338,0.1171206225680933
216,216,0.8093385214007782,0.73224043715847,0.7914031620553359,0.9193675889328062,-0.005447470817120603,0.03229571984435797,0.03229571984435797,0.027626459143968884
217,217,0.914396887159533,0.8910891089108911,0.9285243741765481,0.9716073781291172,0.021011673151750898,0.15175097276264593,0.11945525291828785,0.0852140077821012
218,218,0.9027237354085603,0.8756218905472637,0.9146245059288538,0.969038208168643,0.0077821011673151474,0.22996108949416338,0.18443579766536966,0.09999999999999998
219,219,0.8093385214007782,0.7379679144385026,0.7962121212121211,0.9142951251646905,0.0011673151750972721,0.015564202334630295,0.014396887159533023,0.006614785992217875
220,220,0.8988326848249028,0.8686868686868687,0.9067852437417655,0.9675230566534914,-0.003112840466926059,0.1657587548638132,0.06887159533073939,0.05992217898832686
221,221,0.9027237354085603,0.8743718592964824,0.9122200263504612,0.9733201581027668,-0.0007782101167315147,0.21089494163424127,0.21284046692607006,0.08015564202334635
222,222,0.8132295719844358,0.7473684210526316,0.8040513833992095,0.905270092226614,0.006225680933852118,0.028404669260700288,0.024513618677042714,0.016731517509727567
223,223,0.8521400778210116,0.8137254901960784,0.8632081686429512,0.9284584980237155,0.010894941634241206,0.02101167315175101,0.02373540856031131,0.03151750972762646
224,224,0.8988326848249028,0.87,0.909189723320158,0.9642292490118578,0.010894941634241206,0.1603112840466926,0.1657587548638132,0.0696498054474709
225,225,0.8171206225680934,0.7513227513227513,0.8070816864295125,0.9129776021080369,-0.00038910505836575737,0.0264591439688715,0.017120622568093324,0.01789883268482484
226,226,0.8832684824902723,0.8557692307692307,0.9018774703557312,0.9527667984189724,0.021400778210116544,0.15175097276264582,0.14435797665369643,0.0832684824902723
227,227,0.9066147859922179,0.88,0.9176548089591567,0.9689723320158103,0.013618677042801508,0.1665369649805447,0.1400778210116732,0.07159533073929958
228,228,0.9027237354085603,0.8756218905472637,0.9146245059288538,0.9635704874835309,0.005058365758754846,0.17821011673151754,0.17237354085603107,0.06887159533073939
229,229,0.8988326848249028,0.8712871287128713,0.9115942028985508,0.9600790513833992,0.0,0.27704280155642036,0.20389105058365764,0.1319066147859923
230,230,0.9027237354085603,0.8743718592964824,0.9122200263504612,0.949407114624506,0.0038910505836575737,0.32101167315175105,0.296887159533074,0.24241245136186762
231,231,0.9066147859922179,0.8787878787878788,0.9152503293807641,0.9657773386034255,0.0046692607003890885,0.2657587548638134,0.21556420233463036,0.10389105058365755
232,232,0.8210116731517509,0.7553191489361702,0.8101119894598156,0.9253623188405797,-0.00739299610894939,0.015953307392996052,0.017120622568093324,0.021011673151750898
233,233,0.8949416342412452,0.8669950738916257,0.9085638998682477,0.9706851119894598,0.005836575875486361,0.15953307392996108,0.11128404669260694,0.07276264591439696
234,234,0.8871595330739299,0.8585365853658536,0.9025032938076416,0.956060606060606,0.00428015564202322,0.3175097276264591,0.2579766536964979,0.2548638132295721
235,235,0.9105058365758755,0.8844221105527639,0.9206851119894599,0.9631752305665349,0.00739299610894939,0.2684824902723735,0.22723735408560308,0.1400778210116732
236,236,0.8093385214007782,0.7407407407407407,0.7986166007905138,0.9049407114624506,0.014396887159533023,0.020622568093385252,0.020233463035019383,0.008560311284046662
237,237,0.8988326848249028,0.87,0.909189723320158,0.9646903820816864,-0.00038910505836575737,0.17937743190661481,0.13618677042801564,0.14124513618677048
238,238,0.8326848249027238,0.7817258883248731,0.8336297760210805,0.9219367588932806,-0.011284046692606964,0.024513618677042825,0.018677042801556465,0.013618677042801619
239,239,0.8326848249027238,0.7794871794871795,0.8312252964426877,0.9232542819499342,-0.005058365758754846,0.020233463035019494,0.012840466926070104,0.0038910505836576847
240,240,0.8599221789883269,0.8301886792452831,0.8812911725955204,0.9320816864295126,0.016731517509727678,0.026459143968871723,0.031128404669260812,0.004280155642023442
241,241,0.8326848249027238,0.7772020725388601,0.8288208168642951,0.928129117259552,-0.006614785992217764,0.015175097276264649,0.011673151750972832,0.00894941634241253
242,242,0.9182879377431906,0.8944723618090452,0.9291501976284584,0.9703557312252965,0.02062256809338514,0.25408560311284034,0.19688715953307379,0.1252918287937742
243,243,0.8171206225680934,0.745945945945946,0.8022727272727272,0.9193675889328063,0.005447470817120603,0.015175097276264538,0.014396887159533023,0.013618677042801508
244,244,0.8132295719844358,0.7473684210526316,0.8040513833992095,0.9171277997364955,-0.0011673151750972721,0.010116731517509692,0.012451361867704236,0.006225680933852118
245,245,0.8988326848249028,0.8712871287128713,0.9115942028985508,0.9693017127799737,0.004280155642023331,0.27081712062256824,0.20272373540856037,0.15447470817120623
246,246,0.8599221789883269,0.8317757009345794,0.883695652173913,0.9309617918313571,0.016731517509727678,0.012840466926070104,0.009727626459144045,0.013618677042801619
247,247,0.8249027237354085,0.7668393782383419,0.8203557312252965,0.927733860342556,-0.007003891050583633,0.01478599221789878,0.013618677042801508,0.01322957198443575
248,248,0.8988326848249028,0.8712871287128713,0.9115942028985508,0.9708827404479579,0.0035019455252918164,0.24591439688715955,0.257976653696498,0.1684824902723735
249,249,0.8871595330739299,0.8571428571428571,0.900098814229249,0.9569828722002636,-0.0015564202334631405,0.1739299610894942,0.19338521400778208,0.13112840466926068
