,random_seed,accuracy,f1,balanced_acc,auc,feature_importance.lefttop_CO2_scaled
0,0,0.7022058823529411,0.21359223300970873,0.5597826086956522,0.8614130434782609,0.04080882352941162
1,1,0.6617647058823529,0.0,0.5,0.8658212560386472,-1.1102230246251565e-16
2,2,0.6985294117647058,0.21153846153846154,0.5570048309178744,0.8634057971014493,0.03713235294117645
3,3,0.6617647058823529,0.0,0.5,0.8630434782608697,-1.1102230246251565e-16
4,4,0.6617647058823529,0.0,0.5,0.860084541062802,-1.1102230246251565e-16
5,5,0.6617647058823529,0.0,0.5,0.8620169082125604,-1.1102230246251565e-16
6,6,0.6617647058823529,0.0,0.5,0.8666666666666666,-1.1102230246251565e-16
7,7,0.6617647058823529,0.0,0.5,0.8641908212560385,-1.1102230246251565e-16
8,8,0.6617647058823529,0.0,0.5,0.864855072463768,-1.1102230246251565e-16
9,9,0.6985294117647058,0.19607843137254902,0.5543478260869565,0.8591787439613527,0.03749999999999987
10,10,0.7205882352941176,0.3090909090909091,0.5896135265700483,0.8624396135265702,0.06102941176470589
11,11,0.6801470588235294,0.10309278350515463,0.5271739130434783,0.860024154589372,0.018382352941176405
12,12,0.6985294117647058,0.21153846153846154,0.5570048309178744,0.8610507246376811,0.03676470588235281
13,13,0.7022058823529411,0.21359223300970873,0.5597826086956522,0.8638285024154589,0.04044117647058809
14,14,0.6617647058823529,0.0,0.5,0.8653381642512077,-1.1102230246251565e-16
15,15,0.6617647058823529,0.0,0.5,0.8657004830917874,-1.1102230246251565e-16
16,16,0.6875,0.1414141414141414,0.5380434782608696,0.8648852657004831,0.025735294117646967
17,17,0.6617647058823529,0.0,0.5,0.8660628019323671,-1.1102230246251565e-16
18,18,0.6617647058823529,0.0,0.5,0.8740942028985508,-1.1102230246251565e-16
19,19,0.6617647058823529,0.0,0.5,0.859963768115942,-1.1102230246251565e-16
20,20,0.6617647058823529,0.0,0.5,0.8617149758454107,-1.1102230246251565e-16
21,21,0.7132352941176471,0.2641509433962264,0.5760869565217391,0.8619565217391305,0.051470588235294046
22,22,0.6727941176470589,0.06315789473684211,0.5163043478260869,0.8623188405797102,0.011029411764705843
23,23,0.6875,0.1414141414141414,0.5380434782608696,0.8661231884057972,0.02573529411764708
24,24,0.6875,0.1414141414141414,0.5380434782608696,0.8640700483091787,0.025735294117646967
25,25,0.6801470588235294,0.10309278350515463,0.5271739130434783,0.8653381642512077,0.018382352941176405
26,26,0.6617647058823529,0.0,0.5,0.8626811594202898,-1.1102230246251565e-16
27,27,0.6617647058823529,0.0,0.5,0.8630434782608696,-1.1102230246251565e-16
28,28,0.6617647058823529,0.0,0.5,0.861413043478261,-1.1102230246251565e-16
29,29,0.6617647058823529,0.0,0.5,0.8652173913043478,-1.1102230246251565e-16
30,30,0.7022058823529411,0.21359223300970873,0.5597826086956522,0.8644927536231884,0.040073529411764675
31,31,0.6801470588235294,0.10309278350515463,0.5271739130434783,0.8605676328502416,0.01764705882352946
32,32,0.6617647058823529,0.0,0.5,0.8647946859903382,-1.1102230246251565e-16
33,33,0.7242647058823529,0.32432432432432434,0.595048309178744,0.8564613526570048,0.06360294117647047
34,34,0.6617647058823529,0.0,0.5,0.8599033816425121,-1.1102230246251565e-16
35,35,0.6617647058823529,0.0,0.5,0.8652777777777778,-1.1102230246251565e-16
36,36,0.6838235294117647,0.12244897959183673,0.532608695652174,0.8614130434782609,0.022426470588235214
37,37,0.6617647058823529,0.0,0.5,0.8664855072463769,-1.1102230246251565e-16
38,38,0.6764705882352942,0.08333333333333333,0.5217391304347826,0.8641908212560386,0.014705882352941124
39,39,0.6838235294117647,0.12244897959183673,0.532608695652174,0.8612318840579711,0.022058823529411686
40,40,0.7132352941176471,0.2777777777777778,0.578743961352657,0.86237922705314,0.0522058823529411
41,41,0.6617647058823529,0.0,0.5,0.8657608695652174,-1.1102230246251565e-16
42,42,0.6838235294117647,0.12244897959183673,0.532608695652174,0.8640700483091788,0.022058823529411686
43,43,0.7022058823529411,0.21359223300970873,0.5597826086956522,0.8609903381642513,0.040073529411764675
44,44,0.6617647058823529,0.0,0.5,0.8657004830917874,-1.1102230246251565e-16
45,45,0.6617647058823529,0.0,0.5,0.8623792270531402,-1.1102230246251565e-16
46,46,0.6617647058823529,0.0,0.5,0.8675724637681159,-1.1102230246251565e-16
47,47,0.6764705882352942,0.08333333333333333,0.5217391304347826,0.8628925120772947,0.014705882352941124
48,48,0.6617647058823529,0.0,0.5,0.8617753623188406,-1.1102230246251565e-16
49,49,0.6617647058823529,0.0,0.5,0.8640700483091788,-1.1102230246251565e-16
50,50,0.6617647058823529,0.0,0.5,0.8706823671497586,-1.1102230246251565e-16
51,51,0.6727941176470589,0.06315789473684211,0.5163043478260869,0.8640096618357488,0.011029411764705843
52,52,0.6617647058823529,0.0,0.5,0.8680555555555556,-1.1102230246251565e-16
53,53,0.6617647058823529,0.0,0.5,0.8629227053140097,-1.1102230246251565e-16
54,54,0.6617647058823529,0.0,0.5,0.8643719806763285,-1.1102230246251565e-16
55,55,0.6617647058823529,0.0,0.5,0.861111111111111,-1.1102230246251565e-16
56,56,0.6617647058823529,0.0,0.5,0.8626811594202899,-1.1102230246251565e-16
57,57,0.6617647058823529,0.0,0.5,0.8620772946859903,-1.1102230246251565e-16
58,58,0.6617647058823529,0.0,0.5,0.8619565217391305,-1.1102230246251565e-16
59,59,0.7022058823529411,0.21359223300970873,0.5597826086956522,0.8648550724637681,0.04044117647058809
60,60,0.6801470588235294,0.10309278350515463,0.5271739130434783,0.8623188405797102,0.018382352941176405
61,61,0.7132352941176471,0.2777777777777778,0.578743961352657,0.8585144927536232,0.053676470588235325
62,62,0.6838235294117647,0.12244897959183673,0.532608695652174,0.8632850241545894,0.022058823529411686
63,63,0.6617647058823529,0.0,0.5,0.8635265700483091,-1.1102230246251565e-16
64,64,0.6617647058823529,0.0,0.5,0.8607487922705314,-1.1102230246251565e-16
65,65,0.6838235294117647,0.12244897959183673,0.532608695652174,0.8622584541062803,0.022058823529411686
66,66,0.6764705882352942,0.08333333333333333,0.5217391304347826,0.8638888888888888,0.014705882352941124
67,67,0.6948529411764706,0.1782178217821782,0.5489130434782609,0.8609903381642511,0.03308823529411753
68,68,0.6617647058823529,0.0,0.5,0.8661231884057972,-1.1102230246251565e-16
69,69,0.6617647058823529,0.0,0.5,0.8612318840579711,-1.1102230246251565e-16
70,70,0.6617647058823529,0.0,0.5,0.8645531400966182,-1.1102230246251565e-16
71,71,0.6801470588235294,0.10309278350515463,0.5271739130434783,0.8623188405797101,0.018382352941176405
72,72,0.6875,0.1414141414141414,0.5380434782608696,0.8663647342995169,0.025735294117646967
73,73,0.7022058823529411,0.21359223300970873,0.5597826086956522,0.8580917874396136,0.040073529411764675
74,74,0.7022058823529411,0.21359223300970873,0.5597826086956522,0.8618357487922705,0.04080882352941162
75,75,0.6617647058823529,0.0,0.5,0.8619565217391305,-1.1102230246251565e-16
76,76,0.6617647058823529,0.0,0.5,0.864975845410628,-1.1102230246251565e-16
77,77,0.6617647058823529,0.0,0.5,0.8608091787439613,-1.1102230246251565e-16
78,78,0.6617647058823529,0.0,0.5,0.8639492753623188,-1.1102230246251565e-16
79,79,0.6617647058823529,0.0,0.5,0.8617149758454106,-1.1102230246251565e-16
80,80,0.6727941176470589,0.06315789473684211,0.5163043478260869,0.8618357487922705,0.011029411764705843
81,81,0.6764705882352942,0.08333333333333333,0.5217391304347826,0.8624999999999999,0.014705882352941124
82,82,0.6691176470588235,0.0425531914893617,0.5108695652173914,0.8676932367149758,0.007352941176470451
83,83,0.7022058823529411,0.21359223300970873,0.5597826086956522,0.858756038647343,0.040073529411764675
84,84,0.6764705882352942,0.08333333333333333,0.5217391304347826,0.8666062801932368,0.014705882352941124
85,85,0.6764705882352942,0.08333333333333333,0.5217391304347826,0.8624396135265702,0.014705882352941124
86,86,0.7022058823529411,0.22857142857142856,0.56243961352657,0.8605676328502417,0.04080882352941162
87,87,0.6617647058823529,0.0,0.5,0.8601449275362321,-1.1102230246251565e-16
88,88,0.6911764705882353,0.16,0.5434782608695652,0.8638888888888889,0.02941176470588225
89,89,0.6617647058823529,0.0,0.5,0.8614734299516909,-1.1102230246251565e-16
90,90,0.6617647058823529,0.0,0.5,0.8634661835748793,-1.1102230246251565e-16
91,91,0.6617647058823529,0.0,0.5,0.8621980676328502,-1.1102230246251565e-16
92,92,0.6617647058823529,0.0,0.5,0.8628623188405797,-1.1102230246251565e-16
93,93,0.6617647058823529,0.0,0.5,0.8616545893719807,-1.1102230246251565e-16
94,94,0.6617647058823529,0.0,0.5,0.8638285024154588,-1.1102230246251565e-16
95,95,0.6617647058823529,0.0,0.5,0.8629227053140096,-1.1102230246251565e-16
96,96,0.6617647058823529,0.0,0.5,0.8626207729468598,-1.1102230246251565e-16
97,97,0.7022058823529411,0.21359223300970873,0.5597826086956522,0.8580917874396137,0.04044117647058809
98,98,0.6617647058823529,0.0,0.5,0.860144927536232,-1.1102230246251565e-16
99,99,0.6764705882352942,0.08333333333333333,0.5217391304347826,0.8596014492753623,0.014705882352941124
100,100,0.6617647058823529,0.0,0.5,0.8632246376811594,-1.1102230246251565e-16
101,101,0.6617647058823529,0.0,0.5,0.8638888888888889,-1.1102230246251565e-16
102,102,0.6617647058823529,0.0,0.5,0.8641304347826088,-1.1102230246251565e-16
103,103,0.6617647058823529,0.0,0.5,0.8640096618357487,-1.1102230246251565e-16
104,104,0.6617647058823529,0.0,0.5,0.8649154589371981,-1.1102230246251565e-16
105,105,0.7352941176470589,0.3684210526315789,0.6113526570048309,0.8617753623188406,0.07610294117647065
106,106,0.6801470588235294,0.10309278350515463,0.5271739130434783,0.8692028985507246,0.018382352941176405
107,107,0.6617647058823529,0.0,0.5,0.8635265700483092,-1.1102230246251565e-16
108,108,0.6617647058823529,0.0,0.5,0.8635265700483092,-1.1102230246251565e-16
109,109,0.6727941176470589,0.06315789473684211,0.5163043478260869,0.8602657004830918,0.011029411764705843
110,110,0.7132352941176471,0.2777777777777778,0.578743961352657,0.8588768115942029,0.051470588235294046
111,111,0.6617647058823529,0.0,0.5,0.8645531400966183,-1.1102230246251565e-16
112,112,0.6617647058823529,0.0,0.5,0.8646739130434783,-1.1102230246251565e-16
113,113,0.6617647058823529,0.0,0.5,0.8639492753623189,-1.1102230246251565e-16
114,114,0.6617647058823529,0.0,0.5,0.8649154589371981,-1.1102230246251565e-16
115,115,0.6985294117647058,0.19607843137254902,0.5543478260869565,0.8620772946859905,0.03676470588235281
116,116,0.6985294117647058,0.21153846153846154,0.5570048309178744,0.8653381642512078,0.036397058823529393
117,117,0.6617647058823529,0.0,0.5,0.8655193236714975,-1.1102230246251565e-16
118,118,0.6691176470588235,0.0425531914893617,0.5108695652173914,0.8622584541062802,0.007352941176470451
119,119,0.6985294117647058,0.21153846153846154,0.5570048309178744,0.8611111111111112,0.037867647058823395
120,120,0.7757352941176471,0.512,0.6711352657004831,0.8597222222222223,0.12058823529411766
121,121,0.7316176470588235,0.35398230088495575,0.6059178743961353,0.8592391304347825,0.0716911764705882
122,122,0.6617647058823529,0.0,0.5,0.8672101449275362,-1.1102230246251565e-16
123,123,0.6985294117647058,0.19607843137254902,0.5543478260869565,0.8626207729468598,0.03713235294117634
124,124,0.6617647058823529,0.0,0.5,0.8644927536231884,-1.1102230246251565e-16
125,125,0.7095588235294118,0.2616822429906542,0.5733091787439614,0.8621376811594204,0.04742647058823535
126,126,0.7022058823529411,0.21359223300970873,0.5597826086956522,0.8656400966183575,0.04044117647058809
127,127,0.6617647058823529,0.0,0.5,0.8623188405797102,-1.1102230246251565e-16
128,128,0.7022058823529411,0.21359223300970873,0.5597826086956522,0.8657608695652175,0.040073529411764675
129,129,0.6911764705882353,0.16,0.5434782608695652,0.8591787439613529,0.029779411764705777
130,130,0.6617647058823529,0.0,0.5,0.8659420289855072,-1.1102230246251565e-16
131,131,0.7316176470588235,0.35398230088495575,0.6059178743961353,0.8597222222222223,0.07058823529411762
132,132,0.6985294117647058,0.19607843137254902,0.5543478260869565,0.8638888888888889,0.03713235294117634
133,133,0.6617647058823529,0.0,0.5,0.8619565217391305,-1.1102230246251565e-16
134,134,0.6617647058823529,0.0,0.5,0.866304347826087,-1.1102230246251565e-16
135,135,0.6617647058823529,0.0,0.5,0.8627415458937199,-1.1102230246251565e-16
136,136,0.6617647058823529,0.0,0.5,0.8617753623188404,-1.1102230246251565e-16
137,137,0.6911764705882353,0.16,0.5434782608695652,0.8632246376811593,0.02941176470588225
138,138,0.7169117647058824,0.29357798165137616,0.5841787439613526,0.861352657004831,0.05698529411764708
139,139,0.6617647058823529,0.0,0.5,0.8663647342995169,-1.1102230246251565e-16
140,140,0.6617647058823529,0.0,0.5,0.8641908212560386,-1.1102230246251565e-16
141,141,0.6617647058823529,0.0,0.5,0.8628623188405797,-1.1102230246251565e-16
142,142,0.6617647058823529,0.0,0.5,0.8663647342995169,-1.1102230246251565e-16
143,143,0.6617647058823529,0.0,0.5,0.8621376811594204,-1.1102230246251565e-16
144,144,0.6617647058823529,0.0,0.5,0.8678140096618358,-1.1102230246251565e-16
145,145,0.6617647058823529,0.0,0.5,0.8608695652173913,-1.1102230246251565e-16
146,146,0.7941176470588235,0.5757575757575758,0.7009661835748793,0.8600241545893721,0.14154411764705876
147,147,0.6985294117647058,0.21153846153846154,0.5570048309178744,0.8621376811594204,0.036397058823529393
148,148,0.7022058823529411,0.21359223300970873,0.5597826086956522,0.8541666666666666,0.04044117647058809
149,149,0.6875,0.1414141414141414,0.5380434782608696,0.867512077294686,0.025735294117646967
150,150,0.7132352941176471,0.2641509433962264,0.5760869565217391,0.8635265700483091,0.051470588235294046
151,151,0.6985294117647058,0.21153846153846154,0.5570048309178744,0.8609903381642512,0.036397058823529393
152,152,0.6617647058823529,0.0,0.5,0.8610507246376812,-1.1102230246251565e-16
153,153,0.6838235294117647,0.12244897959183673,0.532608695652174,0.8634661835748793,0.022058823529411686
154,154,0.6838235294117647,0.12244897959183673,0.532608695652174,0.8603864734299518,0.02169117647058827
155,155,0.6838235294117647,0.12244897959183673,0.532608695652174,0.8686594202898552,0.022058823529411686
156,156,0.6617647058823529,0.0,0.5,0.8619565217391304,-1.1102230246251565e-16
157,157,0.6617647058823529,0.0,0.5,0.8608695652173913,-1.1102230246251565e-16
158,158,0.7022058823529411,0.21359223300970873,0.5597826086956522,0.8628623188405798,0.0404411764705882
159,159,0.6617647058823529,0.0,0.5,0.8641304347826088,-1.1102230246251565e-16
160,160,0.6617647058823529,0.0,0.5,0.8669685990338164,-1.1102230246251565e-16
161,161,0.6727941176470589,0.06315789473684211,0.5163043478260869,0.861352657004831,0.011029411764705843
162,162,0.7316176470588235,0.35398230088495575,0.6059178743961353,0.8585144927536232,0.07205882352941173
163,163,0.6617647058823529,0.0,0.5,0.8634661835748793,-1.1102230246251565e-16
164,164,0.7058823529411765,0.24528301886792453,0.5678743961352657,0.8702898550724638,0.045588235294117596
165,165,0.6617647058823529,0.0,0.5,0.861413043478261,-1.1102230246251565e-16
166,166,0.6911764705882353,0.16,0.5434782608695652,0.8621980676328502,0.029779411764705777
167,167,0.6838235294117647,0.12244897959183673,0.532608695652174,0.8614734299516909,0.022426470588235325
168,168,0.6617647058823529,0.0,0.5,0.8620772946859903,-1.1102230246251565e-16
169,169,0.6617647058823529,0.0,0.5,0.861171497584541,-1.1102230246251565e-16
170,170,0.6727941176470589,0.06315789473684211,0.5163043478260869,0.8618961352657005,0.011029411764705843
171,171,0.6617647058823529,0.0,0.5,0.8658816425120773,-1.1102230246251565e-16
172,172,0.6911764705882353,0.16,0.5434782608695652,0.8657608695652175,0.02941176470588225
173,173,0.6617647058823529,0.0,0.5,0.8651570048309178,-1.1102230246251565e-16
174,174,0.6617647058823529,0.0,0.5,0.8634057971014493,-1.1102230246251565e-16
175,175,0.6617647058823529,0.0,0.5,0.8623792270531401,-1.1102230246251565e-16
176,176,0.6985294117647058,0.21153846153846154,0.5570048309178744,0.8604468599033818,0.03749999999999987
177,177,0.6654411764705882,0.021505376344086023,0.5054347826086957,0.8623792270531401,0.00367647058823517
178,178,0.6875,0.1414141414141414,0.5380434782608696,0.8664855072463769,0.026102941176470495
179,179,0.6617647058823529,0.0,0.5,0.8641304347826088,-1.1102230246251565e-16
180,180,0.6911764705882353,0.16,0.5434782608695652,0.8628019323671497,0.02904411764705883
181,181,0.6617647058823529,0.0,0.5,0.8613526570048309,-1.1102230246251565e-16
182,182,0.6617647058823529,0.0,0.5,0.861352657004831,-1.1102230246251565e-16
183,183,0.6617647058823529,0.0,0.5,0.8647946859903382,-1.1102230246251565e-16
184,184,0.7022058823529411,0.21359223300970873,0.5597826086956522,0.8608695652173912,0.04044117647058809
185,185,0.6911764705882353,0.16,0.5434782608695652,0.8609903381642512,0.02941176470588225
186,186,0.8235294117647058,0.6571428571428571,0.7444444444444445,0.8394927536231884,0.17426470588235277
187,187,0.6617647058823529,0.0,0.5,0.8631038647342996,-1.1102230246251565e-16
188,188,0.6617647058823529,0.0,0.5,0.8624396135265701,-1.1102230246251565e-16
189,189,0.6617647058823529,0.0,0.5,0.8637077294685991,-1.1102230246251565e-16
190,190,0.6617647058823529,0.0,0.5,0.8620772946859903,-1.1102230246251565e-16
191,191,0.6764705882352942,0.08333333333333333,0.5217391304347826,0.8677536231884058,0.014705882352941124
192,192,0.6801470588235294,0.10309278350515463,0.5271739130434783,0.8635869565217392,0.018382352941176405
193,193,0.6764705882352942,0.08333333333333333,0.5217391304347826,0.8611714975845411,0.014705882352941124
194,194,0.6617647058823529,0.0,0.5,0.8640700483091788,-1.1102230246251565e-16
195,195,0.6617647058823529,0.0,0.5,0.8657608695652174,-1.1102230246251565e-16
196,196,0.7022058823529411,0.21359223300970873,0.5597826086956522,0.8623792270531401,0.04080882352941162
197,197,0.6764705882352942,0.08333333333333333,0.5217391304347826,0.860024154589372,0.014705882352941124
198,198,0.6617647058823529,0.0,0.5,0.8644927536231883,-1.1102230246251565e-16
199,199,0.6617647058823529,0.0,0.5,0.8640700483091788,-1.1102230246251565e-16
200,200,0.6617647058823529,0.0,0.5,0.8661231884057972,-1.1102230246251565e-16
201,201,0.6617647058823529,0.0,0.5,0.86231884057971,-1.1102230246251565e-16
202,202,0.6617647058823529,0.0,0.5,0.8658816425120772,-1.1102230246251565e-16
203,203,0.6617647058823529,0.0,0.5,0.8631038647342995,-1.1102230246251565e-16
204,204,0.6617647058823529,0.0,0.5,0.8650362318840579,-1.1102230246251565e-16
205,205,0.6617647058823529,0.0,0.5,0.8597826086956522,-1.1102230246251565e-16
206,206,0.6617647058823529,0.0,0.5,0.8622584541062803,-1.1102230246251565e-16
207,207,0.7022058823529411,0.21359223300970873,0.5597826086956522,0.8590579710144929,0.040073529411764675
208,208,0.6617647058823529,0.0,0.5,0.8647946859903382,-1.1102230246251565e-16
209,209,0.7132352941176471,0.2777777777777778,0.578743961352657,0.8591787439613527,0.05147058823529416
210,210,0.6617647058823529,0.0,0.5,0.8618357487922705,-1.1102230246251565e-16
211,211,0.6617647058823529,0.0,0.5,0.8618961352657005,-1.1102230246251565e-16
212,212,0.6764705882352942,0.08333333333333333,0.5217391304347826,0.8634057971014493,0.014705882352941124
213,213,0.7022058823529411,0.22857142857142856,0.56243961352657,0.8579710144927538,0.04044117647058809
214,214,0.6617647058823529,0.0,0.5,0.863768115942029,-1.1102230246251565e-16
215,215,0.6617647058823529,0.0,0.5,0.8648550724637681,-1.1102230246251565e-16
216,216,0.6617647058823529,0.0,0.5,0.8614734299516909,-1.1102230246251565e-16
217,217,0.7095588235294118,0.2616822429906542,0.5733091787439614,0.8611714975845413,0.04852941176470593
218,218,0.7022058823529411,0.21359223300970873,0.5597826086956522,0.8579710144927537,0.04117647058823515
219,219,0.6617647058823529,0.0,0.5,0.8634057971014493,-1.1102230246251565e-16
220,220,0.6617647058823529,0.0,0.5,0.8605072463768116,-1.1102230246251565e-16
221,221,0.6617647058823529,0.0,0.5,0.8609903381642513,-1.1102230246251565e-16
222,222,0.6617647058823529,0.0,0.5,0.8643115942028985,-1.1102230246251565e-16
223,223,0.6617647058823529,0.0,0.5,0.8631038647342993,-1.1102230246251565e-16
224,224,0.6617647058823529,0.0,0.5,0.8623188405797102,-1.1102230246251565e-16
225,225,0.7022058823529411,0.21359223300970873,0.5597826086956522,0.8609299516908213,0.04044117647058809
226,226,0.6617647058823529,0.0,0.5,0.8655797101449275,-1.1102230246251565e-16
227,227,0.6985294117647058,0.21153846153846154,0.5570048309178744,0.8589371980676329,0.03676470588235281
228,228,0.6617647058823529,0.0,0.5,0.8630434782608695,-1.1102230246251565e-16
229,229,0.6617647058823529,0.0,0.5,0.8629830917874396,-1.1102230246251565e-16
230,230,0.6617647058823529,0.0,0.5,0.860144927536232,-1.1102230246251565e-16
231,231,0.6617647058823529,0.0,0.5,0.8652173913043477,-1.1102230246251565e-16
232,232,0.6617647058823529,0.0,0.5,0.8649758454106281,-1.1102230246251565e-16
233,233,0.6617647058823529,0.0,0.5,0.8669082125603864,-1.1102230246251565e-16
234,234,0.6617647058823529,0.0,0.5,0.8626509661835748,-1.1102230246251565e-16
235,235,0.6617647058823529,0.0,0.5,0.8654589371980675,-1.1102230246251565e-16
236,236,0.6617647058823529,0.0,0.5,0.8671497584541062,-1.1102230246251565e-16
237,237,0.6617647058823529,0.0,0.5,0.8674516908212561,-1.1102230246251565e-16
238,238,0.6801470588235294,0.10309278350515463,0.5271739130434783,0.8599033816425121,0.018382352941176405
239,239,0.7022058823529411,0.21359223300970873,0.5597826086956522,0.8611714975845411,0.04044117647058809
240,240,0.6617647058823529,0.0,0.5,0.8635265700483092,-1.1102230246251565e-16
241,241,0.7352941176470589,0.3684210526315789,0.6113526570048309,0.8638285024154589,0.0753676470588236
242,242,0.6911764705882353,0.16,0.5434782608695652,0.8609903381642512,0.02941176470588225
243,243,0.6617647058823529,0.0,0.5,0.8633454106280193,-1.1102230246251565e-16
244,244,0.6764705882352942,0.08333333333333333,0.5217391304347826,0.8629830917874396,0.014705882352941124
245,245,0.6617647058823529,0.0,0.5,0.8675120772946859,-1.1102230246251565e-16
246,246,0.7132352941176471,0.2777777777777778,0.578743961352657,0.8618961352657004,0.05147058823529416
247,247,0.6617647058823529,0.0,0.5,0.8635265700483091,-1.1102230246251565e-16
248,248,0.7022058823529411,0.21359223300970873,0.5597826086956522,0.8597826086956524,0.04080882352941173
249,249,0.6764705882352942,0.08333333333333333,0.5217391304347826,0.8598429951690822,0.014338235294117707
