,random_seed,accuracy,f1,balanced_acc,auc,feature_importance.backtop_CO2_scaled
0,0,0.7671232876712328,0.7329842931937173,0.766261554262239,0.8727319411160561,0.3
1,1,0.8356164383561644,0.7906976744186046,0.8223211229031153,0.9104758644299897,0.3757990867579909
2,2,0.7214611872146118,0.7081339712918661,0.7328825744608012,0.8363574118452585,0.27077625570776254
3,3,0.8264840182648402,0.7978723404255319,0.8249315302978432,0.8940431359123587,0.3817351598173517
4,4,0.8812785388127854,0.8617021276595744,0.8811622731941116,0.9137281752824375,0.44429223744292246
5,5,0.8036529680365296,0.7570621468926554,0.7932642930503253,0.8822321122903115,0.34246575342465746
6,6,0.8356164383561644,0.7954545454545454,0.8253166723724752,0.8960116398493667,0.3817351598173517
7,7,0.8356164383561644,0.7906976744186046,0.8223211229031153,0.9087641218760698,0.3442922374429224
8,8,0.7397260273972602,0.7135678391959799,0.7441372817528243,0.8298527901403628,0.28721461187214614
9,9,0.8356164383561644,0.797752808988764,0.826814447107155,0.9002909962341663,0.3863013698630138
10,10,0.7534246575342466,0.7476635514018691,0.7694282779869908,0.860749743238617,0.317351598173516
11,11,0.817351598173516,0.7560975609756098,0.797586442998973,0.9180931187949332,0.2990867579908676
12,12,0.817351598173516,0.7727272727272727,0.8065730914070524,0.8937007874015748,0.36621004566210047
13,13,0.8493150684931506,0.8070175438596491,0.8356299212598426,0.9050838753851422,0.41369863013698627
14,14,0.7534246575342466,0.73,0.7589438548442314,0.8724751797329682,0.3200913242009132
15,15,0.7397260273972602,0.7298578199052133,0.7531239301609038,0.8785518657993836,0.29863013698630136
16,16,0.730593607305936,0.7035175879396985,0.7347654912701129,0.8552721670660732,0.28630136986301363
17,17,0.771689497716895,0.7311827956989247,0.767203012666895,0.8768401232454639,0.3132420091324201
18,18,0.730593607305936,0.700507614213198,0.7332677165354331,0.8626326600479288,0.27214611872146116
19,19,0.8401826484018264,0.8044692737430168,0.8322492297158508,0.8976377952755905,0.3821917808219178
20,20,0.8310502283105022,0.7885714285714286,0.8198818897637795,0.90405682985279,0.37625570776255707
21,21,0.7214611872146118,0.7053140096618358,0.7313847997261211,0.8610920917494008,0.27488584474885847
22,22,0.8356164383561644,0.7831325301204819,0.8178277986990756,0.9107326258130776,0.32602739726027397
23,23,0.776255707762557,0.7407407407407407,0.7741355700102706,0.8655426223895927,0.3205479452054794
24,24,0.7168949771689498,0.6836734693877551,0.718461143444026,0.8381547415268743,0.24200913242009126
25,25,0.8538812785388128,0.813953488372093,0.8410647038685382,0.9034577199589182,0.3908675799086758
26,26,0.726027397260274,0.696969696969697,0.7293307086614174,0.8196679219445395,0.23196347031963466
27,27,0.8401826484018264,0.8044692737430168,0.8322492297158508,0.9085073604929818,0.36803652968036527
28,28,0.8493150684931506,0.8070175438596491,0.8356299212598426,0.9076514892160218,0.39908675799086757
29,29,0.8127853881278538,0.7875647668393783,0.8146182814104759,0.8968675111263265,0.36666666666666664
30,30,0.7853881278538812,0.7513227513227513,0.7835073604929819,0.8812050667579596,0.3310502283105023
31,31,0.817351598173516,0.7727272727272727,0.8065730914070524,0.8858267716535432,0.3511415525114156
32,32,0.7488584474885844,0.7208121827411168,0.7520112975008559,0.8537315987675453,0.28767123287671237
33,33,0.8447488584474886,0.8172043010752689,0.8421773365285861,0.9028586100650462,0.39269406392694073
34,34,0.7214611872146118,0.7136150234741784,0.7358781239301608,0.8312221841834987,0.26712328767123283
35,35,0.7397260273972602,0.7164179104477612,0.7456350564875043,0.8468846285518657,0.27625570776255715
36,36,0.7397260273972602,0.7164179104477612,0.7456350564875043,0.8616912016432727,0.28036529680365296
37,37,0.7899543378995434,0.7526881720430108,0.7859465936323178,0.8842862033550154,0.3369863013698631
38,38,0.7671232876712328,0.7357512953367875,0.7677593289969189,0.874272509414584,0.2936073059360731
39,39,0.7579908675799086,0.7414634146341463,0.7673741869222869,0.8640020540910648,0.31689497716894977
40,40,0.8401826484018264,0.7928994082840237,0.8247603560424512,0.9100479287915098,0.373972602739726
41,41,0.6986301369863014,0.6796116504854369,0.7072064361520027,0.8436323176994178,0.24520547945205484
42,42,0.7579908675799086,0.7195767195767195,0.7553919890448476,0.8729031153714482,0.2908675799086758
43,43,0.8356164383561644,0.7906976744186046,0.8223211229031153,0.9026874358096542,0.3853881278538813
44,44,0.8264840182648402,0.8,0.8264293050325231,0.9026874358096542,0.37031963470319634
45,45,0.7123287671232876,0.6834170854271356,0.7160219103046901,0.8574118452584731,0.25981735159817354
46,46,0.7990867579908676,0.7528089887640449,0.7893272851763096,0.8797500855871276,0.32374429223744294
47,47,0.771689497716895,0.7340425531914894,0.7687007874015748,0.8649435124957205,0.3068493150684932
48,48,0.8356164383561644,0.7857142857142857,0.8193255734337556,0.8950701814447106,0.34292237442922374
49,49,0.7397260273972602,0.7076923076923077,0.7411417322834646,0.8497090037658335,0.2662100456621004
50,50,0.7488584474885844,0.7150259067357513,0.7490157480314961,0.8681102362204725,0.2881278538812786
51,51,0.8401826484018264,0.7953216374269005,0.8262581307771311,0.9029441971927421,0.3885844748858447
52,52,0.7351598173515982,0.7070707070707071,0.7387024991441287,0.8576686066415611,0.2881278538812786
53,53,0.8721461187214612,0.8409090909090909,0.8628038343033209,0.9065388565559739,0.43698630136986305
54,54,0.7442922374429224,0.7052631578947368,0.7420831906881205,0.8634029441971928,0.2794520547945206
55,55,0.817351598173516,0.7777777777777778,0.8095686408764122,0.8860835330366312,0.3589041095890411
56,56,0.8082191780821918,0.7640449438202247,0.7986990756590209,0.8675111263266004,0.326027397260274
57,57,0.8264840182648402,0.7912087912087912,0.8204382060938036,0.8990927764464225,0.365296803652968
58,58,0.7442922374429224,0.711340206185567,0.7450787401574803,0.8555289284491613,0.28812785388127854
59,59,0.7579908675799086,0.7253886010362695,0.7583875385142075,0.8662273194111605,0.29954337899543376
60,60,0.726027397260274,0.7,0.7308284833960972,0.8586956521739132,0.2739726027397261
61,61,0.7123287671232876,0.6896551724137931,0.71901745977405,0.8461999315302979,0.26392694063926936
62,62,0.8493150684931506,0.8070175438596491,0.8356299212598426,0.8873673399520712,0.40045662100456614
63,63,0.8264840182648402,0.759493670886076,0.8024649092776446,0.9332420403971244,0.30593607305936066
64,64,0.7625570776255708,0.7263157894736842,0.7608267716535433,0.8524477918521054,0.30639269406392694
65,65,0.8401826484018264,0.7928994082840237,0.8247603560424512,0.892245806230743,0.3684931506849315
66,66,0.7488584474885844,0.7488584474885844,0.7684868195823348,0.8500513522766175,0.2972602739726027
67,67,0.730593607305936,0.7121951219512195,0.7392588154741526,0.8538171858952414,0.27716894977168954
68,68,0.8127853881278538,0.7630057803468208,0.7996405340636767,0.9030297843204381,0.3598173515981735
69,69,0.730593607305936,0.700507614213198,0.7332677165354331,0.8617767887709689,0.27625570776255703
70,70,0.7031963470319634,0.6889952153110048,0.7141389934953783,0.8426908592947622,0.24794520547945204
71,71,0.7579908675799086,0.7336683417085427,0.7628808627182472,0.8640876412187607,0.30410958904109586
72,72,0.7625570776255708,0.7291666666666666,0.7623245463882232,0.8760698390962001,0.308675799086758
73,73,0.7123287671232876,0.6985645933014354,0.7235107839780897,0.8453440602533379,0.2735159817351598
74,74,0.730593607305936,0.7203791469194313,0.7437521396781924,0.8557856898322493,0.29908675799086754
75,75,0.863013698630137,0.8275862068965517,0.8519342690859295,0.9074803149606299,0.3936073059360731
76,76,0.5570776255707762,0.6135458167330677,0.5956436152002739,0.5037658336186237,0.05251141552511418
77,77,0.7534246575342466,0.71875,0.7529527559055118,0.8678534748373844,0.30228310502283107
78,78,0.7534246575342466,0.7157894736842105,0.7514549811708319,0.8688805203697365,0.2899543378995434
79,79,0.817351598173516,0.7674418604651163,0.8035775419376925,0.8858267716535433,0.3666666666666667
80,80,0.8493150684931506,0.8135593220338984,0.8401232454638823,0.9040568298527902,0.39543378995433787
81,81,0.8082191780821918,0.7640449438202247,0.7986990756590209,0.8918178705922629,0.35022831050228315
82,82,0.7123287671232876,0.6896551724137931,0.71901745977405,0.8310510099281068,0.25114155251141546
83,83,0.7853881278538812,0.7431693989071039,0.7790140362889422,0.8779527559055118,0.31780821917808216
84,84,0.7488584474885844,0.7236180904522613,0.7535090722355358,0.8666552550496405,0.29680365296803646
85,85,0.7442922374429224,0.7171717171717171,0.7480742896268402,0.8513351591920575,0.304109589041096
86,86,0.7168949771689498,0.7155963302752294,0.734936665525505,0.8717904827114002,0.2885844748858448
87,87,0.817351598173516,0.7752808988764045,0.8080708661417323,0.890277302293735,0.35296803652968034
88,88,0.7488584474885844,0.7393364928909952,0.7624957206436151,0.8634029441971929,0.33059360730593607
89,89,0.7442922374429224,0.711340206185567,0.7450787401574803,0.8603218076001369,0.3000000000000001
90,90,0.817351598173516,0.7777777777777778,0.8095686408764122,0.889335843889079,0.38538812785388127
91,91,0.8401826484018264,0.7928994082840237,0.8247603560424512,0.9012324546388224,0.3525114155251142
92,92,0.7442922374429224,0.7281553398058253,0.7540653885655597,0.8377268058883944,0.2789954337899544
93,93,0.863013698630137,0.8404255319148937,0.8624186922286888,0.9054262238959261,0.4429223744292237
94,94,0.7579908675799086,0.7282051282051282,0.7598853132488874,0.8714481342006163,0.3237442922374429
95,95,0.8082191780821918,0.7666666666666667,0.8001968503937008,0.8853988360150633,0.35251141552511417
96,96,0.8082191780821918,0.7613636363636364,0.797201300924341,0.8920746319753508,0.3470319634703196
97,97,0.7579908675799086,0.7557603686635944,0.7763608353303664,0.8678534748373844,0.33333333333333326
98,98,0.8493150684931506,0.8070175438596491,0.8356299212598426,0.9133002396439575,0.4009132420091325
99,99,0.8264840182648402,0.7888888888888889,0.8189404313591235,0.8987504279356384,0.3936073059360731
100,100,0.776255707762557,0.7562189054726368,0.78312221841835,0.8774392331393359,0.33652968036529674
101,101,0.7579908675799086,0.7282051282051282,0.7598853132488874,0.8694796302636084,0.29269406392694064
102,102,0.8310502283105022,0.783625730994152,0.8168863402944198,0.9121020198562136,0.38356164383561636
103,103,0.7579908675799086,0.7195767195767195,0.7553919890448476,0.8737589866484081,0.29178082191780824
104,104,0.8538812785388128,0.813953488372093,0.8410647038685382,0.9084217733652857,0.4114155251141553
105,105,0.7214611872146118,0.6934673366834171,0.7253937007874016,0.8340465593974666,0.2657534246575342
106,106,0.7853881278538812,0.7614213197969543,0.7894984594317014,0.8823176994180076,0.3452054794520548
107,107,0.8356164383561644,0.7857142857142857,0.8193255734337556,0.8976377952755905,0.3488584474885845
108,108,0.6757990867579908,0.6787330316742082,0.6950102704553235,0.8256590208832592,0.18447488584474886
109,109,0.8036529680365296,0.7650273224043715,0.797757617254365,0.8852276617596713,0.31872146118721456
110,110,0.8264840182648402,0.7710843373493976,0.8084560082163643,0.9167237247517973,0.3552511415525114
111,111,0.8401826484018264,0.7976878612716763,0.827755905511811,0.8956692913385828,0.38812785388127846
112,112,0.7442922374429224,0.7052631578947368,0.7420831906881205,0.8672543649435125,0.28812785388127865
113,113,0.8447488584474886,0.8,0.8301951386511468,0.8953269428277987,0.3602739726027397
114,114,0.7579908675799086,0.7309644670050761,0.7613830879835672,0.874272509414584,0.31689497716894977
115,115,0.7625570776255708,0.7523809523809524,0.7758045190003424,0.859637110578569,0.32237442922374426
116,116,0.8538812785388128,0.813953488372093,0.8410647038685382,0.9153543307086615,0.3730593607305936
117,117,0.8082191780821918,0.7692307692307693,0.8016946251283807,0.9070523793221499,0.36757990867579915
118,118,0.7168949771689498,0.69,0.7214566929133859,0.8162444368366998,0.26894977168949774
119,119,0.8356164383561644,0.7906976744186046,0.8223211229031153,0.890619650804519,0.3831050228310503
120,120,0.7853881278538812,0.745945945945946,0.780511811023622,0.8609209174940089,0.31324200913242
121,121,0.8264840182648402,0.7790697674418605,0.812949332420404,0.904655939746662,0.34155251141552506
122,122,0.7488584474885844,0.7120418848167539,0.7475179732968161,0.8669976035604244,0.3009132420091324
123,123,0.7945205479452054,0.7593582887700535,0.7913813762410133,0.8779527559055117,0.3365296803652967
124,124,0.7808219178082192,0.7419354838709677,0.7765748031496063,0.8806059568640876,0.3242009132420092
125,125,0.7214611872146118,0.7024390243902439,0.7298870249914413,0.8506504621704896,0.24703196347031964
126,126,0.8538812785388128,0.813953488372093,0.8410647038685382,0.9086785347483739,0.38767123287671235
127,127,0.8356164383561644,0.7931034482758621,0.8238188976377953,0.9049127011297501,0.3575342465753425
128,128,0.8493150684931506,0.8070175438596491,0.8356299212598426,0.9039712427250941,0.39223744292237445
129,129,0.7945205479452054,0.7567567567567568,0.7898836015063335,0.872389592605272,0.3452054794520547
130,130,0.7534246575342466,0.7216494845360825,0.7544505306401917,0.8549298185552893,0.2940639269406393
131,131,0.7442922374429224,0.6989247311827957,0.7390876412187607,0.8668264293050326,0.28630136986301374
132,132,0.7488584474885844,0.7150259067357513,0.7490157480314961,0.8661417322834646,0.29041095890410956
133,133,0.7351598173515982,0.7156862745098039,0.7431958233481684,0.8640876412187607,0.273972602739726
134,134,0.8493150684931506,0.8070175438596491,0.8356299212598426,0.9070523793221501,0.39360730593607296
135,135,0.821917808219178,0.7636363636363637,0.8030212256076686,0.9000342348510785,0.30045662100456616
136,136,0.7899543378995434,0.7444444444444445,0.781453269428278,0.8768401232454639,0.332420091324201
137,137,0.7853881278538812,0.7513227513227513,0.7835073604929819,0.8774392331393358,0.34292237442922374
138,138,0.8356164383561644,0.7954545454545454,0.8253166723724752,0.9057685724067099,0.36392694063926945
139,139,0.8493150684931506,0.8070175438596491,0.8356299212598426,0.9014036288942143,0.3995433789954338
140,140,0.7579908675799086,0.7282051282051282,0.7598853132488874,0.8721328312221841,0.3
141,141,0.771689497716895,0.7422680412371134,0.7731941116056145,0.8715337213283122,0.33789954337899547
142,142,0.771689497716895,0.7311827956989247,0.767203012666895,0.8723895926052722,0.3187214611872147
143,143,0.8904109589041096,0.8695652173913043,0.8875385142074632,0.906367682300582,0.43424657534246575
144,144,0.817351598173516,0.7674418604651163,0.8035775419376925,0.8883943854844232,0.3589041095890411
145,145,0.7625570776255708,0.7142857142857143,0.7548356727148238,0.8637452927079767,0.2904109589041096
146,146,0.7168949771689498,0.69,0.7214566929133859,0.8504792879150974,0.2666666666666667
147,147,0.7397260273972602,0.7076923076923077,0.7411417322834646,0.8568983224922972,0.2899543378995433
148,148,0.7625570776255708,0.7319587628865979,0.7638223211229032,0.8664840807942487,0.3223744292237444
149,149,0.7442922374429224,0.7142857142857143,0.7465765148921603,0.858610065046217,0.29634703196347034
150,150,0.8447488584474886,0.8023255813953488,0.8316929133858268,0.8927593289969188,0.3461187214611873
151,151,0.7397260273972602,0.7015706806282722,0.7381461828141047,0.8675967134542965,0.27990867579908674
152,152,0.726027397260274,0.7087378640776699,0.7353218076001369,0.8698219787743923,0.2630136986301371
153,153,0.6666666666666666,0.683982683982684,0.6931273536460116,0.8667408421773364,0.23378995433789956
154,154,0.776255707762557,0.7351351351351352,0.7711400205409107,0.874871619308456,0.30639269406392694
155,155,0.7579908675799086,0.7225130890052356,0.7568897637795275,0.8689661074974324,0.30547945205479454
156,156,0.7534246575342466,0.7352941176470589,0.7619394043135912,0.8758986648408079,0.3086757990867581
157,157,0.7351598173515982,0.7211538461538461,0.7461913728175282,0.8444026018486819,0.2995433789954338
158,158,0.7579908675799086,0.7103825136612022,0.750898664840808,0.8691372817528245,0.2977168949771689
159,159,0.726027397260274,0.7115384615384616,0.7368195823348169,0.8508216364258816,0.2821917808219179
160,160,0.7534246575342466,0.71875,0.7529527559055118,0.8847997261211913,0.3159817351598174
161,161,0.8401826484018264,0.7928994082840237,0.8247603560424512,0.9067100308113659,0.38949771689497714
162,162,0.7214611872146118,0.7081339712918661,0.7328825744608012,0.8404655939746662,0.25844748858447486
163,163,0.7899543378995434,0.75,0.7844488188976377,0.8833447449503594,0.33424657534246577
164,164,0.730593607305936,0.700507614213198,0.7332677165354331,0.8652002738788085,0.2698630136986301
165,165,0.7168949771689498,0.6990291262135923,0.7259500171174256,0.8440602533378979,0.27853881278538817
166,166,0.7853881278538812,0.745945945945946,0.780511811023622,0.8847141389934954,0.3246575342465754
167,167,0.7077625570776256,0.6923076923076923,0.7180760013693941,0.8557001027045532,0.28493150684931506
168,168,0.6940639269406392,0.6699507389162561,0.7002738788086271,0.8335330366312905,0.23287671232876717
169,169,0.7534246575342466,0.7378640776699029,0.7634371790482711,0.87478603218076,0.3013698630136987
170,170,0.7853881278538812,0.7431693989071039,0.7790140362889422,0.8698219787743923,0.3036529680365297
171,171,0.7488584474885844,0.7120418848167539,0.7475179732968161,0.859123587812393,0.2721461187214612
172,172,0.8447488584474886,0.8068181818181818,0.8346884628551865,0.906367682300582,0.3894977168949772
173,173,0.7351598173515982,0.7156862745098039,0.7431958233481684,0.8666552550496405,0.27762557077625577
174,174,0.8447488584474886,0.8068181818181818,0.8346884628551865,0.9045703526189661,0.3726027397260274
175,175,0.684931506849315,0.6905829596412556,0.7058798356727148,0.8429476206778499,0.2525114155251142
176,176,0.8447488584474886,0.8,0.8301951386511468,0.9108182129407737,0.3876712328767124
177,177,0.7990867579908676,0.7555555555555555,0.7908250599109894,0.8842006162273194,0.35388127853881285
178,178,0.6757990867579908,0.6602870813397129,0.6860236220472441,0.8386682642930503,0.21232876712328763
179,179,0.8127853881278538,0.768361581920904,0.8026360835330366,0.8954981170831905,0.3552511415525114
180,180,0.7625570776255708,0.7263157894736842,0.7608267716535433,0.8700787401574803,0.30776255707762573
181,181,0.8036529680365296,0.7624309392265194,0.796259842519685,0.8940431359123587,0.35616438356164376
182,182,0.7214611872146118,0.6871794871794872,0.7223981513180417,0.8463711057856899,0.24520547945205484
183,183,0.684931506849315,0.6729857819905213,0.6968931872646353,0.8343033207805546,0.23881278538812784
184,184,0.7808219178082192,0.7391304347826086,0.7750770284149264,0.8821465251626155,0.3127853881278539
185,185,0.7808219178082192,0.7419354838709677,0.7765748031496063,0.8702499144128724,0.3415525114155251
186,186,0.7168949771689498,0.69,0.7214566929133859,0.8517630948305376,0.2621004566210046
187,187,0.7488584474885844,0.7236180904522613,0.7535090722355358,0.8755563163300238,0.3013698630136986
188,188,0.8264840182648402,0.7710843373493976,0.8084560082163643,0.9168093118794933,0.297716894977169
189,189,0.776255707762557,0.7407407407407407,0.7741355700102706,0.8816330023964395,0.3013698630136986
190,190,0.7488584474885844,0.717948717948718,0.750513522766176,0.8684525847312564,0.3059360730593607
191,191,0.7488584474885844,0.7120418848167539,0.7475179732968161,0.8555289284491612,0.2931506849315068
192,192,0.776255707762557,0.7461139896373057,0.7771311194796302,0.858524477918521,0.3333333333333333
193,193,0.867579908675799,0.8342857142857143,0.8573690516946251,0.906025333789798,0.4114155251141553
194,194,0.8356164383561644,0.7906976744186046,0.8223211229031153,0.9029441971927421,0.35616438356164387
195,195,0.8447488584474886,0.8152173913043478,0.8406795617939062,0.8999486477233825,0.3981735159817352
196,196,0.7899543378995434,0.75,0.7844488188976377,0.8898493666552549,0.35479452054794525
197,197,0.8401826484018264,0.8066298342541437,0.8337470044505306,0.9057685724067099,0.4
198,198,0.7397260273972602,0.7192118226600985,0.7471328312221841,0.8581821294077371,0.2794520547945205
199,199,0.7899543378995434,0.7472527472527473,0.7829510441629579,0.8806059568640876,0.32922374429223744
200,200,0.7671232876712328,0.7329842931937173,0.766261554262239,0.8176138308798357,0.2771689497716895
201,201,0.8127853881278538,0.7657142857142857,0.8011383087983568,0.8926737418692228,0.3675799086757991
202,202,0.7351598173515982,0.7010309278350515,0.7357069496747689,0.8639164669633687,0.25844748858447497
203,203,0.771689497716895,0.7685185185185185,0.7896696336870934,0.8653714481342005,0.34109589041095895
204,204,0.8493150684931506,0.8070175438596491,0.8356299212598426,0.9116740842177337,0.4013698630136986
205,205,0.7853881278538812,0.7589743589743589,0.7880006846970216,0.8874529270797672,0.34611872146118716
206,206,0.7899543378995434,0.75,0.7844488188976377,0.8774392331393359,0.34337899543379
207,207,0.7488584474885844,0.7263681592039801,0.7550068469702156,0.8699931530297844,0.30776255707762556
208,208,0.8356164383561644,0.7857142857142857,0.8193255734337556,0.8960116398493667,0.3470319634703196
209,209,0.7625570776255708,0.723404255319149,0.7593289969188634,0.8712769599452242,0.2885844748858448
210,210,0.7077625570776256,0.6923076923076923,0.7180760013693941,0.8239472783293392,0.2703196347031963
211,211,0.8127853881278538,0.7783783783783784,0.8086271824717562,0.8974666210201985,0.36392694063926945
212,212,0.7945205479452054,0.7540983606557377,0.7883858267716535,0.8730742896268401,0.3410958904109589
213,213,0.7579908675799086,0.7103825136612022,0.750898664840808,0.8668264293050325,0.2831050228310502
214,214,0.8264840182648402,0.7764705882352941,0.811451557685724,0.9034577199589182,0.3726027397260274
215,215,0.7899543378995434,0.7553191489361702,0.7874443683669976,0.8687949332420404,0.34474885844748865
216,216,0.7214611872146118,0.6995073891625616,0.7283892502567614,0.8254022595001712,0.2785388127853881
217,217,0.8493150684931506,0.8176795580110497,0.843118794933242,0.8970386853817185,0.40821917808219177
218,218,0.7945205479452054,0.7567567567567568,0.7898836015063335,0.8712769599452241,0.3287671232876712
219,219,0.7625570776255708,0.7204301075268817,0.7578312221841835,0.8691372817528243,0.30319634703196346
220,220,0.7990867579908676,0.7528089887640449,0.7893272851763096,0.8965251626155427,0.3264840182648402
221,221,0.7397260273972602,0.7219512195121951,0.7486306059568641,0.8351591920575145,0.28721461187214614
222,222,0.7351598173515982,0.6947368421052632,0.7327114002054091,0.8539883601506333,0.28538812785388123
223,223,0.7442922374429224,0.711340206185567,0.7450787401574803,0.844744950359466,0.2812785388127854
224,224,0.8447488584474886,0.8,0.8301951386511468,0.9115884970900376,0.38356164383561653
225,225,0.8356164383561644,0.8,0.8283122218418351,0.8991783635741184,0.3744292237442922
226,226,0.8356164383561644,0.7931034482758621,0.8238188976377953,0.8952413557001027,0.37168949771689497
227,227,0.8264840182648402,0.7816091954022989,0.8144471071550838,0.8675967134542965,0.36438356164383556
228,228,0.8401826484018264,0.7976878612716763,0.827755905511811,0.8839438548442313,0.38538812785388127
229,229,0.7808219178082192,0.7333333333333333,0.7720814789455666,0.8877952755905512,0.319634703196347
230,230,0.7534246575342466,0.7244897959183674,0.7559483053748717,0.8677678877096885,0.29086757990867596
231,231,0.7945205479452054,0.7567567567567568,0.7898836015063335,0.8911331735706949,0.34246575342465757
232,232,0.7168949771689498,0.6836734693877551,0.718461143444026,0.8475693255734338,0.2552511415525115
233,233,0.776255707762557,0.7487179487179487,0.7786288942143101,0.8784662786716877,0.31780821917808216
234,234,0.8401826484018264,0.7928994082840237,0.8247603560424512,0.9116740842177335,0.39452054794520547
235,235,0.8264840182648402,0.7682926829268293,0.8069582334816844,0.9329852790140363,0.33059360730593607
236,236,0.7534246575342466,0.7272727272727273,0.7574460801095515,0.8618623758986648,0.3073059360730594
237,237,0.7397260273972602,0.7192118226600985,0.7471328312221841,0.8540739472783293,0.2986301369863014
238,238,0.8858447488584474,0.8603351955307262,0.8791081821294078,0.9121876069839097,0.43333333333333324
239,239,0.8538812785388128,0.813953488372093,0.8410647038685382,0.9153543307086615,0.3794520547945206
240,240,0.7990867579908676,0.7608695652173914,0.7938206093803493,0.8842862033550154,0.3438356164383562
241,241,0.7077625570776256,0.6893203883495146,0.7165782266347142,0.8504792879150975,0.2511415525114156
242,242,0.7853881278538812,0.7539267015706806,0.7850051352276618,0.858952413557001,0.3401826484018265
243,243,0.7351598173515982,0.7184466019417476,0.7446935980828484,0.8617767887709689,0.2949771689497718
244,244,0.8584474885844748,0.8287292817679558,0.8524905854159535,0.8610920917494008,0.4041095890410959
245,245,0.8082191780821918,0.7640449438202247,0.7986990756590209,0.8939575487846627,0.3607305936073059
246,246,0.8082191780821918,0.7666666666666667,0.8001968503937008,0.8839438548442313,0.3689497716894977
247,247,0.7899543378995434,0.75,0.7844488188976377,0.8925881547415269,0.3287671232876712
248,248,0.8264840182648402,0.7764705882352941,0.811451557685724,0.9136425881547415,0.33242009132420086
249,249,0.730593607305936,0.6910994764397905,0.7287743923313934,0.8357583019513865,0.27853881278538806
