,random_seed,accuracy,f1,balanced_acc,auc,feature_importance.rightlow_CO2_scaled,feature_importance.rightlow_temperature_scaled,feature_importance.rightlow_humidity_scaled
0,0,0.8823529411764706,0.8279569892473119,0.871256038647343,0.961111111111111,0.17757352941176463,0.003308823529411864,0.0018382352941176405
1,1,0.8897058823529411,0.8387096774193549,0.8794685990338165,0.9652777777777778,0.22242647058823528,0.004779411764705754,0.006985294117646923
2,2,0.8639705882352942,0.7885714285714286,0.8361111111111111,0.9448067632850241,0.12132352941176472,-0.009926470588235148,-0.006617647058823617
3,3,0.8823529411764706,0.8297872340425532,0.8739130434782609,0.9609299516908212,0.19448529411764703,0.010661764705882315,0.01360294117647054
4,4,0.8823529411764706,0.8297872340425532,0.8739130434782609,0.9637077294685991,0.20404411764705876,0.006617647058823506,-0.0018382352941176405
5,5,0.8786764705882353,0.8216216216216217,0.8658212560386473,0.9568840579710145,0.1404411764705883,0.007352941176470562,0.00808823529411773
6,6,0.8713235294117647,0.8066298342541437,0.8522946859903382,0.9122584541062801,0.10330882352941195,0.006617647058823395,0.014705882352941124
7,7,0.8786764705882353,0.8216216216216217,0.8658212560386473,0.9389492753623188,0.14227941176470582,0.011029411764705954,0.014705882352941235
8,8,0.8860294117647058,0.8342245989304813,0.8766908212560387,0.9630434782608696,0.2124999999999999,0.0018382352941176405,0.0014705882352941124
9,9,0.8713235294117647,0.7953216374269005,0.8390096618357488,0.9531400966183574,0.12941176470588234,-0.0018382352941177516,0.018014705882352988
10,10,0.8786764705882353,0.8216216216216217,0.8658212560386473,0.9486111111111111,0.12316176470588236,0.011029411764705954,0.008823529411764675
11,11,0.8676470588235294,0.8,0.8468599033816425,0.9521135265700483,0.1341911764705882,-0.00955882352941173,-0.004779411764705865
12,12,0.875,0.8089887640449438,0.8524154589371982,0.9403985507246376,0.12279411764705883,0.00955882352941173,0.008088235294117618
13,13,0.8602941176470589,0.7738095238095238,0.8227053140096618,0.9494565217391304,0.1419117647058823,-0.011397058823529371,0.009926470588235481
14,14,0.8529411764705882,0.7468354430379747,0.8012077294685991,0.9530193236714976,0.15588235294117647,-0.010661764705882315,0.01727941176470582
15,15,0.7977941176470589,0.5864661654135338,0.7064009661835748,0.9583937198067631,0.12830882352941186,-0.0025735294117646967,0.05882352941176472
16,16,0.8786764705882353,0.8235294117647058,0.8684782608695653,0.9631038647342995,0.2084558823529411,0.008455882352941035,0.006617647058823506
17,17,0.8713235294117647,0.7976878612716763,0.8416666666666667,0.9429951690821256,0.13345588235294115,0.0018382352941176405,0.025000000000000022
18,18,0.875,0.8131868131868132,0.8577294685990338,0.952596618357488,0.1419117647058823,0.006985294117647145,0.015073529411764652
19,19,0.875,0.8152173913043478,0.8603864734299517,0.9306763285024156,0.15000000000000013,0.004779411764705754,0.006985294117647145
20,20,0.8786764705882353,0.8216216216216217,0.8658212560386473,0.9323671497584541,0.09816176470588234,0.01176470588235301,0.028676470588235303
21,21,0.8492647058823529,0.7354838709677419,0.7931159420289855,0.9545893719806764,0.16102941176470587,-0.0018382352941177516,0.03308823529411764
22,22,0.8566176470588235,0.7547169811320755,0.8066425120772946,0.951388888888889,0.14889705882352933,-0.01397058823529429,0.016176470588235237
23,23,0.8860294117647058,0.8324324324324325,0.8740338164251208,0.9643115942028986,0.22499999999999998,0.007720588235293868,0.014338235294117485
24,24,0.8823529411764706,0.8181818181818182,0.8579710144927537,0.9585144927536231,0.143014705882353,0.0051470588235293935,0.020588235294117463
25,25,0.8860294117647058,0.8342245989304813,0.8766908212560387,0.9628623188405797,0.2124999999999999,0.006617647058823395,0.0117647058823529
26,26,0.875,0.8152173913043478,0.8603864734299517,0.9554951690821256,0.1264705882352941,0.007720588235293979,0.010661764705882426
27,27,0.875,0.8131868131868132,0.8577294685990338,0.8879830917874397,0.125,0.009191176470588203,0.0117647058823529
28,28,0.8786764705882353,0.8216216216216217,0.8658212560386473,0.8878019323671497,0.13602941176470595,0.010661764705882426,0.011397058823529482
29,29,0.875,0.8131868131868132,0.8577294685990338,0.9533816425120772,0.13639705882352937,0.008823529411764897,0.006985294117647145
30,30,0.8786764705882353,0.8235294117647058,0.8684782608695653,0.9606884057971015,0.21433823529411766,0.003676470588235281,0.006985294117647034
31,31,0.8676470588235294,0.7857142857142857,0.8309178743961352,0.9558574879227053,0.13382352941176479,-0.0055147058823528106,0.014338235294117707
32,32,0.8602941176470589,0.7625,0.8120772946859903,0.9542874396135266,0.16102941176470598,-0.0014705882352940014,0.01764705882352935
33,33,0.8713235294117647,0.7953216374269005,0.8390096618357488,0.9565821256038647,0.1419117647058824,-0.0055147058823528106,0.004411764705882337
34,34,0.8713235294117647,0.8066298342541437,0.8522946859903382,0.9365942028985507,0.10330882352941184,0.002941176470588225,0.00588235294117645
35,35,0.8786764705882353,0.819672131147541,0.8631642512077294,0.9614734299516907,0.15073529411764697,0.004044117647058809,0.0022058823529412797
36,36,0.8823529411764706,0.8241758241758241,0.8659420289855072,0.9533816425120774,0.14154411764705865,0.00955882352941173,0.00955882352941173
37,37,0.875,0.8131868131868132,0.8577294685990338,0.947463768115942,0.12720588235294117,0.007720588235294201,0.012867647058823595
38,38,0.875,0.8152173913043478,0.8603864734299517,0.9516304347826087,0.12242647058823519,0.006985294117647145,0.010661764705882204
39,39,0.8639705882352942,0.7885714285714286,0.8361111111111111,0.9346618357487922,0.10220588235294126,-0.009926470588235148,0.003308823529411753
40,40,0.8602941176470589,0.7625,0.8120772946859903,0.9535024154589373,0.16874999999999996,-0.0007352941176470562,0.04705882352941182
41,41,0.8897058823529411,0.8387096774193549,0.8794685990338165,0.9658816425120773,0.23492647058823513,0.005514705882352922,0.006249999999999978
42,42,0.8713235294117647,0.8044692737430168,0.8496376811594203,0.93737922705314,0.10588235294117643,0.0051470588235293935,0.01764705882352935
43,43,0.8823529411764706,0.8297872340425532,0.8739130434782609,0.9626207729468599,0.18566176470588225,0.008088235294117618,0.006249999999999867
44,44,0.875,0.8131868131868132,0.8577294685990338,0.959963768115942,0.15000000000000002,0.0003676470588235281,0.0014705882352942234
45,45,0.8529411764705882,0.7468354430379747,0.8012077294685991,0.9525966183574879,0.16066176470588245,-0.008823529411764675,0.022426470588235103
46,46,0.875,0.7951807228915663,0.8364734299516908,0.9569444444444444,0.17242647058823535,0.0014705882352942234,0.026102941176470607
47,47,0.7720588235294118,0.5079365079365079,0.6683574879227053,0.9518719806763285,0.0988970588235295,-0.004411764705882337,0.06249999999999989
48,48,0.8786764705882353,0.8235294117647058,0.8684782608695653,0.9264492753623188,0.17132352941176476,0.006617647058823506,0.011029411764705732
49,49,0.8823529411764706,0.8297872340425532,0.8739130434782609,0.966243961352657,0.20257352941176454,-0.0007352941176470562,0.004779411764705865
50,50,0.8897058823529411,0.8387096774193549,0.8794685990338165,0.9632246376811594,0.19191176470588223,0.012867647058823595,0.023897058823529327
51,51,0.8823529411764706,0.8297872340425532,0.8739130434782609,0.9646135265700483,0.2099264705882351,0.006249999999999867,0.008088235294117618
52,52,0.8823529411764706,0.8297872340425532,0.8739130434782609,0.9652777777777777,0.19044117647058822,0.009558823529411842,0.01176470588235301
53,53,0.8897058823529411,0.8387096774193549,0.8794685990338165,0.9606884057971015,0.2147058823529412,0.011397058823529371,0.012499999999999845
54,54,0.8897058823529411,0.8387096774193549,0.8794685990338165,0.9651570048309178,0.21470588235294108,-0.0011029411764706953,0.0022058823529411686
55,55,0.8786764705882353,0.8216216216216217,0.8658212560386473,0.9452898550724638,0.1496323529411765,0.009926470588235259,0.012499999999999734
56,56,0.875,0.7976190476190477,0.8391304347826087,0.9508454106280193,0.1485294117647059,0.004411764705882448,0.013235294117647123
57,57,0.7316176470588235,0.35398230088495575,0.6059178743961353,0.9553140096618358,0.06948529411764703,-0.0051470588235296155,0.040073529411764564
58,58,0.8823529411764706,0.8279569892473119,0.871256038647343,0.9596618357487923,0.18308823529411766,0.014338235294117707,0.02499999999999991
59,59,0.8823529411764706,0.8297872340425532,0.8739130434782609,0.9631642512077294,0.18676470588235294,0.008823529411764564,0.011029411764705843
60,60,0.8161764705882353,0.6428571428571429,0.736231884057971,0.9555555555555555,0.14264705882352935,-0.012500000000000067,0.06544117647058822
61,61,0.8786764705882353,0.8216216216216217,0.8658212560386473,0.9530193236714976,0.11874999999999991,0.008823529411764675,0.0007352941176470562
62,62,0.875,0.8152173913043478,0.8603864734299517,0.9155797101449276,0.12389705882352942,0.0018382352941175295,-0.0018382352941177516
63,63,0.8897058823529411,0.8387096774193549,0.8794685990338165,0.9645531400966183,0.2606617647058822,0.013602941176470429,0.023897058823529327
64,64,0.8786764705882353,0.819672131147541,0.8631642512077294,0.9633454106280193,0.1419117647058823,0.0051470588235295045,0.0022058823529410576
65,65,0.8823529411764706,0.8297872340425532,0.8739130434782609,0.9646135265700483,0.20992647058823521,0.010294117647058787,0.012867647058823484
66,66,0.8382352941176471,0.7380952380952381,0.7980676328502416,0.9450483091787439,0.11250000000000016,-0.020220588235294268,0.0011029411764705843
67,67,0.8860294117647058,0.8342245989304813,0.8766908212560387,0.964915458937198,0.19889705882352937,0.004779411764705865,0.009191176470588314
68,68,0.8897058823529411,0.8387096774193549,0.8794685990338165,0.9633454106280194,0.23345588235294112,0.002941176470588225,0.00588235294117645
69,69,0.875,0.8131868131868132,0.8577294685990338,0.9556763285024155,0.1393382352941177,0.009191176470588203,0.014705882352941124
70,70,0.8419117647058824,0.7189542483660131,0.7822463768115941,0.9505434782608696,0.1562499999999999,0.02352941176470591,0.018749999999999933
71,71,0.875,0.8131868131868132,0.8577294685990338,0.9030797101449276,0.11544117647058827,0.003308823529411753,0.006617647058823506
72,72,0.8492647058823529,0.7354838709677419,0.7931159420289855,0.956159420289855,0.16617647058823526,-0.0011029411764705843,0.05257352941176474
73,73,0.875,0.8152173913043478,0.8603864734299517,0.9311594202898552,0.143014705882353,0.006249999999999978,0.00404411764705892
74,74,0.8676470588235294,0.7777777777777778,0.8229468599033817,0.9579106280193237,0.16875000000000007,0.002941176470588114,0.03125000000000011
75,75,0.8823529411764706,0.8279569892473119,0.871256038647343,0.9541062801932367,0.1613970588235294,0.0022058823529411686,0.0014705882352941124
76,76,0.8492647058823529,0.7354838709677419,0.7931159420289855,0.9516304347826087,0.15845588235294117,-0.002941176470588225,0.030147058823529416
77,77,0.8823529411764706,0.8297872340425532,0.8739130434782609,0.9648550724637681,0.1783088235294118,0.01360294117647054,0.010661764705882315
78,78,0.8676470588235294,0.7777777777777778,0.8229468599033817,0.9582729468599034,0.1705882352941176,0.0003676470588234171,0.04154411764705879
79,79,0.7977941176470589,0.5864661654135338,0.7064009661835748,0.948852657004831,0.13492647058823537,0.014705882352941235,0.07058823529411762
80,80,0.8345588235294118,0.7019867549668874,0.7713768115942029,0.9536835748792271,0.15330882352941178,-0.0025735294117646967,0.03529411764705881
81,81,0.875,0.8172043010752689,0.8630434782608696,0.9503623188405796,0.12867647058823528,0.006985294117647145,0.0014705882352942234
82,82,0.8786764705882353,0.8216216216216217,0.8658212560386473,0.939855072463768,0.10367647058823526,0.013970588235293957,0.02316176470588238
83,83,0.8823529411764706,0.8297872340425532,0.8739130434782609,0.9628623188405797,0.17242647058823535,0.014338235294117707,0.014338235294117707
84,84,0.8639705882352942,0.7730061349693251,0.8201690821256039,0.9501207729468599,0.15000000000000002,0.007720588235294201,0.05882352941176461
85,85,0.8897058823529411,0.8387096774193549,0.8794685990338165,0.9628623188405797,0.19117647058823517,0.0132352941176469,0.01764705882352957
86,86,0.8676470588235294,0.7954545454545454,0.8415458937198068,0.9524758454106279,0.12573529411764706,-0.004044117647058809,0.013602941176470762
87,87,0.875,0.8131868131868132,0.8577294685990338,0.9535024154589372,0.1132352941176471,0.0051470588235293935,0.010661764705882204
88,88,0.8602941176470589,0.759493670886076,0.8094202898550724,0.9586352657004831,0.16360294117647056,-0.006985294117647145,0.01544117647058818
89,89,0.8676470588235294,0.775,0.8202898550724638,0.9577294685990339,0.17205882352941182,0.011397058823529482,0.031985294117647056
90,90,0.8897058823529411,0.8387096774193549,0.8794685990338165,0.9642512077294686,0.1977941176470588,0.006985294117646923,0.01727941176470582
91,91,0.8823529411764706,0.8297872340425532,0.8739130434782609,0.9623188405797103,0.1470588235294118,0.010661764705882315,0.011397058823529482
92,92,0.875,0.8131868131868132,0.8577294685990338,0.942391304347826,0.13602941176470584,0.011029411764705954,0.011397058823529371
93,93,0.8823529411764706,0.8297872340425532,0.8739130434782609,0.9623792270531402,0.1977941176470589,0.006617647058823506,0.01360294117647054
94,94,0.8676470588235294,0.7954545454545454,0.8415458937198068,0.9422101449275362,0.12095588235294119,-0.0014705882352941124,-0.004779411764705865
95,95,0.8897058823529411,0.8387096774193549,0.8794685990338165,0.9640096618357488,0.21838235294117636,0.012499999999999956,0.006617647058823395
96,96,0.8860294117647058,0.8324324324324325,0.8740338164251208,0.9632246376811594,0.21250000000000002,0.00588235294117645,0.004044117647058698
97,97,0.8676470588235294,0.7831325301204819,0.8282608695652174,0.9520531400966183,0.1639705882352941,-0.004411764705882337,0.03124999999999989
98,98,0.8860294117647058,0.8342245989304813,0.8766908212560387,0.9574879227053139,0.1875,0.014705882352941124,0.012132352941176539
99,99,0.8823529411764706,0.8297872340425532,0.8739130434782609,0.9666666666666668,0.18272058823529425,0.010661764705882315,0.011397058823529482
100,100,0.8933823529411765,0.8449197860962567,0.884903381642512,0.9603864734299516,0.2474264705882353,0.0051470588235293935,0.009558823529411842
101,101,0.7720588235294118,0.5079365079365079,0.6683574879227053,0.9584541062801932,0.10808823529411771,0.003676470588235392,0.05514705882352944
102,102,0.8860294117647058,0.8342245989304813,0.8766908212560387,0.9658212560386473,0.18161764705882355,0.009191176470588092,0.008088235294117618
103,103,0.8235294117647058,0.6571428571428571,0.7444444444444445,0.9515096618357488,0.1536764705882352,-0.0014705882352940014,0.06727941176470587
104,104,0.7720588235294118,0.5,0.6657004830917874,0.9472826086956522,0.10588235294117654,0.004779411764705865,0.028308823529411775
105,105,0.875,0.8152173913043478,0.8603864734299517,0.9464371980676328,0.1301470588235294,0.00404411764705892,0.012867647058823595
106,106,0.8786764705882353,0.8216216216216217,0.8658212560386473,0.9483091787439613,0.1224264705882353,0.01544117647058818,0.016176470588235237
107,107,0.8419117647058824,0.7152317880794702,0.7795893719806763,0.9560386473429952,0.15661764705882353,-0.009191176470588314,0.030514705882352833
108,108,0.8786764705882353,0.8235294117647058,0.8684782608695653,0.9634057971014492,0.2018382352941176,0.00955882352941173,0.022794117647058854
109,109,0.875,0.8131868131868132,0.8577294685990338,0.9530797101449275,0.13602941176470595,-0.0007352941176470562,-0.0011029411764706953
110,110,0.8382352941176471,0.6944444444444444,0.7661835748792271,0.863526570048309,0.16323529411764703,-0.00772058823529409,0.05294117647058827
111,111,0.8823529411764706,0.8297872340425532,0.8739130434782609,0.9617753623188405,0.174264705882353,0.010661764705882315,0.017647058823529238
112,112,0.8823529411764706,0.8297872340425532,0.8739130434782609,0.9659420289855072,0.21213235294117638,0.0055147058823528106,0.004044117647058809
113,113,0.8823529411764706,0.8297872340425532,0.8739130434782609,0.966183574879227,0.19705882352941184,0.003676470588235392,-0.003676470588235392
114,114,0.875,0.8131868131868132,0.8577294685990338,0.9469806763285025,0.14264705882352946,0.0051470588235293935,0.003308823529411753
115,115,0.8823529411764706,0.8297872340425532,0.8739130434782609,0.9644927536231884,0.1977941176470589,0.010294117647058787,0.006617647058823506
116,116,0.8786764705882353,0.8235294117647058,0.8684782608695653,0.9621980676328502,0.21838235294117647,0.003676470588235281,0.00955882352941173
117,117,0.8713235294117647,0.8066298342541437,0.8522946859903382,0.9417270531400966,0.11801470588235308,0.004411764705882337,0.01580882352941182
118,118,0.8566176470588235,0.7515923566878981,0.8039855072463769,0.9553743961352656,0.17242647058823524,-1.1102230246251565e-16,0.01727941176470571
119,119,0.875,0.8,0.8417874396135265,0.9513888888888888,0.14742647058823533,0.006617647058823506,0.022426470588235325
120,120,0.7757352941176471,0.5196850393700787,0.673792270531401,0.9553743961352656,0.10882352941176476,0.016176470588235348,0.06838235294117645
121,121,0.875,0.7976190476190477,0.8391304347826087,0.9587560386473429,0.1588235294117647,0.0051470588235293935,0.018014705882352877
122,122,0.8860294117647058,0.8342245989304813,0.8766908212560387,0.9648550724637681,0.20477941176470582,0.009558823529411842,0.01397058823529429
123,123,0.8860294117647058,0.8324324324324325,0.8740338164251208,0.9642512077294686,0.2095588235294117,0.010661764705882315,0.026470588235294024
124,124,0.8639705882352942,0.7885714285714286,0.8361111111111111,0.9373188405797102,0.13382352941176467,-0.0011029411764704733,0.006249999999999978
125,125,0.8897058823529411,0.8387096774193549,0.8794685990338165,0.963707729468599,0.2172794117647059,0.011029411764705954,0.007352941176470451
126,126,0.8823529411764706,0.8297872340425532,0.8739130434782609,0.9645531400966183,0.1977941176470588,0.004779411764705865,0.0055147058823528106
127,127,0.8823529411764706,0.8297872340425532,0.8739130434782609,0.9647946859903382,0.20624999999999993,-0.0003676470588234171,0.0003676470588234171
128,128,0.8713235294117647,0.8066298342541437,0.8522946859903382,0.9521739130434782,0.14007352941176476,-0.0007352941176470562,0.014705882352941124
129,129,0.8713235294117647,0.8066298342541437,0.8522946859903382,0.9142512077294687,0.12389705882352942,0.00588235294117645,0.012867647058823373
130,130,0.875,0.8131868131868132,0.8577294685990338,0.9583333333333334,0.11764705882352944,0.003676470588235281,0.013235294117647123
131,131,0.8823529411764706,0.8072289156626506,0.8446859903381643,0.9599033816425121,0.19301470588235303,0.00772058823529409,0.025000000000000133
132,132,0.8676470588235294,0.8,0.8468599033816425,0.9538043478260869,0.12499999999999989,-0.0022058823529411686,0.010661764705882315
133,133,0.8492647058823529,0.7248322147651006,0.7851449275362319,0.9596014492753623,0.17205882352941182,-0.00588235294117645,0.0235294117647058
134,134,0.8786764705882353,0.8235294117647058,0.8684782608695653,0.9570048309178744,0.188970588235294,0.0025735294117645857,0.0051470588235295045
135,135,0.8823529411764706,0.8297872340425532,0.8739130434782609,0.9638285024154589,0.19191176470588234,0.008823529411764786,0.005882352941176339
136,136,0.8860294117647058,0.8342245989304813,0.8766908212560387,0.9669082125603865,0.19889705882352926,0.00772058823529409,0.006985294117646923
137,137,0.8823529411764706,0.8297872340425532,0.8739130434782609,0.9665458937198067,0.21801470588235294,0.009926470588235259,0.015073529411764541
138,138,0.8823529411764706,0.8260869565217391,0.8685990338164251,0.9603260869565218,0.14522058823529416,0.012499999999999956,0.012867647058823484
139,139,0.8786764705882353,0.8216216216216217,0.8658212560386473,0.9405193236714976,0.1264705882352941,0.013235294117647012,0.010661764705882426
140,140,0.8823529411764706,0.8297872340425532,0.8739130434782609,0.9647946859903381,0.2238970588235294,0.0022058823529411686,0.0051470588235293935
141,141,0.8860294117647058,0.8324324324324325,0.8740338164251208,0.9643115942028986,0.2305147058823529,-0.0014705882352941124,0.006985294117646923
142,142,0.875,0.8111111111111111,0.855072463768116,0.9193840579710144,0.10919117647058818,0.013602941176470651,0.01948529411764688
143,143,0.8860294117647058,0.8324324324324325,0.8740338164251208,0.9619565217391304,0.21213235294117638,-0.0025735294117648078,-0.0011029411764708064
144,144,0.8897058823529411,0.8387096774193549,0.8794685990338165,0.9644927536231884,0.19080882352941164,0.008455882352941146,0.009926470588235148
145,145,0.7389705882352942,0.3826086956521739,0.6167874396135266,0.9548913043478261,0.07830882352941171,-0.005514705882352922,0.0235294117647058
146,146,0.8382352941176471,0.7105263157894737,0.7768115942028986,0.9080314009661836,0.15183823529411777,-0.014338235294117596,0.027573529411764608
147,147,0.8492647058823529,0.7388535031847133,0.7957729468599034,0.9498792270531401,0.15404411764705883,-0.012132352941176427,0.0338235294117647
148,148,0.8786764705882353,0.8047337278106509,0.8445652173913043,0.9583333333333333,0.15661764705882353,0.003676470588235281,0.018749999999999933
149,149,0.8602941176470589,0.7654320987654321,0.8147342995169082,0.9537439613526569,0.14742647058823544,-0.007720588235293979,0.03125
150,150,0.8639705882352942,0.7701863354037267,0.817512077294686,0.9530797101449275,0.16507352941176467,-0.005514705882352922,0.019117647058823684
151,151,0.8933823529411765,0.8415300546448088,0.8795893719806764,0.9656400966183575,0.248529411764706,0.006985294117647034,0.01360294117647054
152,152,0.8786764705882353,0.8235294117647058,0.8684782608695653,0.9654589371980676,0.1966911764705883,0.0022058823529410576,0.006249999999999978
153,153,0.8823529411764706,0.8297872340425532,0.8739130434782609,0.9592995169082126,0.18786764705882342,0.012132352941176316,0.020588235294117685
154,154,0.8823529411764706,0.8279569892473119,0.871256038647343,0.9577294685990337,0.18713235294117636,0.009926470588235259,0.010661764705882204
155,155,0.8860294117647058,0.8342245989304813,0.8766908212560387,0.9647342995169081,0.1875,0.007720588235294201,0.006985294117647145
156,156,0.8823529411764706,0.8279569892473119,0.871256038647343,0.9638888888888889,0.20808823529411768,0.009191176470588092,0.036029411764705865
157,157,0.8713235294117647,0.8066298342541437,0.8522946859903382,0.8858695652173912,0.1095588235294116,0.0051470588235293935,0.01397058823529429
158,158,0.8823529411764706,0.8279569892473119,0.871256038647343,0.9611111111111111,0.22977941176470584,0.0055147058823528106,0.012867647058823484
159,159,0.8860294117647058,0.8143712574850299,0.8501207729468598,0.9491545893719807,0.17794117647058827,0.022058823529411686,0.03272058823529411
160,160,0.8823529411764706,0.8279569892473119,0.871256038647343,0.9581521739130435,0.1588235294117647,0.011397058823529482,0.017279411764705932
161,161,0.8786764705882353,0.8216216216216217,0.8658212560386473,0.9446256038647344,0.1444852941176471,0.0117647058823529,0.01911764705882346
162,162,0.8823529411764706,0.8279569892473119,0.871256038647343,0.954891304347826,0.15404411764705883,0.017279411764705932,0.022794117647058743
163,163,0.8860294117647058,0.8324324324324325,0.8740338164251208,0.9631038647342995,0.19080882352941175,0.009558823529411842,0.0025735294117646967
164,164,0.8786764705882353,0.8216216216216217,0.8658212560386473,0.9492753623188406,0.1547794117647059,0.012867647058823373,0.012867647058823484
165,165,0.8823529411764706,0.8297872340425532,0.8739130434782609,0.9631038647342994,0.19595588235294126,0.009191176470588314,0.017647058823529238
166,166,0.8382352941176471,0.6944444444444444,0.7661835748792271,0.9359903381642511,0.17279411764705888,0.0007352941176470562,0.04448529411764712
167,167,0.875,0.8111111111111111,0.855072463768116,0.9452898550724638,0.13051470588235292,0.0022058823529411686,0.0051470588235293935
168,168,0.8455882352941176,0.7236842105263158,0.7850241545893719,0.9577898550724637,0.15661764705882342,-0.005514705882353033,0.038235294117647145
169,169,0.8492647058823529,0.7354838709677419,0.7931159420289855,0.9522342995169082,0.1680147058823528,-0.00808823529411773,0.03749999999999998
170,170,0.8823529411764706,0.8297872340425532,0.8739130434782609,0.966304347826087,0.19301470588235303,0.004779411764705754,0.012867647058823484
171,171,0.8823529411764706,0.8297872340425532,0.8739130434782609,0.9593599033816425,0.21066176470588238,0.006249999999999867,0.007352941176470562
172,172,0.8419117647058824,0.7074829931972789,0.7742753623188405,0.9554347826086957,0.16985294117647054,-0.011397058823529371,0.03676470588235303
173,173,0.7389705882352942,0.39316239316239315,0.6194444444444445,0.9513888888888888,0.07610294117647065,0.003308823529411753,0.06911764705882362
174,174,0.8897058823529411,0.8387096774193549,0.8794685990338165,0.9615942028985507,0.2110294117647059,0.00992647058823537,0.016544117647058876
175,175,0.8602941176470589,0.7625,0.8120772946859903,0.9054951690821256,0.16801470588235312,0.0003676470588235281,0.04669117647058818
176,176,0.8529411764705882,0.7368421052631579,0.7932367149758455,0.9591787439613526,0.17279411764705876,0.0007352941176470562,0.05698529411764708
177,177,0.6801470588235294,0.10309278350515463,0.5271739130434783,0.9528381642512077,0.018382352941176405,0.007352941176470562,0.018382352941176405
178,178,0.8639705882352942,0.7885714285714286,0.8361111111111111,0.9141908212560385,0.10808823529411771,-0.0011029411764704733,0.005882352941176561
179,179,0.8713235294117647,0.8087431693989071,0.854951690821256,0.9085748792270532,0.14522058823529416,0.003676470588235392,0.002941176470588225
180,180,0.8713235294117647,0.8087431693989071,0.854951690821256,0.9289251207729469,0.13602941176470595,0.008088235294117618,0.009191176470588314
181,181,0.8455882352941176,0.7162162162162162,0.7797101449275362,0.9571256038647342,0.1654411764705883,-0.007352941176470562,0.05845588235294119
182,182,0.8713235294117647,0.8066298342541437,0.8522946859903382,0.9507850241545893,0.13124999999999998,0.004779411764705865,0.013235294117647012
183,183,0.8786764705882353,0.8216216216216217,0.8658212560386473,0.9258454106280193,0.1275735294117647,0.013970588235294179,0.020220588235294157
184,184,0.8823529411764706,0.8297872340425532,0.8739130434782609,0.9599637681159421,0.20257352941176465,0.0007352941176470562,-0.003308823529411864
185,185,0.8676470588235294,0.7954545454545454,0.8415458937198068,0.9298309178743962,0.11029411764705876,0.004779411764705865,0.04264705882352948
186,186,0.9044117647058824,0.8586956521739131,0.8932367149758454,0.9364130434782609,0.27132352941176463,0.01360294117647054,0.016911764705882404
187,187,0.875,0.8131868131868132,0.8577294685990338,0.9544082125603865,0.1393382352941177,0.010294117647058676,0.01544117647058818
188,188,0.8713235294117647,0.7878787878787878,0.8310386473429952,0.9556763285024155,0.17389705882352935,-0.0014705882352941124,0.03125
189,189,0.8786764705882353,0.8070175438596491,0.8472222222222222,0.9553743961352658,0.14522058823529416,0.0007352941176470562,0.007352941176470562
190,190,0.8713235294117647,0.8044692737430168,0.8496376811594203,0.9404589371980676,0.12022058823529413,0.004779411764705865,0.008088235294117618
191,191,0.8455882352941176,0.72,0.7823671497584541,0.9458333333333333,0.17169117647058818,-0.0022058823529410576,0.040073529411764564
192,192,0.8639705882352942,0.7885714285714286,0.8361111111111111,0.9553743961352656,0.12463235294117647,-0.007352941176470562,-0.0018382352941176405
193,193,0.8786764705882353,0.8216216216216217,0.8658212560386473,0.9548309178743961,0.12058823529411766,0.012867647058823484,0.013235294117647012
194,194,0.8823529411764706,0.8279569892473119,0.871256038647343,0.956159420289855,0.1654411764705882,0.012499999999999956,0.011029411764705843
195,195,0.8897058823529411,0.8387096774193549,0.8794685990338165,0.9628019323671497,0.22316176470588234,0.012867647058823373,0.01911764705882335
196,196,0.8823529411764706,0.8279569892473119,0.871256038647343,0.9635869565217391,0.20294117647058818,0.007352941176470562,0.007352941176470562
197,197,0.8823529411764706,0.8297872340425532,0.8739130434782609,0.9667270531400965,0.1834558823529412,0.00772058823529409,0.003676470588235281
198,198,0.8676470588235294,0.7954545454545454,0.8415458937198068,0.9541666666666666,0.136764705882353,0.004411764705882337,0.003676470588235281
199,199,0.8897058823529411,0.8387096774193549,0.8794685990338165,0.9633454106280193,0.21139705882352933,0.014338235294117707,0.024264705882352855
200,200,0.875,0.8131868131868132,0.8577294685990338,0.9599033816425121,0.15330882352941178,0.006249999999999978,0.01764705882352935
201,201,0.8823529411764706,0.8297872340425532,0.8739130434782609,0.9666062801932367,0.19705882352941173,-0.0007352941176470562,0.004044117647058809
202,202,0.8823529411764706,0.8297872340425532,0.8739130434782609,0.9653381642512078,0.17941176470588227,0.008455882352941257,0.01139705882352926
203,203,0.875,0.8152173913043478,0.8603864734299517,0.9402777777777778,0.1408088235294117,0.007720588235293979,0.004411764705882448
204,204,0.875,0.7926829268292683,0.8338164251207729,0.9519927536231885,0.1536764705882353,0.004411764705882448,0.030882352941176472
205,205,0.8713235294117647,0.7904191616766467,0.833695652173913,0.9557971014492753,0.17352941176470582,-0.0018382352941175295,0.02132352941176474
206,206,0.8823529411764706,0.8095238095238095,0.8473429951690821,0.9582125603864735,0.1551470588235293,0.008823529411764564,0.027941176470588136
207,207,0.8897058823529411,0.8387096774193549,0.8794685990338165,0.9643115942028986,0.1941176470588235,0.0014705882352940014,-0.006617647058823506
208,208,0.8676470588235294,0.7831325301204819,0.8282608695652174,0.9578502415458937,0.14632352941176474,-0.006617647058823506,0.010661764705882537
209,209,0.8713235294117647,0.8066298342541437,0.8522946859903382,0.9565821256038648,0.12058823529411766,-0.0022058823529412797,0.009191176470588314
210,210,0.875,0.8111111111111111,0.855072463768116,0.9178743961352657,0.14522058823529405,0.006617647058823506,0.007352941176470673
211,211,0.8897058823529411,0.8387096774193549,0.8794685990338165,0.965036231884058,0.20735294117647052,0.008088235294117618,0.006985294117646923
212,212,0.8860294117647058,0.8342245989304813,0.8766908212560387,0.961171497584541,0.1915441176470588,0.012867647058823595,0.02132352941176474
213,213,0.8786764705882353,0.8235294117647058,0.8684782608695653,0.9648550724637681,0.18014705882352944,0.0018382352941177516,-0.008088235294117618
214,214,0.8455882352941176,0.7307692307692307,0.7903381642512077,0.9514492753623188,0.14742647058823544,-0.00772058823529409,0.038235294117647034
215,215,0.875,0.8152173913043478,0.8603864734299517,0.9454710144927536,0.14522058823529416,0.0022058823529411686,0.004779411764705754
216,216,0.8713235294117647,0.8087431693989071,0.854951690821256,0.9379227053140097,0.13235294117647056,0.008455882352941146,0.018750000000000044
217,217,0.8823529411764706,0.8297872340425532,0.8739130434782609,0.9610507246376813,0.19963235294117654,0.008088235294117618,0.008455882352941257
218,218,0.8272058823529411,0.6713286713286714,0.7525362318840579,0.9519927536231885,0.14926470588235285,-0.008823529411764675,0.04448529411764712
219,219,0.8014705882352942,0.5970149253731343,0.7118357487922705,0.9495772946859903,0.13345588235294126,0.016544117647058876,0.08345588235294121
220,220,0.8713235294117647,0.7878787878787878,0.8310386473429952,0.9569444444444444,0.14080882352941182,0.005514705882352922,0.028308823529411775
221,221,0.875,0.8152173913043478,0.8603864734299517,0.9564009661835748,0.1261029411764707,0.010294117647058898,0.010661764705882426
222,222,0.8125,0.6277372262773723,0.7281400966183575,0.9509661835748793,0.14154411764705888,0.006985294117647145,0.06433823529411764
223,223,0.8639705882352942,0.7730061349693251,0.8201690821256039,0.9566425120772946,0.18419117647058825,0.0003676470588235281,0.018750000000000155
224,224,0.8676470588235294,0.8,0.8468599033816425,0.9141908212560387,0.12169117647058825,-0.006985294117647034,-0.0018382352941176405
225,225,0.8897058823529411,0.8387096774193549,0.8794685990338165,0.9628623188405798,0.2161764705882352,0.009926470588235148,0.01727941176470582
226,226,0.8823529411764706,0.8279569892473119,0.871256038647343,0.9402777777777778,0.12683823529411753,0.015073529411764541,0.01911764705882346
227,227,0.8823529411764706,0.8160919540229885,0.8553140096618357,0.9593599033816426,0.15845588235294117,0.0025735294117648078,0.013235294117647012
228,228,0.8823529411764706,0.8297872340425532,0.8739130434782609,0.9632850241545894,0.17867647058823533,0.011029411764705843,0.01360294117647054
229,229,0.7977941176470589,0.5985401459854015,0.7117149758454107,0.9454106280193236,0.1261029411764707,0.00992647058823537,0.10404411764705879
230,230,0.8823529411764706,0.8279569892473119,0.871256038647343,0.9618357487922705,0.1981617647058822,0.006617647058823506,0.006617647058823506
231,231,0.875,0.8111111111111111,0.855072463768116,0.9246980676328503,0.12463235294117658,0.007720588235294201,0.02169117647058827
232,232,0.8345588235294118,0.6896551724137931,0.7634057971014492,0.9556159420289856,0.1496323529411766,-0.00588235294117645,0.04558823529411771
233,233,0.8455882352941176,0.7272727272727273,0.7876811594202899,0.9568236714975845,0.15404411764705883,-0.010294117647058787,0.0051470588235293935
234,234,0.8713235294117647,0.8087431693989071,0.854951690821256,0.9506642512077295,0.12867647058823528,0.0025735294117646967,0.004411764705882337
235,235,0.8897058823529411,0.8387096774193549,0.8794685990338165,0.9592391304347826,0.18823529411764695,0.014338235294117596,0.02316176470588227
236,236,0.8713235294117647,0.8066298342541437,0.8522946859903382,0.918719806763285,0.1378676470588236,0.0,-0.004411764705882337
237,237,0.8639705882352942,0.7885714285714286,0.8361111111111111,0.9480676328502415,0.13492647058823537,-0.008455882352941146,-0.0018382352941177516
238,238,0.875,0.8045977011494253,0.8471014492753624,0.9419685990338165,0.13198529411764703,-0.0011029411764706953,0.01985294117647063
239,239,0.875,0.8131868131868132,0.8577294685990338,0.9227053140096618,0.14522058823529405,0.002941176470588225,0.004044117647058698
240,240,0.8639705882352942,0.7885714285714286,0.8361111111111111,0.9483695652173912,0.12058823529411766,-0.0025735294117646967,-0.004044117647058698
241,241,0.8786764705882353,0.8114285714285714,0.8525362318840579,0.9465579710144928,0.15257352941176472,0.0051470588235295045,0.022426470588235325
242,242,0.8860294117647058,0.8342245989304813,0.8766908212560387,0.9644323671497584,0.18419117647058814,0.009191176470588314,0.01764705882352935
243,243,0.8897058823529411,0.8387096774193549,0.8794685990338165,0.9643115942028986,0.2110294117647059,0.006249999999999978,0.006985294117646923
244,244,0.8823529411764706,0.8160919540229885,0.8553140096618357,0.9583937198067632,0.16727941176470584,0.0055147058823528106,0.014338235294117707
245,245,0.8823529411764706,0.8297872340425532,0.8739130434782609,0.9597826086956522,0.16764705882352937,0.004044117647058809,0.006617647058823506
246,246,0.8897058823529411,0.8387096774193549,0.8794685990338165,0.9642512077294686,0.22499999999999987,0.012499999999999845,0.025000000000000022
247,247,0.875,0.8131868131868132,0.8577294685990338,0.9530193236714976,0.13124999999999998,0.005514705882352922,0.012499999999999956
248,248,0.8860294117647058,0.8342245989304813,0.8766908212560387,0.964915458937198,0.20257352941176476,0.011029411764705843,0.012132352941176539
249,249,0.875,0.7976190476190477,0.8391304347826087,0.9564613526570048,0.15992647058823528,0.0014705882352942234,0.00992647058823537
