,random_seed,accuracy,f1,balanced_acc,auc,feature_importance.C_CO2_vd_scaled,feature_importance.C_CO2_vd_fd1_scaled,feature_importance.C_CO2_vd_fd2_scaled,feature_importance.C_CO2_vd_fd3_scaled,feature_importance.C_mid_CO2_scaled,feature_importance.C_mid_CO2_fd1_scaled,feature_importance.C_mid_CO2_fd2_scaled,feature_importance.C_mid_CO2_fd3_scaled,feature_importance.C_top_CO2_scaled,feature_importance.C_top_CO2_fd1_scaled,feature_importance.C_top_CO2_fd2_scaled,feature_importance.C_top_CO2_fd3_scaled
0,0,0.9220146222583265,0.917098445595855,0.9233649578782321,0.9511839272901221,0.0014622258326563164,-0.00016246953696175126,0.008448415922014618,-0.0017059301380990544,0.001543460601137303,0.03241267262388303,0.014541023558082955,0.007554833468724653,-0.0008123476848089783,0.013160032493907403,0.021121039805036546,0.008285946385052645
1,1,0.9212022745735174,0.9163071613459879,0.9226142071274814,0.9535438092960218,-0.003330625507717344,-0.0019496344435419033,0.0009748172217707296,0.0017059301380991654,0.002274573517465406,0.021445978878960048,0.0678310316815598,0.0059301380991062524,0.0006498781478472271,0.00438667749796906,0.004386677497968949,0.020064987814784607
2,2,0.9260763606823721,0.921619293712317,0.9276555316378325,0.9574769459725212,-0.0004061738424046002,0.000893582453289965,-8.123476848109767e-05,-0.00016246953696175126,0.010722989439480246,0.013403736799350141,0.042567018683996816,0.010966693744922873,0.04370430544272952,0.04061738424045491,0.03785540211210403,0.017059301380990988
3,3,0.9212022745735174,0.916162489196197,0.9224800021260198,0.9532674267187541,0.0004061738424046002,0.004874086108854536,0.001137286758732814,0.0005686433793664625,0.0023558082859462814,0.05905767668562134,0.023314378554021076,0.012347684809098314,0.04459788789601937,0.0074735987002435555,0.022989439480097462,0.007229894394800929
4,4,0.9236393176279447,0.919104991394148,0.9252690743841185,0.957714794440458,-8.123476848087563e-05,0.0012185215272134675,-0.0003249390739235025,0.0002437043054426269,0.0002437043054426269,0.05507717303005677,0.009504467912266445,0.00016246953696175126,0.0012997562956944542,0.005280259951259025,0.006092607636068115,0.009017059301380859
5,5,0.9260763606823721,0.9214840379637619,0.9275213266363709,0.9482925403279385,-0.00048740861088558685,-0.0012185215272134675,-0.0006498781478473381,0.006417546709992061,0.05597075548334696,0.01705930138099121,0.08090982940698621,0.006255077173030088,0.03151909017059307,0.02266450040617385,0.023720552396425787,0.06490658001624694
6,6,0.9236393176279447,0.9186851211072664,0.9248664593797338,0.9558345956576045,0.0006498781478473381,-0.0009748172217709516,0.0013809910641753298,0.001787164906580152,0.002193338748984641,0.01283509341998379,0.06433793663688048,0.015109666937449195,-0.0023558082859465035,0.02380178716490644,0.002924451665312744,0.0025182778229081437
7,7,0.9260763606823721,0.9214840379637619,0.9275213266363709,0.9494219883600414,-0.0001624695369619733,0.0056864337936636256,8.123476848087563e-05,0.005280259951259025,0.0025995125913891304,0.007554833468724764,0.10503655564581638,0.01941510966693749,-0.0030056864337936195,0.0286758732737612,0.07896019496344431,0.029163281884646786
8,8,0.9236393176279447,0.9193825042881647,0.9255374843870419,0.9588774615323289,-0.004467912266450158,-0.0017059301380991654,0.0012185215272135785,0.0014622258326564275,-0.003168155970755593,0.011454102355808238,0.021121039805036546,0.009585702680747321,0.003330625507717233,0.0406173842404548,0.06043866774979678,0.03761169780666118
9,9,0.8773354995938262,0.8775344687753447,0.8834157166015573,0.9484998272608892,0.02542648253452484,0.026157595450852833,-0.00739236393176268,-0.004549147034930923,-0.03720552396425658,0.03769293257514217,-0.0002437043054427379,0.08586515028432162,-0.029731925264013026,0.10991064175467102,0.12412672623883025,0.011454102355808349
10,10,0.9301380991064175,0.9266211604095563,0.9324829254032794,0.9531066464694784,0.007554833468724653,0.007879772542648156,0.0007311129163281027,0.006255077173030199,0.00722989439480104,0.06206336311941518,0.0240454914703494,0.022177091795288373,0.0025995125913890194,0.027782290820471123,0.041348497156783126,0.027213647441104993
11,11,0.9203899268887084,0.9150779896013865,0.9214608413723457,0.9517938292274576,0.001137286758732703,0.0008123476848089783,0.0015434606011374141,0.008692120227457245,0.0047928513403736606,0.05613322502030871,0.04971567831031676,0.008935824532899872,-0.0016246953696181787,0.02680747359870017,0.013322502030869154,0.0018683996750609166
12,12,0.917140536149472,0.9111498257839721,0.9177868133620346,0.9439102819633793,0.001543460601137081,0.007473598700243667,0.0009748172217709516,0.0012997562956944542,-0.0037367993501219443,0.05792038992688875,0.032575142160844894,0.0056864337936635145,0.0248578391551586,0.028188464662875834,0.040779853777416775,0.010154346060113673
13,13,0.925264012997563,0.9206896551724137,0.9267705758856202,0.9513991867974169,0.0012185215272136896,0.0034930950446793174,0.000893582453289965,0.0,0.00016246953696175126,0.04549147034930956,0.08375304630381797,0.006092607636068337,0.000893582453289965,0.012672623883021927,0.006417546709991839,0.004467912266450158
14,14,0.9244516653127539,0.9201716738197425,0.9262882351377926,0.9485981556778018,0.0027619821283508816,0.00601137286758735,0.0021121039805035435,-0.0025995125913892414,0.00024370430544284893,0.033793663688058695,0.05052802599512596,0.0030056864337937306,-0.0013809910641755518,0.027701056051990358,0.03030056864337949,0.032981316003249384
15,15,0.9285134037367994,0.9255499153976311,0.9315182439076244,0.9550134205001463,0.0023558082859463925,0.004792851340373772,0.0004874086108853648,0.011697806661250976,0.012997562956945763,0.09926888708367188,0.06961819658813984,0.05060926076360672,0.007311129163281915,0.05832656376929335,0.056783103168155935,0.04784727863525595
16,16,0.9212022745735174,0.9165950128976784,0.9228826171304048,0.9434399000770682,0.0010560519902517163,0.0012997562956945652,0.004874086108854536,0.003574329813159971,0.005117790414297274,0.06043866774979689,0.04378554021121028,0.0016246953696182898,0.00024370430544284893,0.01023558082859466,0.03720552396425669,0.013728675873273866
17,17,0.9163281884646629,0.9102005231037489,0.9169018576098222,0.9477982407185946,0.001137286758732814,-0.0004874086108854758,-0.0007311129163282137,-0.0007311129163281027,-0.0015434606011374141,0.05475223395613327,0.019902518277822856,0.0010560519902519383,-0.0038992688870836956,0.004305442729488185,0.0041429731925264335,0.008042242079610018
18,18,0.9228269699431356,0.9184549356223176,0.9246525286348295,0.9441547742432698,0.0003249390739235025,-0.0009748172217710627,0.0012185215272136896,0.0014622258326564275,0.0016246953696181787,0.06279447603574329,0.05670186839967517,0.0019496344435416813,0.0021121039805036546,0.00560519902518275,0.042567018683996705,0.0038992688870835845
19,19,0.9220146222583265,0.9179487179487179,0.924170187887002,0.9499003428206967,0.0001624695369619733,0.0025995125913892414,0.008285946385052867,-0.0012997562956945652,0.003574329813159971,0.003818034118602709,0.02843216896831835,0.03679935012185209,0.0012997562956945652,0.02461413484971564,0.0460601137286758,0.006904955320877315
20,20,0.9333874898456539,0.9293103448275862,0.9349491084004358,0.961069919476999,0.0038992688870838066,0.0032493907392364685,0.004630381803411798,0.00016246953696175126,0.006742485783915453,0.04565393988627131,0.08757108042242068,0.01803411860276183,0.01421608448415923,0.08383428107229884,0.022989439480097573,0.02006498781478483
21,21,0.9195775792038993,0.9144338807260155,0.9208442956230567,0.9520901432405856,-0.0012997562956944542,-0.0002437043054427379,-0.0017059301380990544,-0.001137286758732703,0.0018683996750606946,0.01722177091795285,0.058407798537774114,0.02022745735174658,0.012510154346060065,0.030544272948822115,0.02583265637692933,0.0037367993501217223
22,22,0.9228269699431356,0.9183147033533964,0.9245183236333678,0.9541550399957478,-0.000893582453289965,0.00219333874898453,-0.002274573517465628,0.009017059301380859,0.0017059301380990544,0.07611697806661244,0.03038180341186003,0.05905767668562145,0.014622258326563609,0.03265637692932566,0.045004061738424084,0.015922014622258396
23,23,0.8375304630381804,0.8389694041867954,0.8439448297855376,0.9199022030880437,0.0001624695369619733,0.005767668562144612,-0.005361494719740123,0.002437043054427379,-0.04126726238830203,0.10926076360682369,0.05946385052802605,0.0228269699431356,-0.027376116978066634,0.04589764419171405,0.03728675873273757,0.06734362307067432
24,24,0.9212022745735174,0.9182813816343723,0.9244930771479444,0.9539557256371415,0.014703493095044706,0.01681559707554825,0.011129163281884624,0.006986190089358191,-0.0077173030056864045,0.0727863525588951,0.08326563769293249,0.050771730300568585,-0.0005686433793664625,0.06376929325751424,0.10503655564581649,-0.00040617384240448917
25,25,0.9260763606823721,0.9218884120171674,0.9279239416407558,0.9632995827686094,-0.001543460601137303,0.00024370430544284893,0.0025182778229082547,-0.0004061738424046002,8.123476848109767e-05,0.04589764419171405,0.041592201462225864,0.002924451665312744,0.0009748172217710627,0.02745735174654751,0.005605199025182861,0.003086921202274495
26,26,0.9236393176279447,0.919931856899489,0.9260743043928885,0.9499481782667621,-0.0047928513403736606,0.0120227457351747,0.014053614947197257,0.00861088545897637,0.0012185215272138006,0.0441104792851339,0.05004061738424048,0.018359057676685664,0.008529650690495494,0.041917140536149367,0.07831031681559708,0.012835093419983679
27,27,0.9195775792038993,0.9147286821705426,0.92111270562598,0.9405485131148847,0.0012185215272136896,-0.00040617384240448917,0.001787164906580041,0.0012185215272135785,-0.00032493907392361354,0.05044679122664497,0.04922826969943128,0.01242891957757919,-0.002030869212022557,0.014947197400487444,0.005361494719740012,0.009260763606823819
28,28,0.9260763606823721,0.9221556886227545,0.9281923516436791,0.961742273246698,0.0023558082859465035,0.0008123476848090894,0.0008123476848090894,0.008123476848090894,0.0009748172217708406,0.018927701056052015,0.020308692120227567,0.005686433793663737,0.0034118602761982197,0.01502843216896843,0.020308692120227456,0.01884646628757114
29,29,0.9163281884646629,0.9108225108225109,0.9174386776156687,0.9466156421908635,0.0002437043054427379,0.0004874086108853648,-0.0015434606011374141,0.0002437043054427379,-0.0003249390739235025,0.029082047116165688,0.03688058489033319,0.017140536149472196,-0.00560519902518275,0.010966693744922762,0.01462225832656383,0.02745735174654762
30,30,0.9163281884646629,0.911890504704876,0.9183781126259003,0.9555980759520583,0.020714865962631945,0.003980503655564682,0.01884646628757114,-0.0017059301380991654,0.0021121039805037656,0.05069049553208771,0.08058489033306249,0.015190901705930071,-0.0047928513403736606,0.08667749796913082,0.060032493907392515,0.028188464662875723
31,31,0.9301380991064175,0.9262435677530018,0.9320803103988945,0.9610260703181057,-0.0012997562956944542,0.017384240454914712,0.005767668562144501,0.000893582453289854,0.0007311129163281027,0.03964256701868385,0.06515028432168968,0.022583265637692862,-0.0005686433793664625,0.061413484971567844,0.0654752233956134,0.01502843216896832
32,32,0.9277010560519903,0.9233419465977606,0.9292912381407956,0.954593531584682,0.0014622258326564275,0.006336311941510964,0.01421608448415923,0.008854589764419107,0.007148659626320053,0.13160032493907403,0.07896019496344442,0.01502843216896832,0.007148659626320164,0.01982128350934198,0.1069049553208774,0.03208773354995953
33,33,0.9317627944760357,0.9279588336192109,0.9337160169018577,0.9562225942756917,0.004630381803411909,0.003574329813159971,0.00779853777416728,0.00601137286758735,0.004630381803411909,0.05930138099106408,0.015678310316815547,0.030544272948822004,0.0015434606011374141,0.028188464662875723,0.02160844841592202,0.009341998375304583
34,34,0.8448415922014623,0.8515928515928516,0.8543251215817588,0.9505009434212973,-0.029000812347684812,-0.0025995125913890194,0.004874086108854536,0.0014622258326564275,-0.06173842404549135,0.01502843216896843,0.06774979691307881,-0.004874086108854536,-0.046872461413485,0.07351746547522342,0.04329813160032492,0.014865962632006569
35,35,0.9179528838342811,0.9130060292850991,0.9194769991230168,0.955119721491403,0.0016246953696181787,-0.000893582453290076,0.000893582453289965,0.0011372867587325919,0.04508529650690496,0.04752233956133223,0.04191714053614948,0.03184402924451668,0.015109666937449195,0.03403736799350121,0.010804224207960789,0.005199025182778261
36,36,0.9260763606823721,0.921619293712317,0.9276555316378325,0.9459512609955087,-8.123476848087563e-05,0.014784727863525582,0.0009748172217710627,0.0004874086108854758,0.00584890333062571,0.01844029244516654,0.02485783915515838,0.03834281072298951,0.011779041429731962,0.05134037367993505,0.025913891145410206,0.008448415922014618
37,37,0.9187652315190902,0.9137931034482759,0.9202277498737677,0.942865874724282,0.0008123476848092004,0.00024370430544284893,0.0012185215272135785,0.0005686433793663515,-0.0009748172217709516,0.019496344435418256,0.03290008123476862,0.00422420796100742,-0.0041429731925263225,0.007311129163281915,0.0023558082859463925,0.024370430544273125
38,38,0.917140536149472,0.9111498257839721,0.9177868133620346,0.9449467166281326,-0.002437043054427379,0.0019496344435416813,0.016165718927701134,0.0,-0.001137286758732703,0.04021121039805031,0.09926888708367176,0.08383428107229896,0.0025995125913892414,0.1138099106417545,0.0410235580828594,0.00861088545897637
39,39,0.9220146222583265,0.9175257731958762,0.9237675728826171,0.9480852533949878,-0.0050365556458163985,0.010966693744922873,-0.00032493907392372456,0.006255077173030088,0.004305442729488185,0.02705117790414291,0.02298943948009735,0.00560519902518275,0.0464662875710804,0.007636068237205529,0.05507717303005677,0.009260763606823597
40,40,0.9244516653127539,0.918918918918919,0.9250803901246379,0.9597079380265221,0.004630381803411687,0.001137286758732814,-0.0012185215272135785,0.0004874086108854758,-0.0021121039805036546,0.02185215272136487,0.07408610885458966,0.011535337124289224,0.003411860276198442,0.018359057676685553,0.05028432168968322,-0.001137286758732703
41,41,0.9220146222583265,0.917098445595855,0.9233649578782321,0.9531239203805576,-0.0017059301380990544,-0.00024370430544284893,-0.0006498781478472271,0.006417546709991839,-0.0021933387489847522,0.05873273761169773,0.03663688058489034,0.012185215272136452,-0.002680747359870117,0.005361494719739901,0.000893582453289854,0.008042242079610018
42,42,0.9130787977254264,0.9103101424979044,0.9167171596375137,0.9552552552552553,0.0010560519902518273,0.0012185215272134675,-0.006092607636068226,0.00438667749796906,-0.0112103980503655,0.08578391551584086,0.07018683996750619,0.010966693744922762,-0.0030056864337938416,0.07871649065800168,0.1463850528025995,0.012510154346060176
43,43,0.9236393176279447,0.919104991394148,0.9252690743841185,0.9542772861356932,-0.00901705930138097,0.0011372867587325919,-0.0010560519902518273,0.001543460601137303,-0.0017059301380991654,0.04711616571892774,0.029488220958570288,0.05223395613322501,0.00048740861088558685,0.07725426482534514,0.006986190089358302,0.033143785540211246
44,44,0.917140536149472,0.9122203098106713,0.918726248372266,0.9506736825320896,0.0012997562956944542,0.0006498781478473381,0.006092607636068337,0.0009748172217709516,-0.00219333874898453,0.04906580016246964,0.01624695369618201,0.004305442729488296,0.0009748172217709516,0.021202274573517532,0.04305442729488218,0.0025995125913890194
45,45,0.9187652315190902,0.9145299145299145,0.9208987748810757,0.9520489516064736,-0.0014622258326564275,0.005848903330625488,-0.000893582453290076,8.123476848098665e-05,-0.00203086921202289,0.012347684809098314,0.022908204711616587,0.001543460601137303,-0.0004874086108853648,0.000893582453290076,0.034768480909829425,0.00601137286758735
46,46,0.9260763606823721,0.9212121212121213,0.9272529166334476,0.9557841026867576,0.0023558082859465035,0.0010560519902517163,0.00178716490657993,0.004467912266450158,0.0021121039805036546,0.052558895207148515,0.046628757108042374,0.016571892770105734,0.033387489845654095,0.005442729488220999,0.029082047116165688,0.004386677497969282
47,47,0.8887083671811535,0.8845829823083403,0.8917789470886817,0.932695527385793,0.001137286758732703,0.03712428919577582,-0.014134849715678355,-0.01080422420796101,0.06303818034118602,0.021933387489845524,0.0835905767668561,0.01941510966693749,0.025995125913891082,0.0592201462225832,0.10471161657189265,0.01803411860276205
48,48,0.9122664500406173,0.9065743944636678,0.9134165138589918,0.9532753992930983,-0.0013809910641754408,-0.0023558082859462814,-0.004549147034931034,-0.0025995125913891304,0.02420796100731104,0.03777416734362293,0.01202274573517459,0.0059301380991063635,0.08391551584077983,0.042729488220958456,0.009260763606823708,0.017952883834281175
49,49,0.9212022745735174,0.9165950128976784,0.9228826171304048,0.9479869249780754,-0.006661251015434577,-0.0010560519902519383,-0.00438667749796906,-0.003818034118602709,0.009260763606823708,0.022502030869211986,0.053208773354995964,0.08115353371242884,0.05954508529650693,-1.1102230246251565e-16,0.007879772542648156,0.09902518277822914
50,50,0.925264012997563,0.9213675213675213,0.9274416008929283,0.952486114433017,0.0,0.005686433793663848,0.004305442729488185,-0.0009748172217710627,0.008692120227457467,0.04484159220146222,0.07879772542648256,0.01218521527213634,0.00901705930138097,0.012510154346060176,0.03923639317627947,0.011454102355808238
51,51,0.9155158407798538,0.9100346020761245,0.916687926864918,0.9457067687156182,-0.0016246953696180677,-0.0012997562956945652,0.0008123476848090894,0.00032493907392372456,-0.0037367993501217223,0.011454102355808238,0.021770917952883884,0.0025995125913891304,-0.0023558082859462814,0.009991876523151921,0.0124289195775793,0.0013809910641755518
52,52,0.9228269699431356,0.9180327868852459,0.9242499136304446,0.9579925057801165,0.0005686433793662404,-0.001787164906580152,-0.0014622258326563164,-0.0005686433793664625,0.0027619821283507706,0.04264825345247758,0.045329000812347586,0.010154346060113673,-0.004955320877335523,0.016978066612510112,0.03460601137286756,0.006255077173030088
53,53,0.9228269699431356,0.9183147033533964,0.9245183236333678,0.9357078317255308,0.0006498781478473381,0.0008123476848090894,0.003574329813159971,0.002680747359869895,0.004711616571892674,0.016896831844029014,0.04541023558082846,0.011210398050365611,0.0027619821283507706,0.014297319252639995,0.022095857026807608,0.04971567831031687
54,54,0.9285134037367994,0.9247863247863248,0.9307130138988546,0.9551037763427144,0.0010560519902518273,0.006661251015434577,0.007554833468724542,0.01900893582453278,0.0077173030056865155,0.01259138911454094,0.033956133225020335,0.029000812347684812,0.005686433793663737,0.014947197400487666,0.059220146222583314,0.11600324939073914
55,55,0.9333874898456539,0.9297945205479452,0.9354859284062824,0.9613755348268622,0.004711616571892674,0.009260763606823708,0.0108042242079609,0.004224207961007309,0.0059301380991063635,0.037367993501218444,0.09471974004874073,0.011047928513403638,0.010154346060113673,0.00438667749796906,0.031112916328188356,0.008123476848090894
56,56,0.9228269699431356,0.9181739879414298,0.9243841186319062,0.9551011188179331,0.00016246953696186228,0.0008123476848088673,8.123476848087563e-05,0.00040617384240448917,-0.0009748172217708406,0.01624695369618201,0.037530463038180306,0.02607636068237207,0.0002437043054427379,-0.0004061738424046002,0.0281884646628755,0.008529650690495494
57,57,0.9203899268887084,0.9165247018739353,0.9228028913869621,0.9536660554359668,0.0002437043054426269,-0.00032493907392361354,8.123476848076461e-05,-0.00016246953696186228,0.06799350121852155,0.006742485783915564,0.06677497969130786,0.020714865962632056,0.03907392363931761,0.0236393176279448,0.09195775792038985,0.023964256701868525
58,58,0.9228269699431356,0.9177489177489178,0.9239815036275214,0.9576231098354993,0.0017059301380990544,0.002274573517465517,8.123476848087563e-05,0.0006498781478471161,-0.0016246953696182898,0.06531275385865132,0.018115353371242704,0.012753858651502803,-0.0037367993501219443,0.007636068237205529,0.011779041429731962,0.011697806661250865
59,59,0.9260763606823721,0.9220222793487575,0.9280581466422174,0.9576643014696112,-0.0012185215272136896,0.0012997562956945652,0.0007311129163282137,0.0041429731925266555,0.001543460601137303,0.058407798537774225,0.010804224207961122,0.01421608448415923,-0.0004061738424046002,0.039398862713241334,0.026969943135662033,0.01462225832656383
60,60,0.9195775792038993,0.9142857142857143,0.920710090621595,0.9529405511706395,-0.002680747359869895,-0.0008123476848092004,-0.0006498781478473381,0.00032493907392372456,0.009179528838342943,0.024126726238830276,0.03143785540211208,0.01584077985377741,0.019577579203899242,0.03549959382615764,0.036555645816409355,0.017790414297319312
61,61,0.9228269699431356,0.9183147033533964,0.9245183236333678,0.9588721464827659,-0.00024370430544284893,-0.0009748172217708406,0.002274573517465517,-0.0006498781478472271,0.00438667749796906,0.02445166531275389,0.04126726238830203,0.014459788789601857,-8.123476848109767e-05,0.027701056051990136,0.020308692120227456,0.0032493907392362464
62,62,0.9285134037367994,0.9249146757679181,0.9308472189003163,0.9516064737303674,0.00422420796100742,0.006173842404549101,0.0019496344435417923,0.004305442729488074,0.004630381803411798,0.04191714053614948,0.11949634443541846,0.005686433793663737,0.013647441104792879,0.034768480909829425,0.02323314378554009,0.015109666937449195
63,63,0.9293257514216084,0.9258312020460358,0.9317321746525287,0.9555688431794627,0.0047928513403736606,0.0019496344435417923,0.0030056864337937306,0.0050365556458165095,0.005117790414297163,0.030706742485783867,0.056376929325751446,0.02664500406173853,0.0019496344435417923,0.02128350934199852,0.07497969130787974,0.000893582453289854
64,64,0.9293257514216084,0.9254498714652957,0.9313295596481437,0.948606128252146,-0.0059301380991064745,0.0016246953696181787,0.002193338748984641,0.002437043054427268,0.029163281884646564,0.013160032493907292,0.06571892770105603,0.054183590576766916,0.11259138911454114,0.008367181153533632,0.016165718927701134,0.004630381803411798
65,65,0.9228269699431356,0.9181739879414298,0.9243841186319062,0.9556419251109516,-0.0007311129163282137,0.0010560519902517163,0.002030869212022779,0.0009748172217710627,0.0018683996750608056,0.005361494719739901,0.00982940698619017,0.013403736799350141,-0.001137286758732814,0.025345247766043855,0.026807473598700282,0.007148659626320053
66,66,0.917140536149472,0.9126712328767124,0.919128863376651,0.9459300007972573,-0.0004061738424046002,0.00016246953696186228,0.003086921202274606,0.00032493907392361354,0.0,0.0012185215272135785,0.06425670186839971,8.123476848098665e-05,-0.0018683996750610277,0.00422420796100742,0.0177904142973192,0.004955320877335523
67,67,0.9212022745735174,0.916162489196197,0.9224800021260198,0.9563754019506232,-8.123476848087563e-05,-0.0019496344435419033,0.00016246953696175126,-0.002680747359869895,0.006661251015434688,0.05109666937449231,0.03728675873273757,0.005767668562144723,0.010722989439480024,0.013403736799350141,0.0356620633631195,0.013647441104792768
68,68,0.9236393176279447,0.9197952218430034,0.9259400993914269,0.9483722660713811,0.00016246953696186228,0.001543460601137303,-8.123476848109767e-05,0.002030869212022779,0.015028432168968209,0.0390739236393175,0.0047928513403735495,0.01600324939073916,0.01998375304630373,0.028594638505280212,0.043379366368805794,0.02201462225832651
69,69,0.9203899268887084,0.9155172413793103,0.9218634563767307,0.9458741927768476,-0.002274573517465517,-0.002680747359869895,-0.003330625507717455,-0.000893582453289965,0.0012185215272136896,0.015515840779853907,0.1022745735174655,0.020471161657189207,-0.0004061738424047112,0.002274573517465406,0.011697806661250976,0.04199837530463035
70,70,0.9268887083671812,0.9224137931034483,0.9284062823885832,0.9641234154508491,0.005523964256701874,0.00040617384240437815,-0.0047928513403736606,-0.0012997562956947872,-0.003980503655564571,0.06588139723801778,0.058976441917140576,0.006661251015434577,0.0018683996750608056,0.07497969130787985,0.06376929325751435,0.007879772542648267
71,71,0.925264012997563,0.9209621993127147,0.9270389858885434,0.9563288952669483,-0.0002437043054427379,-0.0018683996750610277,0.0023558082859465035,0.0014622258326565385,0.005686433793663848,0.032981316003249384,0.04029244516653141,0.005117790414297496,0.00016246953696175126,0.02201462225832651,0.03663688058489034,0.006255077173029977
72,72,0.9268887083671812,0.9232081911262798,0.9292115123973531,0.9571925908209094,-0.0005686433793663515,0.0006498781478471161,0.003330625507717344,0.004874086108854869,0.006336311941511075,0.037367993501218555,0.07766043866774996,0.021527213647441035,0.002274573517465406,0.015353371242891822,0.04313566206336328,0.02404549147034929
73,73,0.9268887083671812,0.9232081911262798,0.9292115123973531,0.940359828855404,0.0034118602761982197,0.00178716490657993,0.0005686433793664625,0.001543460601137303,0.030706742485783978,0.014784727863525582,0.06214459788789617,0.04744110479285124,0.027213647441104882,0.02307067424857856,0.03883021933387487,0.03371242891957771
74,74,0.9325751421608448,0.9288774635818338,0.93460097265407,0.9519041165058864,0.0034930950446790954,0.010316815597075424,0.0009748172217708406,0.0112103980503655,0.00861088545897637,0.0797725426482534,0.052396425670186764,0.02461413484971542,0.010966693744922873,0.048578391551584055,0.06685621445978884,0.02185215272136476
75,75,0.9179528838342811,0.9127052722558341,0.9192085891200935,0.9540407664301469,0.0034118602761983308,0.0034930950446792064,0.0008123476848092004,0.0018683996750608056,-0.0010560519902518273,0.0355808285946384,0.005361494719740012,0.004792851340373772,-0.001787164906580041,0.042567018683996705,0.07952883834281077,0.04508529650690496
76,76,0.9220146222583265,0.9172413793103448,0.9234991628796938,0.9501209173775544,8.123476848065359e-05,8.123476848087563e-05,0.0019496344435416813,0.000893582453289965,-0.0021933387489847522,0.05580828594638498,0.027944760357433096,0.03168155970755482,-0.00048740861088558685,0.008204711616571991,0.030381803411860475,0.034524776604386576
77,77,0.9268887083671812,0.9228130360205832,0.9288088973929682,0.9553735151080284,0.0021121039805036546,0.0037367993501218333,0.002680747359870117,0.011616571892770211,0.0032493907392364685,0.08326563769293271,0.013566206336311892,0.009341998375304805,0.002437043054427268,0.020146222583265483,0.054995938261576005,0.014947197400487333
78,78,0.925264012997563,0.9213675213675213,0.9274416008929283,0.9539238353397645,-0.00032493907392361354,0.0006498781478472271,0.004061738424045558,0.0025182778229082547,0.0041429731925264335,0.022908204711616698,0.06896831844029261,0.012510154346060176,-0.00040617384240448917,0.028350934199837474,0.00519902518277815,0.00739236393176268
79,79,0.9187652315190902,0.9137931034482759,0.9202277498737677,0.9311076563288951,8.123476848076461e-05,0.0006498781478472271,-0.0006498781478474491,0.0004874086108854758,-0.0012185215272135785,0.013566206336312003,0.037530463038180306,0.04289195775792032,0.0032493907392363575,0.024939073923639254,0.010479285134037286,0.003086921202274606
80,80,0.9228269699431356,0.9181739879414298,0.9243841186319062,0.9514815700656408,-0.0006498781478473381,0.0004874086108853648,0.000893582453289965,0.002924451665312744,0.0013809910641755518,0.03728675873273757,0.061007311129163355,0.009829406986190059,-0.002680747359870117,0.04703493095044664,0.025182778229082103,0.0017059301380990544
81,81,0.9228269699431356,0.9181739879414298,0.9243841186319062,0.9597012942145685,0.0007311129163282137,-0.0010560519902517163,0.00032493907392361354,-0.0012185215272136896,0.00032493907392361354,0.050365556458163985,0.030706742485783978,0.012266450040617327,0.0010560519902517163,0.03631194151096662,0.014297319252640106,0.008448415922014618
82,82,0.9138911454102355,0.9103214890016921,0.9167968853809562,0.9484068138935396,0.006011372867587239,0.0068237205523965505,0.0008123476848090894,0.01584077985377741,0.004224207961007198,0.03419983753046296,0.010966693744922984,0.040536149471973926,0.0034118602761981087,0.10324939073923634,0.1328188464662875,0.02883834281072306
83,83,0.9187652315190902,0.9130434782608695,0.9195567248664593,0.9556724866459382,0.0005686433793662404,-0.000893582453290076,0.00016246953696186228,-0.0007311129163283248,-0.005280259951259136,0.02038992688870822,0.011941510966693825,0.001787164906580041,-0.0004874086108854758,0.026726238830219406,0.011047928513403749,0.012347684809098314
84,84,0.9195775792038993,0.9147286821705426,0.92111270562598,0.9445029099896357,-0.0027619821283509927,0.00040617384240448917,0.0017059301380989433,0.0038992688870834735,0.016734362307067374,0.014297319252640217,0.04565393988627131,0.010398050365556633,0.05393988627132418,0.010966693744922873,0.002924451665312855,0.006904955320877315
85,85,0.9277010560519903,0.9237360754070265,0.9296938531451806,0.9523186903717875,0.003086921202274606,0.0056864337936635145,0.007798537774167391,0.00032493907392361354,0.00942323314378557,0.04240454914703495,0.011535337124289224,0.02266450040617385,0.005686433793663737,0.015597075548334782,0.07741673436230712,0.02185215272136476
86,86,0.9244516653127539,0.9193408499566349,0.9254830051290228,0.9545324085147093,-0.0002437043054426269,-0.001787164906580152,0.0037367993501219443,0.0,0.029813160032494013,0.03265637692932588,0.0752233956133227,0.008285946385052867,0.010479285134037397,0.006904955320877537,0.0124289195775793,0.005848903330625599
87,87,0.9244516653127539,0.9200343938091143,0.926154030136331,0.9549589412421271,0.002437043054427157,0.0005686433793663515,0.003574329813160193,0.0007311129163283248,-0.001543460601137081,0.023395613322502173,0.020308692120227678,0.004305442729488185,-0.00178716490657993,0.03493095044679129,0.01364744110479299,0.012347684809098314
88,88,0.9203899268887084,0.9159519725557461,0.9222660713811156,0.9531398655292461,-0.0010560519902517163,-0.0034118602761983308,-0.0023558082859463925,-0.0003249390739238356,0.0007311129163283248,0.03168155970755482,0.017871649065800188,0.05702680747359867,-0.0012997562956946762,0.044760357432981346,0.01884646628757103,0.01575954508529631
89,89,0.9285134037367994,0.9245283018867925,0.9304446038959313,0.9494857689547954,0.005523964256701763,0.0028432168968318683,0.008529650690495383,-0.0017059301380991654,0.0019496344435417923,0.046385052802599414,0.015190901705930071,0.031031681559707702,0.004061738424045447,0.03671811535337122,0.044354183590576635,0.009585702680747321
90,90,0.9277010560519903,0.9234737747205503,0.9294254431422573,0.9472906534853437,-0.00016246953696175126,-0.000893582453290076,0.0036555645816409577,0.0006498781478473381,0.0036555645816409577,0.01324126726238839,0.06750609260763607,0.03046303818034113,0.004955320877335523,0.009098294069861734,0.01502843216896832,0.026969943135662255
91,91,0.9212022745735174,0.9165950128976784,0.9228826171304048,0.9462940816923118,0.0014622258326563164,-0.0018683996750608056,0.00219333874898453,-0.001137286758732814,-0.0028432168968318683,0.02201462225832651,0.03688058489033297,0.03387489845653935,-0.0038992688870838066,0.017140536149471863,0.007879772542648378,0.024289195775791916
92,92,0.9000812347684809,0.8985985160758451,0.9049735576284248,0.9551994472348454,-0.0016246953696181787,0.005767668562144501,-8.123476848087563e-05,-0.007554833468724653,-0.02185215272136476,0.02404549147034929,0.058813972380178714,0.032331437855402156,-0.018196588139723913,0.09731925264012986,0.04744110479285124,0.0236393176279448
93,93,0.9187652315190902,0.9133448873483535,0.9198251348693827,0.9406521565813603,0.0009748172217707296,0.0013809910641755518,0.007636068237205418,0.0018683996750609166,0.010154346060113784,0.03931762794476046,0.0341186027619822,0.026482534524776558,-0.0023558082859463925,0.003330625507717455,0.014703493095044595,0.00901705930138097
94,94,0.9228269699431356,0.9181739879414298,0.9243841186319062,0.9436870498817402,0.0009748172217710627,0.0006498781478473381,0.007229894394800929,0.0009748172217708406,-0.0009748172217710627,0.004711616571892563,0.024370430544273014,0.05865150284321685,-0.0006498781478472271,0.00219333874898453,0.0282696994313566,0.02518277822908188
95,95,0.9285134037367994,0.9247863247863248,0.9307130138988546,0.9504557655000132,-0.003086921202274606,0.004792851340373772,0.000893582453289965,0.005605199025182861,0.00601137286758735,0.032168968318440405,0.07847278635255883,0.06320064987814777,-0.0012997562956945652,0.02542648253452462,0.045004061738424084,0.057026807473598784
96,96,0.9236393176279447,0.9192439862542955,0.9254032793855802,0.9415092083233675,0.002274573517465406,-0.003330625507717344,0.0012997562956944542,0.0021121039805036546,0.0005686433793664625,0.06669374492282687,0.015190901705930071,0.00040617384240437815,-0.0018683996750609166,0.011210398050365611,0.055158407798537645,0.0796913078797723
97,97,0.9285134037367994,0.9258010118043845,0.9317866539105477,0.9562571420978501,0.02802599512591397,0.013728675873273755,0.03501218521527205,0.008367181153533632,0.017384240454914823,0.1347684809098294,0.06937449228269699,0.050771730300568474,0.028188464662875723,0.12363931762794467,0.09642567018683978,0.022745735174654835
98,98,0.9212022745735174,0.9163071613459879,0.9226142071274814,0.9545377235642722,0.00032493907392372456,-0.00032493907392361354,-0.002680747359870117,-0.0002437043054426269,-0.00032493907392361354,0.014947197400487333,0.026563769293257544,0.0178716490658003,-0.004224207961007309,0.021121039805036546,0.04224207961007309,0.0038992688870836956
99,99,0.9187652315190902,0.9134948096885813,0.9199593398708443,0.9568271811634642,-0.0008123476848089783,-0.0017059301380990544,-0.0016246953696181787,-0.0013809910641755518,-0.0036555645816409577,0.03753046303818042,0.03428107229894384,0.0027619821283508816,-0.004955320877335412,0.026482534524776558,0.025588952071486593,0.003168155970755482
100,100,0.925264012997563,0.9204152249134948,0.9265021658826968,0.9444258417709744,0.0017059301380991654,0.004874086108854536,0.012022745735174811,0.004305442729488407,-0.0021121039805036546,0.08878960194963437,0.036555645816409466,0.02542648253452473,0.00739236393176268,0.009504467912266557,0.019415109666937602,0.014134849715678466
101,101,0.9203899268887084,0.9153713298791019,0.9217292513752691,0.9472029551675569,0.0013809910641754408,0.0004874086108854758,0.0008123476848092004,0.00219333874898453,0.0018683996750609166,0.05483346872461414,0.04012997562956944,0.04606011372867591,-0.0009748172217708406,0.011129163281884624,0.006498781478472715,0.0025182778229082547
102,102,0.9220146222583265,0.9173838209982789,0.9236333678811555,0.9535026176619096,-0.0008123476848093114,-8.123476848087563e-05,0.007311129163282026,-0.00024370430544284893,-0.0008123476848090894,0.02981316003249379,0.04971567831031687,-0.0006498781478473381,-0.003330625507717344,0.04272948822095857,0.019496344435418367,0.00398050365556446
103,103,0.9130787977254264,0.9071986123156982,0.9140330596082809,0.9437614605756199,0.0002437043054427379,0.0012997562956944542,-0.0012185215272135785,0.0017059301380992764,-0.0007311129163283248,0.011372867587327362,0.10097481722177082,0.01380991064175463,-0.001787164906580152,0.024532900081234654,0.003086921202274606,0.011129163281884513
104,104,0.9195775792038993,0.9148753224419605,0.9212469106274417,0.9602912647160435,-0.00178716490657993,-8.123476848076461e-05,0.0021121039805035435,0.001137286758732703,-0.0009748172217708406,0.029731925264013137,0.01925264012997563,0.0059301380991064745,-0.0017059301380990544,0.018765231519090375,0.02160844841592202,0.0023558082859461704
105,105,0.9236393176279447,0.9185441941074524,0.9247322543782721,0.9620558611709055,0.0,0.00219333874898453,8.123476848087563e-05,0.005036555645816176,0.001137286758732703,0.025670186839967468,0.052802599512591364,0.027863525588952,-0.000893582453290187,0.0036555645816409577,0.02485783915515838,0.006904955320877204
106,106,0.9203899268887084,0.9149305555555556,0.9213266363708842,0.9504637380743575,0.00024370430544284893,-0.0017059301380990544,-0.00040617384240448917,-0.0005686433793662404,-0.001137286758732703,0.01462225832656372,0.04849715678310318,0.0010560519902518273,-0.003168155970755371,0.019090170593013656,0.031925264012997445,-0.0018683996750608056
107,107,0.9260763606823721,0.9217540842648323,0.9277897366392942,0.9421669457067687,-0.001137286758732814,0.0008123476848093114,0.0012185215272136896,0.006255077173030088,0.00032493907392372456,0.005442729488220999,0.031356620633631316,0.023151909017059324,0.0025182778229082547,0.16068237205523972,0.05353371242891958,0.1480097481722178
108,108,0.9147034930950447,0.9095607235142119,0.9162055861170906,0.9446118685056737,0.005686433793663848,0.0034118602761982197,0.00016246953696175126,0.0025995125913891304,0.006336311941510964,0.06190089358245332,0.02404549147034929,0.044760357432981346,0.0010560519902519383,0.05353371242891958,0.05645816409423243,0.018359057676685775
109,109,0.9244516653127539,0.9198966408268734,0.9260198251348694,0.9585027505381487,0.001787164906580041,-0.00040617384240448917,-0.000893582453290076,-0.00032493907392361354,0.07376116978066605,0.04857839155158428,0.06263200649878142,0.008367181153533743,0.05012185215272147,0.05166531275385866,0.004630381803411909,0.002437043054427379
110,110,0.9195775792038993,0.9142857142857143,0.920710090621595,0.9424433282840361,-0.0005686433793662404,-0.00048740861088558685,0.000893582453289854,-0.0004874086108853648,-0.0006498781478473381,8.123476848098665e-05,0.06799350121852155,0.010479285134037508,-0.002924451665312744,0.0034930950446790954,0.03809910641754677,0.0418359057676686
111,111,0.9277010560519903,0.9241261722080136,0.9300964681495655,0.9568125647771666,0.0011372867587325919,0.0004061738424047112,-0.0016246953696180677,0.006011372867587461,0.003818034118602931,0.03363119415109683,0.07530463038180346,0.009504467912266445,-8.123476848076461e-05,0.02144597887896038,0.04792851340373683,0.006092607636068115
112,112,0.9285134037367994,0.9249146757679181,0.9308472189003163,0.951609131255149,0.00032493907392361354,0.0019496344435417923,0.01380991064175463,0.004386677497969171,0.003818034118602487,0.047766043866775076,0.08220958570268067,0.022583265637692973,0.0068237205523965505,0.03931762794476046,0.01405361494719748,0.029894394800974777
113,113,0.9228269699431356,0.9176062445793582,0.9238472986260597,0.9472826809109994,0.0012185215272138006,0.00040617384240448917,0.0010560519902517163,0.00016246953696175126,0.002924451665312744,0.039723801787164836,0.00698619008935808,0.018521527213647304,0.001137286758732814,0.006904955320877204,0.021689683184403008,0.0041429731925264335
114,114,0.9187652315190902,0.9130434782608695,0.9195567248664593,0.957710808153286,0.0027619821283508816,-0.0009748172217709516,0.005848903330625599,0.0008123476848089783,-0.0023558082859463925,0.012672623883022038,0.015759545085296534,0.012347684809098314,0.0013809910641755518,0.025345247766043744,0.031519090170592956,0.012266450040617438
115,115,0.9277010560519903,0.9236051502145923,0.9295596481437189,0.9719604560312524,-0.0018683996750609166,0.0014622258326562054,0.012753858651502914,-0.0004061738424046002,0.015759545085296534,0.030869212022745618,0.0902518277822908,0.009666937449228197,0.025507717303005717,0.04825345247766033,0.011129163281884513,0.026482534524776558
116,116,0.9220146222583265,0.9175257731958762,0.9237675728826171,0.9511546945175263,-8.123476848087563e-05,0.002437043054427379,0.0013809910641754408,-0.0009748172217708406,0.003168155970755371,0.013566206336311892,0.09821283509341983,0.0028432168968318683,0.001543460601137192,0.01844029244516654,0.0112103980503655,0.0012997562956945652
117,117,0.925264012997563,0.9213675213675213,0.9274416008929283,0.9389407106221266,0.004224207961007531,0.009910641754670935,0.000893582453289965,0.0007311129163282137,0.004467912266450158,0.07246141348497159,0.05572705117790411,0.02721364744110477,0.0077173030056866265,0.03062550771730288,0.016896831844029236,0.04467912266450047
118,118,0.9228269699431356,0.9180327868852459,0.9242499136304446,0.9638337452496744,0.003168155970755371,0.00040617384240448917,0.0017059301380990544,-0.002924451665312744,0.0012185215272136896,0.05028432168968311,0.05946385052802594,0.012753858651502803,0.013322502030869043,0.07644191714053605,0.07441104792851327,0.004467912266449936
119,119,0.9212022745735174,0.9168808911739503,0.9231510271333281,0.9478806239868188,-0.0012185215272136896,-0.0002437043054426269,0.003818034118602598,-0.001787164906580152,-0.002274573517465517,0.08375304630381797,0.04207961007311123,0.017465475223395588,0.0021121039805036546,0.040942323314378526,0.020471161657188985,0.025345247766043855
120,120,0.9212022745735174,0.9164513350559862,0.9227484121289431,0.9490977703367084,-0.0009748172217708406,0.0008123476848089783,-0.002030869212022557,-0.00178716490657993,-0.0034118602761983308,0.04378554021121028,0.012835093419983679,0.0012997562956945652,-0.0005686433793662404,0.03086921202274573,0.05808285946385061,0.007636068237205529
121,121,0.9236393176279447,0.9193825042881647,0.9255374843870419,0.9577586435993516,-0.0002437043054426269,-0.0007311129163283248,0.002030869212022779,0.00048740861088558685,0.0014622258326564275,0.01860276198212829,0.06068237205523963,0.0008123476848090894,-0.004305442729488185,0.011860276198212727,0.0232331437855402,0.009748172217709072
122,122,0.925264012997563,0.9206896551724137,0.9267705758856202,0.9599192112466448,0.0034930950446793174,0.0021933387489847522,0.007067424857839177,0.0030869212022747172,0.003168155970755371,0.12835093419983756,0.008204711616571991,0.010804224207961122,0.009991876523152032,0.06994313566206345,0.033387489845653984,0.0181965881397238
123,123,0.9187652315190902,0.9133448873483535,0.9198251348693827,0.9413537431236547,0.0007311129163281027,0.003168155970755482,-0.0009748172217709516,-0.0006498781478472271,0.0004874086108854758,0.028188464662875612,0.02160844841592202,0.016165718927701134,0.0012185215272138006,0.0933387489845654,0.06783103168155968,0.0018683996750609166
124,124,0.9260763606823721,0.9213483146067416,0.9273871216349092,0.9438278986951554,0.004467912266450158,-0.0014622258326564275,0.005280259951259247,0.0018683996750610277,-0.0008123476848090894,0.03484971567831041,0.07189277010560535,0.009341998375304805,-0.0004874086108854758,0.0077173030056864045,0.031356620633631094,0.04670999187652325
125,125,0.9179528838342811,0.9120974760661444,0.918671769114247,0.9497780966807515,-0.001543460601137192,0.0005686433793664625,0.0004874086108853648,-0.0010560519902518273,-0.0059301380991064745,0.0460601137286758,0.03379366368805836,0.009748172217709294,-0.004630381803411909,0.022420796100731222,0.07205523964256699,0.003086921202274606
126,126,0.917140536149472,0.9132653061224489,0.9196656833824974,0.9433495442344999,0.00032493907392361354,0.031356620633631316,0.001137286758732703,0.0004874086108853648,-0.00016246953696175126,0.07757920389926887,0.014134849715678355,0.0041429731925264335,-0.003330625507717233,0.03444354183590581,0.09886271324126739,0.01803411860276194
127,127,0.9179528838342811,0.9130060292850991,0.9194769991230168,0.9555422679316484,-0.0019496344435417923,-0.00016246953696164024,0.00048740861088558685,0.0027619821283507706,0.002030869212022668,0.026969943135662033,0.028188464662875723,0.00178716490657993,0.001137286758732703,0.039561332250203085,0.016734362307067374,0.0025995125913890194
128,128,0.9179528838342811,0.9140425531914894,0.9204164341332483,0.9575141513194609,-0.0025995125913890194,-0.002680747359870006,-0.003168155970755482,0.0012185215272135785,-0.007798537774167502,0.023720552396425787,0.08407798537774169,0.0173842404549146,0.0009748172217709516,0.06482534524776606,0.00982940698619017,0.008692120227457356
129,129,0.9203899268887084,0.9153713298791019,0.9217292513752691,0.9376783863509528,-0.0009748172217709516,-0.0002437043054427379,0.0001624695369619733,0.0032493907392363575,0.006173842404549212,0.0677497969130787,0.04963444354183588,0.021689683184402897,0.055564581640942245,0.030950446791226605,0.016571892770105623,0.022339561332250235
130,130,0.9260763606823721,0.921619293712317,0.9276555316378325,0.942911052645566,-0.002680747359870006,0.002924451665312744,0.0036555645816409577,0.004792851340373772,0.003980503655564682,0.01827782290820479,0.03265637692932566,0.026807473598700282,0.003574329813160082,0.00861088545897637,0.007311129163281804,0.010641754670999148
131,131,0.9244516653127539,0.9205807002561913,0.9266908501421776,0.9585851338063727,0.0030056864337938416,0.0016246953696182898,0.0001624695369619733,0.0013809910641756629,0.043948009748172256,0.05467099918765239,0.03923639317627947,0.02047116165718943,0.06303818034118613,0.03590576766856213,0.03403736799350132,0.01925264012997574
132,132,0.925264012997563,0.9212328767123288,0.9273073958914667,0.9503733822317892,-0.0008123476848088673,0.012510154346060065,0.0018683996750609166,0.0004061738424046002,0.005117790414297274,0.04711616571892774,0.06092607636068237,0.029325751421608426,0.00024370430544284893,0.05329000812347695,0.01600324939073927,0.006742485783915564
133,133,0.9228269699431356,0.9185946872322194,0.9247867336362912,0.9634218289085545,0.00016246953696186228,0.0002437043054427379,0.00398050365556446,-0.0017059301380991654,0.0004874086108853648,0.03046303818034135,0.020877335499593697,0.006661251015434466,-0.002274573517465406,0.05962632006498769,0.05954508529650682,0.046547522339561276
134,134,0.925264012997563,0.9210977701543739,0.9271731908900049,0.9535491243455846,-0.0002437043054426269,8.123476848087563e-05,0.00032493907392372456,0.003086921202274495,0.004630381803411909,0.012103980503655687,0.0344435418359057,0.021689683184403008,-1.1102230246251565e-16,0.0041429731925264335,0.027944760357433096,0.009666937449228308
135,135,0.9195775792038993,0.9133858267716536,0.9199048606128253,0.9434505301761938,0.0006498781478472271,0.004955320877335634,0.0010560519902518273,0.0034930950446790954,0.004630381803411909,0.07197400487408623,0.03939886271324122,0.028107229894394736,-0.0002437043054427379,0.034524776604386576,0.05312753858651498,0.009910641754670935
136,136,0.9203899268887084,0.9159519725557461,0.9222660713811156,0.9624066544420528,-0.0004874086108853648,-0.00040617384240448917,-0.0005686433793664625,0.0036555645816408466,-0.0009748172217709516,0.001787164906580041,0.021364744110479172,0.0027619821283508816,0.00219333874898453,0.03160032493907383,0.023720552396425676,0.008692120227457245
137,137,0.9179528838342811,0.9134532990574121,0.9198796141274017,0.9509713253076085,-0.00016246953696186228,0.0034118602761983308,-0.00024370430544284893,-0.0004061738424046002,0.0034930950446792064,0.0480097481722177,0.050365556458164096,8.123476848098665e-05,0.016571892770105623,0.07351746547522342,0.03566206336311939,-0.00203086921202289
138,138,0.9220146222583265,0.9172413793103448,0.9234991628796938,0.9545855590103378,-0.0017059301380990544,-0.00032493907392372456,0.0019496344435419033,-0.0025995125913892414,-0.003330625507717344,0.04963444354183577,0.05142160844841592,0.0010560519902517163,-0.0030869212022747172,0.06839967506092604,0.02843216896831835,0.006904955320877315
139,139,0.925264012997563,0.9219015280135824,0.9279784208987749,0.950585984214303,-0.0018683996750608056,0.01584077985377752,0.006092607636068337,0.005848903330625377,0.0027619821283509927,0.08188464662875716,0.01624695369618212,0.06653127538586523,-0.0003249390739235025,0.026645004061738642,0.01909017059301399,0.06880584890333064
140,140,0.9236393176279447,0.919104991394148,0.9252690743841185,0.9555063913470992,0.0012997562956944542,0.0002437043054427379,0.000893582453289965,-0.00032493907392372456,-0.00032493907392372456,0.017303005686433726,0.06433793663688048,0.008529650690495494,-0.00438667749796906,0.015272136474411169,0.01900893582453289,0.02607636068237207
141,141,0.9301380991064175,0.9266211604095563,0.9324829254032794,0.9580934917218102,0.008042242079610129,0.0032493907392363575,0.0068237205523964395,0.0047928513403736606,0.00601137286758735,0.029244516653127328,0.029325751421608204,0.010560519902518384,0.0034118602761982197,0.05873273761169784,0.016734362307067374,0.020308692120227345
142,142,0.9236393176279447,0.9186851211072664,0.9248664593797338,0.9597012942145685,0.001787164906580152,0.0034930950446789844,0.0025995125913890194,0.001137286758732703,0.002274573517465406,0.06011372867587328,0.0445166531275385,0.014134849715678355,-0.0005686433793663515,0.06758732737611695,0.0348497156783103,0.006904955320877204
143,143,0.9260763606823721,0.9224211423699915,0.9284607616466023,0.9612586037364799,-0.0005686433793663515,-0.0013809910641755518,0.0021121039805036546,-0.0002437043054426269,0.0021933387489847522,0.008935824532900094,0.04849715678310318,0.015353371242892044,0.000893582453289965,0.06539398862713242,0.03306255077173026,0.0004061738424046002
144,144,0.9301380991064175,0.9264957264957265,0.9323487204018177,0.9640888676286905,0.003086921202274606,-0.00016246953696186228,0.008935824532900094,0.0004874086108854758,0.00040617384240448917,0.05970755483346868,0.022989439480097462,0.016978066612510223,0.003818034118602598,0.010966693744922762,0.06612510154346052,0.009260763606823819
145,145,0.9293257514216084,0.9258312020460358,0.9317321746525287,0.9508756544154774,0.00024370430544284893,0.0027619821283508816,0.00763606823720564,0.003086921202274606,0.005605199025182861,0.03948009748172221,0.02664500406173831,0.03883021933387498,0.005848903330625599,0.042160844841592326,0.02664500406173853,0.04240454914703495
146,146,0.917140536149472,0.9129692832764505,0.9193972733795743,0.9567115788354728,0.0006498781478473381,0.004467912266450047,0.0014622258326564275,0.0027619821283509927,-0.003330625507717233,0.05150284321689691,0.10958570268074741,0.018521527213647637,0.0014622258326564275,0.09642567018684,0.008692120227457578,0.05190901705930151
147,147,0.9277010560519903,0.9237360754070265,0.9296938531451806,0.9478168433920645,0.0008123476848090894,0.005523964256701763,0.0034930950446792064,0.005442729488220888,0.00901705930138108,0.05182778229082041,0.08805848903330626,0.031356620633631316,0.0014622258326564275,0.053614947197400564,0.009504467912266445,0.00617384240454899
148,148,0.9244516653127539,0.9211195928753181,0.9272276701480242,0.96346966435462,-0.0006498781478473381,0.006904955320877315,0.011291632818846598,0.0025995125913891304,0.00032493907392372456,0.049796913078797744,0.121608448415922,0.06482534524776618,0.001787164906580152,0.07644191714053639,0.029731925264013137,0.0132412672623885
149,149,0.9293257514216084,0.9246753246753247,0.9305243296393739,0.9599351563953334,0.005117790414297163,0.0025182778229081437,0.007473598700243889,0.0034118602761983308,0.0025182778229082547,0.07749796913078799,0.015353371242891933,0.012185215272136563,0.00016246953696186228,0.013728675873273755,0.02087733549959403,0.00698619008935808
150,150,0.9236393176279447,0.9186851211072664,0.9248664593797338,0.963246432272981,0.0009748172217709516,0.0009748172217709516,-0.0012185215272136896,0.0012997562956944542,-0.001787164906580041,0.02705117790414291,0.04476035743298146,0.0016246953696181787,0.0008123476848092004,0.07254264825345247,0.0124289195775793,-0.002030869212022779
151,151,0.9195775792038993,0.91458153580673,0.9209785006245184,0.9553881314943261,-0.0010560519902518273,0.002274573517465517,-0.0010560519902518273,-0.00040617384240448917,0.0007311129163283248,0.010073111291632686,0.017709179528838215,0.024207961007311152,-0.004792851340373772,0.011941510966693714,0.0050365556458165095,0.009179528838342721
152,152,0.925264012997563,0.9208261617900172,0.9269047808870818,0.9460628770363284,-0.005848903330625377,0.001787164906580041,0.009585702680747432,0.006011372867587461,0.005767668562144723,0.02445166531275389,0.09675060926076362,0.08001624695369625,0.0004874086108854758,0.03184402924451679,0.022908204711616698,0.020552396425670083
153,153,0.9228269699431356,0.9174630755864466,0.9237130936245981,0.9533790427595735,0.002030869212022779,0.00032493907392361354,-0.0002437043054426269,-0.00040617384240437815,-0.004305442729488185,0.028269699431356377,0.042729488220958456,0.006742485783915453,-0.0001624695369619733,0.0021121039805036546,0.04784727863525584,-8.123476848109767e-05
154,154,0.9179528838342811,0.9122502172024327,0.9188059741157086,0.952783757208536,-0.0018683996750611387,-0.0025995125913890194,0.013078797725426416,-0.003330625507717233,0.005199025182778261,0.009098294069862067,0.03208773354995931,-0.005361494719740012,0.007879772542648267,0.02160844841592191,0.06409423233143796,0.011941510966693603
155,155,0.9301380991064175,0.9271186440677966,0.9330197454091259,0.9589890775731482,0.0004874086108854758,0.0025182778229081437,0.0036555645816407356,0.017790414297319312,0.005361494719740123,0.06807473598700242,0.06685621445978873,0.025507717303005717,0.006580016246953702,0.07684809098294054,0.024207961007311152,0.014378554021121093
156,156,0.9309504467912266,0.9272882805816938,0.9330994711525684,0.9531292354301204,-0.000893582453289965,0.009260763606823819,0.002193338748984419,0.00381803411860282,0.009829406986190059,0.018602761982128402,0.11145410235580833,0.009504467912266557,0.008854589764419218,0.03679935012185198,0.017465475223395588,0.015190901705930182
157,157,0.9220146222583265,0.9172413793103448,0.9234991628796938,0.9530667835977571,0.00040617384240437815,-0.0013809910641755518,0.0,0.0006498781478473381,-0.00219333874898453,0.017465475223395588,0.02347684809098305,0.007148659626320053,-0.0021933387489847522,0.005848903330625377,0.019902518277822856,0.039967506092607685
158,158,0.9244516653127539,0.9196197061365601,0.9257514151319461,0.9463738074357542,0.0027619821283508816,0.0,0.0004874086108854758,-0.0012997562956944542,0.002274573517465406,0.007392363931762791,0.0569455727051178,0.009829406986190281,0.005280259951259136,0.02250203086921221,0.04069861900893601,0.0774979691307881
159,159,0.9220146222583265,0.916955017301038,0.9232307528767706,0.9444869648409471,-0.0001624695369619733,-0.0006498781478472271,0.0001624695369619733,-0.0016246953696181787,-0.0013809910641754408,0.008529650690495494,0.02981316003249379,0.013891145410235617,-0.002274573517465628,0.031112916328188467,0.053777416734362204,-0.0007311129163282137
160,160,0.9187652315190902,0.9146757679180887,0.9210329798825374,0.96331951420447,0.002193338748984641,0.006580016246953702,-0.0013809910641753298,0.0034930950446792064,0.03948009748172221,0.06336311941510975,0.05523964256701863,0.018115353371243037,0.037205523964256804,0.015272136474410947,0.0016246953696182898,0.005199025182778039
161,161,0.9293257514216084,0.9258312020460358,0.9317321746525287,0.9559874033325362,0.013078797725426416,0.008529650690495383,0.0018683996750609166,0.009260763606823819,0.023558082859463814,0.0817221770917953,0.011047928513403749,0.04524776604386682,0.017384240454914712,0.019090170593013878,0.07847278635255883,0.0018683996750608056
162,162,0.9212022745735174,0.9164513350559862,0.9227484121289431,0.9604905790746499,0.00016246953696175126,-0.0007311129163282137,0.00040617384240437815,-0.0005686433793664625,0.0005686433793663515,0.04086108854589765,0.008935824532900094,-0.0019496344435419033,-0.002193338748984641,0.013647441104792768,0.03322502030869223,0.011291632818846487
163,163,0.925264012997563,0.9208261617900172,0.9269047808870818,0.9544553402960484,0.0038992688870836956,0.004224207961007309,0.007636068237205529,0.0025182778229082547,0.03379366368805847,0.03184402924451679,0.044760357432981346,0.004467912266450158,0.0360682372055241,0.06823720552396428,0.05588952071486608,0.015515840779853685
164,164,0.9212022745735174,0.9167381974248927,0.9230168221318664,0.9479576922054799,-0.0014622258326563164,0.019333874898456394,0.0013809910641754408,0.0004061738424046002,0.00032493907392372456,0.052965069049553115,0.10389926888708345,0.05134037367993505,0.0002437043054426269,0.03720552396425669,0.0929325751421608,0.02160844841592202
165,165,0.9228269699431356,0.9190110826939472,0.925189348640676,0.9433495442345,0.00040617384240448917,0.021283509341998408,-0.0016246953696182898,0.018359057676685664,0.004305442729487963,0.1002437043054426,0.07132412672623878,0.011291632818846264,-0.001787164906580041,0.08424045491470333,0.0510966693744922,0.026482534524776447
166,166,0.9203899268887084,0.9153713298791019,0.9217292513752691,0.9611788779930371,-0.001137286758732703,-0.002274573517465406,-8.123476848087563e-05,-0.00040617384240448917,-0.0027619821283509927,0.0050365556458165095,0.013160032493907403,0.029894394800974666,0.0004061738424046002,0.020958570268074683,0.012753858651502803,0.011047928513403749
167,167,0.9220146222583265,0.9173838209982789,0.9236333678811555,0.9367030747561722,0.0014622258326564275,0.0007311129163281027,0.0012997562956945652,0.003574329813160082,0.008854589764419218,0.0023558082859462814,0.029163281884646453,0.00398050365556446,0.0002437043054426269,0.004224207961007309,0.016978066612510112,0.08229082047116165
168,168,0.9236393176279447,0.9195205479452054,0.9256716893885035,0.9499402056924182,-0.00016246953696175126,-0.0012185215272139116,0.0004874086108853648,0.00016246953696186228,0.0008123476848090894,0.02664500406173853,0.06685621445978884,0.017546709991876575,0.002680747359870117,0.034118602761982086,0.0390739236393175,0.02843216896831835
169,169,0.9293257514216084,0.9257045260461144,0.931597969651067,0.9575088362698981,0.0007311129163281027,0.004711616571892674,0.0007311129163281027,0.009991876523151921,0.03030056864337949,0.016815597075548472,0.00942323314378557,0.02363931762794469,0.04670999187652325,0.057026807473598784,0.06774979691307881,0.006092607636068226
170,170,0.9244516653127539,0.9197584124245038,0.9258856201334078,0.9624890377102766,-0.0002437043054427379,0.0008123476848089783,-8.123476848087563e-05,-0.00178716490657993,-0.00016246953696175126,0.02965069049553226,0.039398862713241445,0.00032493907392372456,-0.00438667749796906,0.023720552396425898,0.05402112103980505,0.001137286758732814
171,171,0.9277010560519903,0.9237360754070265,0.9296938531451806,0.9620824364187196,0.005523964256701763,0.0009748172217709516,0.011860276198212727,0.002030869212022557,0.005605199025182861,0.06978066612510159,0.14752233956133232,0.01925264012997563,0.005280259951259136,0.07790414297319259,0.07189277010560524,0.008854589764419107
172,172,0.9236393176279447,0.918825561312608,0.9250006643811954,0.9513154747668022,-0.0002437043054426269,-0.0013809910641754408,-0.0012185215272139116,-0.0025182778229082547,-0.0034930950446790954,0.019740048740861105,0.07562956945572696,0.03046303818034113,-0.005605199025182972,0.03744922826969943,0.031925264012997556,0.0038992688870835845
173,173,0.9212022745735174,0.916162489196197,0.9224800021260198,0.9502777113396582,0.0013809910641754408,0.0007311129163281027,0.004305442729488185,0.0010560519902517163,0.001543460601137192,0.030950446791226605,0.0573517465475224,0.0023558082859462814,0.00016246953696175126,0.03907392363931772,0.003330625507717344,0.003168155970755593
174,174,0.9212022745735174,0.9163071613459879,0.9226142071274814,0.9533817002843551,-0.0038992688870838066,0.0013809910641754408,0.006255077173029977,0.0004061738424046002,-0.0013809910641754408,0.047197400487408614,0.039967506092607685,0.007148659626319942,0.017952883834280953,0.011616571892769989,0.010885458976441775,0.007229894394800929
175,175,0.9179528838342811,0.9114811568799299,0.9181349491084004,0.9528767705758856,0.004711616571892896,0.003168155970755704,0.003574329813160082,-0.0012997562956945652,0.00016246953696186228,0.04865962632006504,0.0166531275385865,0.0030056864337937306,0.008042242079610129,0.07936636880584902,0.016571892770105623,0.015922014622258285
176,176,0.9130787977254264,0.909704641350211,0.916180339631667,0.9448005527651545,-0.007554833468724653,0.0005686433793664625,-0.0018683996750609166,-0.0013809910641756629,0.007879772542648267,0.0510966693744922,0.007311129163281804,0.04484159220146211,0.07051177904142969,0.009179528838342832,0.10162469536961816,0.06823720552396428
177,177,0.9122664500406173,0.9092436974789916,0.9156979988838396,0.9534082755321693,0.00560519902518275,0.009341998375304805,0.01860276198212829,0.005117790414297052,0.00519902518277815,0.10926076360682369,0.04971567831031687,0.05288383428107224,-0.003086921202274495,0.04744110479285146,0.05775792038992689,0.022095857026807386
178,178,0.9244516653127539,0.9198966408268734,0.9260198251348694,0.9455446597039515,0.00032493907392372456,0.0010560519902519383,0.0019496344435419033,0.007148659626320164,0.0009748172217709516,0.009098294069862067,0.012591389114541052,0.01104792851340397,-0.0030056864337933975,0.04224207961007331,0.0181965881397238,0.02721364744110477
179,179,0.9244516653127539,0.9200343938091143,0.926154030136331,0.9562863748704457,-0.002680747359869895,-8.123476848087563e-05,0.0012185215272136896,-0.0005686433793662404,-0.0019496344435416813,0.07644191714053616,0.027132412672624007,0.010641754670999148,0.0008123476848092004,0.010722989439480024,0.14346060113728676,0.00032493907392372456
180,180,0.9179528838342811,0.9131556319862425,0.9196112041244784,0.9385952324005421,-0.0034118602761981087,-0.0004874086108854758,-0.0012997562956945652,0.0019496344435416813,-0.0025995125913891304,0.006498781478472604,0.023720552396425787,0.013972380178716381,0.00203086921202289,0.04110479285134039,0.003574329813160082,0.010966693744922984
181,181,0.925264012997563,0.9209621993127147,0.9270389858885434,0.9549602700045179,0.0012185215272136896,-0.00040617384240437815,-0.0006498781478473381,0.002274573517465628,0.008692120227457467,0.016978066612510112,0.04744110479285124,0.06360682372055249,0.00601137286758735,0.022502030869211986,0.006498781478472715,0.005117790414297274
182,182,0.9228269699431356,0.9184549356223176,0.9246525286348295,0.9623003534507959,0.003086921202274495,-0.0004061738424046002,0.0037367993501217223,-0.003086921202274495,-0.0028432168968318683,0.04500406173842386,0.05686433793663692,0.0032493907392364685,0.0005686433793664625,0.06125101543460598,0.010722989439480135,-0.0004874086108854758
183,183,0.9236393176279447,0.9193825042881647,0.9255374843870419,0.9414281538175343,0.0,0.0011372867587325919,0.002437043054427268,0.001787164906580152,0.004630381803411687,0.05142160844841592,0.03850528025995115,0.007311129163281804,0.0005686433793664625,0.07034930950446772,0.006011372867587239,0.06612510154346063
184,184,0.9220146222583265,0.9179487179487179,0.924170187887002,0.9475192006165458,0.0002437043054426269,0.003574329813159971,0.0002437043054426269,0.0002437043054426269,0.0028432168968317573,0.035743298131600376,0.00779853777416728,0.018765231519090042,-0.0004874086108854758,0.010722989439480024,0.05442729488220954,0.009748172217709183
185,185,0.9260763606823721,0.9218884120171674,0.9279239416407558,0.9517340349198754,0.0009748172217708406,-0.0003249390739235025,0.002030869212022779,0.003574329813159971,0.004711616571892785,0.01803411860276205,0.03842404549147038,0.06230706742485792,0.006661251015434688,0.02745735174654751,0.02607636068237207,0.009098294069861845
186,186,0.9260763606823721,0.9214840379637619,0.9275213266363709,0.9532647691939728,-0.0008123476848093114,0.004467912266450158,0.001787164906580152,0.0016246953696181787,-0.000893582453289965,0.03549959382615753,0.023151909017059324,0.030544272948822004,-8.123476848087563e-05,0.014378554021120982,0.024695369618196517,0.0639317627944761
187,187,0.9293257514216084,0.9254498714652957,0.9313295596481437,0.9606367429376279,0.004467912266450047,0.0006498781478472271,0.0034930950446789844,0.0010560519902518273,0.03923639317627936,0.03168155970755471,0.03549959382615753,0.00398050365556446,0.015922014622258285,0.06774979691307892,0.00763606823720564,0.039398862713241334
188,188,0.9268887083671812,0.9225473321858864,0.9285404873900449,0.9604281272422865,0.004711616571892674,0.001543460601137303,0.0014622258326564275,0.0009748172217708406,-0.0034118602761982197,0.04630381803411865,0.04264825345247758,0.02063363119415107,0.0014622258326563164,0.011860276198212838,0.025670186839967468,0.011454102355808238
189,189,0.9293257514216084,0.9258312020460358,0.9317321746525287,0.9634430891068058,-0.001137286758732925,-0.0021121039805035435,0.0010560519902518273,-8.123476848076461e-05,0.01080422420796101,0.028188464662875612,0.039561332250203085,0.02022745735174669,0.04329813160032492,0.12713241267262387,0.09601949634443563,0.006742485783915453
190,190,0.9228269699431356,0.9180327868852459,0.9242499136304446,0.9538334794971964,0.008367181153533743,-0.002437043054427379,-0.0015434606011374141,0.0007311129163282137,-0.002680747359870117,0.010235580828594548,0.048415922014622303,0.0014622258326563164,-0.001787164906580152,0.09358245329000814,0.018927701056052015,0.0014622258326564275
191,191,0.9228269699431356,0.9184549356223176,0.9246525286348295,0.9375747428844774,0.0010560519902517163,0.004467912266449936,0.004549147034930923,-0.0019496344435421253,0.003086921202274495,0.040536149471973926,0.049796913078797744,0.028757108042242074,0.0028432168968318683,0.009910641754671046,0.00698619008935808,0.024695369618196517
192,192,0.9260763606823721,0.9217540842648323,0.9277897366392942,0.9328456775359432,-0.00219333874898453,0.0016246953696180677,0.005848903330625488,0.00804224207961024,0.014297319252640106,0.014297319252640106,0.08692120227457356,0.022177091795288262,0.058001624695369736,0.05174654752233965,0.0050365556458163985,0.013484971567831017
193,193,0.9187652315190902,0.9139414802065404,0.9203619548752292,0.93875999893699,0.0005686433793662404,0.00016246953696186228,0.0030056864337935085,0.0004874086108853648,-0.0018683996750609166,0.005605199025182639,0.02225832656376925,0.006661251015434577,-0.001787164906580041,0.012672623883022038,0.02721364744110477,8.123476848098665e-05
194,194,0.925264012997563,0.9220338983050848,0.9281126259002366,0.9618990672088018,0.012997562956945652,0.014053614947197368,0.013484971567831239,0.007229894394800929,0.009829406986190059,0.029813160032494013,0.07766043866774985,0.04930950446791227,0.0023558082859465035,0.08302193338748987,0.1251015434606012,0.024370430544273014
195,195,0.9212022745735174,0.9164513350559862,0.9227484121289431,0.957019851710117,0.00032493907392372456,-0.0009748172217708406,-1.1102230246251565e-16,-0.0025995125913890194,-0.0010560519902519383,0.05775792038992689,0.02038992688870811,0.0005686433793663515,-0.007473598700243778,0.006092607636068337,0.03964256701868407,0.0034930950446788733
196,196,0.9220146222583265,0.9173838209982789,0.9236333678811555,0.9441335140450184,-0.005117790414297496,-0.00032493907392372456,0.0047928513403736606,0.00032493907392372456,0.004061738424045558,0.0059301380991063635,0.033712428919577375,0.0681559707554833,0.014703493095044706,0.006498781478472715,0.015597075548334671,0.015272136474411058
197,197,0.925264012997563,0.9205526770293609,0.9266363708841585,0.9624039969172713,0.0008123476848090894,0.0012997562956945652,0.0021933387489847522,0.0007311129163282137,-0.0004874086108853648,0.024207961007311263,0.11998375304630393,0.0013809910641754408,0.002680747359870006,0.017709179528838326,0.012266450040617438,0.004955320877335523
198,198,0.9195775792038993,0.9141370338248048,0.9205758856201334,0.9390828881979323,-0.00016246953696186228,0.00381803411860282,8.123476848076461e-05,0.0005686433793663515,0.0010560519902518273,0.015190901705930182,0.014947197400487444,0.006336311941510853,0.010073111291632686,0.045166531275385946,0.002193338748984641,0.0363931762794476
199,199,0.9268887083671812,0.9226804123711341,0.9286746923915066,0.9530043317653938,-0.006173842404549101,0.0034930950446792064,0.0010560519902517163,0.0008123476848090894,0.005442729488220999,0.0584890333062551,0.033143785540211246,0.005848903330625488,0.01665312753858661,0.061819658813972445,0.011779041429732073,0.03671811535337122
200,200,0.9333874898456539,0.9293103448275862,0.9349491084004358,0.9588694889579844,0.002030869212022779,0.0030056864337936195,0.0037367993501218333,0.005523964256701985,0.07831031681559697,0.0743298131600324,0.049390739236393144,0.009098294069861956,0.028107229894394847,0.047766043866774965,0.026157595450852944,0.007798537774167391
201,201,0.9220146222583265,0.9173838209982789,0.9236333678811555,0.9484187727550558,0.0021121039805036546,-0.0008123476848090894,0.00617384240454899,0.004711616571892785,0.0010560519902519383,0.1018683996750609,0.0673436230706741,0.011779041429731962,0.0041429731925262114,0.018765231519090264,0.031762794476035916,0.030381803411860253
202,202,0.9203899268887084,0.9169491525423729,0.9232055063913471,0.9486273884503973,-0.0008123476848090894,0.006336311941510964,0.004467912266449936,0.004061738424045447,0.02680747359870017,0.02989439480097489,0.05507717303005677,0.08627132412672622,0.008692120227457467,0.09008935824532915,0.07749796913078788,0.05532087733549962
203,203,0.9220146222583265,0.917098445595855,0.9233649578782321,0.9494459060830741,-0.0016246953696181787,-0.0013809910641754408,0.0036555645816408466,0.0009748172217710627,-0.0006498781478473381,0.03306255077173026,0.03525588952071479,0.0027619821283508816,2.220446049250313e-16,0.012185215272136452,0.03346872461413497,0.005686433793663737
204,204,0.9203899268887084,0.9153713298791019,0.9217292513752691,0.955813335459353,-0.004224207961007309,-0.0037367993501218333,0.006498781478472715,-0.0005686433793664625,0.0002437043054426269,0.04029244516653119,0.06263200649878142,0.00381803411860282,-0.0041429731925264335,0.019171405361494642,0.026157595450853055,0.009179528838342721
205,205,0.9268887083671812,0.922945205479452,0.9289431023944298,0.9494591937069813,-0.0019496344435417923,0.0006498781478473381,-0.0004061738424046002,0.006092607636068337,0.008042242079610018,0.006661251015434577,0.03988627132412681,0.014297319252640106,0.0005686433793664625,0.03265637692932588,0.020308692120227567,0.01681559707554836
206,206,0.9236393176279447,0.9193825042881647,0.9255374843870419,0.9473225437827207,0.0008123476848090894,0.0002437043054426269,-0.0008123476848092004,0.008204711616571991,0.0007311129163279917,0.018683996750609166,0.055402112103980605,0.014865962632006569,0.0027619821283509927,0.05052802599512596,0.025182778229082103,0.02307067424857845
207,207,0.9220146222583265,0.916955017301038,0.9232307528767706,0.9543410667304473,-0.003980503655564682,-0.00243704305442749,-0.0004061738424046002,0.0004874086108854758,-0.0012997562956945652,0.060601137286758755,0.011047928513403749,0.08074735987002435,0.015515840779853685,0.0034930950446790954,0.02242079610073089,0.017952883834280953
208,208,0.9236393176279447,0.9189655172413793,0.925134869382657,0.952143293736214,0.0030056864337936195,-0.0001624695369619733,0.01380991064175452,0.0012185215272135785,0.009504467912266334,0.03964256701868396,0.058001624695369514,-0.0007311129163283248,8.123476848087563e-05,0.05483346872461414,0.09236393176279423,-0.002030869212022668
209,209,0.9293257514216084,0.9254498714652957,0.9313295596481437,0.95856121608334,-0.0006498781478471161,0.010966693744922762,0.002274573517465517,0.00641754670999195,0.0023558082859463925,0.014378554021121093,0.06303818034118602,0.019171405361494753,0.0120227457351747,0.099187652315191,0.008529650690495383,0.0050365556458162875
210,210,0.9244516653127539,0.9201716738197425,0.9262882351377926,0.9508198463950674,-0.003980503655564682,0.001787164906580041,-0.00016246953696175126,-0.00178716490657993,-0.0014622258326564275,0.05743298131600327,0.06385052802599533,0.0028432168968319793,0.0034930950446793174,0.029731925264012915,0.025507717303005606,0.017546709991876464
211,211,0.925264012997563,0.9209621993127147,0.9270389858885434,0.9513779265991655,0.0008123476848090894,0.0002437043054426269,0.0002437043054426269,0.0014622258326563164,0.0008123476848090894,0.013403736799350141,0.009098294069861956,0.018521527213647526,0.0015434606011374141,0.008529650690495494,0.052396425670186986,0.0068237205523964395
212,212,0.9220146222583265,0.9166666666666666,0.9229623428738474,0.9557894177363204,-0.0009748172217710627,-0.00219333874898453,-0.0025995125913891304,-0.0011372867587325919,-0.0037367993501220553,0.011291632818846375,0.05304630381803421,-0.001787164906580152,0.0004874086108854758,0.04053614947197404,0.05182778229082052,0.008854589764418996
213,213,0.9268887083671812,0.9228130360205832,0.9288088973929682,0.9575460416168381,0.00016246953696186228,0.010966693744922984,0.0021121039805036546,0.0,-0.0002437043054426269,0.034199837530463184,0.023151909017059324,0.004874086108854425,0.0009748172217710627,0.018359057676685664,0.028188464662875723,0.046791226645004236
214,214,0.9260763606823721,0.9220222793487575,0.9280581466422174,0.9537696989024421,-0.00040617384240437815,-0.002924451665312633,-0.0030056864337936195,0.0034930950446790954,-0.002437043054427379,0.04191714053614959,0.07018683996750608,0.010641754670999148,0.000893582453289965,0.009666937449228308,0.04086108854589765,0.04622258326563777
215,215,0.9260763606823721,0.9233361415332771,0.9294001966568338,0.9525206622551755,0.009098294069861956,0.0014622258326564275,0.0018683996750610277,-0.000893582453289965,0.004467912266450158,0.057839155158407984,0.11673436230706746,0.004955320877335523,-0.0007311129163281027,0.0817221770917953,0.10414297319252641,0.008448415922014618
216,216,0.9228269699431356,0.9176062445793582,0.9238472986260597,0.9508012437215977,-0.00024370430544284893,0.0002437043054427379,0.0002437043054427379,0.0009748172217708406,0.0025182778229081437,0.016571892770105512,0.03387489845653935,0.017546709991876575,0.021121039805036546,0.011779041429731962,0.024776604386677392,0.001787164906580152
217,217,0.9220146222583265,0.9176672384219554,0.9239017778840788,0.9586289829652662,0.00024370430544284893,0.0025182778229082547,0.0007311129163282137,0.0004874086108854758,0.004224207961007309,0.03184402924451657,0.06596263200649877,0.01600324939073905,0.001137286758732814,0.06409423233143785,0.030381803411860253,0.009748172217709183
218,218,0.9195775792038993,0.91458153580673,0.9209785006245184,0.954954954954955,0.000893582453289854,-0.002274573517465517,-0.0008123476848090894,0.003330625507717233,0.0005686433793663515,0.014378554021121093,0.007392363931762791,-0.000893582453290076,0.012266450040617438,0.01640942323314365,0.028513403736799336,0.0025995125913891304
219,219,0.9212022745735174,0.9160173160173161,0.9223457971245581,0.9534135905817321,-0.0023558082859463925,-0.0010560519902519383,0.0077173030056864045,0.0025182778229080327,-0.0017059301380992764,0.020389926888708332,0.04711616571892774,0.0013809910641752188,-0.005442729488220999,0.03720552396425647,0.05727051177904152,0.012997562956945652
220,220,0.9236393176279447,0.9189655172413793,0.925134869382657,0.9443102394429828,0.001137286758732703,0.002437043054427157,0.0002437043054427379,0.0017059301380990544,0.004467912266449936,0.014865962632006458,0.01080422420796101,0.006580016246953702,-0.003980503655564682,0.014459788789601857,0.054995938261575894,0.008204711616571991
221,221,0.9260763606823721,0.9221556886227545,0.9281923516436791,0.9555834595657605,0.00032493907392372456,0.000893582453289965,0.004874086108854536,-0.0014622258326563164,0.002030869212022779,0.06344435418359073,0.031112916328188467,0.019902518277822856,-0.0034930950446790954,0.025913891145410206,0.0034930950446790954,0.011454102355808238
222,222,0.9244516653127539,0.9204448246364414,0.9265566451407159,0.9564697440803636,-0.0006498781478471161,0.0018683996750609166,0.00024370430544284893,0.0025995125913891304,-0.0008123476848092004,0.02502030869212024,0.03460601137286767,0.025588952071486704,0.004874086108854536,0.027376116978066523,0.02047116165718943,0.002274573517465406
223,223,0.9203899268887084,0.9159519725557461,0.9222660713811156,0.955621993675091,0.0,-0.00016246953696186228,0.0037367993501217223,-0.0010560519902517163,-0.0014622258326564275,0.011779041429731962,0.003574329813159971,0.022664500406173738,-0.0009748172217708406,0.0030056864337937306,0.020146222583265594,0.06945572705117786
224,224,0.9187652315190902,0.9133448873483535,0.9198251348693827,0.9509022296632916,0.0014622258326564275,0.0019496344435417923,0.0009748172217709516,1.1102230246251565e-16,-0.002680747359869895,0.029000812347684923,0.04069861900893568,0.05865150284321685,-0.0004061738424046002,0.03346872461413486,0.021933387489845524,0.010966693744922873
225,225,0.925264012997563,0.9209621993127147,0.9270389858885434,0.9514443647187009,-8.123476848098665e-05,0.0036555645816408466,0.002924451665312744,0.00024370430544284893,0.0050365556458166205,0.05686433793663692,0.06677497969130786,0.002924451665312966,0.010560519902518273,0.015678310316815547,0.007148659626320053,0.03484971567831041
226,226,0.9268887083671812,0.9228130360205832,0.9288088973929682,0.9688245767891785,0.003980503655564682,0.0018683996750608056,0.0012185215272134675,0.0050365556458163985,0.001543460601137303,0.08692120227457345,0.047766043866774965,0.023883021933387538,0.0027619821283509927,0.029406986190089413,0.04224207961007309,0.011291632818846487
227,227,0.9220146222583265,0.9172413793103448,0.9234991628796938,0.9550718860453372,0.00178716490657993,-0.00032493907392372456,0.0017059301380990544,-0.00024370430544284893,0.017952883834280953,0.008610885458976592,0.06458164094232333,0.032737611697806535,0.00016246953696175126,0.013484971567831017,0.006092607636068115,0.007473598700243778
228,228,0.9122664500406173,0.9076923076923077,0.9143559488692232,0.9479284594328841,-0.0008123476848089783,0.0014622258326564275,0.012753858651502803,0.0006498781478471161,-0.0013809910641756629,0.055158407798537645,0.11186027619821282,0.015353371242891822,0.0016246953696181787,0.020146222583265705,0.007879772542648267,0.006417546709991839
229,229,0.9228269699431356,0.9181739879414298,0.9243841186319062,0.9569467697786281,0.0009748172217710627,0.004874086108854425,-0.00024370430544284893,-0.0001624695369619733,0.0017059301380990544,0.020958570268074572,0.01380991064175452,0.0025182778229081437,0.0009748172217710627,0.013078797725426416,0.07709179528838328,0.001137286758732814
230,230,0.9268887083671812,0.9222797927461139,0.9282720773871216,0.9613888224507693,0.004386677497969171,-0.0002437043054426269,0.007554833468724653,0.00016246953696186228,0.04987814784727873,0.03623070674248574,0.04191714053614959,0.005199025182778372,0.06636880584890348,0.06255077173030066,0.025670186839967468,0.04045491470349327
231,231,0.9220146222583265,0.917098445595855,0.9233649578782321,0.9391745728028913,0.0008123476848090894,-0.0001624695369619733,0.00032493907392372456,0.000893582453290187,0.002274573517465628,0.02298943948009735,0.009423233143785459,0.004305442729488185,0.008854589764419218,0.011291632818846375,0.024695369618196628,0.03850528025995126
232,232,0.9277010560519903,0.9236051502145923,0.9295596481437189,0.9590874059900608,-0.00024370430544284893,0.0017059301380990544,0.0014622258326564275,-0.0008123476848089783,-0.0005686433793663515,0.005523964256701985,0.08683996750609257,0.00861088545897648,0.001137286758732703,0.01762794476035745,0.08383428107229896,0.04963444354183588
233,233,0.925264012997563,0.9216354344122658,0.9277100108958516,0.9598580881766723,0.002030869212022779,-0.0004874086108853648,0.0059301380991064745,0.005117790414297274,0.0021121039805036546,0.11226645004061753,0.030138099106417626,0.021364744110479172,0.0030056864337938416,0.07912266450040628,0.024532900081234765,0.012753858651502803
234,234,0.8781478472786353,0.8770491803278688,0.8833612373435382,0.9327779106540168,0.015759545085296534,0.006661251015434688,-0.001137286758732703,-0.004792851340373772,-0.011454102355808349,0.15987002437043063,0.036961819658813955,0.006661251015434466,-0.016571892770105734,0.08708367181153531,0.031925264012997445,-0.0027619821283509927
235,235,0.9179528838342811,0.9134532990574121,0.9198796141274017,0.9457997820829679,-0.004386677497969171,0.0014622258326564275,0.0002437043054427379,0.013322502030869265,0.0017059301380990544,0.014459788789601857,0.04492282696994321,0.049553208773355006,0.018521527213647415,0.0027619821283509927,0.06441917140536146,0.013647441104792879
236,236,0.9236393176279447,0.9184027777777778,0.9245980493768104,0.95093677748545,0.00032493907392361354,0.0013809910641752188,0.00040617384240448917,-0.00016246953696175126,-2.220446049250313e-16,0.0047928513403735495,0.10690495532087718,0.01982128350934198,0.0017059301380990544,0.013728675873273755,0.029894394800974777,0.006255077173030088
237,237,0.9220146222583265,0.9175257731958762,0.9237675728826171,0.9424885062053203,0.0008123476848090894,0.0034118602761982197,0.0007311129163282137,-0.0001624695369619733,0.0028432168968318683,0.0337124289195776,0.015353371242891933,0.0012997562956945652,-0.0008123476848093114,0.015109666937449084,0.04581640942323317,0.007473598700243778
238,238,0.9236393176279447,0.9193825042881647,0.9255374843870419,0.9599869781285711,-0.004630381803411909,-0.0004874086108854758,0.001787164906579708,-0.0006498781478474491,0.019496344435418478,0.038342810722989396,0.06515028432168957,0.009910641754671046,0.04508529650690496,0.03736799350121833,0.02542648253452473,0.01681559707554814
239,239,0.9317627944760357,0.9279588336192109,0.9337160169018577,0.9482420473570915,-0.0016246953696180677,0.0025995125913891304,0.012266450040617438,0.005442729488220999,0.006661251015434688,0.047359870024370365,0.054427294882209654,0.018115353371242704,0.006986190089358191,0.03809910641754666,0.04800974817221759,0.02307067424857845
240,240,0.9228269699431356,0.9174630755864466,0.9237130936245981,0.964960535756996,-0.00032493907392372456,-0.0002437043054426269,-0.00016246953696175126,0.0002437043054427379,-0.0004061738424046002,0.01900893582453289,0.06125101543460598,-0.00243704305442749,0.007311129163281804,0.026969943135662033,0.012510154346060176,0.000893582453289965
241,241,0.9203899268887084,0.9152249134948097,0.9215950463738074,0.9426798479895825,-0.001543460601137303,-0.001137286758732703,0.0050365556458162875,0.00032493907392372456,-0.0041429731925264335,0.057595450852965024,0.020471161657189207,0.0050365556458165095,0.011372867587327473,0.021202274573517643,0.003086921202274606,0.001787164906580041
242,242,0.9301380991064175,0.9262435677530018,0.9320803103988945,0.9582130803369742,0.0068237205523964395,0.00861088545897648,0.0002437043054427379,0.0025995125913891304,0.06376929325751424,0.11909017059301386,0.09155158407798547,0.04411047928513401,0.08927701056052006,0.09553208773354993,0.04874086108854592,0.01681559707554825
243,243,0.9195775792038993,0.9154568744662681,0.9217837306332881,0.9524356214621701,0.0005686433793662404,0.0004061738424046002,0.002437043054427379,-0.003168155970755482,8.123476848098665e-05,0.0701056051990252,0.10251827782290823,0.014216084484159341,-0.001787164906580041,0.007392363931762902,0.02160844841592202,0.0028432168968317573
244,244,0.9317627944760357,0.9282051282051282,0.9339844269047809,0.9549868452523319,0.0004061738424046002,0.014378554021121093,0.0002437043054426269,0.008448415922014507,0.00219333874898453,0.08927701056051995,0.03257514216084467,0.005280259951259025,0.00739236393176268,0.006661251015434466,0.03273761169780676,0.006742485783915342
245,245,0.9203899268887084,0.9156626506024096,0.9219976613781924,0.9598235403545137,-0.0006498781478473381,0.006498781478472715,-0.0008123476848092004,0.00016246953696175126,-0.00040617384240448917,0.05231519090170578,0.04549147034930945,0.004549147034931034,-8.123476848087563e-05,0.01421608448415912,0.026401299756295682,0.0019496344435417923
246,246,0.9212022745735174,0.9160173160173161,0.9223457971245581,0.9543623269286986,0.0010560519902519383,0.001543460601137192,0.0041429731925264335,-0.0009748172217708406,-0.00040617384240448917,0.00999187652315181,0.10414297319252641,0.0007311129163282137,-0.0005686433793664625,0.02469536961819674,0.013403736799350141,0.009098294069861845
247,247,0.925264012997563,0.9213675213675213,0.9274416008929283,0.9582290254856627,0.0014622258326563164,-0.0007311129163282137,-0.002193338748984308,0.0008123476848090894,0.0018683996750609166,0.004792851340373772,0.026563769293257544,0.008854589764419218,0.004386677497969282,0.02006498781478483,0.03127538586515033,0.024532900081234765
248,248,0.9147034930950447,0.906832298136646,0.9139241010922428,0.9488532780568179,0.0012997562956945652,-0.0017059301380989433,0.004955320877335523,-0.001787164906580152,0.0006498781478472271,0.08870836718115349,0.027213647441104882,0.013403736799350141,0.017709179528838548,0.0662875710804226,0.020796100731112932,0.01242891957757919
249,249,0.9260763606823721,0.9214840379637619,0.9275213266363709,0.9540035610832072,0.0013809910641754408,-0.001543460601137303,0.0007311129163282137,0.0014622258326563164,-0.0037367993501217223,0.016490658001624636,0.058245329000812474,0.05093419983753056,0.00178716490657993,0.04484159220146222,0.011047928513403749,0.05775792038992689
