,random_seed,accuracy,f1,balanced_acc,auc,feature_importance.C_mid_CO2_scaled,feature_importance.C_mid_CO2_fd1_scaled,feature_importance.C_mid_CO2_fd2_scaled,feature_importance.C_mid_CO2_fd3_scaled,feature_importance.C_top_CO2_scaled,feature_importance.C_top_CO2_fd1_scaled,feature_importance.C_top_CO2_fd2_scaled,feature_importance.C_top_CO2_fd3_scaled
0,0,0.9236393176279447,0.9193825042881647,0.9255374843870419,0.9536926306837812,0.004467912266450047,0.05442729488220954,0.0715678310316814,0.032331437855401934,0.006742485783915453,0.029163281884646564,0.06612510154346063,0.004630381803411798
1,1,0.9179528838342811,0.9120974760661444,0.918671769114247,0.9470621063541417,-0.003168155970755482,0.046791226645004014,0.08147847278635245,0.0025182778229081437,0.00463038180341202,0.03566206336311939,0.019090170593013878,0.011697806661250976
2,2,0.9212022745735174,0.9155787641427328,0.9219431821201732,0.9547423529724415,0.0007311129163281027,0.01445978878960208,0.04427294882209576,0.013322502030869154,-0.002274573517465406,0.02981316003249379,0.04151096669374488,0.0005686433793663515
3,3,0.9195775792038993,0.9135371179039301,0.9200390656142868,0.9588349411358261,0.0012185215272136896,0.055564581640942245,0.058407798537774114,0.000893582453290076,-0.0012185215272134675,0.01705930138099121,0.029975629569455653,0.006255077173030199
4,4,0.9268887083671812,0.9228130360205832,0.9288088973929682,0.949241276674905,0.004224207961007309,0.04142973192526411,0.040373679935012174,0.030706742485783978,0.004630381803411798,0.05134037367993505,0.011454102355808238,0.012591389114541052
5,5,0.9187652315190902,0.9124343257443083,0.9190199048606128,0.9455552898030772,0.00032493907392361354,0.07327376116978068,0.058407798537774225,0.02404549147034918,0.011860276198212727,0.02047116165718932,0.034362307067424824,0.024695369618196628
6,6,0.9203899268887084,0.9149305555555556,0.9213266363708842,0.9555914321401048,-0.0021121039805036546,0.03460601137286767,0.05865150284321696,0.004955320877335412,-0.0017059301380992764,0.01478472786352547,0.01462225832656372,0.005361494719740012
7,7,0.9325751421608448,0.9282627484874676,0.9339299476467617,0.9498657949985383,0.011047928513403749,0.024370430544273014,0.010722989439480024,0.014134849715678244,0.008123476848091116,0.019902518277822856,0.03184402924451657,0.01941510966693727
8,8,0.9301380991064175,0.9259896729776248,0.9318119003959713,0.9485768954795505,0.009179528838342943,0.0778229082047116,0.03005686433793664,0.0059301380991064745,0.003980503655564571,0.055158407798537756,0.024695369618196517,0.010885458976441886
9,9,0.9187652315190902,0.9125874125874126,0.9191541098620745,0.9510723112493025,-0.001137286758732703,0.010316815597075535,0.052315190901706,0.015840779853777187,-0.003086921202274606,0.024695369618196628,0.011941510966693825,0.030950446791226716
10,10,0.9285134037367994,0.9245283018867925,0.9304446038959313,0.9623853942438014,-0.0017059301380989433,0.03143785540211208,0.04809098294069858,0.04167343623070674,0.007229894394800929,0.051990251827782386,0.04443541835905773,0.003980503655564571
11,11,0.9195775792038993,0.912311780336581,0.9189654256025938,0.9519971298732363,-0.00422420796100742,0.07863525588952058,0.08781478472786353,0.014134849715678244,0.007798537774167502,0.02583265637692933,0.04386677497969116,0.017140536149471974
12,12,0.9187652315190902,0.9133448873483535,0.9198251348693827,0.9490791676632385,0.00763606823720564,0.10714865962632014,0.017303005686433837,0.05101543460601132,0.00203086921202289,0.020958570268074683,0.01925264012997574,0.012672623883021816
13,13,0.9244516653127539,0.9208510638297872,0.9269592601451009,0.9436498445348002,0.0032493907392364685,0.11405361494719735,0.09520714865962643,0.07335499593826167,0.004549147034931034,0.046953696181965876,0.06645004061738424,0.026563769293257544
14,14,0.9260763606823721,0.921619293712317,0.9276555316378325,0.9563687581386696,0.0028432168968318683,0.07018683996750608,0.027457351746547287,0.0068237205523965505,-0.0010560519902517163,0.028269699431356488,0.02461413484971564,0.03769293257514206
15,15,0.9285134037367994,0.9245283018867925,0.9304446038959313,0.959188391931755,0.007148659626320053,0.11413484971567833,0.01023558082859466,0.019415109666937602,0.008935824532899983,0.03566206336311939,0.04914703493095052,0.0077173030056862935
16,16,0.9309504467912266,0.9269131556319863,0.9326968561481837,0.9521379786866513,0.008854589764419218,0.04800974817221759,0.05727051177904152,0.019740048740860994,0.007636068237205529,0.01819658813972369,0.05686433793663681,0.008123476848090783
17,17,0.9244516653127539,0.9203084832904884,0.9264224401392542,0.9461505753541151,-0.00016246953696186228,0.04508529650690507,0.08066612510154347,0.00381803411860282,0.002924451665312855,0.03688058489033319,0.012835093419983679,0.006904955320877537
18,18,0.9228269699431356,0.9180327868852459,0.9242499136304446,0.953006989290175,0.0012185215272136896,0.03379366368805847,0.039967506092607685,0.026157595450852722,-0.0016246953696184008,0.01177904142973174,0.041348497156783126,0.004874086108854425
19,19,0.9195775792038993,0.91458153580673,0.9209785006245184,0.9492997422200962,0.00032493907392372456,0.011047928513403638,0.0538586515028433,0.0012185215272136896,-0.001543460601137081,0.009991876523152032,0.005280259951259136,0.012997562956945541
20,20,0.9187652315190902,0.911504424778761,0.9182146748518429,0.950809216295942,0.0006498781478472271,0.05207148659626326,0.027538586515028496,0.029975629569455764,0.0012185215272138006,0.042160844841592326,0.04792851340373683,0.004305442729488296
21,21,0.9212022745735174,0.9155787641427328,0.9219431821201732,0.9627601052379814,0.0028432168968317573,0.027944760357432985,0.09341998375304628,0.005280259951259025,0.00024370430544284893,0.002680747359870117,0.045572705117790435,0.0017059301380991654
22,22,0.9220146222583265,0.9175257731958762,0.9237675728826171,0.9549629275292992,0.0034118602761982197,0.031356620633631316,0.01803411860276183,0.006904955320877315,-0.001543460601137303,0.010885458976441997,0.048578391551584055,0.011616571892769989
23,23,0.9187652315190902,0.9136442141623489,0.9200935448723059,0.9561534986313749,-0.0007311129163281027,0.06084484159220149,0.09406986190089373,0.019496344435418367,0.0038992688870836956,0.021527213647441146,0.05548334687246137,0.00016246953696186228
24,24,0.9228269699431356,0.9176062445793582,0.9238472986260597,0.9516489941268702,0.0016246953696181787,0.02599512591389097,0.043135662063363056,0.004061738424045336,0.00178716490657993,0.010560519902518273,0.03720552396425669,0.011047928513403638
25,25,0.9098294069861901,0.9025460930640913,0.9098222115921231,0.9462435887214649,0.000893582453289854,0.14792851340373692,0.12307067424857843,0.008367181153533632,-0.002924451665312855,0.0240454914703494,0.022095857026807497,0.020796100731112932
26,26,0.9350121852152722,0.9319727891156463,0.9376584549150921,0.9560870605118392,0.007392363931762791,0.03704305442729494,0.038180341186027755,0.011291632818846598,0.012835093419983679,0.020958570268074683,0.020389926888708332,0.025832656376929553
27,27,0.9220146222583265,0.916955017301038,0.9232307528767706,0.9516410215525261,0.0034118602761982197,0.04589764419171405,0.021689683184402897,0.013403736799350141,-0.0017059301380990544,0.013891145410235617,0.021933387489845635,0.006498781478472715
28,28,0.9260763606823721,0.9213483146067416,0.9273871216349092,0.9585186956868372,-0.0013809910641754408,0.0817221770917953,0.013891145410235617,0.026320064987814917,0.005605199025182861,0.07562956945572719,0.014134849715678355,0.010398050365556522
29,29,0.925264012997563,0.9206896551724137,0.9267705758856202,0.9588296260862632,0.005361494719740123,0.08554021121039812,0.020552396425670305,0.004955320877335412,0.00016246953696175126,0.02802599512591386,0.026969943135662144,0.0038992688870836956
30,30,0.9260763606823721,0.9226847918436704,0.9287291716495256,0.9494060432113528,0.008448415922014618,0.10251827782290823,0.13119415109666943,0.0817221770917953,0.00901705930138097,0.06214459788789617,0.07294882209585707,0.025182778229082325
31,31,0.9244516653127539,0.9197584124245038,0.9258856201334078,0.9611948231417258,0.0034118602761982197,0.08164094232331431,0.06896831844029261,0.006986190089358413,0.003168155970755593,0.03330625507717311,0.02006498781478483,0.0010560519902518273
32,32,0.9195775792038993,0.9151670951156813,0.9215153206303648,0.9536208775146828,-0.00048740861088558685,0.08919577579203897,0.050203086921202345,0.013891145410235506,0.004955320877335412,0.05385865150284319,0.05069049553208782,0.008854589764419218
33,33,0.925264012997563,0.9209621993127147,0.9270389858885434,0.958593106380717,0.0019496344435419033,0.031762794476035916,0.10373679935012192,0.03168155970755482,0.005767668562144723,0.05255889520714874,0.033956133225020446,0.007392363931762902
34,34,0.9155158407798538,0.9098786828422877,0.9165537218634563,0.9499933561880463,0.0005686433793664625,0.03785540211210403,0.10942323314378566,0.040779853777416775,0.002030869212022779,0.03322502030869212,0.010154346060113673,0.021039805036555892
35,35,0.9212022745735174,0.9164513350559862,0.9227484121289431,0.956573387546839,-0.0019496344435419033,0.04849715678310318,0.017952883834280953,0.012672623883021927,-0.000893582453289965,0.025751421608448455,0.025995125913891082,0.0016246953696182898
36,36,0.9155158407798538,0.9094076655052264,0.9161511068590715,0.9476122139838953,-0.004467912266449936,0.06051990251827788,0.058813972380178825,0.027701056051990358,-0.005767668562144501,0.017952883834280953,0.039561332250203085,0.00463038180341202
37,37,0.9244516653127539,0.9200343938091143,0.926154030136331,0.9537218634563768,-0.0009748172217708406,0.0627944760357434,0.013322502030869487,0.006336311941510964,-0.0014622258326562054,0.0019496344435419033,0.033549959382615846,0.021121039805036768
38,38,0.9268887083671812,0.9226804123711341,0.9286746923915066,0.9523625395306811,0.0023558082859463925,0.01624695369618201,0.04630381803411865,0.023151909017059435,0.0032493907392362464,0.019171405361494753,0.024532900081234765,0.03866774979691312
39,39,0.9220146222583265,0.9166666666666666,0.9229623428738474,0.9534335220175927,-0.002437043054427379,0.03858651502843213,0.024126726238830054,0.020064987814784607,0.0034930950446790954,0.017140536149472085,0.046141348497156676,0.0032493907392362464
40,40,0.9220146222583265,0.916955017301038,0.9232307528767706,0.9461585479284594,0.009341998375304805,0.11324126726238826,0.09398862713241274,0.009341998375304583,0.00560519902518275,0.024207961007311263,0.06263200649878153,0.014865962632006458
41,41,0.9228269699431356,0.9180327868852459,0.9242499136304446,0.9444896223657285,0.004549147034930812,0.05085296506904957,0.08497156783103177,0.0056864337936636256,-0.0023558082859462814,0.030950446791226716,0.02201462225832651,0.021527213647441035
42,42,0.9082047116165719,0.9007901668129938,0.90818650508916,0.950342820696803,-0.004955320877335634,0.05304630381803421,0.05499593826157578,0.027538586515028496,-0.0016246953696181787,0.023395613322502062,0.01405361494719759,0.013484971567830906
43,43,0.9203899268887084,0.9149305555555556,0.9213266363708842,0.9590980360891864,0.0013809910641754408,0.05637692932575156,0.035174654752233914,0.0030056864337935085,0.0006498781478472271,0.04882209585702668,0.04053614947197404,0.0034930950446790954
44,44,0.9228269699431356,0.9176062445793582,0.9238472986260597,0.9478274734911903,0.004630381803411798,0.08505280259951264,0.06336311941510964,0.0021121039805036546,0.0037367993501218333,0.023801787164906663,0.03842404549147027,0.017627944760357228
45,45,0.9236393176279447,0.9178321678321678,0.9240612293709639,0.9538255069228522,0.0038992688870835845,0.028919577579203715,0.01941510966693738,0.0037367993501216112,0.002030869212022557,0.02063363119415107,0.02843216896831835,0.008935824532900205
46,46,0.9220146222583265,0.9173838209982789,0.9236333678811555,0.958035026176619,0.0034930950446790954,0.027294882209585758,0.038748984565393996,0.0034930950446790954,-0.0018683996750608056,0.039561332250202974,0.008367181153533743,0.012103980503655576
47,47,0.9236393176279447,0.9186851211072664,0.9248664593797338,0.954936352281485,-0.000893582453290076,0.07262388302193334,0.0386677497969129,0.048578391551584055,0.002274573517465406,0.02160844841592191,0.006173842404549212,0.0103980503655563
48,48,0.9195775792038993,0.9153122326775022,0.9216495256318264,0.9473810093279121,0.006336311941511075,0.11779041429731907,0.09699431356620647,0.052965069049553226,0.009748172217709183,0.0662063363119414,0.0294069861900893,0.023476848090982938
49,49,0.9203899268887084,0.9153713298791019,0.9217292513752691,0.9581439846926572,0.00601137286758735,0.05385865150284319,0.09455727051177909,0.0705117790414298,0.007148659626320164,0.019252640129975518,0.04825345247766044,0.0059301380991062524
50,50,0.9220146222583265,0.917098445595855,0.9233649578782321,0.953583672167743,-0.002680747359870006,0.09236393176279445,0.05272136474411049,0.010966693744922873,0.006986190089358302,0.02705117790414291,0.06750609260763607,0.0074735987002435555
51,51,0.9285134037367994,0.9245283018867925,0.9304446038959313,0.947362406654442,0.0012997562956944542,0.0871649065800163,0.033549959382615735,0.012185215272136563,0.003086921202274495,0.03866774979691312,0.04386677497969127,0.02761982128350937
52,52,0.9236393176279447,0.9189655172413793,0.925134869382657,0.9623535039464244,-0.0007311129163283248,0.05621445978878947,0.008692120227457356,0.018521527213647415,-0.001137286758732814,0.0124289195775793,0.05434606011372867,0.0017059301380990544
53,53,0.9163281884646629,0.9102005231037489,0.9169018576098222,0.9502165882696856,-0.0005686433793663515,0.11559707554833465,0.1374492282696994,0.03208773354995953,0.0012185215272136896,0.010235580828594548,0.021933387489845635,0.007636068237205529
54,54,0.9268887083671812,0.9226804123711341,0.9286746923915066,0.9534348507799835,0.0034930950446790954,0.012185215272136452,0.10154346060113728,0.007392363931762902,0.005686433793663737,0.017384240454914823,0.03265637692932566,0.013566206336312114
55,55,0.9228269699431356,0.9183147033533964,0.9245183236333678,0.9635148422759041,-0.0004874086108854758,0.050528025995125736,0.07108042242079604,-0.0037367993501217223,0.003818034118602709,0.016571892770105512,0.03899268887083662,0.018521527213647415
56,56,0.9179528838342811,0.9127052722558341,0.9192085891200935,0.9564963193281777,-8.123476848098665e-05,0.0526401299756295,0.023314378554021187,-0.001543460601137192,-0.001137286758732814,0.0012997562956944542,0.050771730300568696,-0.0007311129163281027
57,57,0.9228269699431356,0.9168853893263342,0.9231762736187515,0.9552911318398044,0.003086921202274495,0.0534524776604387,0.03484971567831019,0.002437043054427268,0.0021121039805036546,0.006580016246953702,0.04589764419171405,0.014134849715678244
58,58,0.9236393176279447,0.919931856899489,0.9260743043928885,0.950232533418374,0.006904955320877204,0.009098294069861956,0.046547522339561276,0.04865962632006493,0.002924451665312744,0.023314378554021076,0.03761169780666118,0.011941510966693603
59,59,0.9220146222583265,0.916955017301038,0.9232307528767706,0.9500624518323634,8.123476848087563e-05,0.00519902518277815,0.013484971567831239,0.03160032493907394,-0.0010560519902519383,0.011616571892769989,0.016084484159220147,0.013728675873273866
60,60,0.9277010560519903,0.9234737747205503,0.9294254431422573,0.9582476281591326,0.00016246953696186228,0.028107229894394625,0.04784727863525573,0.022339561332250124,0.003818034118602709,0.04321689683184404,0.02965069049553215,0.00722989439480104
61,61,0.9244516653127539,0.9203084832904884,0.9264224401392542,0.954295888809163,0.00560519902518275,0.04102355808285951,0.07522339561332247,0.01267262388302215,0.005117790414297385,0.01746547522339581,0.01364744110479299,0.007148659626320164
62,62,0.9260763606823721,0.921619293712317,0.9276555316378325,0.9556910893194079,0.004386677497969282,0.07969130787977252,0.04524776604386693,0.00243704305442749,0.007229894394801151,0.021770917952883773,0.013809910641754741,0.010479285134037397
63,63,0.9293257514216084,0.9255774165953806,0.9314637646496053,0.9611496452204417,0.010560519902518162,0.032575142160844894,0.08529650690495538,0.018683996750609277,0.008529650690495383,0.0689683184402925,0.044597887896019484,0.0050365556458162875
64,64,0.9212022745735174,0.9160173160173161,0.9223457971245581,0.95550772010949,-0.0032493907392364685,0.06287571080422427,0.054995938261575894,0.0009748172217708406,-0.0010560519902519383,0.019090170593013767,0.007961007311129253,0.018115353371242926
65,65,0.9220146222583265,0.9175257731958762,0.9237675728826171,0.9450384012330915,0.0018683996750610277,0.08180341186027618,0.014053614947197368,0.051177904142973185,-8.123476848087563e-05,0.036718115353371106,0.0181965881397238,0.02022745735174658
66,66,0.9147034930950447,0.9090909090909091,0.9158029711127056,0.9503202317361609,-0.0036555645816409577,0.07367993501218528,0.04890333062550778,0.008285946385052867,-0.002680747359870117,0.027213647441104882,0.00820471161657188,0.007067424857839177
67,67,0.9236393176279447,0.919104991394148,0.9252690743841185,0.9575566717159638,-0.0007311129163281027,0.06458164094232322,0.02307067424857845,0.01616571892770091,0.0016246953696181787,0.030544272948822004,0.03728675873273746,0.021364744110479283
68,68,0.9155158407798538,0.9090909090909091,0.9158826968561482,0.9495349331632518,-0.0012185215272134675,0.080178716490658,0.12485783915515847,0.008123476848091116,0.006986190089358302,0.022583265637692862,0.009991876523151921,0.01145410235580846
69,69,0.9187652315190902,0.912739965095986,0.919288314863536,0.9539955885088629,-0.0038992688870835845,0.0449228269699431,0.0708367181153533,0.011535337124289224,0.00016246953696186228,0.033143785540211246,0.05182778229082041,0.008529650690495605
70,70,0.9155158407798538,0.9100346020761245,0.916687926864918,0.9429588880916314,-0.0007311129163281027,0.10365556458164105,0.05410235580828593,0.01998375304630373,0.00016246953696175126,0.03468724614134866,0.012753858651502803,0.001787164906580152
71,71,0.9212022745735174,0.9154315605928509,0.9218089771187117,0.9504105875787292,-0.0025182778229081437,0.06515028432168968,0.013728675873273644,-0.0021121039805037656,-0.0016246953696184008,0.04386677497969116,0.007229894394800929,0.002437043054427157
72,72,0.9260763606823721,0.9221556886227545,0.9281923516436791,0.9551383241648729,-0.0017059301380990544,0.05824532900081236,0.03403736799350132,0.0036555645816409577,-0.000893582453289965,0.03826157595450863,0.03728675873273768,0.014378554021120982
73,73,0.9203899268887084,0.9140350877192982,0.9205214063621143,0.9504345053017621,0.0021121039805036546,0.011291632818846598,0.019983753046303843,0.007554833468724653,-8.123476848087563e-05,0.0032493907392363575,0.06441917140536146,0.004630381803411687
74,74,0.9244516653127539,0.9201716738197425,0.9262882351377926,0.9463684923861915,0.0021121039805038766,0.033956133225020446,0.03184402924451657,0.010966693744922873,0.0012185215272136896,0.009829406986190281,0.006742485783915564,0.03200649878147832
75,75,0.9228269699431356,0.9167397020157756,0.9230420686172898,0.9533165909272104,0.0019496344435416813,0.04800974817221759,0.02940698619008919,0.02242079610073111,-0.0009748172217710627,0.012591389114541052,0.027132412672623785,0.005117790414297274
76,76,0.9220146222583265,0.9166666666666666,0.9229623428738474,0.9544393951473599,-0.0018683996750610277,0.04451665312753872,0.04029244516653119,0.0005686433793664625,-0.0019496344435416813,0.04622258326563777,0.010641754670999148,0.0038992688870835845
77,77,0.9187652315190902,0.9133448873483535,0.9198251348693827,0.9581253820191874,-0.006173842404549101,0.04313566206336317,0.08505280259951253,0.0077173030056865155,0.002924451665312633,0.010479285134037508,0.011779041429731851,0.005848903330625488
78,78,0.9179528838342811,0.9120974760661444,0.918671769114247,0.9462116984240877,-0.010479285134037286,0.07034930950446794,0.037530463038180306,0.02965069049553215,0.006904955320877426,0.00820471161657188,0.054589764419171294,0.002680747359870117
79,79,0.9285134037367994,0.9250425894378195,0.930981423901778,0.9449068537564113,0.007879772542648378,0.10081234768480907,0.05101543460601132,0.03671811535337133,0.006498781478472826,0.060032493907392404,0.10471161657189265,0.019008935824533002
80,80,0.9203899268887084,0.9150779896013865,0.9214608413723457,0.9534295357304208,8.123476848087563e-05,0.038748984565393885,0.05434606011372878,0.01462225832656372,-0.0008123476848092004,0.004630381803411687,0.031194151096669454,0.0006498781478474491
81,81,0.9301380991064175,0.9264957264957265,0.9323487204018177,0.9481198012171465,0.00942323314378557,0.10032493907392359,0.11616571892770111,0.045735174654752186,0.00722989439480104,0.04004874086108845,0.06043866774979689,0.0344435418359057
82,82,0.9098294069861901,0.9032258064516129,0.9103590315979696,0.9417390842169603,0.0004061738424046002,0.10714865962632014,0.058813972380178714,0.018927701056052015,0.0012185215272135785,0.02721364744110477,0.11860276198212838,-0.0013809910641753298
83,83,0.9244516653127539,0.9196197061365601,0.9257514151319461,0.9579765606314278,0.00381803411860282,0.01705930138099121,0.05312753858651509,0.0032493907392364685,-0.00040617384240448917,0.03964256701868407,0.0674248578391552,-0.0003249390739235025
84,84,0.9228269699431356,0.9181739879414298,0.9243841186319062,0.9574025352786415,0.0034930950446790954,0.07798537774167347,0.054346060113728556,0.005848903330625488,0.005361494719740123,0.02761982128350926,0.007311129163281804,0.03062550771730288
85,85,0.9285134037367994,0.9246575342465754,0.930578808897393,0.9512636530335645,0.0025995125913890194,0.017059301380990877,0.0740048740861089,0.025507717303005717,0.0036555645816410687,0.027863525588952,0.051177904142973296,0.006092607636068226
86,86,0.9268887083671812,0.9214659685863874,0.9274668473783518,0.9543543543543542,0.002924451665312744,0.030544272948822226,0.07961007311129165,0.016815597075548472,0.005361494719740123,0.0038992688870838066,0.06904955320877337,0.006092607636068115
87,87,0.9260763606823721,0.9218884120171674,0.9279239416407558,0.9500677668819262,0.0019496344435419033,0.06864337936636888,0.0480097481722177,0.01900893582453289,0.007798537774167391,0.07619821283509354,0.036555645816409466,0.0016246953696181787
88,88,0.9179528838342811,0.9125541125541126,0.919074384118632,0.947362406654442,0.00203086921202289,0.09138911454102361,0.01762794476035745,0.030138099106417626,0.003330625507717233,0.024207961007311152,0.07116165718927703,0.00982940698619017
89,89,0.9309504467912266,0.9265341400172861,0.9322942411437987,0.9567594142815382,0.007636068237205529,0.034768480909829425,0.04987814784727862,0.0050365556458162875,0.005848903330625599,0.0232331437855402,0.06401299756295709,0.010560519902518273
90,90,0.9203899268887084,0.9153713298791019,0.9217292513752691,0.9517287198703127,0.0025995125913891304,0.008854589764419218,0.02063363119415096,0.04110479285134039,-0.0017059301380992764,0.03062550771730299,0.013160032493907181,0.005280259951259136
91,91,0.9268887083671812,0.9226804123711341,0.9286746923915066,0.9548938318849823,0.006498781478472826,0.023720552396425787,0.06441917140536157,0.01543460601137292,0.005523964256701985,0.03728675873273757,0.03631194151096662,0.004955320877335523
92,92,0.9260763606823721,0.9213483146067416,0.9273871216349092,0.9563421828908555,0.002437043054427379,0.006580016246953813,0.05946385052802605,0.046547522339561276,0.0030056864337938416,0.027538586515028607,0.01982128350934198,0.021689683184402897
93,93,0.9187652315190902,0.9128919860627178,0.9194225198649978,0.9568125647771664,-0.0006498781478474491,0.07692932575142164,0.014378554021121093,0.0348497156783103,-0.0027619821283508816,0.023314378554021187,0.009666937449228197,0.03744922826969943
94,94,0.925264012997563,0.9208261617900172,0.9269047808870818,0.9642031411942917,0.00243704305442749,0.061819658813972334,0.0344435418359057,0.01941510966693749,0.0019496344435419033,0.04524776604386671,0.02087733549959392,0.02282696994313571
95,95,0.925264012997563,0.9212328767123288,0.9273073958914667,0.9513247761035372,0.0038992688870836956,0.05085296506904946,0.08025995125913887,0.007311129163282026,-0.00032493907392361354,0.020958570268074794,0.036393176279447714,0.015759545085296645
96,96,0.9277010560519903,0.9237360754070265,0.9296938531451806,0.9557894177363203,0.00422420796100742,0.03988627132412681,0.08375304630381808,0.021121039805036546,0.005361494719740012,0.039561332250203085,0.040373679935012174,0.01543460601137292
97,97,0.9220146222583265,0.9173838209982789,0.9236333678811555,0.9538653697945733,-0.003980503655564682,0.06279447603574329,0.009341998375304583,0.015272136474410836,0.0007311129163282137,0.0441104792851339,0.04971567831031665,0.0006498781478472271
98,98,0.9325751421608448,0.9282627484874676,0.9339299476467617,0.953012304339738,0.0030056864337936195,0.07603574329813156,0.04183590576766849,0.016084484159220147,0.004224207961007309,0.019658813972380118,0.014784727863525582,0.05125913891145406
99,99,0.9147034930950447,0.9087749782797567,0.9155345611097823,0.948911743602009,-0.003574329813160082,0.05629569455727068,0.039561332250203196,-0.0002437043054426269,-0.0010560519902517163,0.008854589764419218,0.011616571892770211,0.01722177091795296
100,100,0.9228269699431356,0.917319408181027,0.9235788886231364,0.9520848281910228,0.0014622258326563164,0.0538586515028433,0.016734362307067485,0.006173842404549212,-0.0025182778229082547,0.013647441104792768,0.028513403736799448,0.001787164906579819
101,101,0.9277010560519903,0.9236051502145923,0.9295596481437189,0.9559754444710195,0.007311129163281804,0.06490658001624694,0.09244516653127532,0.012103980503655576,0.007067424857839288,0.03777416734362293,0.012997562956945541,0.010316815597075646
102,102,0.9082047116165719,0.9018245004344049,0.9089917350979297,0.9506922852055596,0.005361494719740012,0.104630381803412,0.1108042242079611,0.06295694557270515,0.005361494719740012,0.01023558082859466,0.04882209585702679,0.014703493095044595
103,103,0.9203899268887084,0.9150779896013865,0.9214608413723457,0.9564697440803636,0.0006498781478472271,0.054427294882209654,0.02461413484971564,0.005280259951259136,-0.00032493907392361354,0.017546709991876686,0.028350934199837363,0.0004061738424046002
104,104,0.909017059301381,0.9065108514190318,0.9129634058837599,0.9541523824709666,-0.012916328188464665,0.08513403736799341,0.07059301380991068,0.02761982128350937,-0.011047928513403638,0.06596263200649877,0.055402112103980494,0.044760357432981346
105,105,0.925264012997563,0.9208261617900172,0.9269047808870818,0.9485689229052061,-0.00016246953696175126,0.07254264825345247,0.08188464662875716,0.04906580016246953,0.00601137286758735,0.011210398050365611,0.03866774979691312,0.02266450040617396
106,106,0.9244516653127539,0.9196197061365601,0.9257514151319461,0.9526973876531399,0.004711616571892785,0.032981316003249384,0.06263200649878164,0.023883021933387427,-0.00032493907392361354,0.04004874086108856,0.004549147034931034,0.0028432168968319793
107,107,0.9244516653127539,0.9198966408268734,0.9260198251348694,0.9480081851763268,0.0030056864337937306,0.042567018683996816,0.033549959382615846,0.03330625507717322,0.0068237205523966615,0.02185215272136487,0.06913078797725436,0.004224207961007309
108,108,0.925264012997563,0.9194395796847635,0.9255627308724654,0.9590953785644051,0.0034930950446793174,0.05418359057676703,0.033956133225020446,0.021527213647441146,0.005442729488220999,0.03525588952071501,0.03281884646628763,0.004549147034931034
109,109,0.9277010560519903,0.922943722943723,0.9288886231364107,0.9582954636051981,0.009098294069861956,0.04695369618196599,0.04126726238830214,0.01104792851340386,0.006336311941510964,0.04354183590576777,0.05036555645816421,0.015515840779853907
110,110,0.9195775792038993,0.9127753303964757,0.9193680406069786,0.9486645937973373,0.0050365556458162875,0.015272136474411058,0.06360682372055237,0.011941510966693714,-0.0004061738424047112,0.04443541835905773,0.008123476848090783,0.006742485783915564
111,111,0.9236393176279447,0.918825561312608,0.9250006643811954,0.9546360519811846,0.0006498781478471161,0.01640942323314376,0.043704305442729297,0.004386677497969171,-0.003574329813159971,0.0077173030056862935,0.010235580828594548,0.009666937449228086
112,112,0.9195775792038993,0.9141370338248048,0.9205758856201334,0.9518004730394111,-0.0006498781478473381,0.038992688870836734,0.04654752233956139,0.017546709991876464,-0.0012997562956944542,0.014378554021121093,0.04053614947197404,-0.0034930950446792064
113,113,0.9277010560519903,0.9226759339704604,0.9286202131334875,0.9529511812697654,0.008123476848091116,0.04849715678310318,0.05215272136474414,0.02445166531275378,0.006255077173030199,0.04809098294069858,0.03785540211210403,0.01023558082859477
114,114,0.9293257514216084,0.9248055315471045,0.9306585346408356,0.949095112811927,0.00844841592201473,0.03021933387489839,0.05938261575954484,0.010316815597075535,0.00032493907392372456,0.04289195775792032,0.03021933387489839,0.005199025182778261
115,115,0.9333874898456539,0.9307432432432432,0.9365595684179755,0.9561455260570305,0.0077173030056864045,0.10958570268074719,0.08147847278635256,0.0352558895207149,0.007961007311129031,0.10674248578391554,0.053614947197400675,0.025507717303005606
116,116,0.9155158407798538,0.9095652173913044,0.9162853118605331,0.9567168938850353,-0.0027619821283509927,0.06255077173030066,0.05832656376929335,0.008285946385052867,-0.0023558082859462814,0.009423233143785681,0.029325751421608537,0.0008123476848090894
117,117,0.9260763606823721,0.9218884120171674,0.9279239416407558,0.9574689733981769,0.012266450040617327,0.06961819658813972,0.07944760357432978,0.015190901705930293,0.010235580828594548,0.042404549147035064,0.02623883021933382,0.0077173030056865155
118,118,0.9179528838342811,0.9127052722558341,0.9192085891200935,0.9500385341093306,-0.004955320877335412,0.052396425670186875,0.01380991064175463,0.01283509341998379,-0.003980503655564349,0.009748172217709294,0.03168155970755471,0.005523964256701763
119,119,0.9212022745735174,0.916162489196197,0.9224800021260198,0.9501740678731829,-0.0004874086108853648,0.03891145410235575,0.016328188464662996,0.006092607636068226,-0.001543460601137303,0.005442729488220999,0.024695369618196517,0.00016246953696175126
120,120,0.9244516653127539,0.9201716738197425,0.9262882351377926,0.9517792128411597,-0.0002437043054427379,0.051584077985377785,0.030300568643379266,0.006092607636068226,0.002030869212023001,0.008529650690495494,0.03346872461413486,0.014459788789601968
121,121,0.9236393176279447,0.9185441941074524,0.9247322543782721,0.9501474926253686,-0.00032493907392372456,0.05369618196588133,0.02063363119415107,0.029731925264012915,0.0041429731925262114,0.0068237205523963285,0.08090982940698599,0.02022745735174647
122,122,0.9236393176279447,0.9179755671902269,0.9241954343724255,0.9506603949081824,0.0014622258326562054,0.03403736799350121,0.07148659626320075,0.015190901705930071,0.005605199025182639,0.05101543460601132,0.027701056051990136,0.012753858651502803
123,123,0.9244516653127539,0.9204448246364414,0.9265566451407159,0.9532727417683171,0.007392363931762902,0.10251827782290823,0.09390739236393186,0.046547522339561276,0.009504467912266557,0.060601137286758866,0.03907392363931772,0.02087733549959392
124,124,0.9236393176279447,0.9197952218430034,0.9259400993914269,0.9580483138005262,0.0038992688870835845,0.05588952071486586,0.055564581640942357,0.0348497156783103,0.0013809910641755518,0.02705117790414291,0.04362307067424842,0.007067424857838955
125,125,0.9220146222583265,0.916955017301038,0.9232307528767706,0.94674054585559,-0.0012997562956945652,0.029488220958570288,0.02924451665312744,0.00398050365556446,-0.002030869212022557,0.015840779853777298,0.03257514216084478,0.0008123476848090894
126,126,0.9236393176279447,0.9186851211072664,0.9248664593797338,0.9612240559143214,0.002437043054427268,0.07221770917952874,0.030138099106417626,0.011535337124289113,0.001787164906580152,0.08724614134849695,0.03338748984565387,-0.00032493907392372456
127,127,0.9187652315190902,0.9130434782608695,0.9195567248664593,0.9535225490977703,-8.123476848098665e-05,0.025101543460601117,0.015434606011372809,0.008367181153533632,0.003086921202274384,0.009666937449228197,0.03980503655564582,0.003168155970755482
128,128,0.9236393176279447,0.9185441941074524,0.9247322543782721,0.9588322836110448,0.00032493907392361354,0.020146222583265594,0.06011372867587328,0.01380991064175463,0.0116165718927701,0.035580828594638625,0.028350934199837585,0.009585702680747321
129,129,0.9317627944760357,0.9286926994906621,0.9345212469106274,0.9540088761327699,0.00820471161657188,0.03679935012185209,0.08350934199837512,0.028432168968318572,0.013241267262388279,0.09666937449228274,0.0059301380991062524,0.0290820471161658
130,130,0.9236393176279447,0.9186851211072664,0.9248664593797338,0.9500146163862977,0.004467912266449936,0.02047116165718932,0.021121039805036546,0.028269699431356377,-0.003330625507717344,0.03907392363931761,0.01380991064175452,0.0007311129163282137
131,131,0.9260763606823721,0.9199648197009674,0.9260450716202928,0.9474607350713546,0.02307067424857845,0.16588139723801798,0.029731925264013137,0.006336311941510964,0.01543460601137292,0.07384240454914703,0.021770917952883773,0.011129163281884624
132,132,0.9203899268887084,0.9156626506024096,0.9219976613781924,0.9474793377448243,0.0012185215272136896,0.011047928513403749,0.0553208773354994,0.0,-0.003086921202274606,0.0056864337936636256,0.004224207961007198,0.011779041429731962
133,133,0.9236393176279447,0.9189655172413793,0.925134869382657,0.9529777565175795,0.004711616571892674,0.08683996750609257,0.060763606823720506,0.01998375304630373,0.0023558082859463925,0.03590576766856224,0.02063363119415107,0.0173842404549146
134,134,0.9163281884646629,0.9109766637856526,0.9175728826171304,0.950421217677855,-0.006904955320877093,0.09333874898456529,0.0852152721364744,0.025182778229082103,0.0007311129163282137,0.03249390739236413,0.015678310316815547,0.01462225832656383
135,135,0.9220146222583265,0.9166666666666666,0.9229623428738474,0.9525312923543011,0.0034118602761982197,0.07757920389926876,0.09723801787164899,0.02428919577579214,0.005523964256701874,0.02120227457351742,0.05264012997562939,0.018115353371242926
136,136,0.9268887083671812,0.9225473321858864,0.9285404873900449,0.957482261022084,0.0065800162469535906,0.06669374492282698,0.04467912266450036,0.003168155970755593,0.006255077173030088,0.04045491470349305,0.03241267262388303,0.0068237205523963285
137,137,0.9212022745735174,0.9157254561251086,0.922077387121635,0.9544526827712668,-0.004224207961007309,0.05913891145410233,0.03858651502843213,0.02924451665312755,-0.0007311129163282137,0.007879772542648378,0.02485783915515849,0.00739236393176268
138,138,0.9228269699431356,0.917319408181027,0.9235788886231364,0.9529246060219512,0.00032493907392361354,0.06214459788789595,0.05467099918765217,0.010722989439480024,0.0014622258326563164,0.023720552396425565,0.013728675873273866,0.0162469536961819
139,139,0.9309504467912266,0.9269131556319863,0.9326968561481837,0.9655797390310665,0.004386677497969282,0.06799350121852132,0.0658001624695368,0.014622258326563498,0.009179528838342721,0.02688870836718127,0.0727863525588952,0.00438667749796906
140,140,0.925264012997563,0.9206896551724137,0.9267705758856202,0.9655239310106567,0.005117790414297274,0.020958570268074794,0.06726238830219344,0.005442729488220999,0.0006498781478473381,0.03184402924451657,0.03590576766856213,0.003818034118602598
141,141,0.9195775792038993,0.9136878814298169,0.9201732706157485,0.9501581227244943,0.004386677497969171,0.06303818034118602,0.04232331437855408,0.03606823720552399,-0.0028432168968319793,0.025913891145410206,0.023395613322502062,0.0059301380991062524
142,142,0.9228269699431356,0.918872758326217,0.9250551436392145,0.9531744133514045,0.002437043054427157,0.06994313566206323,0.07051177904142969,0.028107229894394847,-0.0007311129163282137,0.04532900081234781,0.021689683184402786,0.011616571892769989
143,143,0.9228269699431356,0.9176062445793582,0.9238472986260597,0.9612559462116984,0.0032493907392362464,0.07871649065800168,0.03103168155970748,0.0056864337936636256,-0.000893582453289965,0.020877335499593697,0.00820471161657177,0.013160032493907292
144,144,0.925264012997563,0.9209621993127147,0.9270389858885434,0.9578277392436685,0.0041429731925264335,0.03346872461413497,0.012347684809098425,0.020714865962632056,0.0036555645816408466,0.01925264012997574,0.02445166531275389,0.00901705930138108
145,145,0.925264012997563,0.9216354344122658,0.9277100108958516,0.9582874910308539,0.00032493907392372456,0.08537774167343637,0.0538586515028433,0.04809098294069869,0.007311129163282026,0.04329813160032503,0.08692120227457356,0.005442729488220777
146,146,0.9260763606823721,0.9222886421861657,0.9283265566451407,0.9517699115044247,0.004305442729488185,0.05946385052802605,0.045166531275385835,0.01925264012997574,0.005280259951259247,0.03923639317627947,0.11990251827782306,0.00398050365556446
147,147,0.9293257514216084,0.9251934651762683,0.9310611496452205,0.949190783704058,0.0030056864337935085,0.056783103168155935,0.028594638505280212,0.030950446791226827,0.0025182778229082547,0.058976441917140465,0.046385052802599414,0.0038992688870836956
148,148,0.9236393176279447,0.9184027777777778,0.9245980493768104,0.9559196364506101,0.0034118602761983308,0.04906580016246942,0.06360682372055226,-0.0002437043054426269,-0.0013809910641754408,0.011454102355808238,0.03103168155970759,0.011372867587327362
149,149,0.9236393176279447,0.9179755671902269,0.9241954343724255,0.9512756118950809,0.007879772542648267,0.09878147847278629,0.03452477660438669,0.009423233143785459,0.009017059301380859,0.019333874898456394,0.025588952071486593,0.026482534524776447
150,150,0.9244516653127539,0.9198966408268734,0.9260198251348694,0.9500890270801776,0.0007311129163283248,0.07473598700243711,0.012185215272136563,0.019821283509342202,-0.0008123476848090894,0.007554833468724542,0.021121039805036768,0.016896831844029236
151,151,0.9220146222583265,0.9173838209982789,0.9236333678811555,0.9435222833452923,0.002924451665312744,0.003574329813159971,0.0363931762794476,0.045572705117790435,-0.0004874086108854758,0.0021933387489847522,0.009748172217709183,0.01844029244516643
152,152,0.9309504467912266,0.927536231884058,0.9333678811554917,0.9584549150920831,0.014703493095044595,0.07571080422420795,0.11803411860276192,0.018683996750609277,0.009098294069862067,0.04614134849715679,0.07335499593826145,0.013566206336312003
153,153,0.9228269699431356,0.9178910976663786,0.924115708628983,0.95134869382657,0.003818034118602598,0.09285134037367992,0.09455727051177898,0.03501218521527216,0.004467912266450047,0.045166531275385835,0.02079610073111282,0.012997562956945541
154,154,0.925264012997563,0.9206896551724137,0.9267705758856202,0.953838794546759,0.00381803411860282,0.03493095044679129,0.05475223395613327,0.02705117790414302,0.0021933387489847522,0.005280259951259247,0.024126726238830387,0.016165718927701245
155,155,0.9285134037367994,0.9242685025817556,0.930176193893008,0.9570464269579313,0.004792851340373772,0.05288383428107213,0.12372055239642554,0.031600324939074054,0.006173842404549101,0.030706742485783867,0.03769293257514206,0.01982128350934198
156,156,0.9203899268887084,0.9153713298791019,0.9217292513752691,0.9540832868266496,0.00219333874898453,0.043541835905767656,0.024695369618196517,0.01462225832656372,0.002680747359869784,0.02282696994313549,0.03874898456539411,0.000893582453290076
157,157,0.9195775792038993,0.9136878814298169,0.9201732706157485,0.9506178745116799,-0.005523964256701985,0.023151909017059213,0.03168155970755493,0.0025182778229082547,-0.006661251015434577,0.02266450040617396,0.011535337124289224,0.004955320877335634
158,158,0.9268887083671812,0.922945205479452,0.9289431023944298,0.9546307369316219,0.0036555645816409577,0.04045491470349305,0.07140536149471965,0.004549147034930923,0.0023558082859463925,0.02843216896831835,0.04492282696994321,0.00763606823720564
159,159,0.9285134037367994,0.9247863247863248,0.9307130138988546,0.9544181349491083,0.004467912266449825,0.05735174654752251,0.12160844841592189,0.006336311941510853,0.0030056864337937306,0.03241267262388303,0.03005686433793675,0.035905767668562016
160,160,0.9163281884646629,0.9100436681222708,0.9167676526083606,0.9507534082755322,0.0010560519902519383,0.12177091795288386,0.03290008123476862,0.003330625507717344,-0.004955320877335412,0.021121039805036657,0.017709179528838326,0.007148659626320053
161,161,0.9179528838342811,0.9134532990574121,0.9198796141274017,0.9521300061123069,0.002274573517465517,0.0918765231519092,0.15329000812347693,0.04313566206336317,0.00601137286758735,0.010966693744922984,0.014947197400487444,0.012266450040617327
162,162,0.9293257514216084,0.9249352890422778,0.9307927396422971,0.9532169337479072,0.006661251015434577,0.03281884646628752,0.041592201462225864,0.02826969943135671,0.002030869212022668,0.03403736799350132,0.05052802599512585,0.016978066612510223
163,163,0.9293257514216084,0.9258312020460358,0.9317321746525287,0.9535438092960216,0.007961007311129253,0.10040617384240447,0.11413484971567811,0.03858651502843213,0.0056864337936635145,0.04151096669374499,0.09471974004874084,0.06953696181965896
164,164,0.9244516653127539,0.9198966408268734,0.9260198251348694,0.9567168938850356,0.005442729488220888,0.0019496344435419033,0.06051990251827799,0.01909017059301399,0.0018683996750609166,0.0018683996750610277,0.04573517465475241,0.018359057676685553
165,165,0.9130787977254264,0.9103101424979044,0.9167171596375137,0.9481888968614632,-0.006336311941510964,0.08635255889520721,0.1506904955320877,0.07757920389926887,-0.011779041429731851,0.05369618196588133,0.058407798537774,0.044597887896019484
166,166,0.9260763606823721,0.9214840379637619,0.9275213266363709,0.9570384543835873,0.00560519902518275,0.039967506092607685,0.03647441104792859,0.007229894394801151,0.003574329813159971,0.01502843216896843,0.0565393988627132,0.003818034118602931
167,167,0.9236393176279447,0.9185441941074524,0.9247322543782721,0.9594142815381754,0.003086921202274495,0.0948822095857027,0.00796100731112892,0.008123476848090894,0.0041429731925264335,0.013403736799349919,0.06515028432168979,0.0034930950446792064
168,168,0.9415109666937449,0.9382504288164666,0.9435302559196365,0.9576629727072207,0.008854589764418996,0.041754670999187726,0.0653939886271323,0.013891145410235506,0.0116165718927701,0.03671811535337133,0.08797725426482528,0.026726238830219295
169,169,0.9260763606823721,0.9221556886227545,0.9281923516436791,0.9555528980307741,0.0004874086108854758,0.0337124289195776,0.07636068237205529,0.005767668562144612,0.004630381803411687,0.01624695369618201,0.024126726238830387,0.01665312753858661
170,170,0.9195775792038993,0.9138381201044387,0.9203074756172102,0.954693188763985,-0.003330625507717233,0.066612510154346,0.03241267262388314,0.02542648253452484,0.0019496344435417923,0.03712428919577582,0.043541835905767656,0.0007311129163281027
171,171,0.9285134037367994,0.924006908462867,0.9299077838900848,0.9521326636370883,0.002680747359869895,0.08025995125913898,0.04467912266450058,0.007148659626320164,0.0025182778229081437,0.03160032493907383,0.05190901705930151,0.007229894394800929
172,172,0.9260763606823721,0.9220222793487575,0.9280581466422174,0.9551861596109384,0.006742485783915564,0.0457351746547523,0.056620633631194295,0.0019496344435416813,0.002680747359870117,0.06441917140536169,0.045329000812347586,0.0021121039805036546
173,173,0.9236393176279447,0.9186851211072664,0.9248664593797338,0.9514709399665151,0.003330625507717233,0.07562956945572696,0.024532900081234654,0.0037367993501218333,-0.0023558082859465035,0.029488220958570066,0.007473598700243667,0.015515840779853796
174,174,0.9228269699431356,0.9183147033533964,0.9245183236333678,0.9607470302160568,0.0,0.06799350121852166,0.021121039805036546,0.016734362307067263,0.0007311129163282137,0.020552396425670083,0.03273761169780676,0.007879772542648267
175,175,0.917140536149472,0.9116117850953206,0.9181894283664195,0.9510324483775809,0.002680747359869895,0.06831844029244516,0.017871649065800077,0.006173842404549212,-0.0030056864337937306,0.016896831844029236,0.00901705930138108,0.001137286758732703
176,176,0.9228269699431356,0.9178910976663786,0.924115708628983,0.9463897525844427,0.0005686433793662404,0.059382615759545065,0.08489033306255067,0.020471161657189207,0.00560519902518275,0.04021121039805031,0.04784727863525584,0.002437043054427157
177,177,0.9325751421608448,0.9286328460877042,0.9343325626511467,0.9494990565787024,0.01380991064175452,0.03704305442729494,0.0875710804224209,0.04467912266450025,0.008935824532900205,0.04427294882209587,0.04012997562956944,0.10251827782290823
178,178,0.9228269699431356,0.9183147033533964,0.9245183236333678,0.9552512689680829,0.00040617384240448917,0.0782290820471162,0.05995125913891142,0.00820471161657177,0.0013809910641754408,0.012510154346060176,0.007636068237205529,0.005767668562144612
179,179,0.9195775792038993,0.9151670951156813,0.9215153206303648,0.9555980759520581,0.005199025182778261,0.04435418359057686,0.05987002437043065,0.012510154346060287,-0.0028432168968318683,0.0290820471161658,0.04264825345247769,0.0004061738424046002
180,180,0.9333874898456539,0.9299145299145299,0.9356201334077441,0.9550532833718673,0.014134849715678355,0.09894394800974804,0.09658813972380176,0.010641754670999148,0.010560519902518273,0.03631194151096662,0.05662063363119407,0.016571892770105512
181,181,0.9317627944760357,0.9284497444633731,0.9342528369077041,0.9555528980307741,0.0038992688870836956,0.04151096669374488,0.07660438667749803,0.022745735174654835,0.007961007311129031,0.07075548334687254,0.07262388302193334,0.017140536149471863
182,182,0.9203899268887084,0.9156626506024096,0.9219976613781924,0.9579792181562092,0.002437043054427157,0.055402112103980494,0.0337124289195776,0.00877335499593812,-0.0004061738424047112,0.029731925264012915,0.012835093419983679,0.0012997562956945652
183,183,0.9179528838342811,0.9130060292850991,0.9194769991230168,0.9453094687607961,0.006742485783915675,0.118927701056052,0.07002437043054444,0.11665312753858659,0.022908204711616476,0.02802599512591375,0.03647441104792859,0.0023558082859463925
184,184,0.9236393176279447,0.9185441941074524,0.9247322543782721,0.9552313375322224,-0.004061738424045447,0.050203086921202233,0.02363931762794469,0.011129163281884513,0.004305442729488185,0.015840779853777298,0.04963444354183588,0.002680747359870117
185,185,0.9268887083671812,0.9225473321858864,0.9285404873900449,0.9617661909697307,0.008367181153533743,0.07595450852965069,0.043135662063363056,0.030706742485783978,0.0018683996750608056,0.011941510966693825,0.011372867587327362,0.016490658001624636
186,186,0.9228269699431356,0.9170305676855895,0.9233104786202131,0.9526827712668422,-0.00016246953696175126,0.0727863525588951,0.08456539398862706,0.010560519902518273,-0.005280259951259247,0.053777416734362204,0.020714865962631945,0.0565393988627132
187,187,0.9195775792038993,0.9135371179039301,0.9200390656142868,0.9509048871880731,0.0027619821283508816,0.03688058489033308,0.026482534524776558,0.005767668562144501,0.0021121039805037656,0.022583265637692862,0.020877335499593808,0.0017059301380991654
188,188,0.9260763606823721,0.9214840379637619,0.9275213266363709,0.9586063940046241,0.0005686433793664625,0.04524776604386671,0.05946385052802605,0.016165718927701023,0.00861088545897637,0.028594638505280323,0.03793663688058513,0.0032493907392364685
189,189,0.9285134037367994,0.9238754325259516,0.9297735788886231,0.9540195062318957,0.0025995125913890194,0.07376116978066605,0.058164094232331376,0.020308692120227567,0.015190901705930293,0.017790414297319312,0.06068237205523963,0.028594638505280434
190,190,0.9082047116165719,0.9014821272885789,0.9087233250950065,0.9454330436631321,-0.005686433793663737,0.06084484159220149,0.09431356620633635,0.0019496344435417923,-0.0012997562956946762,0.020714865962632056,0.008042242079610018,0.002030869212022668
191,191,0.9244516653127539,0.9198966408268734,0.9260198251348694,0.9561614712057189,0.003168155970755482,0.0356620633631195,0.020552396425670416,0.011697806661251087,0.0006498781478472271,0.015109666937449306,0.016978066612510112,0.012347684809098314
192,192,0.9228269699431356,0.9183147033533964,0.9245183236333678,0.9536501102872784,0.004630381803411798,0.014541023558082733,0.02705117790414291,0.023476848090982938,0.001543460601137303,0.020064987814784607,0.018359057676685553,0.01421608448415912
193,193,0.9228269699431356,0.9177489177489178,0.9239815036275214,0.9539982460336441,0.004224207961007309,0.046385052802599525,0.03883021933387487,0.010560519902518273,-0.0008123476848090894,0.015922014622258174,0.020471161657189207,0.012266450040617327
194,194,0.9244516653127539,0.9198966408268734,0.9260198251348694,0.9588003933136676,0.0025182778229082547,0.04346060113728678,0.0360682372055241,0.0240454914703494,-0.002030869212022557,0.011616571892770211,0.022989439480097573,0.026726238830219518
195,195,0.925264012997563,0.9216354344122658,0.9277100108958516,0.9516197613542745,0.0038992688870836956,0.0627944760357434,0.080178716490658,0.0181965881397238,0.003168155970755593,0.03151909017059307,0.025995125913891082,0.008610885458976592
196,196,0.9236393176279447,0.9189655172413793,0.925134869382657,0.9564564564564563,0.0038992688870835845,0.016003249390739382,0.06206336311941507,0.005361494719740012,0.0013809910641753298,0.039561332250203085,0.03322502030869212,0.002680747359869895
197,197,0.9325751421608448,0.9291204099060631,0.9348693826569933,0.9536846581094369,0.002924451665312744,0.053371242891957715,0.050771730300568585,0.019577579203899242,0.009260763606823708,0.10934199837530456,0.008692120227457245,0.011535337124289113
198,198,0.9220146222583265,0.9165217391304348,0.9228281378723857,0.9548964894097636,-0.0032493907392364685,0.0344435418359057,0.06295694557270526,-0.000893582453289965,-0.0037367993501218333,0.008692120227457467,0.026969943135662033,0.005848903330625488
199,199,0.9228269699431356,0.9181739879414298,0.9243841186319062,0.9481676366632118,0.002030869212022779,0.05629569455727057,0.0956133225020307,0.02680747359870017,0.0032493907392362464,0.05605199025182761,0.06628757108042238,0.049390739236393144
200,200,0.917140536149472,0.9113043478260869,0.9179210183634963,0.951457652342608,0.0007311129163282137,0.07311129163281893,0.034362307067424935,0.00048740861088558685,0.0018683996750610277,0.0050365556458163985,0.009910641754671046,0.013322502030869265
201,201,0.9268887083671812,0.9220103986135182,0.9280036673841984,0.9477424326981849,0.0032493907392364685,0.07554833468724631,0.037611697806661404,0.023720552396425565,0.0027619821283509927,0.018521527213647304,0.05320877335499585,0.033306255077173
202,202,0.9179528838342811,0.9128559102674719,0.9193427941215552,0.9499787398017487,0.004549147034930923,0.10982940698619015,0.06149471974004872,0.022908204711616587,-0.0018683996750606946,0.04240454914703495,0.06506904955320869,0.001543460601137303
203,203,0.9220146222583265,0.9168110918544194,0.9230965478753089,0.9547476680220044,0.005442729488220999,0.023964256701868303,0.051177904142973185,0.008123476848090894,0.0019496344435416813,0.004305442729488185,0.020714865962632167,0.012672623883021927
204,204,0.9277010560519903,0.9241261722080136,0.9300964681495655,0.9553216933747907,0.0016246953696179567,0.06523151909017044,0.063850528025995,0.012916328188464665,0.0050365556458163985,0.030219333874898502,0.019333874898456394,0.010885458976442108
205,205,0.9268887083671812,0.9220103986135182,0.9280036673841984,0.9453586329692525,0.0017059301380990544,0.09870024370430541,0.038586515028432244,0.03988627132412681,0.0013809910641754408,0.03444354183590581,0.02225832656376936,0.011129163281884735
206,206,0.9277010560519903,0.9225413402959095,0.9284860081320259,0.9588694889579844,0.009179528838342832,0.027782290820471345,0.06872461413484965,0.007554833468724542,0.00584890333062571,0.019983753046303843,0.025670186839967468,0.015597075548334782
207,207,0.9268887083671812,0.9226804123711341,0.9286746923915066,0.9549071195088894,0.0050365556458166205,0.009910641754670935,0.057026807473598784,0.005605199025182861,0.0004874086108853648,0.05743298131600316,0.007311129163282026,0.021283509341998408
208,208,0.9285134037367994,0.9237435008665511,0.9296393738871616,0.949926918068511,0.0038992688870835845,0.09666937449228263,0.015353371242892044,0.008529650690495383,0.0009748172217709516,0.025995125913891193,0.09666937449228263,0.024370430544272903
209,209,0.9220146222583265,0.9162303664921466,0.9225597278694624,0.9530415371123334,-2.220446049250313e-16,0.06750609260763607,0.05995125913891142,0.002030869212022779,0.0013809910641754408,0.01941510966693749,0.05613322502030871,0.004224207961007309
210,210,0.9244516653127539,0.9193408499566349,0.9254830051290228,0.9553270084243535,-0.0013809910641753298,0.02120227457351742,0.05150284321689702,0.011210398050365722,0.0008123476848092004,0.031112916328188578,0.012103980503655465,0.008854589764418996
211,211,0.9228269699431356,0.9184549356223176,0.9246525286348295,0.9521991017566238,0.0019496344435419033,0.08683996750609257,0.07091795288383429,0.028513403736799225,0.0008123476848090894,0.014784727863525582,0.07969130787977252,0.001787164906580152
212,212,0.9212022745735174,0.9168808911739503,0.9231510271333281,0.9555236652581786,-0.000893582453289965,0.10235580828594648,0.0999187652315191,0.04053614947197404,0.007554833468724653,0.043135662063363056,0.03208773354995942,0.015759545085296423
213,213,0.9268887083671812,0.922945205479452,0.9289431023944298,0.9569640436897074,0.006417546709991839,0.07335499593826156,0.04467912266450036,0.02623883021933404,0.00763606823720564,0.023395613322502062,0.06913078797725447,0.005117790414297274
214,214,0.9301380991064175,0.9252173913043479,0.9310066703872013,0.9495415769752051,0.006092607636068226,0.09935012185215275,0.07936636880584891,0.03964256701868385,0.019983753046303843,0.091714053614947,0.03964256701868385,0.006661251015434577
215,215,0.9285134037367994,0.9237435008665511,0.9296393738871616,0.9520423077945201,0.003980503655564571,0.08813972380178714,0.023964256701868414,0.011779041429731851,0.005767668562144612,0.048984565393988544,0.02258326563769275,0.00722989439480104
216,216,0.9244516653127539,0.9184925503943909,0.9246777751202531,0.9526960588907493,-0.002274573517465406,0.1042242079610074,0.03818034118602753,0.006092607636068226,0.007879772542648156,0.04094232331437864,0.021770917952883995,0.007148659626320164
217,217,0.9301380991064175,0.9261168384879725,0.9319461053974328,0.9482978553775014,0.0038992688870834735,0.08960194963444357,0.07619821283509343,0.058001624695369625,0.015272136474411058,0.05207148659626315,0.07757920389926898,0.011291632818846375
218,218,0.9244516653127539,0.9198966408268734,0.9260198251348694,0.9503893273804777,0.003168155970755593,0.03314378554021136,0.0593013809910643,-0.00178716490657993,0.0017059301380991654,0.021770917952883773,0.0519090170593014,0.0034118602761982197
219,219,0.9228269699431356,0.9174630755864466,0.9237130936245981,0.9568338249754179,-0.000893582453289965,0.04240454914703484,0.015678310316815547,0.008123476848091116,-0.0016246953696182898,0.023070674248578227,0.047359870024370365,0.0012997562956945652
220,220,0.9268887083671812,0.9226804123711341,0.9286746923915066,0.9464774509022296,0.006904955320877426,0.05775792038992689,0.05962632006498769,0.04906580016246964,0.00820471161657177,0.04386677497969127,0.04654752233956139,0.029975629569455653
221,221,0.9268887083671812,0.9209138840070299,0.9269300273725053,0.9524329639373886,0.006580016246953702,0.05564581640942323,0.03866774979691312,0.010154346060113895,0.0038992688870838066,0.03883021933387487,0.04086108854589765,0.010073111291632686
222,222,0.9285134037367994,0.9246575342465754,0.930578808897393,0.9582755321693375,0.008285946385052756,0.07457351746547525,0.0352558895207149,0.007392363931762791,0.004955320877335523,0.014865962632006346,0.025751421608448566,0.012997562956945541
223,223,0.9317627944760357,0.9282051282051282,0.9339844269047809,0.9553243508995721,0.007554833468724431,0.058976441917140576,0.12144597887896003,0.06352558895207139,0.011291632818846487,0.05385865150284308,0.08042242079610062,0.056214459788789584
224,224,0.9228269699431356,0.9170305676855895,0.9233104786202131,0.9555316378325226,0.0025182778229081437,0.048334687246141206,0.06766856214459793,-0.0023558082859465035,0.0006498781478471161,0.007554833468724653,0.03907392363931772,0.003330625507717344
225,225,0.9325751421608448,0.9289991445680068,0.9347351776555317,0.9527624970102847,0.006092607636068115,0.07644191714053616,0.06945572705117797,0.0285946385052801,0.012835093419983679,0.016328188464662885,0.049147034930950406,0.027701056051990358
226,226,0.9236393176279447,0.918825561312608,0.9250006643811954,0.9498737675728826,0.0012185215272138006,0.07506092607636061,0.027213647441104882,0.003818034118602709,-0.0009748172217710627,0.015190901705930071,0.007798537774167391,0.011697806661250976
227,227,0.9301380991064175,0.9264957264957265,0.9323487204018177,0.9553110632756651,0.008773354995938343,0.057757920389926776,0.02063363119415096,0.004955320877335412,0.006336311941511075,0.005848903330625599,0.03103168155970748,0.030706742485783867
228,228,0.9268887083671812,0.9221453287197232,0.9281378723856599,0.9512822557070345,0.004305442729488185,0.06636880584890326,0.046953696181965765,0.007554833468724653,0.002680747359870117,0.03273761169780676,0.032575142160845005,0.015759545085296423
229,229,0.9212022745735174,0.9158716392020815,0.9222115921230966,0.946818942836642,0.0041429731925264335,0.023964256701868414,0.0874898456539398,0.04167343623070663,0.0004061738424046002,0.027294882209585647,0.023964256701868414,0.009098294069861845
230,230,0.9122664500406173,0.9064124783362218,0.9132823088575301,0.9483377182492227,-8.123476848076461e-05,0.05012185215272136,0.052152721364744026,0.008285946385052867,-0.006255077173030088,0.0174654752233957,0.0298131600324939,0.002274573517465406
231,231,0.9122664500406173,0.90625,0.9131481038560685,0.9448138403890615,-0.002030869212023001,0.10771730300568638,0.06368805848903325,0.0007311129163282137,-0.000893582453289965,0.01218521527213634,0.011616571892769989,0.006661251015434577
232,232,0.9244516653127539,0.9198966408268734,0.9260198251348694,0.9547662706954743,0.0027619821283508816,0.030138099106417737,0.07969130787977263,0.004549147034930812,-0.00032493907392361354,0.0116165718927701,0.0236393176279448,0.0032493907392366905
233,233,0.9220146222583265,0.917098445595855,0.9233649578782321,0.9566371681415929,0.005117790414297274,0.10064987814784732,0.061413484971567955,0.024370430544272792,0.006336311941510964,0.019333874898456394,0.033549959382615846,0.01941510966693749
234,234,0.9244516653127539,0.9203084832904884,0.9264224401392542,0.9487762098381566,0.0019496344435419033,0.07181153533712425,0.0019496344435417923,0.013322502030869376,0.00219333874898453,0.03330625507717322,0.039967506092607685,0.0027619821283511037
235,235,0.9277010560519903,0.9228100607111882,0.9287544181349492,0.9537324935555024,0.005686433793663737,0.03387489845653946,0.06328188464662876,0.014134849715678355,0.0037367993501218333,0.011860276198212727,0.04687246141348489,0.010885458976441886
236,236,0.925264012997563,0.9206896551724137,0.9267705758856202,0.9486778814212443,0.0056864337936636256,0.0036555645816410687,0.0360682372055241,0.010479285134037397,-0.0003249390739235025,0.02802599512591397,0.017140536149472085,0.036799350121852314
237,237,0.9244516653127539,0.9197584124245038,0.9258856201334078,0.9537032607829069,0.004874086108854536,0.04411047928513412,0.028432168968318572,0.009260763606823819,0.0013809910641756629,0.02160844841592202,0.0340373679935011,0.010722989439480246
238,238,0.9163281884646629,0.9105125977410947,0.9171702676127456,0.9570809747800899,0.0025995125913892414,0.03184402924451657,0.06303818034118613,0.038586515028432244,-0.00032493907392372456,0.026563769293257544,0.03200649878147843,0.003980503655564682
239,239,0.9277010560519903,0.9230769230769231,0.9290228281378723,0.9489330038002602,0.005605199025182639,0.059788789601949444,0.06401299756295697,0.007067424857839288,0.010560519902518273,0.0580828594638505,0.05361494719740045,0.007554833468724542
240,240,0.9268887083671812,0.9220103986135182,0.9280036673841984,0.9522309920540007,-0.0034930950446790954,0.036393176279447714,0.12225832656376934,0.009179528838342832,0.006173842404549212,0.05645816409423232,0.038586515028432244,0.002680747359869895
241,241,0.9228269699431356,0.9180327868852459,0.9242499136304446,0.9574078503282042,0.006092607636068337,0.040373679935012174,0.035743298131600376,0.023883021933387538,0.00219333874898453,0.009341998375304583,0.05954508529650682,0.0009748172217710627
242,242,0.9138911454102355,0.9098639455782312,0.9163942703765713,0.9447447447447448,-0.00641754670999195,0.13923639317627934,0.07611697806661233,0.034362307067424935,0.006661251015434577,0.09691307879772537,0.035337124289195776,0.003574329813160082
243,243,0.9268887083671812,0.921602787456446,0.9276010523798135,0.951805788088974,0.003818034118602931,0.05710804224207955,0.02924451665312766,0.027376116978066634,0.003168155970755593,0.01722177091795274,0.028350934199837474,0.009748172217709183
244,244,0.9277010560519903,0.9226759339704604,0.9286202131334875,0.9582928060804167,0.005361494719740012,0.06880584890333052,0.06596263200649888,0.0116165718927701,0.007554833468724542,0.017140536149471974,0.09504467912266445,-0.0012997562956944542
245,245,0.9065800162469537,0.9002601908065915,0.9074902335964283,0.9374338940710623,0.0007311129163282137,0.0941510966693746,0.10365556458164094,0.0960194963444354,-0.0021121039805035435,0.04890333062550767,0.03103168155970759,0.001543460601137303
246,246,0.9268887083671812,0.922945205479452,0.9289431023944298,0.9523399505700391,0.005848903330625488,0.03769293257514228,0.032331437855402156,0.006661251015434577,0.0018683996750608056,0.006255077173030088,0.020552396425670083,0.007879772542648267
247,247,0.9179528838342811,0.9125541125541126,0.919074384118632,0.9472215578410268,0.0005686433793662404,0.021283509341998186,0.01600324939073916,0.004061738424045447,-1.1102230246251565e-16,0.006336311941511075,0.007798537774167391,0.008692120227457134
248,248,0.9130787977254264,0.906875543951262,0.9137646496053575,0.9485024847856706,0.002437043054427268,0.05995125913891142,0.06669374492282687,-0.003330625507717566,0.0034118602761983308,0.030381803411860253,0.027376116978066634,0.004874086108854425
249,249,0.9268887083671812,0.9225473321858864,0.9285404873900449,0.9437029950304285,0.005442729488220999,0.014947197400487444,0.039155158407798596,0.010073111291632797,-0.0003249390739235025,0.031112916328188356,0.029406986190089413,0.008204711616571991
